زمان,باران 6 (mm),تابش خورشیدی 7 (W/m2),جهت باد 5 (degree),دما 1 (°C),رطوبت 2 (%),سرعت باد 4 (km/h),فشار هوا 3 (kPa)
00:00                                                     1405/03/22,290.2mm,0W/m2,39.3degree,12.0°C,60.6%,1.5km/h,91.4kPa
00:00                                                     1405/03/23,290.6mm,0W/m2,303.2degree,11.1°C,68.7%,4.2km/h,91.8kPa
00:00                                                     1405/03/24,290.6mm,0W/m2,343.8degree,15.5°C,53.7%,1.3km/h,91.6kPa
00:00                                                     1405/03/25,290.6mm,0W/m2,305.2degree,18.4°C,47.7%,2.1km/h,91.2kPa
00:00                                                     1405/03/26,295.0mm,0W/m2,165.2degree,11.8°C,87.4%,3.2km/h,91.1kPa
00:00                                                     1405/03/27,295.0mm,0W/m2,296.7degree,15.3°C,68.4%,1.8km/h,91.2kPa
00:00                                                     1405/03/28,297.4mm,0W/m2,313.4degree,15.3°C,84.2%,2.8km/h,90.8kPa
00:00                                                     1405/03/29,304.2mm,0W/m2,328.3degree,11.2°C,70.0%,4.5km/h,90.9kPa
00:00                                                     1405/03/30,325.8mm,0W/m2,241.1degree,10.3°C,76.3%,4.7km/h,91.0kPa
00:00                                                     1405/03/31,325.8mm,0W/m2,250.9degree,15.0°C,52.7%,0.8km/h,91.2kPa
00:00                                                     1405/04/01,325.8mm,0W/m2,179.4degree,18.5°C,42.9%,10.7km/h,91.0kPa
00:00                                                     1405/04/02,350.4mm,0W/m2,320.0degree,10.0°C,81.0%,4.3km/h,91.6kPa
00:00                                                     1405/04/03,350.6mm,0W/m2,236.6degree,9.1°C,88.0%,1.1km/h,91.6kPa
00:00                                                     1405/04/04,350.6mm,0W/m2,321.7degree,10.9°C,79.6%,1.0km/h,91.3kPa
00:00                                                     1405/04/09,406.4mm,0W/m2,312.4degree,10.1°C,83.6%,3.2km/h,91.5kPa
00:00                                                     1405/04/10,406.4mm,0W/m2,113.6degree,14.2°C,60.4%,1.7km/h,91.7kPa
00:00                                                     1405/04/11,406.8mm,0W/m2,302.7degree,9.7°C,81.9%,2.3km/h,92.1kPa
00:00                                                     1405/04/12,406.8mm,0W/m2,292.5degree,13.2°C,65.2%,1.8km/h,92.1kPa
00:00                                                     1405/04/13,355.2mm,0W/m2,253.0degree,15.3°C,53.5%,5.8km/h,91.6kPa
00:00                                                     1405/04/14,355.2mm,0W/m2,331.8degree,16.5°C,60.2%,7.0km/h,91.4kPa
00:00                                                     1405/04/15,355.2mm,0W/m2,184.4degree,9.1°C,77.1%,6.6km/h,91.9kPa
00:00                                                     1405/04/16,355.2mm,0W/m2,78.1degree,12.2°C,62.5%,5.5km/h,91.8kPa
00:00                                                     1405/04/17,355.2mm,0W/m2,357.5degree,8.4°C,71.6%,2.7km/h,92.3kPa
00:00                                                     1405/04/18,355.2mm,0W/m2,321.2degree,8.0°C,67.6%,6.0km/h,92.3kPa
00:00                                                     1405/04/19,355.2mm,0W/m2,271.7degree,11.7°C,64.1%,6.8km/h,91.8kPa
00:00                                                     1405/04/20,355.2mm,0W/m2,25.4degree,16.7°C,42.5%,1.5km/h,91.1kPa
00:00                                                     1405/04/21,355.2mm,0W/m2,270.6degree,22.5°C,43.5%,2.4km/h,91.2kPa
00:00                                                     1405/04/22,355.2mm,0W/m2,177.7degree,14.3°C,71.9%,7.8km/h,91.1kPa
00:00                                                     1405/04/23,366.8mm,0W/m2,205.0degree,12.0°C,93.2%,8.3km/h,91.7kPa
00:00                                                     1405/04/24,367.4mm,0W/m2,335.6degree,15.5°C,89.6%,3.3km/h,91.4kPa
00:00                                                     1405/04/25,376.8mm,0W/m2,319.1degree,14.9°C,78.1%,1.8km/h,91.6kPa
00:00                                                     1405/04/26,376.8mm,0W/m2,32.9degree,23.7°C,45.2%,1.2km/h,91.7kPa
00:00                                                     1405/04/27,376.8mm,0W/m2,328.5degree,15.0°C,61.9%,7.8km/h,91.8kPa
00:00                                                     1405/04/28,376.8mm,0W/m2,315.9degree,16.6°C,64.6%,1.7km/h,91.5kPa
00:00                                                     1405/04/30,376.8mm,0W/m2,17.4degree,15.6°C,66.7%,2.1km/h,91.5kPa
00:00                                                     1405/05/01,376.8mm,0W/m2,51.9degree,16.1°C,68.9%,10.9km/h,91.8kPa
00:00                                                     1405/05/02,376.8mm,0W/m2,340.9degree,12.8°C,76.6%,3.5km/h,91.8kPa
00:00                                                     1405/05/03,376.8mm,0W/m2,245.2degree,15.5°C,67.1%,0.1km/h,91.8kPa
00:00                                                     1405/05/04,376.8mm,0W/m2,325.5degree,16.4°C,56.3%,2.2km/h,91.8kPa
00:00                                                     1405/05/05,376.8mm,0W/m2,263.4degree,18.6°C,39.5%,3.7km/h,91.3kPa
00:00                                                     1405/05/06,376.8mm,0W/m2,289.9degree,20.5°C,38.8%,2.8km/h,91.3kPa
00:00                                                     1405/05/07,376.8mm,0W/m2,270.2degree,22.7°C,34.4%,1.7km/h,91.0kPa
00:00                                                     1405/05/08,376.8mm,0W/m2,314.6degree,19.5°C,55.7%,6.3km/h,91.7kPa
00:00                                                     1405/05/10,376.8mm,0W/m2,330.1degree,16.2°C,78.5%,6.7km/h,92.1kPa
00:00                                                     1405/05/11,378.4mm,0W/m2,328.9degree,17.0°C,65.0%,4.5km/h,92.1kPa
00:10                                                     1405/03/22,290.2mm,0W/m2,331.1degree,11.6°C,62.4%,2.3km/h,91.4kPa
00:10                                                     1405/03/23,290.6mm,0W/m2,288.9degree,12.1°C,64.0%,3.6km/h,91.7kPa
00:10                                                     1405/03/24,290.6mm,0W/m2,322.3degree,15.9°C,50.8%,6.6km/h,91.7kPa
00:10                                                     1405/03/25,290.6mm,0W/m2,210.9degree,18.0°C,49.0%,3.9km/h,91.2kPa
00:10                                                     1405/03/26,295.0mm,0W/m2,60.2degree,11.8°C,87.3%,4.4km/h,91.1kPa
00:10                                                     1405/03/27,295.0mm,0W/m2,62.6degree,14.8°C,70.7%,3.5km/h,91.2kPa
00:10                                                     1405/03/28,297.4mm,0W/m2,317.9degree,15.3°C,84.6%,5.9km/h,90.8kPa
00:10                                                     1405/03/29,304.2mm,0W/m2,275.5degree,11.7°C,69.8%,2.7km/h,90.9kPa
00:10                                                     1405/03/31,325.8mm,0W/m2,213.2degree,14.7°C,54.8%,0.4km/h,91.3kPa
00:10                                                     1405/04/04,350.6mm,0W/m2,293.3degree,11.0°C,80.4%,3.2km/h,91.3kPa
00:10                                                     1405/04/09,406.4mm,0W/m2,308.6degree,9.7°C,84.5%,1.9km/h,91.5kPa
00:10                                                     1405/04/10,406.4mm,0W/m2,97.9degree,14.3°C,57.0%,3.7km/h,91.7kPa
00:10                                                     1405/04/12,406.8mm,0W/m2,329.3degree,12.0°C,73.0%,5.0km/h,92.1kPa
00:10                                                     1405/04/13,355.2mm,0W/m2,235.2degree,15.3°C,55.4%,0.8km/h,91.6kPa
00:10                                                     1405/04/14,355.2mm,0W/m2,321.6degree,16.3°C,60.1%,5.9km/h,91.4kPa
00:10                                                     1405/04/15,355.2mm,0W/m2,175.0degree,9.0°C,77.2%,3.9km/h,91.9kPa
00:10                                                     1405/04/16,355.2mm,0W/m2,59.0degree,12.2°C,62.8%,14.9km/h,91.8kPa
00:10                                                     1405/04/17,355.2mm,0W/m2,327.9degree,8.3°C,70.9%,1.5km/h,92.3kPa
00:10                                                     1405/04/18,355.2mm,0W/m2,322.1degree,8.0°C,67.4%,3.2km/h,92.3kPa
00:10                                                     1405/04/19,355.2mm,0W/m2,283.5degree,11.3°C,64.6%,5.7km/h,91.8kPa
00:10                                                     1405/04/20,355.2mm,0W/m2,322.7degree,16.7°C,43.2%,1.6km/h,91.1kPa
00:10                                                     1405/04/21,355.2mm,0W/m2,219.2degree,21.7°C,45.7%,5.6km/h,91.2kPa
00:10                                                     1405/04/22,355.2mm,0W/m2,190.7degree,14.2°C,72.8%,6.7km/h,91.1kPa
00:10                                                     1405/04/23,366.8mm,0W/m2,188.4degree,12.0°C,93.5%,9.8km/h,91.7kPa
00:10                                                     1405/04/24,367.4mm,0W/m2,321.6degree,15.2°C,89.4%,4.6km/h,91.4kPa
00:10                                                     1405/04/25,376.8mm,0W/m2,331.0degree,14.7°C,79.9%,4.0km/h,91.6kPa
00:10                                                     1405/04/26,376.8mm,0W/m2,206.5degree,23.0°C,44.4%,3.0km/h,91.6kPa
00:10                                                     1405/04/27,376.8mm,0W/m2,322.0degree,14.9°C,62.0%,4.4km/h,91.7kPa
00:10                                                     1405/04/28,376.8mm,0W/m2,354.2degree,16.1°C,66.3%,3.6km/h,91.5kPa
00:10                                                     1405/04/29,376.8mm,0W/m2,328.0degree,18.0°C,48.0%,5.9km/h,91.6kPa
00:10                                                     1405/04/30,376.8mm,0W/m2,344.8degree,15.4°C,67.9%,2.5km/h,91.4kPa
00:10                                                     1405/05/01,376.8mm,0W/m2,25.2degree,16.2°C,67.0%,11.9km/h,91.8kPa
00:10                                                     1405/05/02,376.8mm,0W/m2,319.5degree,12.1°C,78.9%,6.4km/h,91.9kPa
00:10                                                     1405/05/04,376.8mm,0W/m2,320.9degree,16.1°C,57.5%,6.0km/h,91.8kPa
00:10                                                     1405/05/05,376.8mm,0W/m2,265.5degree,18.2°C,39.7%,5.9km/h,91.3kPa
00:10                                                     1405/05/06,376.8mm,0W/m2,297.0degree,21.9°C,34.3%,3.7km/h,91.3kPa
00:10                                                     1405/05/08,376.8mm,0W/m2,313.3degree,19.4°C,55.8%,5.8km/h,91.7kPa
00:10                                                     1405/05/09,376.8mm,0W/m2,355.9degree,21.2°C,45.6%,1.9km/h,91.5kPa
00:10                                                     1405/05/10,377.0mm,0W/m2,305.9degree,15.8°C,81.6%,4.8km/h,92.1kPa
00:10                                                     1405/05/11,378.4mm,0W/m2,334.4degree,17.2°C,64.2%,5.9km/h,92.1kPa
00:20                                                     1405/03/22,290.2mm,0W/m2,298.4degree,11.4°C,63.5%,2.1km/h,91.4kPa
00:20                                                     1405/03/23,290.6mm,0W/m2,299.8degree,11.5°C,66.1%,2.2km/h,91.8kPa
00:20                                                     1405/03/24,290.6mm,0W/m2,324.7degree,15.7°C,51.3%,6.5km/h,91.6kPa
00:20                                                     1405/03/25,290.6mm,0W/m2,145.3degree,18.1°C,49.2%,4.0km/h,91.2kPa
00:20                                                     1405/03/26,295.0mm,0W/m2,163.5degree,11.8°C,87.9%,2.4km/h,91.1kPa
00:20                                                     1405/03/27,295.0mm,0W/m2,106.4degree,14.5°C,73.3%,2.1km/h,91.2kPa
00:20                                                     1405/03/28,297.4mm,0W/m2,11.4degree,15.3°C,84.4%,3.0km/h,90.8kPa
00:20                                                     1405/03/29,304.2mm,0W/m2,340.1degree,11.9°C,65.6%,3.2km/h,90.9kPa
00:20                                                     1405/03/30,325.8mm,0W/m2,257.6degree,9.7°C,80.8%,4.5km/h,90.9kPa
00:20                                                     1405/03/31,325.8mm,0W/m2,314.3degree,13.8°C,58.5%,0.0km/h,91.3kPa
00:20                                                     1405/04/01,325.8mm,0W/m2,191.1degree,19.3°C,39.8%,15.8km/h,90.9kPa
00:20                                                     1405/04/02,350.4mm,0W/m2,320.3degree,10.0°C,78.6%,2.7km/h,91.6kPa
00:20                                                     1405/04/03,350.6mm,0W/m2,308.9degree,9.2°C,87.2%,3.0km/h,91.6kPa
00:20                                                     1405/04/04,350.6mm,0W/m2,276.5degree,10.5°C,80.3%,1.8km/h,91.3kPa
00:20                                                     1405/04/09,406.4mm,0W/m2,303.5degree,9.7°C,85.4%,0.7km/h,91.5kPa
00:20                                                     1405/04/10,406.4mm,0W/m2,119.1degree,14.1°C,61.4%,0.5km/h,91.8kPa
00:20                                                     1405/04/11,406.8mm,0W/m2,258.2degree,9.8°C,83.3%,1.8km/h,92.2kPa
00:20                                                     1405/04/12,406.8mm,0W/m2,355.5degree,11.5°C,77.2%,3.5km/h,92.1kPa
00:20                                                     1405/04/13,355.2mm,0W/m2,45.7degree,15.4°C,55.7%,0.2km/h,91.6kPa
00:20                                                     1405/04/14,355.2mm,0W/m2,319.4degree,16.5°C,58.9%,10.0km/h,91.4kPa
00:20                                                     1405/04/15,355.2mm,0W/m2,172.6degree,9.2°C,76.1%,3.3km/h,92.0kPa
00:20                                                     1405/04/16,355.2mm,0W/m2,82.6degree,12.2°C,63.1%,13.9km/h,91.8kPa
00:20                                                     1405/04/17,355.2mm,0W/m2,45.8degree,7.5°C,73.4%,0.8km/h,92.3kPa
00:20                                                     1405/04/18,355.2mm,0W/m2,349.3degree,8.2°C,66.6%,3.6km/h,92.3kPa
00:20                                                     1405/04/19,355.2mm,0W/m2,274.7degree,10.9°C,66.3%,6.7km/h,91.8kPa
00:20                                                     1405/04/20,355.2mm,0W/m2,357.2degree,16.6°C,44.3%,2.1km/h,91.1kPa
00:20                                                     1405/04/21,355.2mm,0W/m2,262.1degree,22.1°C,42.2%,5.4km/h,91.2kPa
00:20                                                     1405/04/22,355.2mm,0W/m2,181.9degree,14.3°C,71.8%,8.1km/h,91.1kPa
00:20                                                     1405/04/23,366.8mm,0W/m2,187.9degree,12.1°C,93.7%,7.7km/h,91.7kPa
00:20                                                     1405/04/24,367.4mm,0W/m2,17.2degree,15.3°C,89.3%,2.2km/h,91.4kPa
00:20                                                     1405/04/25,376.8mm,0W/m2,352.5degree,14.8°C,79.8%,2.3km/h,91.6kPa
00:20                                                     1405/04/26,376.8mm,0W/m2,52.5degree,21.9°C,53.2%,6.4km/h,91.7kPa
00:20                                                     1405/04/27,376.8mm,0W/m2,357.1degree,14.7°C,60.3%,6.8km/h,91.7kPa
00:20                                                     1405/04/28,376.8mm,0W/m2,336.7degree,14.7°C,72.4%,4.0km/h,91.5kPa
00:20                                                     1405/04/29,376.8mm,0W/m2,319.2degree,18.3°C,47.0%,6.1km/h,91.6kPa
00:20                                                     1405/04/30,376.8mm,0W/m2,319.5degree,15.5°C,66.6%,5.6km/h,91.4kPa
00:20                                                     1405/05/01,376.8mm,0W/m2,45.1degree,16.4°C,63.8%,13.1km/h,91.7kPa
00:20                                                     1405/05/02,376.8mm,0W/m2,325.5degree,11.9°C,81.0%,2.9km/h,91.9kPa
00:20                                                     1405/05/03,376.8mm,0W/m2,320.6degree,15.4°C,67.4%,1.3km/h,91.8kPa
00:20                                                     1405/05/04,376.8mm,0W/m2,323.6degree,16.0°C,57.1%,6.9km/h,91.8kPa
00:20                                                     1405/05/05,376.8mm,0W/m2,265.6degree,19.4°C,37.1%,5.1km/h,91.3kPa
00:20                                                     1405/05/06,376.8mm,0W/m2,301.7degree,22.5°C,35.4%,2.3km/h,91.3kPa
00:20                                                     1405/05/07,376.8mm,0W/m2,133.4degree,24.0°C,31.2%,0.0km/h,91.1kPa
00:20                                                     1405/05/09,376.8mm,0W/m2,320.1degree,20.8°C,46.7%,5.3km/h,91.5kPa
00:20                                                     1405/05/10,377.0mm,0W/m2,344.9degree,15.8°C,82.1%,5.8km/h,92.1kPa
00:20                                                     1405/05/11,378.4mm,0W/m2,322.2degree,17.3°C,63.0%,9.6km/h,92.1kPa
00:30                                                     1405/03/22,290.2mm,0W/m2,304.5degree,11.0°C,65.4%,4.2km/h,91.4kPa
00:30                                                     1405/03/23,290.6mm,0W/m2,278.2degree,11.2°C,67.5%,4.0km/h,91.8kPa
00:30                                                     1405/03/24,290.6mm,0W/m2,18.5degree,15.3°C,53.8%,2.4km/h,91.6kPa
00:30                                                     1405/03/25,290.6mm,0W/m2,13.4degree,18.0°C,48.6%,0.9km/h,91.2kPa
00:30                                                     1405/03/26,295.0mm,0W/m2,173.7degree,11.7°C,87.6%,1.9km/h,91.1kPa
00:30                                                     1405/03/27,295.0mm,0W/m2,41.5degree,14.7°C,72.8%,2.3km/h,91.2kPa
00:30                                                     1405/03/28,297.4mm,0W/m2,319.7degree,15.3°C,84.8%,4.5km/h,90.8kPa
00:30                                                     1405/03/29,304.2mm,0W/m2,305.0degree,12.0°C,66.7%,4.1km/h,90.9kPa
00:30                                                     1405/03/31,325.8mm,0W/m2,317.8degree,13.5°C,56.4%,3.9km/h,91.2kPa
00:30                                                     1405/04/01,325.8mm,0W/m2,195.0degree,18.7°C,43.2%,12.1km/h,91.0kPa
00:30                                                     1405/04/02,350.4mm,0W/m2,359.8degree,10.0°C,77.6%,6.0km/h,91.6kPa
00:30                                                     1405/04/04,350.6mm,0W/m2,124.6degree,10.0°C,81.8%,0.9km/h,91.3kPa
00:30                                                     1405/04/09,406.4mm,0W/m2,113.7degree,9.3°C,86.3%,0.0km/h,91.5kPa
00:30                                                     1405/04/10,406.4mm,0W/m2,265.4degree,13.3°C,63.5%,3.5km/h,91.7kPa
00:30                                                     1405/04/12,406.8mm,0W/m2,310.3degree,11.3°C,78.5%,6.2km/h,92.1kPa
00:30                                                     1405/04/13,355.2mm,0W/m2,229.9degree,15.5°C,56.4%,0.0km/h,91.6kPa
00:30                                                     1405/04/14,355.2mm,0W/m2,325.0degree,15.9°C,63.4%,7.5km/h,91.5kPa
00:30                                                     1405/04/15,355.2mm,0W/m2,172.1degree,9.3°C,75.6%,4.0km/h,92.0kPa
00:30                                                     1405/04/16,355.2mm,0W/m2,90.5degree,12.1°C,63.9%,12.7km/h,91.8kPa
00:30                                                     1405/04/17,355.2mm,0W/m2,65.4degree,7.3°C,74.6%,1.8km/h,92.2kPa
00:30                                                     1405/04/18,355.2mm,0W/m2,325.3degree,8.2°C,67.1%,1.1km/h,92.3kPa
00:30                                                     1405/04/19,355.2mm,0W/m2,258.8degree,10.7°C,67.4%,3.5km/h,91.8kPa
00:30                                                     1405/04/20,355.2mm,0W/m2,266.8degree,15.5°C,50.9%,1.1km/h,91.2kPa
00:30                                                     1405/04/21,355.2mm,0W/m2,101.0degree,21.9°C,44.4%,4.4km/h,91.2kPa
00:30                                                     1405/04/22,355.2mm,0W/m2,195.6degree,14.0°C,73.4%,9.9km/h,91.1kPa
00:30                                                     1405/04/23,366.8mm,0W/m2,186.8degree,12.2°C,93.6%,6.3km/h,91.7kPa
00:30                                                     1405/04/24,367.4mm,0W/m2,262.9degree,15.2°C,89.6%,1.6km/h,91.4kPa
00:30                                                     1405/04/25,376.8mm,0W/m2,41.9degree,14.6°C,79.7%,6.3km/h,91.6kPa
00:30                                                     1405/04/26,376.8mm,0W/m2,39.7degree,21.2°C,52.3%,2.8km/h,91.7kPa
00:30                                                     1405/04/27,376.8mm,0W/m2,328.6degree,14.7°C,60.1%,8.5km/h,91.6kPa
00:30                                                     1405/04/28,376.8mm,0W/m2,317.5degree,14.0°C,76.5%,2.5km/h,91.5kPa
00:30                                                     1405/04/29,376.8mm,0W/m2,333.0degree,18.1°C,48.5%,3.8km/h,91.6kPa
00:30                                                     1405/04/30,376.8mm,0W/m2,328.5degree,16.0°C,64.6%,6.6km/h,91.4kPa
00:30                                                     1405/05/01,376.8mm,0W/m2,57.1degree,16.5°C,61.9%,6.1km/h,91.7kPa
00:30                                                     1405/05/02,376.8mm,0W/m2,294.3degree,11.8°C,81.8%,1.2km/h,91.9kPa
00:30                                                     1405/05/03,376.8mm,0W/m2,281.9degree,15.3°C,67.9%,0.8km/h,91.8kPa
00:30                                                     1405/05/04,376.8mm,0W/m2,1.8degree,15.8°C,57.5%,3.4km/h,91.8kPa
00:30                                                     1405/05/05,376.8mm,0W/m2,268.4degree,18.0°C,40.9%,3.1km/h,91.3kPa
00:30                                                     1405/05/06,376.8mm,0W/m2,348.7degree,22.9°C,33.1%,0.1km/h,91.3kPa
00:30                                                     1405/05/07,376.8mm,0W/m2,244.6degree,23.3°C,32.4%,5.6km/h,91.0kPa
00:30                                                     1405/05/08,376.8mm,0W/m2,334.2degree,19.2°C,56.1%,5.9km/h,91.7kPa
00:30                                                     1405/05/09,376.8mm,0W/m2,321.9degree,20.6°C,47.1%,6.7km/h,91.5kPa
00:30                                                     1405/05/10,377.0mm,0W/m2,204.2degree,15.7°C,82.8%,1.1km/h,92.0kPa
00:30                                                     1405/05/11,378.4mm,0W/m2,348.0degree,17.3°C,62.6%,3.1km/h,92.0kPa
00:40                                                     1405/03/22,290.2mm,0W/m2,313.5degree,10.8°C,66.0%,3.1km/h,91.4kPa
00:40                                                     1405/03/23,290.6mm,0W/m2,262.8degree,11.3°C,67.0%,0.3km/h,91.8kPa
00:40                                                     1405/03/24,290.6mm,0W/m2,322.9degree,15.3°C,53.5%,7.4km/h,91.6kPa
00:40                                                     1405/03/25,290.6mm,0W/m2,211.9degree,18.4°C,45.8%,1.5km/h,91.2kPa
00:40                                                     1405/03/26,295.0mm,0W/m2,211.7degree,11.4°C,87.7%,2.4km/h,91.1kPa
00:40                                                     1405/03/27,295.0mm,0W/m2,69.6degree,14.5°C,73.8%,2.8km/h,91.2kPa
00:40                                                     1405/03/28,297.4mm,0W/m2,325.1degree,15.2°C,85.2%,9.3km/h,90.7kPa
00:40                                                     1405/03/29,304.2mm,0W/m2,295.0degree,11.3°C,70.2%,1.2km/h,90.9kPa
00:40                                                     1405/03/30,325.8mm,0W/m2,267.9degree,9.6°C,81.5%,2.6km/h,90.9kPa
00:40                                                     1405/03/31,325.8mm,0W/m2,324.0degree,13.7°C,53.2%,5.2km/h,91.1kPa
00:40                                                     1405/04/01,325.8mm,0W/m2,185.6degree,18.4°C,43.9%,15.6km/h,91.0kPa
00:40                                                     1405/04/03,350.6mm,0W/m2,310.5degree,8.9°C,86.8%,1.2km/h,91.6kPa
00:40                                                     1405/04/04,350.6mm,0W/m2,185.3degree,9.5°C,82.5%,2.7km/h,91.3kPa
00:40                                                     1405/04/09,406.4mm,0W/m2,175.2degree,9.0°C,87.1%,2.3km/h,91.5kPa
00:40                                                     1405/04/10,406.4mm,0W/m2,333.0degree,13.0°C,65.0%,1.5km/h,91.7kPa
00:40                                                     1405/04/11,406.8mm,0W/m2,275.6degree,9.9°C,82.9%,3.8km/h,92.2kPa
00:40                                                     1405/04/12,406.8mm,0W/m2,313.4degree,11.5°C,75.4%,4.0km/h,92.1kPa
00:40                                                     1405/04/13,355.2mm,0W/m2,274.6degree,15.3°C,57.2%,2.6km/h,91.6kPa
00:40                                                     1405/04/14,355.2mm,0W/m2,344.7degree,15.3°C,65.8%,4.3km/h,91.4kPa
00:40                                                     1405/04/15,355.2mm,0W/m2,163.2degree,9.2°C,75.6%,3.8km/h,92.0kPa
00:40                                                     1405/04/16,355.2mm,0W/m2,88.6degree,12.1°C,64.0%,7.6km/h,91.8kPa
00:40                                                     1405/04/17,355.2mm,0W/m2,101.3degree,7.7°C,72.2%,0.0km/h,92.2kPa
00:40                                                     1405/04/18,355.2mm,0W/m2,317.7degree,8.2°C,66.2%,4.1km/h,92.2kPa
00:40                                                     1405/04/19,355.2mm,0W/m2,292.0degree,11.3°C,66.1%,4.0km/h,91.7kPa
00:40                                                     1405/04/20,355.2mm,0W/m2,298.7degree,15.5°C,48.0%,2.7km/h,91.1kPa
00:40                                                     1405/04/21,355.2mm,0W/m2,161.8degree,22.1°C,42.5%,3.3km/h,91.1kPa
00:40                                                     1405/04/22,355.2mm,0W/m2,215.0degree,14.1°C,73.6%,10.3km/h,91.1kPa
00:40                                                     1405/04/23,366.8mm,0W/m2,222.0degree,12.1°C,93.9%,4.3km/h,91.7kPa
00:40                                                     1405/04/24,367.4mm,0W/m2,292.9degree,14.7°C,89.8%,2.4km/h,91.4kPa
00:40                                                     1405/04/25,376.8mm,0W/m2,338.3degree,14.4°C,82.4%,3.1km/h,91.6kPa
00:40                                                     1405/04/26,376.8mm,0W/m2,317.1degree,20.8°C,51.8%,7.5km/h,91.7kPa
00:40                                                     1405/04/27,376.8mm,0W/m2,326.0degree,14.8°C,59.0%,9.0km/h,91.6kPa
00:40                                                     1405/04/28,376.8mm,0W/m2,290.3degree,14.2°C,77.3%,2.4km/h,91.5kPa
00:40                                                     1405/04/29,376.8mm,0W/m2,315.7degree,17.9°C,48.1%,7.7km/h,91.6kPa
00:40                                                     1405/04/30,376.8mm,0W/m2,331.2degree,16.2°C,63.2%,4.4km/h,91.4kPa
00:40                                                     1405/05/02,376.8mm,0W/m2,271.7degree,11.8°C,82.9%,1.2km/h,91.9kPa
00:40                                                     1405/05/03,376.8mm,0W/m2,307.1degree,15.2°C,67.6%,1.8km/h,91.8kPa
00:40                                                     1405/05/04,376.8mm,0W/m2,338.8degree,15.7°C,58.0%,6.8km/h,91.8kPa
00:40                                                     1405/05/05,376.8mm,0W/m2,50.5degree,18.1°C,41.8%,3.7km/h,91.3kPa
00:40                                                     1405/05/07,376.8mm,0W/m2,317.5degree,22.0°C,35.5%,2.7km/h,91.0kPa
00:40                                                     1405/05/08,376.8mm,0W/m2,313.9degree,19.2°C,56.1%,8.4km/h,91.7kPa
00:40                                                     1405/05/09,376.8mm,0W/m2,319.4degree,20.6°C,47.0%,5.0km/h,91.5kPa
00:40                                                     1405/05/10,377.0mm,0W/m2,309.8degree,15.8°C,83.0%,5.2km/h,92.1kPa
00:40                                                     1405/05/11,378.4mm,0W/m2,317.4degree,17.1°C,63.0%,10.7km/h,92.1kPa
00:50                                                     1405/03/22,290.2mm,0W/m2,48.0degree,10.9°C,65.3%,0.6km/h,91.5kPa
00:50                                                     1405/03/23,290.6mm,0W/m2,296.1degree,11.4°C,65.3%,4.1km/h,91.8kPa
00:50                                                     1405/03/24,290.6mm,0W/m2,326.8degree,14.6°C,56.7%,0.5km/h,91.6kPa
00:50                                                     1405/03/25,290.6mm,0W/m2,168.8degree,18.6°C,45.7%,1.1km/h,91.2kPa
00:50                                                     1405/03/26,295.0mm,0W/m2,230.9degree,12.0°C,87.5%,2.9km/h,91.1kPa
00:50                                                     1405/03/27,295.0mm,0W/m2,113.7degree,14.5°C,74.4%,1.0km/h,91.2kPa
00:50                                                     1405/03/28,297.4mm,0W/m2,327.3degree,15.2°C,85.6%,5.2km/h,90.8kPa
00:50                                                     1405/03/29,304.2mm,0W/m2,303.9degree,11.2°C,68.1%,2.6km/h,90.9kPa
00:50                                                     1405/03/31,325.8mm,0W/m2,230.6degree,13.8°C,52.5%,2.7km/h,91.1kPa
00:50                                                     1405/04/01,325.8mm,0W/m2,201.7degree,17.7°C,48.9%,12.0km/h,91.1kPa
00:50                                                     1405/04/02,350.4mm,0W/m2,323.7degree,9.9°C,76.8%,5.7km/h,91.6kPa
00:50                                                     1405/04/04,350.6mm,0W/m2,252.9degree,9.3°C,84.2%,1.1km/h,91.3kPa
00:50                                                     1405/04/09,406.4mm,0W/m2,242.6degree,8.9°C,87.9%,2.3km/h,91.5kPa
00:50                                                     1405/04/10,406.4mm,0W/m2,312.1degree,12.5°C,69.2%,5.0km/h,91.8kPa
00:50                                                     1405/04/12,406.8mm,0W/m2,319.8degree,12.0°C,72.8%,3.2km/h,92.1kPa
00:50                                                     1405/04/13,355.2mm,0W/m2,309.5degree,15.2°C,55.7%,1.8km/h,91.6kPa
00:50                                                     1405/04/14,355.2mm,0W/m2,358.1degree,14.8°C,68.8%,0.1km/h,91.4kPa
00:50                                                     1405/04/15,355.2mm,0W/m2,154.1degree,9.2°C,75.8%,3.6km/h,92.0kPa
00:50                                                     1405/04/16,355.2mm,0W/m2,75.5degree,12.1°C,63.6%,17.9km/h,91.8kPa
00:50                                                     1405/04/17,355.2mm,0W/m2,81.7degree,8.0°C,70.8%,0.3km/h,92.2kPa
00:50                                                     1405/04/18,355.2mm,0W/m2,330.7degree,8.1°C,66.6%,3.5km/h,92.2kPa
00:50                                                     1405/04/19,355.2mm,0W/m2,269.4degree,11.7°C,63.8%,5.7km/h,91.7kPa
00:50                                                     1405/04/20,355.2mm,0W/m2,282.7degree,16.0°C,44.7%,3.7km/h,91.1kPa
00:50                                                     1405/04/21,355.2mm,0W/m2,147.7degree,21.4°C,45.5%,4.6km/h,91.1kPa
00:50                                                     1405/04/22,355.2mm,0W/m2,208.8degree,13.8°C,74.8%,7.8km/h,91.1kPa
00:50                                                     1405/04/23,366.8mm,0W/m2,106.1degree,12.2°C,93.6%,1.7km/h,91.6kPa
00:50                                                     1405/04/24,367.4mm,0W/m2,279.4degree,14.9°C,90.5%,2.7km/h,91.4kPa
00:50                                                     1405/04/25,376.8mm,0W/m2,346.3degree,15.2°C,75.8%,3.8km/h,91.6kPa
00:50                                                     1405/04/26,376.8mm,0W/m2,315.6degree,20.8°C,53.7%,6.2km/h,91.7kPa
00:50                                                     1405/04/27,376.8mm,0W/m2,326.5degree,14.7°C,59.2%,13.4km/h,91.6kPa
00:50                                                     1405/04/28,376.8mm,0W/m2,352.4degree,15.0°C,73.9%,1.5km/h,91.5kPa
00:50                                                     1405/04/29,376.8mm,0W/m2,324.4degree,18.2°C,47.2%,6.7km/h,91.6kPa
00:50                                                     1405/04/30,376.8mm,0W/m2,255.2degree,16.3°C,62.4%,0.9km/h,91.3kPa
00:50                                                     1405/05/01,376.8mm,0W/m2,209.4degree,16.6°C,63.3%,0.0km/h,91.8kPa
00:50                                                     1405/05/02,376.8mm,0W/m2,327.8degree,11.9°C,82.5%,1.7km/h,91.8kPa
00:50                                                     1405/05/03,376.8mm,0W/m2,258.1degree,13.5°C,72.9%,1.1km/h,91.7kPa
00:50                                                     1405/05/04,376.8mm,0W/m2,321.1degree,15.4°C,59.2%,3.2km/h,91.7kPa
00:50                                                     1405/05/05,376.8mm,0W/m2,343.6degree,16.5°C,46.2%,5.1km/h,91.3kPa
00:50                                                     1405/05/06,376.8mm,0W/m2,336.7degree,21.2°C,35.8%,5.8km/h,91.2kPa
00:50                                                     1405/05/07,376.8mm,0W/m2,311.6degree,23.0°C,33.4%,0.0km/h,91.0kPa
00:50                                                     1405/05/08,376.8mm,0W/m2,309.5degree,19.1°C,56.1%,6.3km/h,91.7kPa
00:50                                                     1405/05/09,376.8mm,0W/m2,317.8degree,20.2°C,48.9%,6.0km/h,91.5kPa
00:50                                                     1405/05/10,377.4mm,0W/m2,332.7degree,15.8°C,83.9%,2.5km/h,92.1kPa
00:50                                                     1405/05/11,378.4mm,0W/m2,313.4degree,17.0°C,63.2%,6.4km/h,92.1kPa
01:00                                                     1405/03/22,290.2mm,0W/m2,104.8degree,11.0°C,64.3%,2.7km/h,91.5kPa
01:00                                                     1405/03/23,290.6mm,0W/m2,272.6degree,11.3°C,64.9%,3.7km/h,91.8kPa
01:00                                                     1405/03/24,290.6mm,0W/m2,332.4degree,14.2°C,59.4%,4.5km/h,91.6kPa
01:00                                                     1405/03/25,290.6mm,0W/m2,205.4degree,18.2°C,48.4%,3.2km/h,91.2kPa
01:00                                                     1405/03/26,295.0mm,0W/m2,233.1degree,11.7°C,87.7%,2.6km/h,91.1kPa
01:00                                                     1405/03/27,295.0mm,0W/m2,289.8degree,14.6°C,74.3%,5.1km/h,91.2kPa
01:00                                                     1405/03/28,297.4mm,0W/m2,313.0degree,15.1°C,86.1%,2.3km/h,90.8kPa
01:00                                                     1405/03/29,304.2mm,0W/m2,273.6degree,11.1°C,68.6%,1.9km/h,90.9kPa
01:00                                                     1405/03/30,325.8mm,0W/m2,17.3degree,9.2°C,80.3%,4.7km/h,90.8kPa
01:00                                                     1405/03/31,325.8mm,0W/m2,323.0degree,13.0°C,54.7%,2.0km/h,91.2kPa
01:00                                                     1405/04/01,325.8mm,0W/m2,212.1degree,17.0°C,52.8%,9.3km/h,91.1kPa
01:00                                                     1405/04/02,350.4mm,0W/m2,0.1degree,10.0°C,75.6%,2.6km/h,91.6kPa
01:00                                                     1405/04/03,350.6mm,0W/m2,309.4degree,8.6°C,86.8%,3.0km/h,91.6kPa
01:00                                                     1405/04/04,350.6mm,0W/m2,254.8degree,9.5°C,84.5%,5.1km/h,91.3kPa
01:00                                                     1405/04/09,406.4mm,0W/m2,161.6degree,8.4°C,87.6%,4.8km/h,91.5kPa
01:00                                                     1405/04/10,406.4mm,0W/m2,324.5degree,11.5°C,74.4%,5.1km/h,91.8kPa
01:00                                                     1405/04/11,406.8mm,0W/m2,175.6degree,10.2°C,80.3%,1.1km/h,92.1kPa
01:00                                                     1405/04/12,406.8mm,0W/m2,294.9degree,11.8°C,73.1%,1.8km/h,92.1kPa
01:00                                                     1405/04/13,355.2mm,0W/m2,288.5degree,14.2°C,59.7%,5.8km/h,91.6kPa
01:00                                                     1405/04/14,355.2mm,0W/m2,341.7degree,14.8°C,68.2%,3.8km/h,91.3kPa
01:00                                                     1405/04/15,355.2mm,0W/m2,134.4degree,9.0°C,76.3%,4.5km/h,92.0kPa
01:00                                                     1405/04/16,355.2mm,0W/m2,80.8degree,12.1°C,64.0%,17.7km/h,91.8kPa
01:00                                                     1405/04/17,355.2mm,0W/m2,296.3degree,8.0°C,72.8%,1.5km/h,92.2kPa
01:00                                                     1405/04/18,355.2mm,0W/m2,347.8degree,8.0°C,66.7%,3.6km/h,92.2kPa
01:00                                                     1405/04/19,355.2mm,0W/m2,274.9degree,11.7°C,63.6%,5.6km/h,91.7kPa
01:00                                                     1405/04/20,355.2mm,0W/m2,244.9degree,16.5°C,43.4%,7.6km/h,91.1kPa
01:00                                                     1405/04/21,355.2mm,0W/m2,211.1degree,20.5°C,49.3%,6.5km/h,91.2kPa
01:00                                                     1405/04/22,355.2mm,0W/m2,212.3degree,13.7°C,75.8%,9.1km/h,91.1kPa
01:00                                                     1405/04/23,366.8mm,0W/m2,182.8degree,12.0°C,93.6%,5.8km/h,91.6kPa
01:00                                                     1405/04/24,367.4mm,0W/m2,247.0degree,14.6°C,90.5%,1.2km/h,91.4kPa
01:00                                                     1405/04/25,376.8mm,0W/m2,317.1degree,14.9°C,77.4%,0.4km/h,91.6kPa
01:00                                                     1405/04/26,376.8mm,0W/m2,308.6degree,20.6°C,53.3%,5.4km/h,91.7kPa
01:00                                                     1405/04/28,376.8mm,0W/m2,351.9degree,15.0°C,73.1%,3.1km/h,91.5kPa
01:00                                                     1405/04/29,376.8mm,0W/m2,312.8degree,18.3°C,46.8%,11.0km/h,91.6kPa
01:00                                                     1405/04/30,376.8mm,0W/m2,295.6degree,16.3°C,61.5%,3.3km/h,91.3kPa
01:00                                                     1405/05/01,376.8mm,0W/m2,357.4degree,16.1°C,67.0%,4.7km/h,91.8kPa
01:00                                                     1405/05/02,376.8mm,0W/m2,339.6degree,11.9°C,81.8%,2.9km/h,91.8kPa
01:00                                                     1405/05/03,376.8mm,0W/m2,259.1degree,13.5°C,73.9%,1.3km/h,91.7kPa
01:00                                                     1405/05/04,376.8mm,0W/m2,351.2degree,15.2°C,59.8%,5.6km/h,91.7kPa
01:00                                                     1405/05/05,376.8mm,0W/m2,6.5degree,16.2°C,47.7%,3.2km/h,91.3kPa
01:00                                                     1405/05/06,376.8mm,0W/m2,321.4degree,20.0°C,40.1%,2.6km/h,91.2kPa
01:00                                                     1405/05/07,376.8mm,0W/m2,332.1degree,21.4°C,37.1%,4.2km/h,91.0kPa
01:00                                                     1405/05/08,376.8mm,0W/m2,312.7degree,19.1°C,56.0%,6.4km/h,91.7kPa
01:00                                                     1405/05/09,376.8mm,0W/m2,326.4degree,20.5°C,47.5%,7.0km/h,91.5kPa
01:00                                                     1405/05/10,377.6mm,0W/m2,4.2degree,15.6°C,84.5%,2.7km/h,92.0kPa
01:00                                                     1405/05/11,378.4mm,0W/m2,325.3degree,17.0°C,63.4%,5.1km/h,92.1kPa
01:10                                                     1405/03/22,290.2mm,0W/m2,54.1degree,11.2°C,63.8%,1.9km/h,91.5kPa
01:10                                                     1405/03/23,290.6mm,0W/m2,274.4degree,11.5°C,63.4%,3.0km/h,91.7kPa
01:10                                                     1405/03/24,290.6mm,0W/m2,20.7degree,14.2°C,61.5%,0.6km/h,91.6kPa
01:10                                                     1405/03/25,290.6mm,0W/m2,183.8degree,18.1°C,47.8%,27.3km/h,91.2kPa
01:10                                                     1405/03/26,295.0mm,0W/m2,190.1degree,11.8°C,87.9%,4.9km/h,91.1kPa
01:10                                                     1405/03/27,295.0mm,0W/m2,329.7degree,14.1°C,75.7%,3.3km/h,91.2kPa
01:10                                                     1405/03/28,297.4mm,0W/m2,320.4degree,15.1°C,85.0%,7.3km/h,90.7kPa
01:10                                                     1405/03/29,304.2mm,0W/m2,307.4degree,10.1°C,72.2%,3.5km/h,90.9kPa
01:10                                                     1405/03/31,325.8mm,0W/m2,310.5degree,13.2°C,53.7%,2.4km/h,91.1kPa
01:10                                                     1405/04/01,325.8mm,0W/m2,207.0degree,16.9°C,54.8%,13.6km/h,91.1kPa
01:10                                                     1405/04/02,350.4mm,0W/m2,327.0degree,9.9°C,74.9%,2.8km/h,91.6kPa
01:10                                                     1405/04/04,350.6mm,0W/m2,333.9degree,9.3°C,84.5%,1.1km/h,91.3kPa
01:10                                                     1405/04/09,406.4mm,0W/m2,175.2degree,8.5°C,87.4%,4.4km/h,91.5kPa
01:10                                                     1405/04/10,406.4mm,0W/m2,318.7degree,11.1°C,76.4%,3.5km/h,91.7kPa
01:10                                                     1405/04/12,406.8mm,0W/m2,317.0degree,12.0°C,71.7%,6.4km/h,92.1kPa
01:10                                                     1405/04/13,355.2mm,0W/m2,245.5degree,13.1°C,65.9%,4.2km/h,91.6kPa
01:10                                                     1405/04/14,355.2mm,0W/m2,315.3degree,14.9°C,66.5%,1.1km/h,91.3kPa
01:10                                                     1405/04/15,355.2mm,0W/m2,102.2degree,9.3°C,75.4%,5.0km/h,92.0kPa
01:10                                                     1405/04/16,355.2mm,0W/m2,96.7degree,11.9°C,63.8%,9.8km/h,91.8kPa
01:10                                                     1405/04/17,355.2mm,0W/m2,300.2degree,7.2°C,74.4%,1.7km/h,92.2kPa
01:10                                                     1405/04/18,355.2mm,0W/m2,332.0degree,7.8°C,67.5%,6.3km/h,92.2kPa
01:10                                                     1405/04/19,355.2mm,0W/m2,263.7degree,11.6°C,62.6%,4.2km/h,91.7kPa
01:10                                                     1405/04/20,355.2mm,0W/m2,233.3degree,17.9°C,37.9%,7.1km/h,91.0kPa
01:10                                                     1405/04/21,355.2mm,0W/m2,168.2degree,20.2°C,50.3%,2.7km/h,91.1kPa
01:10                                                     1405/04/22,355.2mm,0W/m2,200.8degree,13.7°C,76.0%,10.0km/h,91.2kPa
01:10                                                     1405/04/23,366.8mm,0W/m2,234.6degree,12.0°C,93.9%,5.8km/h,91.7kPa
01:10                                                     1405/04/24,367.4mm,0W/m2,161.5degree,14.7°C,90.7%,1.3km/h,91.4kPa
01:10                                                     1405/04/25,376.8mm,0W/m2,336.5degree,15.1°C,75.8%,6.2km/h,91.6kPa
01:10                                                     1405/04/26,376.8mm,0W/m2,330.6degree,20.8°C,52.4%,5.6km/h,91.7kPa
01:10                                                     1405/04/27,376.8mm,0W/m2,347.1degree,14.3°C,59.1%,4.2km/h,91.6kPa
01:10                                                     1405/04/28,376.8mm,0W/m2,324.8degree,14.6°C,74.8%,2.6km/h,91.5kPa
01:10                                                     1405/04/29,376.8mm,0W/m2,319.2degree,18.6°C,45.3%,6.0km/h,91.5kPa
01:10                                                     1405/05/01,376.8mm,0W/m2,332.2degree,15.4°C,70.2%,0.9km/h,91.8kPa
01:10                                                     1405/05/02,376.8mm,0W/m2,326.5degree,11.9°C,82.1%,1.9km/h,91.8kPa
01:10                                                     1405/05/03,376.8mm,0W/m2,187.9degree,13.4°C,75.0%,0.9km/h,91.7kPa
01:10                                                     1405/05/04,376.8mm,0W/m2,70.1degree,14.8°C,60.9%,3.5km/h,91.7kPa
01:10                                                     1405/05/05,376.8mm,0W/m2,358.3degree,16.1°C,49.6%,3.8km/h,91.3kPa
01:10                                                     1405/05/06,376.8mm,0W/m2,348.0degree,18.2°C,45.6%,6.0km/h,91.2kPa
01:10                                                     1405/05/07,376.8mm,0W/m2,332.3degree,21.5°C,37.5%,8.6km/h,91.0kPa
01:10                                                     1405/05/08,376.8mm,0W/m2,312.0degree,18.8°C,57.5%,6.5km/h,91.7kPa
01:10                                                     1405/05/09,376.8mm,0W/m2,319.6degree,20.6°C,47.2%,7.7km/h,91.5kPa
01:10                                                     1405/05/10,377.6mm,0W/m2,55.8degree,15.5°C,83.9%,5.5km/h,92.0kPa
01:10                                                     1405/05/11,378.4mm,0W/m2,324.5degree,17.1°C,63.0%,1.2km/h,92.1kPa
01:20                                                     1405/03/22,290.2mm,0W/m2,276.8degree,10.9°C,65.0%,3.2km/h,91.5kPa
01:20                                                     1405/03/23,290.6mm,0W/m2,281.3degree,11.3°C,64.0%,3.0km/h,91.7kPa
01:20                                                     1405/03/24,290.6mm,0W/m2,336.9degree,14.3°C,60.8%,7.1km/h,91.6kPa
01:20                                                     1405/03/25,290.6mm,0W/m2,165.1degree,17.8°C,54.7%,6.6km/h,91.2kPa
01:20                                                     1405/03/26,295.0mm,0W/m2,188.2degree,12.0°C,87.9%,4.7km/h,91.1kPa
01:20                                                     1405/03/27,295.0mm,0W/m2,322.5degree,14.0°C,76.4%,2.8km/h,91.2kPa
01:20                                                     1405/03/28,297.4mm,0W/m2,324.4degree,14.9°C,85.5%,13.2km/h,90.6kPa
01:20                                                     1405/03/29,304.2mm,0W/m2,312.4degree,9.4°C,75.2%,4.6km/h,90.8kPa
01:20                                                     1405/03/30,325.8mm,0W/m2,343.0degree,8.7°C,82.0%,3.0km/h,90.9kPa
01:20                                                     1405/03/31,325.8mm,0W/m2,290.0degree,12.7°C,56.3%,2.0km/h,91.2kPa
01:20                                                     1405/04/01,325.8mm,0W/m2,213.7degree,16.7°C,54.2%,13.3km/h,91.0kPa
01:20                                                     1405/04/02,350.4mm,0W/m2,1.7degree,9.9°C,75.4%,1.6km/h,91.6kPa
01:20                                                     1405/04/03,350.6mm,0W/m2,317.5degree,8.4°C,86.1%,2.4km/h,91.5kPa
01:20                                                     1405/04/04,350.6mm,0W/m2,300.0degree,9.9°C,83.4%,0.5km/h,91.2kPa
01:20                                                     1405/04/09,406.4mm,0W/m2,212.0degree,8.3°C,89.4%,7.4km/h,91.5kPa
01:20                                                     1405/04/10,406.4mm,0W/m2,321.0degree,10.8°C,77.6%,3.8km/h,91.7kPa
01:20                                                     1405/04/11,406.8mm,0W/m2,190.5degree,8.9°C,84.1%,3.5km/h,92.1kPa
01:20                                                     1405/04/12,406.8mm,0W/m2,248.0degree,11.8°C,73.1%,2.4km/h,92.0kPa
01:20                                                     1405/04/13,355.2mm,0W/m2,257.7degree,13.1°C,66.9%,5.7km/h,91.5kPa
01:20                                                     1405/04/14,355.2mm,0W/m2,338.7degree,15.1°C,65.5%,5.9km/h,91.4kPa
01:20                                                     1405/04/15,355.2mm,0W/m2,124.6degree,9.6°C,74.2%,4.9km/h,92.0kPa
01:20                                                     1405/04/16,355.2mm,0W/m2,97.7degree,11.8°C,63.4%,5.5km/h,91.8kPa
01:20                                                     1405/04/17,355.2mm,0W/m2,101.2degree,6.7°C,78.1%,0.7km/h,92.2kPa
01:20                                                     1405/04/18,355.2mm,0W/m2,324.1degree,7.5°C,68.1%,5.0km/h,92.2kPa
01:20                                                     1405/04/19,355.2mm,0W/m2,242.0degree,10.1°C,69.4%,3.4km/h,91.7kPa
01:20                                                     1405/04/20,355.2mm,0W/m2,265.3degree,16.8°C,42.9%,5.6km/h,91.1kPa
01:20                                                     1405/04/21,355.2mm,0W/m2,242.9degree,20.4°C,49.6%,4.0km/h,91.1kPa
01:20                                                     1405/04/22,355.2mm,0W/m2,213.7degree,14.2°C,74.8%,6.7km/h,91.2kPa
01:20                                                     1405/04/23,367.0mm,0W/m2,217.3degree,12.0°C,93.9%,7.2km/h,91.7kPa
01:20                                                     1405/04/24,367.4mm,0W/m2,259.8degree,14.7°C,90.3%,1.4km/h,91.4kPa
01:20                                                     1405/04/25,376.8mm,0W/m2,333.5degree,15.0°C,76.0%,6.0km/h,91.6kPa
01:20                                                     1405/04/26,376.8mm,0W/m2,33.1degree,20.7°C,54.0%,5.4km/h,91.8kPa
01:20                                                     1405/04/27,376.8mm,0W/m2,324.6degree,14.2°C,59.0%,7.3km/h,91.6kPa
01:20                                                     1405/04/28,376.8mm,0W/m2,16.8degree,14.0°C,77.6%,1.7km/h,91.4kPa
01:20                                                     1405/04/29,376.8mm,0W/m2,319.1degree,19.0°C,44.3%,6.4km/h,91.5kPa
01:20                                                     1405/04/30,376.8mm,0W/m2,299.8degree,16.3°C,59.8%,2.4km/h,91.3kPa
01:20                                                     1405/05/01,376.8mm,0W/m2,60.4degree,15.0°C,71.8%,2.7km/h,91.8kPa
01:20                                                     1405/05/02,376.8mm,0W/m2,312.5degree,11.5°C,82.6%,2.1km/h,91.8kPa
01:20                                                     1405/05/03,376.8mm,0W/m2,274.3degree,13.2°C,74.8%,0.3km/h,91.7kPa
01:20                                                     1405/05/04,376.8mm,0W/m2,93.0degree,14.7°C,61.3%,7.4km/h,91.8kPa
01:20                                                     1405/05/05,376.8mm,0W/m2,322.3degree,16.1°C,48.9%,4.8km/h,91.3kPa
01:20                                                     1405/05/06,376.8mm,0W/m2,331.3degree,18.8°C,43.2%,6.5km/h,91.2kPa
01:20                                                     1405/05/07,376.8mm,0W/m2,329.4degree,21.4°C,38.4%,3.5km/h,91.0kPa
01:20                                                     1405/05/09,376.8mm,0W/m2,334.8degree,20.7°C,47.2%,7.8km/h,91.5kPa
01:20                                                     1405/05/10,377.6mm,0W/m2,139.6degree,15.7°C,83.5%,6.8km/h,91.9kPa
01:20                                                     1405/05/11,378.4mm,0W/m2,312.2degree,17.1°C,63.1%,3.3km/h,92.1kPa
01:30                                                     1405/03/22,290.2mm,0W/m2,269.2degree,10.8°C,65.2%,1.7km/h,91.4kPa
01:30                                                     1405/03/23,290.6mm,0W/m2,281.1degree,11.4°C,63.7%,3.5km/h,91.8kPa
01:30                                                     1405/03/24,290.6mm,0W/m2,280.2degree,14.8°C,57.6%,0.8km/h,91.6kPa
01:30                                                     1405/03/25,290.6mm,0W/m2,157.1degree,17.0°C,61.9%,4.5km/h,91.1kPa
01:30                                                     1405/03/26,295.0mm,0W/m2,188.1degree,12.0°C,87.2%,4.4km/h,91.1kPa
01:30                                                     1405/03/27,295.0mm,0W/m2,337.5degree,14.1°C,75.4%,4.8km/h,91.2kPa
01:30                                                     1405/03/28,297.4mm,0W/m2,314.8degree,15.0°C,80.7%,10.3km/h,90.7kPa
01:30                                                     1405/03/29,304.2mm,0W/m2,298.9degree,9.7°C,75.7%,2.5km/h,90.8kPa
01:30                                                     1405/03/31,325.8mm,0W/m2,332.9degree,12.9°C,54.5%,6.8km/h,91.1kPa
01:30                                                     1405/04/01,325.8mm,0W/m2,174.6degree,16.6°C,55.1%,9.2km/h,91.1kPa
01:30                                                     1405/04/02,350.4mm,0W/m2,350.5degree,9.8°C,76.1%,4.0km/h,91.6kPa
01:30                                                     1405/04/04,350.6mm,0W/m2,56.9degree,9.9°C,81.7%,1.0km/h,91.2kPa
01:30                                                     1405/04/09,406.4mm,0W/m2,173.1degree,7.6°C,88.9%,6.4km/h,91.5kPa
01:30                                                     1405/04/10,406.4mm,0W/m2,277.9degree,11.1°C,75.4%,5.0km/h,91.7kPa
01:30                                                     1405/04/12,406.8mm,0W/m2,267.8degree,10.4°C,77.2%,3.9km/h,92.0kPa
01:30                                                     1405/04/13,355.2mm,0W/m2,266.9degree,13.3°C,66.3%,6.6km/h,91.5kPa
01:30                                                     1405/04/14,355.2mm,0W/m2,1.5degree,14.1°C,69.8%,1.0km/h,91.3kPa
01:30                                                     1405/04/15,355.2mm,0W/m2,103.2degree,9.6°C,74.2%,6.8km/h,92.0kPa
01:30                                                     1405/04/16,355.2mm,0W/m2,62.2degree,11.9°C,62.3%,13.8km/h,91.7kPa
01:30                                                     1405/04/17,355.2mm,0W/m2,266.9degree,6.8°C,78.4%,0.9km/h,92.2kPa
01:30                                                     1405/04/18,355.2mm,0W/m2,327.7degree,7.4°C,68.8%,5.8km/h,92.2kPa
01:30                                                     1405/04/19,355.2mm,0W/m2,74.9degree,9.3°C,72.6%,3.6km/h,91.7kPa
01:30                                                     1405/04/20,355.2mm,0W/m2,41.6degree,14.0°C,51.8%,2.8km/h,91.1kPa
01:30                                                     1405/04/21,355.2mm,0W/m2,221.3degree,19.9°C,52.9%,8.0km/h,91.2kPa
01:30                                                     1405/04/22,355.2mm,0W/m2,152.7degree,14.7°C,72.6%,7.9km/h,91.2kPa
01:30                                                     1405/04/23,367.0mm,0W/m2,213.3degree,11.9°C,93.9%,6.3km/h,91.7kPa
01:30                                                     1405/04/24,367.4mm,0W/m2,323.0degree,15.2°C,90.3%,0.4km/h,91.4kPa
01:30                                                     1405/04/25,376.8mm,0W/m2,331.3degree,15.4°C,72.0%,8.5km/h,91.6kPa
01:30                                                     1405/04/26,376.8mm,0W/m2,314.6degree,21.5°C,46.0%,9.9km/h,91.7kPa
01:30                                                     1405/04/27,376.8mm,0W/m2,327.3degree,13.7°C,61.6%,5.7km/h,91.6kPa
01:30                                                     1405/04/28,376.8mm,0W/m2,12.7degree,14.0°C,79.1%,2.4km/h,91.4kPa
01:30                                                     1405/04/29,376.8mm,0W/m2,314.2degree,19.0°C,44.2%,8.5km/h,91.5kPa
01:30                                                     1405/04/30,376.8mm,0W/m2,281.3degree,16.3°C,60.7%,1.3km/h,91.4kPa
01:30                                                     1405/05/01,376.8mm,0W/m2,90.2degree,14.5°C,73.9%,2.9km/h,91.8kPa
01:30                                                     1405/05/02,376.8mm,0W/m2,311.9degree,11.5°C,82.8%,1.4km/h,91.8kPa
01:30                                                     1405/05/03,376.8mm,0W/m2,303.4degree,13.2°C,75.4%,2.1km/h,91.7kPa
01:30                                                     1405/05/05,376.8mm,0W/m2,314.2degree,16.6°C,46.8%,3.7km/h,91.3kPa
01:30                                                     1405/05/06,376.8mm,0W/m2,346.7degree,19.6°C,40.8%,7.0km/h,91.2kPa
01:30                                                     1405/05/07,376.8mm,0W/m2,326.7degree,21.9°C,35.4%,6.2km/h,91.0kPa
01:30                                                     1405/05/08,376.8mm,0W/m2,326.8degree,18.8°C,57.7%,5.9km/h,91.7kPa
01:30                                                     1405/05/09,376.8mm,0W/m2,316.4degree,20.5°C,47.7%,5.2km/h,91.5kPa
01:30                                                     1405/05/10,377.6mm,0W/m2,146.2degree,15.7°C,84.9%,8.9km/h,91.9kPa
01:30                                                     1405/05/11,378.4mm,0W/m2,338.8degree,17.2°C,62.4%,2.4km/h,92.0kPa
01:40                                                     1405/03/22,290.2mm,0W/m2,245.9degree,11.6°C,62.6%,3.6km/h,91.5kPa
01:40                                                     1405/03/23,290.6mm,0W/m2,288.8degree,10.4°C,66.6%,0.1km/h,91.8kPa
01:40                                                     1405/03/24,290.6mm,0W/m2,271.2degree,14.0°C,60.8%,3.3km/h,91.6kPa
01:40                                                     1405/03/25,290.6mm,0W/m2,146.2degree,16.7°C,63.4%,3.8km/h,91.1kPa
01:40                                                     1405/03/26,295.0mm,0W/m2,69.6degree,11.9°C,87.4%,1.4km/h,91.1kPa
01:40                                                     1405/03/27,295.0mm,0W/m2,324.9degree,13.9°C,75.7%,2.6km/h,91.2kPa
01:40                                                     1405/03/28,297.4mm,0W/m2,324.9degree,15.0°C,79.6%,9.2km/h,90.6kPa
01:40                                                     1405/03/29,304.2mm,0W/m2,306.0degree,11.1°C,67.7%,2.5km/h,90.9kPa
01:40                                                     1405/03/30,325.8mm,0W/m2,170.8degree,8.6°C,82.8%,5.5km/h,90.9kPa
01:40                                                     1405/03/31,325.8mm,0W/m2,314.6degree,12.5°C,56.9%,4.8km/h,91.2kPa
01:40                                                     1405/04/01,325.8mm,0W/m2,197.5degree,16.7°C,55.5%,8.7km/h,91.1kPa
01:40                                                     1405/04/02,350.4mm,0W/m2,0.5degree,10.0°C,74.9%,4.2km/h,91.6kPa
01:40                                                     1405/04/03,350.6mm,0W/m2,66.7degree,7.5°C,86.7%,3.0km/h,91.5kPa
01:40                                                     1405/04/04,350.6mm,0W/m2,344.3degree,9.7°C,81.9%,3.0km/h,91.2kPa
01:40                                                     1405/04/09,406.4mm,0W/m2,193.9degree,7.4°C,89.5%,6.2km/h,91.5kPa
01:40                                                     1405/04/10,406.4mm,0W/m2,276.2degree,10.0°C,79.0%,3.2km/h,91.7kPa
01:40                                                     1405/04/11,406.8mm,0W/m2,170.8degree,8.7°C,85.9%,5.3km/h,92.1kPa
01:40                                                     1405/04/12,406.8mm,0W/m2,298.9degree,10.8°C,76.8%,2.6km/h,92.0kPa
01:40                                                     1405/04/13,355.2mm,0W/m2,287.4degree,12.9°C,69.1%,3.9km/h,91.5kPa
01:40                                                     1405/04/14,355.2mm,0W/m2,253.4degree,13.5°C,72.7%,0.2km/h,91.3kPa
01:40                                                     1405/04/15,355.2mm,0W/m2,110.8degree,9.7°C,73.9%,7.5km/h,92.0kPa
01:40                                                     1405/04/16,355.2mm,0W/m2,61.1degree,11.9°C,62.0%,12.7km/h,91.7kPa
01:40                                                     1405/04/17,355.2mm,0W/m2,152.0degree,6.3°C,79.0%,0.2km/h,92.2kPa
01:40                                                     1405/04/18,355.2mm,0W/m2,320.3degree,7.4°C,69.1%,2.2km/h,92.2kPa
01:40                                                     1405/04/19,355.2mm,0W/m2,321.3degree,8.6°C,76.4%,1.0km/h,91.7kPa
01:40                                                     1405/04/20,355.2mm,0W/m2,69.6degree,14.5°C,50.5%,1.7km/h,91.1kPa
01:40                                                     1405/04/21,355.2mm,0W/m2,203.2degree,19.4°C,53.9%,8.7km/h,91.1kPa
01:40                                                     1405/04/22,355.2mm,0W/m2,163.6degree,15.7°C,67.3%,3.9km/h,91.2kPa
01:40                                                     1405/04/23,367.0mm,0W/m2,172.8degree,11.8°C,93.8%,5.3km/h,91.6kPa
01:40                                                     1405/04/24,367.4mm,0W/m2,11.2degree,14.8°C,87.2%,5.5km/h,91.4kPa
01:40                                                     1405/04/25,376.8mm,0W/m2,324.0degree,15.8°C,69.6%,6.0km/h,91.6kPa
01:40                                                     1405/04/26,376.8mm,0W/m2,348.0degree,22.0°C,48.0%,5.7km/h,91.8kPa
01:40                                                     1405/04/27,376.8mm,0W/m2,327.8degree,13.6°C,61.2%,4.8km/h,91.6kPa
01:40                                                     1405/04/28,376.8mm,0W/m2,358.9degree,13.8°C,80.2%,2.0km/h,91.4kPa
01:40                                                     1405/04/29,376.8mm,0W/m2,326.7degree,18.7°C,44.5%,3.5km/h,91.5kPa
01:40                                                     1405/04/30,376.8mm,0W/m2,320.3degree,16.3°C,58.8%,5.7km/h,91.3kPa
01:40                                                     1405/05/01,376.8mm,0W/m2,66.5degree,14.2°C,74.7%,3.8km/h,91.8kPa
01:40                                                     1405/05/02,376.8mm,0W/m2,306.4degree,11.3°C,82.7%,2.3km/h,91.8kPa
01:40                                                     1405/05/03,376.8mm,0W/m2,310.4degree,13.3°C,74.7%,2.3km/h,91.7kPa
01:40                                                     1405/05/04,376.8mm,0W/m2,33.2degree,13.6°C,65.1%,4.8km/h,91.8kPa
01:40                                                     1405/05/05,376.8mm,0W/m2,313.2degree,16.8°C,46.6%,5.3km/h,91.3kPa
01:40                                                     1405/05/07,376.8mm,0W/m2,331.6degree,22.8°C,32.9%,8.6km/h,91.1kPa
01:40                                                     1405/05/08,376.8mm,0W/m2,318.6degree,18.5°C,58.4%,4.4km/h,91.7kPa
01:40                                                     1405/05/10,377.6mm,0W/m2,134.8degree,15.5°C,86.1%,5.6km/h,91.9kPa
01:40                                                     1405/05/11,378.4mm,0W/m2,321.2degree,17.1°C,62.4%,0.4km/h,92.1kPa
01:50                                                     1405/03/22,290.2mm,0W/m2,243.1degree,11.5°C,62.2%,6.4km/h,91.5kPa
01:50                                                     1405/03/23,290.6mm,0W/m2,109.6degree,9.1°C,70.4%,0.8km/h,91.8kPa
01:50                                                     1405/03/24,290.6mm,0W/m2,266.1degree,14.2°C,58.6%,3.0km/h,91.6kPa
01:50                                                     1405/03/25,290.6mm,0W/m2,162.2degree,16.8°C,62.5%,5.3km/h,91.1kPa
01:50                                                     1405/03/26,295.0mm,0W/m2,36.3degree,11.5°C,86.7%,1.7km/h,91.1kPa
01:50                                                     1405/03/27,295.0mm,0W/m2,356.8degree,14.0°C,75.6%,2.1km/h,91.2kPa
01:50                                                     1405/03/28,297.4mm,0W/m2,333.6degree,14.6°C,79.7%,3.3km/h,90.6kPa
01:50                                                     1405/03/29,304.2mm,0W/m2,21.7degree,9.2°C,74.7%,2.9km/h,90.9kPa
01:50                                                     1405/03/31,325.8mm,0W/m2,311.9degree,12.4°C,56.7%,5.5km/h,91.1kPa
01:50                                                     1405/04/01,325.8mm,0W/m2,193.5degree,16.5°C,56.6%,6.6km/h,91.1kPa
01:50                                                     1405/04/02,350.4mm,0W/m2,345.6degree,10.0°C,74.4%,3.5km/h,91.6kPa
01:50                                                     1405/04/04,350.6mm,0W/m2,33.3degree,9.4°C,82.6%,1.8km/h,91.2kPa
01:50                                                     1405/04/09,406.4mm,0W/m2,185.0degree,7.4°C,89.7%,6.6km/h,91.5kPa
01:50                                                     1405/04/10,406.4mm,0W/m2,228.0degree,10.6°C,77.8%,7.4km/h,91.7kPa
01:50                                                     1405/04/12,406.8mm,0W/m2,273.6degree,11.1°C,75.6%,2.0km/h,92.0kPa
01:50                                                     1405/04/13,355.2mm,0W/m2,285.4degree,12.6°C,71.9%,2.6km/h,91.5kPa
01:50                                                     1405/04/14,355.2mm,0W/m2,220.9degree,13.3°C,73.1%,3.9km/h,91.3kPa
01:50                                                     1405/04/15,355.2mm,0W/m2,102.2degree,9.7°C,73.8%,7.0km/h,92.1kPa
01:50                                                     1405/04/16,355.2mm,0W/m2,85.9degree,11.8°C,61.6%,15.5km/h,91.7kPa
01:50                                                     1405/04/17,355.2mm,0W/m2,320.7degree,6.4°C,79.1%,0.9km/h,92.2kPa
01:50                                                     1405/04/18,355.2mm,0W/m2,339.7degree,7.2°C,70.9%,3.6km/h,92.3kPa
01:50                                                     1405/04/19,355.2mm,0W/m2,322.5degree,8.6°C,76.0%,2.6km/h,91.6kPa
01:50                                                     1405/04/20,355.2mm,0W/m2,186.6degree,13.7°C,54.1%,6.6km/h,91.1kPa
01:50                                                     1405/04/21,355.2mm,0W/m2,135.1degree,19.7°C,52.3%,3.0km/h,91.1kPa
01:50                                                     1405/04/22,355.2mm,0W/m2,178.5degree,15.8°C,66.9%,3.1km/h,91.2kPa
01:50                                                     1405/04/23,367.0mm,0W/m2,190.7degree,11.8°C,94.0%,4.3km/h,91.6kPa
01:50                                                     1405/04/24,367.4mm,0W/m2,341.3degree,14.0°C,89.6%,3.9km/h,91.4kPa
01:50                                                     1405/04/25,376.8mm,0W/m2,305.6degree,15.7°C,69.9%,4.6km/h,91.6kPa
01:50                                                     1405/04/26,376.8mm,0W/m2,12.3degree,21.8°C,49.1%,5.7km/h,91.8kPa
01:50                                                     1405/04/27,376.8mm,0W/m2,326.6degree,13.2°C,62.0%,2.9km/h,91.6kPa
01:50                                                     1405/04/28,376.8mm,0W/m2,358.3degree,13.8°C,80.1%,2.1km/h,91.4kPa
01:50                                                     1405/04/29,376.8mm,0W/m2,320.0degree,18.0°C,47.6%,5.3km/h,91.6kPa
01:50                                                     1405/04/30,376.8mm,0W/m2,322.4degree,16.9°C,56.5%,2.4km/h,91.2kPa
01:50                                                     1405/05/01,376.8mm,0W/m2,359.0degree,14.2°C,74.8%,1.4km/h,91.8kPa
01:50                                                     1405/05/03,376.8mm,0W/m2,235.6degree,12.9°C,74.8%,1.2km/h,91.7kPa
01:50                                                     1405/05/04,376.8mm,0W/m2,313.2degree,13.5°C,66.1%,3.5km/h,91.8kPa
01:50                                                     1405/05/05,376.8mm,0W/m2,225.4degree,16.6°C,48.3%,1.0km/h,91.3kPa
01:50                                                     1405/05/06,376.8mm,0W/m2,7.6degree,18.5°C,44.3%,0.9km/h,91.2kPa
01:50                                                     1405/05/07,376.8mm,0W/m2,244.7degree,21.8°C,35.2%,1.0km/h,91.0kPa
01:50                                                     1405/05/08,376.8mm,0W/m2,309.6degree,18.4°C,58.9%,4.4km/h,91.7kPa
01:50                                                     1405/05/09,376.8mm,0W/m2,302.5degree,20.2°C,49.1%,5.0km/h,91.5kPa
01:50                                                     1405/05/10,377.8mm,0W/m2,173.5degree,15.5°C,86.8%,9.7km/h,91.8kPa
01:50                                                     1405/05/11,378.4mm,0W/m2,341.2degree,17.1°C,62.4%,2.7km/h,92.0kPa
02:00                                                     1405/03/22,290.2mm,0W/m2,258.5degree,10.6°C,64.3%,4.9km/h,91.4kPa
02:00                                                     1405/03/23,290.6mm,0W/m2,142.3degree,8.4°C,74.5%,3.3km/h,91.8kPa
02:00                                                     1405/03/24,290.6mm,0W/m2,140.4degree,14.3°C,57.7%,0.4km/h,91.6kPa
02:00                                                     1405/03/25,290.6mm,0W/m2,178.2degree,17.0°C,62.7%,6.2km/h,91.1kPa
02:00                                                     1405/03/26,295.0mm,0W/m2,49.7degree,11.2°C,89.5%,4.3km/h,91.1kPa
02:00                                                     1405/03/27,295.0mm,0W/m2,306.3degree,14.3°C,74.1%,1.4km/h,91.2kPa
02:00                                                     1405/03/28,297.4mm,0W/m2,301.1degree,14.4°C,80.3%,5.9km/h,90.7kPa
02:00                                                     1405/03/29,304.2mm,0W/m2,30.9degree,8.9°C,77.4%,5.0km/h,90.8kPa
02:00                                                     1405/03/30,325.8mm,0W/m2,340.6degree,8.5°C,83.3%,3.8km/h,90.9kPa
02:00                                                     1405/03/31,325.8mm,0W/m2,292.6degree,12.5°C,55.9%,7.7km/h,91.1kPa
02:00                                                     1405/04/01,325.8mm,0W/m2,165.7degree,16.3°C,57.8%,6.6km/h,91.1kPa
02:00                                                     1405/04/02,350.4mm,0W/m2,335.7degree,9.9°C,75.7%,5.8km/h,91.6kPa
02:00                                                     1405/04/03,350.6mm,0W/m2,343.1degree,7.6°C,89.2%,6.9km/h,91.5kPa
02:00                                                     1405/04/04,350.6mm,0W/m2,321.6degree,9.7°C,82.9%,1.4km/h,91.2kPa
02:00                                                     1405/04/09,406.4mm,0W/m2,216.6degree,7.3°C,89.7%,3.0km/h,91.5kPa
02:00                                                     1405/04/10,406.4mm,0W/m2,217.6degree,10.8°C,75.3%,7.5km/h,91.7kPa
02:00                                                     1405/04/11,406.8mm,0W/m2,2.7degree,8.2°C,87.2%,3.2km/h,92.1kPa
02:00                                                     1405/04/12,406.8mm,0W/m2,284.4degree,11.0°C,75.0%,2.4km/h,92.0kPa
02:00                                                     1405/04/13,355.2mm,0W/m2,32.1degree,13.7°C,64.4%,0.9km/h,91.5kPa
02:00                                                     1405/04/14,355.2mm,0W/m2,292.8degree,14.3°C,68.2%,2.4km/h,91.4kPa
02:00                                                     1405/04/15,355.2mm,0W/m2,112.6degree,9.6°C,74.2%,3.7km/h,92.1kPa
02:00                                                     1405/04/16,355.2mm,0W/m2,59.9degree,11.8°C,62.2%,11.0km/h,91.7kPa
02:00                                                     1405/04/17,355.2mm,0W/m2,292.9degree,6.7°C,79.8%,0.9km/h,92.2kPa
02:00                                                     1405/04/18,355.2mm,0W/m2,335.1degree,7.1°C,71.3%,4.3km/h,92.2kPa
02:00                                                     1405/04/19,355.2mm,0W/m2,321.9degree,8.2°C,77.0%,6.6km/h,91.6kPa
02:00                                                     1405/04/20,355.2mm,0W/m2,181.8degree,13.7°C,53.4%,3.2km/h,91.1kPa
02:00                                                     1405/04/21,355.2mm,0W/m2,164.8degree,19.6°C,52.7%,0.6km/h,91.1kPa
02:00                                                     1405/04/22,355.2mm,0W/m2,69.0degree,15.6°C,67.9%,3.0km/h,91.2kPa
02:00                                                     1405/04/23,367.0mm,0W/m2,198.2degree,11.8°C,94.0%,4.2km/h,91.6kPa
02:00                                                     1405/04/24,367.4mm,0W/m2,345.4degree,13.9°C,90.6%,4.7km/h,91.4kPa
02:00                                                     1405/04/25,376.8mm,0W/m2,340.9degree,15.9°C,68.4%,0.7km/h,91.6kPa
02:00                                                     1405/04/26,376.8mm,0W/m2,19.5degree,21.3°C,52.8%,4.3km/h,91.8kPa
02:00                                                     1405/04/27,376.8mm,0W/m2,344.9degree,12.9°C,63.0%,1.5km/h,91.6kPa
02:00                                                     1405/04/28,376.8mm,0W/m2,330.5degree,14.0°C,80.1%,3.6km/h,91.4kPa
02:00                                                     1405/04/29,376.8mm,0W/m2,320.7degree,17.4°C,50.0%,8.6km/h,91.6kPa
02:00                                                     1405/04/30,376.8mm,0W/m2,329.5degree,16.6°C,57.2%,3.1km/h,91.3kPa
02:00                                                     1405/05/01,376.8mm,0W/m2,338.6degree,14.3°C,73.9%,5.0km/h,91.8kPa
02:00                                                     1405/05/02,376.8mm,0W/m2,358.7degree,10.9°C,84.5%,2.4km/h,91.8kPa
02:00                                                     1405/05/03,376.8mm,0W/m2,251.0degree,13.3°C,75.6%,2.0km/h,91.7kPa
02:00                                                     1405/05/04,376.8mm,0W/m2,292.3degree,13.8°C,65.3%,1.0km/h,91.8kPa
02:00                                                     1405/05/05,376.8mm,0W/m2,262.4degree,16.2°C,49.2%,2.3km/h,91.3kPa
02:00                                                     1405/05/06,376.8mm,0W/m2,267.1degree,18.0°C,46.9%,2.6km/h,91.2kPa
02:00                                                     1405/05/07,376.8mm,0W/m2,334.4degree,23.3°C,31.8%,2.2km/h,91.1kPa
02:00                                                     1405/05/08,376.8mm,0W/m2,297.9degree,18.2°C,60.1%,2.4km/h,91.7kPa
02:00                                                     1405/05/09,376.8mm,0W/m2,341.7degree,20.2°C,48.7%,3.9km/h,91.5kPa
02:00                                                     1405/05/10,377.8mm,0W/m2,136.1degree,15.7°C,83.8%,1.7km/h,91.8kPa
02:00                                                     1405/05/11,378.4mm,0W/m2,319.3degree,17.1°C,61.8%,9.3km/h,92.0kPa
02:10                                                     1405/03/22,290.2mm,0W/m2,260.4degree,10.5°C,64.2%,4.4km/h,91.4kPa
02:10                                                     1405/03/23,290.6mm,0W/m2,53.5degree,7.3°C,77.3%,1.1km/h,91.8kPa
02:10                                                     1405/03/24,290.6mm,0W/m2,324.0degree,15.1°C,54.4%,2.1km/h,91.6kPa
02:10                                                     1405/03/25,290.6mm,0W/m2,143.8degree,16.4°C,68.6%,4.1km/h,91.1kPa
02:10                                                     1405/03/26,295.0mm,0W/m2,355.6degree,11.5°C,89.8%,1.7km/h,91.1kPa
02:10                                                     1405/03/27,295.0mm,0W/m2,240.4degree,16.0°C,66.7%,4.4km/h,91.4kPa
02:10                                                     1405/03/28,297.8mm,0W/m2,313.3degree,14.3°C,78.6%,11.6km/h,90.7kPa
02:10                                                     1405/03/29,304.2mm,0W/m2,352.3degree,8.9°C,77.8%,3.5km/h,90.8kPa
02:10                                                     1405/03/31,325.8mm,0W/m2,307.1degree,12.6°C,55.0%,8.0km/h,91.0kPa
02:10                                                     1405/04/01,325.8mm,0W/m2,206.2degree,16.0°C,59.4%,2.8km/h,91.1kPa
02:10                                                     1405/04/02,350.4mm,0W/m2,320.2degree,10.0°C,74.9%,4.1km/h,91.5kPa
02:10                                                     1405/04/04,350.6mm,0W/m2,321.5degree,9.8°C,80.5%,2.8km/h,91.2kPa
02:10                                                     1405/04/09,406.4mm,0W/m2,222.0degree,7.5°C,89.6%,6.4km/h,91.5kPa
02:10                                                     1405/04/10,406.4mm,0W/m2,226.2degree,10.1°C,78.1%,6.0km/h,91.7kPa
02:10                                                     1405/04/12,406.8mm,0W/m2,295.0degree,10.9°C,75.6%,1.8km/h,92.0kPa
02:10                                                     1405/04/13,355.2mm,0W/m2,248.1degree,14.7°C,61.0%,5.5km/h,91.5kPa
02:10                                                     1405/04/14,355.2mm,0W/m2,282.1degree,14.4°C,66.6%,0.9km/h,91.4kPa
02:10                                                     1405/04/15,355.2mm,0W/m2,151.1degree,9.5°C,74.2%,2.6km/h,92.1kPa
02:10                                                     1405/04/16,355.2mm,0W/m2,82.9degree,11.8°C,62.6%,14.7km/h,91.8kPa
02:10                                                     1405/04/17,355.2mm,0W/m2,53.0degree,6.5°C,79.4%,0.7km/h,92.2kPa
02:10                                                     1405/04/18,355.2mm,0W/m2,342.4degree,7.0°C,71.6%,3.4km/h,92.2kPa
02:10                                                     1405/04/19,355.2mm,0W/m2,332.3degree,8.2°C,78.8%,4.7km/h,91.6kPa
02:10                                                     1405/04/20,355.2mm,0W/m2,89.1degree,14.5°C,52.0%,0.3km/h,91.1kPa
02:10                                                     1405/04/21,355.2mm,0W/m2,110.2degree,19.1°C,55.0%,1.2km/h,91.1kPa
02:10                                                     1405/04/22,355.2mm,0W/m2,37.6degree,15.4°C,69.1%,0.6km/h,91.3kPa
02:10                                                     1405/04/23,367.0mm,0W/m2,227.1degree,11.9°C,94.0%,1.9km/h,91.6kPa
02:10                                                     1405/04/24,367.4mm,0W/m2,331.4degree,13.7°C,91.0%,5.1km/h,91.4kPa
02:10                                                     1405/04/26,376.8mm,0W/m2,103.8degree,21.3°C,48.0%,3.9km/h,91.7kPa
02:10                                                     1405/04/27,376.8mm,0W/m2,321.3degree,13.1°C,61.5%,6.9km/h,91.6kPa
02:10                                                     1405/04/28,376.8mm,0W/m2,329.6degree,14.2°C,78.3%,6.5km/h,91.4kPa
02:10                                                     1405/04/29,376.8mm,0W/m2,313.4degree,17.4°C,50.2%,6.3km/h,91.6kPa
02:10                                                     1405/04/30,376.8mm,0W/m2,319.6degree,16.8°C,55.7%,6.4km/h,91.2kPa
02:10                                                     1405/05/01,376.8mm,0W/m2,344.8degree,14.4°C,71.7%,2.5km/h,91.8kPa
02:10                                                     1405/05/02,376.8mm,0W/m2,291.9degree,11.0°C,84.7%,1.4km/h,91.8kPa
02:10                                                     1405/05/03,376.8mm,0W/m2,229.6degree,14.0°C,73.0%,3.8km/h,91.7kPa
02:10                                                     1405/05/04,376.8mm,0W/m2,297.4degree,13.9°C,64.4%,2.4km/h,91.8kPa
02:10                                                     1405/05/05,376.8mm,0W/m2,353.1degree,16.4°C,48.7%,2.6km/h,91.3kPa
02:10                                                     1405/05/06,376.8mm,0W/m2,313.9degree,18.5°C,46.3%,1.0km/h,91.2kPa
02:10                                                     1405/05/07,376.8mm,0W/m2,277.8degree,22.7°C,32.9%,3.4km/h,91.0kPa
02:10                                                     1405/05/08,376.8mm,0W/m2,310.1degree,18.0°C,60.9%,1.3km/h,91.7kPa
02:10                                                     1405/05/09,376.8mm,0W/m2,294.0degree,20.0°C,50.3%,1.7km/h,91.5kPa
02:10                                                     1405/05/11,378.4mm,0W/m2,338.4degree,17.0°C,62.2%,4.1km/h,92.1kPa
02:20                                                     1405/03/22,290.2mm,0W/m2,311.4degree,10.8°C,62.5%,2.5km/h,91.4kPa
02:20                                                     1405/03/23,290.6mm,0W/m2,3.0degree,7.7°C,81.0%,1.4km/h,91.8kPa
02:20                                                     1405/03/24,290.6mm,0W/m2,282.6degree,14.8°C,55.9%,2.3km/h,91.6kPa
02:20                                                     1405/03/25,290.6mm,0W/m2,172.8degree,15.8°C,71.7%,4.9km/h,91.1kPa
02:20                                                     1405/03/26,295.0mm,0W/m2,43.8degree,11.7°C,89.7%,2.3km/h,91.1kPa
02:20                                                     1405/03/27,295.0mm,0W/m2,254.6degree,16.7°C,63.2%,1.9km/h,91.5kPa
02:20                                                     1405/03/28,298.2mm,0W/m2,314.1degree,13.8°C,81.7%,5.1km/h,90.8kPa
02:20                                                     1405/03/29,304.2mm,0W/m2,321.4degree,9.0°C,77.1%,4.1km/h,90.8kPa
02:20                                                     1405/03/30,325.8mm,0W/m2,324.1degree,8.9°C,81.8%,5.4km/h,90.8kPa
02:20                                                     1405/03/31,325.8mm,0W/m2,304.6degree,12.9°C,54.0%,6.5km/h,91.0kPa
02:20                                                     1405/04/01,325.8mm,0W/m2,223.3degree,15.8°C,60.0%,2.3km/h,91.1kPa
02:20                                                     1405/04/02,350.4mm,0W/m2,310.7degree,9.9°C,75.2%,3.1km/h,91.5kPa
02:20                                                     1405/04/03,350.6mm,0W/m2,324.4degree,8.1°C,87.4%,5.8km/h,91.5kPa
02:20                                                     1405/04/04,350.6mm,0W/m2,6.4degree,9.4°C,81.6%,1.3km/h,91.2kPa
02:20                                                     1405/04/09,406.4mm,0W/m2,232.2degree,7.5°C,89.1%,6.3km/h,91.5kPa
02:20                                                     1405/04/10,406.4mm,0W/m2,230.3degree,9.4°C,81.2%,3.3km/h,91.7kPa
02:20                                                     1405/04/11,406.8mm,0W/m2,350.1degree,8.0°C,88.7%,2.1km/h,92.1kPa
02:20                                                     1405/04/12,406.8mm,0W/m2,322.5degree,11.1°C,72.0%,9.9km/h,92.0kPa
02:20                                                     1405/04/13,355.2mm,0W/m2,234.9degree,14.7°C,61.2%,5.1km/h,91.5kPa
02:20                                                     1405/04/14,355.2mm,0W/m2,222.4degree,13.8°C,68.8%,3.1km/h,91.4kPa
02:20                                                     1405/04/15,355.2mm,0W/m2,164.6degree,9.1°C,75.4%,3.6km/h,92.0kPa
02:20                                                     1405/04/16,355.2mm,0W/m2,88.5degree,11.7°C,63.1%,7.4km/h,91.8kPa
02:20                                                     1405/04/17,355.2mm,0W/m2,327.2degree,6.1°C,79.2%,8.1km/h,92.1kPa
02:20                                                     1405/04/18,355.2mm,0W/m2,258.4degree,6.9°C,72.3%,1.0km/h,92.2kPa
02:20                                                     1405/04/19,355.2mm,0W/m2,335.9degree,8.3°C,78.4%,6.9km/h,91.6kPa
02:20                                                     1405/04/20,355.2mm,0W/m2,323.9degree,14.0°C,54.0%,1.3km/h,91.1kPa
02:20                                                     1405/04/21,355.2mm,0W/m2,153.5degree,18.7°C,56.8%,2.3km/h,91.0kPa
02:20                                                     1405/04/22,355.2mm,0W/m2,153.9degree,15.5°C,68.4%,2.8km/h,91.2kPa
02:20                                                     1405/04/23,367.0mm,0W/m2,251.0degree,11.9°C,93.8%,3.6km/h,91.6kPa
02:20                                                     1405/04/24,367.4mm,0W/m2,9.5degree,13.7°C,91.3%,3.1km/h,91.4kPa
02:20                                                     1405/04/25,376.8mm,0W/m2,321.9degree,16.2°C,66.0%,6.6km/h,91.6kPa
02:20                                                     1405/04/26,376.8mm,0W/m2,319.8degree,22.3°C,48.7%,2.0km/h,91.8kPa
02:20                                                     1405/04/27,376.8mm,0W/m2,319.2degree,13.2°C,62.7%,5.2km/h,91.6kPa
02:20                                                     1405/04/28,376.8mm,0W/m2,336.6degree,14.7°C,75.8%,5.7km/h,91.4kPa
02:20                                                     1405/04/29,376.8mm,0W/m2,320.9degree,17.4°C,49.9%,9.6km/h,91.6kPa
02:20                                                     1405/04/30,376.8mm,0W/m2,302.0degree,17.0°C,54.8%,3.4km/h,91.2kPa
02:20                                                     1405/05/01,376.8mm,0W/m2,357.2degree,14.0°C,72.0%,2.8km/h,91.7kPa
02:20                                                     1405/05/02,376.8mm,0W/m2,281.4degree,10.5°C,84.5%,2.2km/h,91.8kPa
02:20                                                     1405/05/03,376.8mm,0W/m2,206.6degree,13.4°C,72.3%,4.0km/h,91.8kPa
02:20                                                     1405/05/04,376.8mm,0W/m2,279.7degree,14.0°C,63.3%,3.5km/h,91.8kPa
02:20                                                     1405/05/05,376.8mm,0W/m2,325.4degree,16.3°C,49.4%,0.5km/h,91.3kPa
02:20                                                     1405/05/06,376.8mm,0W/m2,315.3degree,19.1°C,43.0%,4.3km/h,91.2kPa
02:20                                                     1405/05/07,376.8mm,0W/m2,262.3degree,21.8°C,35.3%,0.0km/h,91.0kPa
02:20                                                     1405/05/08,376.8mm,0W/m2,300.1degree,18.0°C,60.8%,3.8km/h,91.7kPa
02:20                                                     1405/05/09,376.8mm,0W/m2,311.0degree,19.7°C,51.1%,4.7km/h,91.5kPa
02:20                                                     1405/05/10,378.1mm,0W/m2,159.4degree,15.7°C,79.7%,10.7km/h,91.7kPa
02:20                                                     1405/05/11,378.4mm,0W/m2,7.4degree,16.8°C,62.5%,3.9km/h,92.1kPa
02:30                                                     1405/03/22,290.2mm,0W/m2,356.8degree,9.8°C,67.5%,3.3km/h,91.5kPa
02:30                                                     1405/03/23,290.6mm,0W/m2,348.6degree,7.3°C,82.2%,2.1km/h,91.8kPa
02:30                                                     1405/03/24,290.6mm,0W/m2,276.4degree,13.7°C,59.2%,3.9km/h,91.5kPa
02:30                                                     1405/03/25,291.0mm,0W/m2,144.8degree,15.7°C,73.1%,7.3km/h,91.0kPa
02:30                                                     1405/03/26,295.0mm,0W/m2,31.9degree,11.2°C,88.4%,1.8km/h,91.1kPa
02:30                                                     1405/03/27,295.0mm,0W/m2,260.6degree,16.7°C,62.5%,3.3km/h,91.4kPa
02:30                                                     1405/03/28,298.6mm,0W/m2,354.8degree,13.7°C,81.9%,6.1km/h,90.7kPa
02:30                                                     1405/03/29,304.2mm,0W/m2,66.6degree,8.7°C,76.9%,3.8km/h,90.8kPa
02:30                                                     1405/03/31,325.8mm,0W/m2,313.2degree,13.0°C,53.0%,5.0km/h,91.0kPa
02:30                                                     1405/04/01,325.8mm,0W/m2,64.9degree,15.6°C,61.0%,7.8km/h,91.1kPa
02:30                                                     1405/04/02,350.4mm,0W/m2,310.7degree,10.0°C,74.9%,3.5km/h,91.5kPa
02:30                                                     1405/04/04,350.6mm,0W/m2,345.4degree,9.4°C,82.5%,1.0km/h,91.2kPa
02:30                                                     1405/04/09,406.4mm,0W/m2,251.9degree,7.7°C,88.8%,5.9km/h,91.5kPa
02:30                                                     1405/04/10,406.4mm,0W/m2,249.6degree,9.0°C,83.4%,5.1km/h,91.7kPa
02:30                                                     1405/04/12,406.8mm,0W/m2,315.4degree,11.4°C,71.2%,5.6km/h,92.0kPa
02:30                                                     1405/04/13,355.2mm,0W/m2,223.1degree,13.8°C,67.1%,0.3km/h,91.5kPa
02:30                                                     1405/04/14,355.2mm,0W/m2,214.1degree,13.9°C,69.0%,7.4km/h,91.4kPa
02:30                                                     1405/04/15,355.2mm,0W/m2,284.1degree,9.1°C,76.4%,0.4km/h,92.0kPa
02:30                                                     1405/04/16,355.2mm,0W/m2,60.3degree,11.6°C,62.6%,10.5km/h,91.8kPa
02:30                                                     1405/04/17,355.2mm,0W/m2,270.2degree,5.9°C,80.1%,0.6km/h,92.1kPa
02:30                                                     1405/04/18,355.2mm,0W/m2,242.4degree,6.6°C,72.9%,2.2km/h,92.2kPa
02:30                                                     1405/04/19,355.2mm,0W/m2,306.5degree,8.2°C,78.3%,1.5km/h,91.6kPa
02:30                                                     1405/04/20,355.2mm,0W/m2,322.7degree,13.2°C,57.5%,4.2km/h,91.2kPa
02:30                                                     1405/04/21,355.2mm,0W/m2,179.3degree,18.7°C,57.0%,2.4km/h,91.0kPa
02:30                                                     1405/04/22,355.2mm,0W/m2,105.9degree,15.7°C,67.3%,2.4km/h,91.2kPa
02:30                                                     1405/04/23,367.0mm,0W/m2,203.3degree,12.0°C,94.0%,6.2km/h,91.6kPa
02:30                                                     1405/04/24,367.4mm,0W/m2,331.5degree,13.8°C,91.5%,4.9km/h,91.4kPa
02:30                                                     1405/04/25,376.8mm,0W/m2,317.7degree,16.1°C,66.2%,4.7km/h,91.6kPa
02:30                                                     1405/04/26,376.8mm,0W/m2,350.8degree,21.8°C,49.3%,6.2km/h,91.8kPa
02:30                                                     1405/04/27,376.8mm,0W/m2,327.7degree,13.0°C,63.5%,3.5km/h,91.6kPa
02:30                                                     1405/04/28,376.8mm,0W/m2,302.9degree,14.3°C,77.0%,1.7km/h,91.4kPa
02:30                                                     1405/04/29,376.8mm,0W/m2,314.5degree,17.4°C,49.8%,8.6km/h,91.6kPa
02:30                                                     1405/04/30,376.8mm,0W/m2,354.2degree,16.7°C,55.0%,2.3km/h,91.2kPa
02:30                                                     1405/05/01,376.8mm,0W/m2,353.0degree,14.0°C,73.2%,4.7km/h,91.7kPa
02:30                                                     1405/05/02,376.8mm,0W/m2,316.5degree,10.4°C,85.6%,5.9km/h,91.8kPa
02:30                                                     1405/05/03,376.8mm,0W/m2,232.5degree,13.8°C,71.1%,8.2km/h,91.8kPa
02:30                                                     1405/05/04,376.8mm,0W/m2,213.9degree,14.5°C,63.7%,0.9km/h,91.8kPa
02:30                                                     1405/05/05,376.8mm,0W/m2,207.2degree,15.8°C,51.1%,0.7km/h,91.3kPa
02:30                                                     1405/05/06,376.8mm,0W/m2,281.6degree,18.5°C,45.3%,1.5km/h,91.2kPa
02:30                                                     1405/05/07,376.8mm,0W/m2,127.6degree,21.7°C,34.9%,0.4km/h,91.0kPa
02:30                                                     1405/05/08,376.8mm,0W/m2,284.4degree,17.9°C,61.4%,2.3km/h,91.7kPa
02:30                                                     1405/05/09,376.8mm,0W/m2,323.4degree,19.5°C,51.7%,2.1km/h,91.5kPa
02:30                                                     1405/05/11,378.4mm,0W/m2,106.4degree,16.8°C,62.9%,1.5km/h,92.1kPa
02:40                                                     1405/03/22,290.2mm,0W/m2,26.7degree,9.8°C,67.4%,3.5km/h,91.5kPa
02:40                                                     1405/03/23,290.6mm,0W/m2,234.3degree,6.9°C,83.5%,0.0km/h,91.8kPa
02:40                                                     1405/03/24,290.6mm,0W/m2,282.1degree,15.0°C,53.8%,1.7km/h,91.6kPa
02:40                                                     1405/03/25,291.8mm,0W/m2,109.6degree,15.3°C,75.8%,3.5km/h,91.0kPa
02:40                                                     1405/03/26,295.0mm,0W/m2,9.4degree,11.3°C,90.4%,0.9km/h,91.1kPa
02:40                                                     1405/03/27,295.0mm,0W/m2,18.5degree,17.1°C,61.2%,2.1km/h,91.5kPa
02:40                                                     1405/03/28,298.8mm,0W/m2,337.8degree,13.4°C,84.0%,6.5km/h,90.7kPa
02:40                                                     1405/03/29,304.2mm,0W/m2,331.4degree,9.1°C,74.4%,2.4km/h,90.9kPa
02:40                                                     1405/03/30,325.8mm,0W/m2,318.8degree,9.1°C,79.8%,4.8km/h,90.8kPa
02:40                                                     1405/03/31,325.8mm,0W/m2,304.9degree,12.9°C,52.9%,5.8km/h,91.0kPa
02:40                                                     1405/04/01,325.8mm,0W/m2,100.2degree,15.6°C,61.5%,5.3km/h,91.1kPa
02:40                                                     1405/04/02,350.4mm,0W/m2,328.3degree,10.1°C,74.1%,5.9km/h,91.5kPa
02:40                                                     1405/04/03,350.6mm,0W/m2,338.8degree,7.6°C,86.9%,3.9km/h,91.5kPa
02:40                                                     1405/04/04,350.6mm,0W/m2,316.6degree,9.6°C,80.8%,2.3km/h,91.2kPa
02:40                                                     1405/04/09,406.4mm,0W/m2,260.2degree,7.9°C,87.8%,4.6km/h,91.5kPa
02:40                                                     1405/04/10,406.4mm,0W/m2,234.0degree,8.9°C,83.7%,3.9km/h,91.7kPa
02:40                                                     1405/04/11,406.8mm,0W/m2,317.8degree,8.2°C,88.6%,9.8km/h,92.1kPa
02:40                                                     1405/04/12,406.8mm,0W/m2,302.2degree,11.2°C,72.7%,5.7km/h,92.0kPa
02:40                                                     1405/04/13,355.2mm,0W/m2,59.7degree,13.1°C,69.8%,0.0km/h,91.5kPa
02:40                                                     1405/04/14,355.2mm,0W/m2,231.0degree,14.6°C,65.9%,5.4km/h,91.4kPa
02:40                                                     1405/04/15,355.2mm,0W/m2,165.2degree,9.3°C,75.6%,3.7km/h,92.0kPa
02:40                                                     1405/04/16,355.2mm,0W/m2,79.7degree,11.5°C,62.8%,6.9km/h,91.8kPa
02:40                                                     1405/04/17,355.2mm,0W/m2,277.1degree,5.8°C,81.5%,2.7km/h,92.2kPa
02:40                                                     1405/04/18,355.2mm,0W/m2,211.1degree,6.6°C,73.0%,0.9km/h,92.2kPa
02:40                                                     1405/04/19,355.2mm,0W/m2,259.3degree,8.4°C,79.8%,0.8km/h,91.6kPa
02:40                                                     1405/04/20,355.2mm,0W/m2,323.9degree,13.3°C,57.7%,6.0km/h,91.2kPa
02:40                                                     1405/04/21,355.2mm,0W/m2,150.4degree,18.7°C,55.8%,2.1km/h,91.1kPa
02:40                                                     1405/04/22,355.2mm,0W/m2,99.9degree,15.4°C,69.0%,3.2km/h,91.2kPa
02:40                                                     1405/04/23,367.0mm,0W/m2,199.3degree,12.0°C,93.7%,6.4km/h,91.6kPa
02:40                                                     1405/04/24,367.4mm,0W/m2,8.1degree,13.8°C,91.3%,2.3km/h,91.4kPa
02:40                                                     1405/04/25,376.8mm,0W/m2,328.2degree,16.0°C,66.1%,5.5km/h,91.6kPa
02:40                                                     1405/04/26,376.8mm,0W/m2,56.1degree,21.0°C,51.0%,5.3km/h,91.8kPa
02:40                                                     1405/04/27,376.8mm,0W/m2,353.4degree,13.6°C,59.6%,2.3km/h,91.5kPa
02:40                                                     1405/04/28,376.8mm,0W/m2,196.7degree,14.2°C,77.9%,2.6km/h,91.4kPa
02:40                                                     1405/04/29,376.8mm,0W/m2,321.9degree,17.5°C,49.4%,5.3km/h,91.5kPa
02:40                                                     1405/04/30,376.8mm,0W/m2,318.9degree,16.2°C,56.8%,8.1km/h,91.2kPa
02:40                                                     1405/05/01,376.8mm,0W/m2,328.1degree,13.7°C,74.2%,7.1km/h,91.7kPa
02:40                                                     1405/05/02,376.8mm,0W/m2,301.1degree,11.2°C,86.0%,3.1km/h,91.8kPa
02:40                                                     1405/05/03,376.8mm,0W/m2,236.2degree,14.8°C,68.8%,7.2km/h,91.8kPa
02:40                                                     1405/05/04,376.8mm,0W/m2,274.9degree,14.6°C,61.1%,2.3km/h,91.7kPa
02:40                                                     1405/05/05,376.8mm,0W/m2,271.2degree,15.7°C,52.1%,0.1km/h,91.3kPa
02:40                                                     1405/05/06,376.8mm,0W/m2,262.0degree,18.0°C,47.1%,2.3km/h,91.2kPa
02:40                                                     1405/05/07,376.8mm,0W/m2,251.9degree,21.5°C,35.6%,3.9km/h,91.0kPa
02:40                                                     1405/05/08,376.8mm,0W/m2,250.4degree,17.9°C,62.1%,0.3km/h,91.7kPa
02:40                                                     1405/05/09,376.8mm,0W/m2,316.6degree,19.3°C,52.0%,2.9km/h,91.5kPa
02:40                                                     1405/05/10,378.2mm,0W/m2,217.0degree,15.8°C,76.0%,7.7km/h,91.8kPa
02:40                                                     1405/05/11,378.4mm,0W/m2,325.9degree,17.0°C,62.6%,3.5km/h,92.1kPa
02:50                                                     1405/03/22,290.2mm,0W/m2,316.8degree,9.0°C,72.6%,4.1km/h,91.4kPa
02:50                                                     1405/03/23,290.6mm,0W/m2,325.7degree,6.7°C,84.4%,3.1km/h,91.8kPa
02:50                                                     1405/03/24,290.6mm,0W/m2,283.4degree,15.0°C,54.0%,3.1km/h,91.6kPa
02:50                                                     1405/03/25,292.2mm,0W/m2,118.3degree,15.1°C,76.2%,4.8km/h,91.0kPa
02:50                                                     1405/03/26,295.0mm,0W/m2,236.1degree,11.0°C,89.7%,1.2km/h,91.1kPa
02:50                                                     1405/03/27,295.0mm,0W/m2,161.4degree,16.8°C,62.2%,1.1km/h,91.5kPa
02:50                                                     1405/03/28,299.0mm,0W/m2,11.7degree,13.2°C,85.1%,1.9km/h,90.7kPa
02:50                                                     1405/03/29,304.2mm,0W/m2,29.5degree,8.9°C,74.9%,0.6km/h,90.9kPa
02:50                                                     1405/04/01,325.8mm,0W/m2,102.6degree,15.6°C,61.7%,2.1km/h,91.1kPa
02:50                                                     1405/04/02,350.4mm,0W/m2,324.4degree,10.2°C,72.9%,6.8km/h,91.5kPa
02:50                                                     1405/04/04,350.6mm,0W/m2,291.3degree,9.2°C,82.0%,1.9km/h,91.2kPa
02:50                                                     1405/04/09,406.4mm,0W/m2,295.9degree,8.0°C,87.0%,1.8km/h,91.5kPa
02:50                                                     1405/04/10,406.4mm,0W/m2,245.0degree,8.5°C,83.1%,3.0km/h,91.7kPa
02:50                                                     1405/04/11,406.8mm,0W/m2,334.1degree,8.5°C,87.6%,5.4km/h,92.1kPa
02:50                                                     1405/04/12,406.8mm,0W/m2,290.4degree,11.3°C,72.5%,1.0km/h,92.0kPa
02:50                                                     1405/04/13,355.2mm,0W/m2,31.9degree,12.3°C,73.9%,3.3km/h,91.4kPa
02:50                                                     1405/04/14,355.2mm,0W/m2,35.0degree,13.7°C,69.9%,4.4km/h,91.4kPa
02:50                                                     1405/04/15,355.2mm,0W/m2,90.2degree,9.2°C,75.4%,3.6km/h,92.0kPa
02:50                                                     1405/04/16,355.2mm,0W/m2,77.3degree,11.4°C,63.7%,6.7km/h,91.8kPa
02:50                                                     1405/04/17,355.2mm,0W/m2,253.4degree,5.4°C,81.7%,2.7km/h,92.2kPa
02:50                                                     1405/04/18,355.2mm,0W/m2,271.1degree,6.4°C,74.4%,2.1km/h,92.2kPa
02:50                                                     1405/04/19,355.2mm,0W/m2,325.2degree,9.0°C,77.1%,4.7km/h,91.6kPa
02:50                                                     1405/04/20,355.2mm,0W/m2,315.4degree,13.4°C,58.9%,3.5km/h,91.2kPa
02:50                                                     1405/04/21,355.2mm,0W/m2,187.9degree,18.7°C,56.2%,3.1km/h,91.1kPa
02:50                                                     1405/04/22,355.2mm,0W/m2,77.0degree,15.2°C,69.8%,3.0km/h,91.2kPa
02:50                                                     1405/04/23,367.0mm,0W/m2,73.6degree,11.9°C,93.7%,1.1km/h,91.6kPa
02:50                                                     1405/04/24,367.4mm,0W/m2,347.6degree,13.7°C,91.1%,3.7km/h,91.4kPa
02:50                                                     1405/04/25,376.8mm,0W/m2,332.4degree,16.0°C,65.9%,4.0km/h,91.6kPa
02:50                                                     1405/04/26,376.8mm,0W/m2,66.2degree,21.1°C,51.8%,3.5km/h,91.8kPa
02:50                                                     1405/04/27,376.8mm,0W/m2,322.3degree,13.3°C,61.0%,7.7km/h,91.5kPa
02:50                                                     1405/04/28,376.8mm,0W/m2,10.5degree,14.2°C,78.4%,2.3km/h,91.4kPa
02:50                                                     1405/04/29,376.8mm,0W/m2,315.3degree,17.4°C,49.6%,2.7km/h,91.5kPa
02:50                                                     1405/04/30,376.8mm,0W/m2,291.9degree,15.7°C,58.7%,0.8km/h,91.3kPa
02:50                                                     1405/05/01,376.8mm,0W/m2,325.3degree,13.6°C,74.5%,7.2km/h,91.7kPa
02:50                                                     1405/05/02,376.8mm,0W/m2,316.5degree,11.9°C,84.6%,3.7km/h,91.7kPa
02:50                                                     1405/05/03,376.8mm,0W/m2,248.2degree,13.9°C,70.4%,5.5km/h,91.8kPa
02:50                                                     1405/05/04,376.8mm,0W/m2,272.7degree,13.8°C,63.9%,2.1km/h,91.7kPa
02:50                                                     1405/05/05,376.8mm,0W/m2,260.5degree,15.4°C,51.4%,0.5km/h,91.3kPa
02:50                                                     1405/05/06,376.8mm,0W/m2,252.6degree,18.4°C,45.7%,0.8km/h,91.2kPa
02:50                                                     1405/05/07,376.8mm,0W/m2,254.1degree,20.2°C,38.4%,2.6km/h,90.9kPa
02:50                                                     1405/05/08,376.8mm,0W/m2,304.6degree,17.7°C,62.3%,2.1km/h,91.7kPa
02:50                                                     1405/05/09,376.8mm,0W/m2,331.4degree,19.0°C,52.7%,2.0km/h,91.5kPa
02:50                                                     1405/05/11,378.4mm,0W/m2,45.2degree,17.1°C,62.4%,1.2km/h,92.0kPa
03:00                                                     1405/03/22,290.2mm,0W/m2,325.1degree,8.9°C,72.5%,4.1km/h,91.5kPa
03:00                                                     1405/03/23,290.6mm,0W/m2,294.3degree,6.9°C,85.3%,1.8km/h,91.8kPa
03:00                                                     1405/03/24,290.6mm,0W/m2,134.7degree,15.4°C,52.7%,1.0km/h,91.6kPa
03:00                                                     1405/03/25,292.6mm,0W/m2,119.9degree,15.0°C,78.0%,4.4km/h,91.0kPa
03:00                                                     1405/03/26,295.0mm,0W/m2,295.9degree,10.8°C,90.1%,1.9km/h,91.1kPa
03:00                                                     1405/03/27,295.0mm,0W/m2,239.3degree,17.3°C,60.6%,1.6km/h,91.5kPa
03:00                                                     1405/03/28,299.0mm,0W/m2,175.8degree,13.2°C,84.3%,1.2km/h,90.8kPa
03:00                                                     1405/03/29,304.2mm,0W/m2,16.2degree,7.7°C,77.7%,4.4km/h,90.8kPa
03:00                                                     1405/03/30,325.8mm,0W/m2,266.2degree,9.2°C,78.8%,1.1km/h,90.8kPa
03:00                                                     1405/03/31,325.8mm,0W/m2,300.1degree,13.3°C,50.9%,5.0km/h,90.9kPa
03:00                                                     1405/04/01,325.8mm,0W/m2,66.9degree,15.6°C,62.6%,0.8km/h,91.1kPa
03:00                                                     1405/04/02,350.4mm,0W/m2,337.1degree,10.3°C,71.9%,4.5km/h,91.5kPa
03:00                                                     1405/04/04,350.6mm,0W/m2,307.2degree,8.8°C,83.3%,1.9km/h,91.2kPa
03:00                                                     1405/04/09,406.4mm,0W/m2,23.0degree,8.0°C,85.4%,1.9km/h,91.5kPa
03:00                                                     1405/04/10,406.4mm,0W/m2,298.8degree,8.9°C,84.4%,2.5km/h,91.7kPa
03:00                                                     1405/04/11,406.8mm,0W/m2,337.7degree,8.6°C,87.8%,0.8km/h,92.1kPa
03:00                                                     1405/04/12,406.8mm,0W/m2,250.8degree,10.7°C,75.8%,1.4km/h,92.0kPa
03:00                                                     1405/04/13,355.2mm,0W/m2,343.9degree,11.3°C,78.4%,3.9km/h,91.3kPa
03:00                                                     1405/04/14,355.2mm,0W/m2,103.9degree,13.5°C,70.2%,3.3km/h,91.4kPa
03:00                                                     1405/04/15,355.2mm,0W/m2,150.0degree,9.2°C,75.4%,1.3km/h,92.0kPa
03:00                                                     1405/04/16,355.2mm,0W/m2,105.9degree,11.3°C,63.6%,4.0km/h,91.8kPa
03:00                                                     1405/04/17,355.2mm,0W/m2,325.6degree,5.7°C,81.2%,5.1km/h,92.2kPa
03:00                                                     1405/04/18,355.2mm,0W/m2,264.4degree,6.4°C,74.1%,2.1km/h,92.2kPa
03:00                                                     1405/04/19,355.2mm,0W/m2,319.8degree,9.1°C,75.3%,5.9km/h,91.6kPa
03:00                                                     1405/04/20,355.2mm,0W/m2,341.8degree,13.2°C,58.7%,5.0km/h,91.1kPa
03:00                                                     1405/04/21,355.2mm,0W/m2,156.5degree,18.6°C,55.6%,5.0km/h,91.0kPa
03:00                                                     1405/04/22,355.2mm,0W/m2,114.6degree,15.0°C,71.6%,2.4km/h,91.2kPa
03:00                                                     1405/04/23,367.0mm,0W/m2,257.4degree,12.0°C,93.9%,2.6km/h,91.6kPa
03:00                                                     1405/04/24,367.4mm,0W/m2,347.0degree,13.8°C,91.3%,4.1km/h,91.4kPa
03:00                                                     1405/04/25,376.8mm,0W/m2,326.9degree,16.0°C,65.2%,7.4km/h,91.6kPa
03:00                                                     1405/04/26,376.8mm,0W/m2,55.4degree,21.5°C,45.7%,9.3km/h,91.7kPa
03:00                                                     1405/04/27,376.8mm,0W/m2,358.7degree,12.8°C,62.9%,3.0km/h,91.6kPa
03:00                                                     1405/04/29,376.8mm,0W/m2,327.5degree,17.3°C,49.9%,4.9km/h,91.5kPa
03:00                                                     1405/04/30,376.8mm,0W/m2,310.8degree,16.2°C,56.0%,2.7km/h,91.3kPa
03:00                                                     1405/05/01,376.8mm,0W/m2,27.6degree,13.8°C,73.5%,4.9km/h,91.7kPa
03:00                                                     1405/05/02,376.8mm,0W/m2,320.8degree,12.2°C,82.0%,8.7km/h,91.7kPa
03:00                                                     1405/05/03,376.8mm,0W/m2,238.3degree,13.6°C,71.4%,3.7km/h,91.8kPa
03:00                                                     1405/05/04,376.8mm,0W/m2,329.0degree,13.6°C,66.3%,2.1km/h,91.7kPa
03:00                                                     1405/05/05,376.8mm,0W/m2,143.4degree,15.5°C,51.0%,0.7km/h,91.3kPa
03:00                                                     1405/05/06,376.8mm,0W/m2,229.8degree,18.4°C,45.2%,0.8km/h,91.2kPa
03:00                                                     1405/05/07,376.8mm,0W/m2,278.2degree,20.2°C,39.0%,2.4km/h,91.0kPa
03:00                                                     1405/05/08,376.8mm,0W/m2,292.9degree,17.7°C,62.5%,2.7km/h,91.7kPa
03:00                                                     1405/05/09,376.8mm,0W/m2,74.5degree,19.6°C,51.7%,0.4km/h,91.5kPa
03:00                                                     1405/05/10,378.2mm,0W/m2,167.0degree,16.0°C,74.4%,1.4km/h,91.9kPa
03:00                                                     1405/05/11,378.4mm,0W/m2,38.2degree,16.9°C,62.9%,1.1km/h,92.1kPa
03:10                                                     1405/03/22,290.2mm,0W/m2,340.4degree,8.5°C,75.4%,2.8km/h,91.4kPa
03:10                                                     1405/03/23,290.6mm,0W/m2,317.9degree,6.7°C,85.4%,3.9km/h,91.8kPa
03:10                                                     1405/03/24,290.6mm,0W/m2,172.5degree,15.5°C,53.5%,0.9km/h,91.6kPa
03:10                                                     1405/03/25,293.2mm,0W/m2,117.7degree,15.0°C,78.2%,2.9km/h,91.0kPa
03:10                                                     1405/03/26,295.0mm,0W/m2,336.7degree,10.7°C,91.0%,0.0km/h,91.1kPa
03:10                                                     1405/03/27,295.0mm,0W/m2,170.3degree,16.9°C,63.4%,1.9km/h,91.4kPa
03:10                                                     1405/03/28,299.2mm,0W/m2,162.7degree,13.3°C,82.5%,0.8km/h,90.8kPa
03:10                                                     1405/03/29,304.2mm,0W/m2,309.3degree,7.2°C,82.2%,4.1km/h,90.8kPa
03:10                                                     1405/03/31,325.8mm,0W/m2,317.5degree,13.5°C,50.2%,6.8km/h,90.9kPa
03:10                                                     1405/04/01,325.8mm,0W/m2,149.3degree,15.6°C,61.3%,4.1km/h,91.1kPa
03:10                                                     1405/04/02,350.4mm,0W/m2,340.0degree,10.3°C,71.4%,9.4km/h,91.5kPa
03:10                                                     1405/04/03,350.6mm,0W/m2,326.0degree,7.1°C,88.2%,5.8km/h,91.5kPa
03:10                                                     1405/04/04,350.6mm,0W/m2,267.1degree,8.4°C,82.3%,0.0km/h,91.2kPa
03:10                                                     1405/04/09,406.4mm,0W/m2,342.9degree,7.1°C,87.9%,1.2km/h,91.5kPa
03:10                                                     1405/04/10,406.4mm,0W/m2,330.3degree,9.3°C,81.7%,4.0km/h,91.7kPa
03:10                                                     1405/04/11,406.8mm,0W/m2,307.7degree,8.8°C,87.0%,2.8km/h,92.1kPa
03:10                                                     1405/04/12,406.8mm,0W/m2,300.1degree,11.6°C,69.9%,2.4km/h,92.0kPa
03:10                                                     1405/04/13,355.2mm,0W/m2,348.1degree,10.9°C,79.8%,3.5km/h,91.3kPa
03:10                                                     1405/04/14,355.2mm,0W/m2,113.1degree,13.5°C,69.1%,4.6km/h,91.4kPa
03:10                                                     1405/04/15,355.2mm,0W/m2,201.6degree,9.1°C,75.8%,4.1km/h,92.0kPa
03:10                                                     1405/04/16,355.2mm,0W/m2,96.8degree,11.2°C,65.5%,4.3km/h,91.9kPa
03:10                                                     1405/04/17,355.2mm,0W/m2,345.1degree,6.4°C,77.3%,5.4km/h,92.2kPa
03:10                                                     1405/04/18,355.2mm,0W/m2,342.2degree,6.6°C,73.2%,0.5km/h,92.2kPa
03:10                                                     1405/04/19,355.2mm,0W/m2,341.3degree,9.2°C,74.5%,0.3km/h,91.6kPa
03:10                                                     1405/04/20,355.2mm,0W/m2,265.8degree,13.3°C,59.0%,2.0km/h,91.2kPa
03:10                                                     1405/04/21,355.2mm,0W/m2,218.6degree,18.5°C,57.0%,5.7km/h,91.1kPa
03:10                                                     1405/04/22,355.2mm,0W/m2,32.8degree,14.9°C,72.3%,2.1km/h,91.2kPa
03:10                                                     1405/04/23,367.0mm,0W/m2,149.4degree,12.0°C,93.7%,4.3km/h,91.5kPa
03:10                                                     1405/04/24,367.4mm,0W/m2,2.1degree,13.8°C,91.1%,1.9km/h,91.4kPa
03:10                                                     1405/04/25,376.8mm,0W/m2,350.9degree,15.7°C,67.9%,3.3km/h,91.6kPa
03:10                                                     1405/04/26,376.8mm,0W/m2,49.9degree,21.8°C,40.0%,15.7km/h,91.6kPa
03:10                                                     1405/04/27,376.8mm,0W/m2,324.0degree,12.8°C,62.0%,2.4km/h,91.5kPa
03:10                                                     1405/04/29,376.8mm,0W/m2,329.1degree,17.0°C,50.9%,7.2km/h,91.5kPa
03:10                                                     1405/04/30,376.8mm,0W/m2,295.2degree,16.0°C,55.6%,2.9km/h,91.2kPa
03:10                                                     1405/05/01,376.8mm,0W/m2,7.5degree,13.8°C,73.8%,4.6km/h,91.7kPa
03:10                                                     1405/05/02,376.8mm,0W/m2,346.7degree,12.4°C,81.1%,4.5km/h,91.7kPa
03:10                                                     1405/05/03,376.8mm,0W/m2,228.4degree,13.1°C,72.8%,3.3km/h,91.8kPa
03:10                                                     1405/05/04,376.8mm,0W/m2,263.7degree,13.5°C,65.3%,3.5km/h,91.7kPa
03:10                                                     1405/05/05,376.8mm,0W/m2,324.2degree,15.7°C,49.4%,1.2km/h,91.3kPa
03:10                                                     1405/05/06,376.8mm,0W/m2,287.9degree,18.3°C,45.5%,1.9km/h,91.2kPa
03:10                                                     1405/05/07,376.8mm,0W/m2,101.0degree,20.9°C,35.4%,3.8km/h,91.0kPa
03:10                                                     1405/05/08,376.8mm,0W/m2,320.5degree,17.6°C,62.7%,1.2km/h,91.7kPa
03:10                                                     1405/05/09,376.8mm,0W/m2,311.9degree,19.4°C,52.2%,2.4km/h,91.5kPa
03:10                                                     1405/05/11,378.4mm,0W/m2,69.2degree,16.7°C,63.5%,3.0km/h,92.1kPa
03:20                                                     1405/03/22,290.2mm,0W/m2,356.3degree,8.7°C,74.3%,2.8km/h,91.5kPa
03:20                                                     1405/03/23,290.6mm,0W/m2,322.0degree,6.6°C,85.8%,1.9km/h,91.8kPa
03:20                                                     1405/03/24,290.6mm,0W/m2,345.5degree,15.1°C,53.4%,0.5km/h,91.6kPa
03:20                                                     1405/03/25,293.4mm,0W/m2,127.0degree,14.8°C,79.1%,4.1km/h,91.0kPa
03:20                                                     1405/03/26,295.0mm,0W/m2,273.5degree,11.2°C,91.5%,2.9km/h,91.1kPa
03:20                                                     1405/03/27,295.0mm,0W/m2,137.8degree,15.6°C,67.2%,3.4km/h,91.4kPa
03:20                                                     1405/03/28,299.4mm,0W/m2,172.9degree,13.1°C,84.1%,3.2km/h,90.7kPa
03:20                                                     1405/03/29,304.2mm,0W/m2,329.5degree,7.4°C,82.9%,7.1km/h,90.8kPa
03:20                                                     1405/03/30,325.8mm,0W/m2,222.6degree,8.6°C,79.7%,3.6km/h,90.8kPa
03:20                                                     1405/04/01,325.8mm,0W/m2,136.9degree,15.4°C,62.2%,4.4km/h,91.1kPa
03:20                                                     1405/04/02,350.4mm,0W/m2,338.6degree,10.2°C,71.7%,7.7km/h,91.5kPa
03:20                                                     1405/04/03,350.6mm,0W/m2,334.9degree,7.0°C,88.8%,4.6km/h,91.5kPa
03:20                                                     1405/04/04,350.6mm,0W/m2,284.5degree,8.4°C,85.6%,0.8km/h,91.2kPa
03:20                                                     1405/04/09,406.4mm,0W/m2,329.6degree,6.9°C,89.2%,2.4km/h,91.5kPa
03:20                                                     1405/04/10,406.4mm,0W/m2,329.0degree,9.2°C,81.1%,2.6km/h,91.7kPa
03:20                                                     1405/04/11,406.8mm,0W/m2,328.9degree,9.0°C,85.9%,3.8km/h,92.1kPa
03:20                                                     1405/04/12,406.8mm,0W/m2,264.7degree,11.9°C,69.0%,2.0km/h,92.0kPa
03:20                                                     1405/04/13,355.2mm,0W/m2,337.7degree,10.5°C,80.9%,3.4km/h,91.4kPa
03:20                                                     1405/04/14,355.2mm,0W/m2,314.8degree,13.5°C,70.8%,2.3km/h,91.4kPa
03:20                                                     1405/04/15,355.2mm,0W/m2,150.3degree,9.0°C,75.4%,3.7km/h,92.0kPa
03:20                                                     1405/04/16,355.2mm,0W/m2,83.6degree,11.2°C,64.6%,9.1km/h,91.8kPa
03:20                                                     1405/04/17,355.2mm,0W/m2,226.4degree,6.2°C,78.0%,0.7km/h,92.3kPa
03:20                                                     1405/04/18,355.2mm,0W/m2,327.7degree,6.7°C,72.0%,4.0km/h,92.2kPa
03:20                                                     1405/04/19,355.2mm,0W/m2,354.6degree,9.0°C,74.9%,1.8km/h,91.6kPa
03:20                                                     1405/04/20,355.2mm,0W/m2,314.6degree,13.1°C,59.1%,1.5km/h,91.2kPa
03:20                                                     1405/04/21,355.2mm,0W/m2,77.8degree,18.4°C,56.0%,0.3km/h,91.1kPa
03:20                                                     1405/04/22,355.2mm,0W/m2,196.5degree,14.7°C,73.7%,5.4km/h,91.2kPa
03:20                                                     1405/04/23,367.2mm,0W/m2,281.5degree,12.1°C,93.7%,6.2km/h,91.6kPa
03:20                                                     1405/04/24,367.4mm,0W/m2,331.4degree,13.7°C,90.6%,6.2km/h,91.4kPa
03:20                                                     1405/04/25,376.8mm,0W/m2,347.5degree,14.8°C,71.4%,5.1km/h,91.6kPa
03:20                                                     1405/04/26,376.8mm,0W/m2,36.6degree,21.6°C,40.7%,9.1km/h,91.6kPa
03:20                                                     1405/04/27,376.8mm,0W/m2,331.3degree,12.6°C,64.8%,1.3km/h,91.6kPa
03:20                                                     1405/04/28,376.8mm,0W/m2,328.7degree,14.4°C,75.3%,1.8km/h,91.4kPa
03:20                                                     1405/04/29,376.8mm,0W/m2,22.0degree,16.8°C,51.4%,2.2km/h,91.5kPa
03:20                                                     1405/04/30,376.8mm,0W/m2,298.6degree,16.2°C,54.7%,1.9km/h,91.2kPa
03:20                                                     1405/05/01,376.8mm,0W/m2,341.0degree,13.7°C,74.4%,4.1km/h,91.8kPa
03:20                                                     1405/05/02,376.8mm,0W/m2,34.6degree,12.5°C,80.4%,2.9km/h,91.8kPa
03:20                                                     1405/05/03,376.8mm,0W/m2,228.4degree,13.3°C,72.6%,2.0km/h,91.8kPa
03:20                                                     1405/05/04,376.8mm,0W/m2,319.4degree,13.6°C,65.0%,2.0km/h,91.7kPa
03:20                                                     1405/05/05,376.8mm,0W/m2,319.9degree,15.7°C,48.3%,2.7km/h,91.3kPa
03:20                                                     1405/05/06,376.8mm,0W/m2,291.6degree,18.3°C,45.1%,3.7km/h,91.2kPa
03:20                                                     1405/05/07,376.8mm,0W/m2,55.3degree,21.8°C,34.3%,3.6km/h,91.1kPa
03:20                                                     1405/05/08,376.8mm,0W/m2,309.6degree,18.1°C,60.1%,1.7km/h,91.7kPa
03:20                                                     1405/05/09,376.8mm,0W/m2,339.7degree,19.0°C,52.6%,2.7km/h,91.5kPa
03:20                                                     1405/05/10,378.2mm,0W/m2,285.6degree,15.7°C,76.1%,1.8km/h,92.0kPa
03:20                                                     1405/05/11,378.4mm,0W/m2,3.1degree,16.5°C,64.4%,3.2km/h,92.2kPa
03:30                                                     1405/03/22,290.2mm,0W/m2,316.2degree,9.1°C,72.9%,2.0km/h,91.5kPa
03:30                                                     1405/03/23,290.6mm,0W/m2,331.4degree,6.5°C,85.3%,8.4km/h,91.8kPa
03:30                                                     1405/03/24,290.6mm,0W/m2,15.5degree,14.7°C,57.0%,0.9km/h,91.6kPa
03:30                                                     1405/03/25,293.8mm,0W/m2,12.6degree,14.4°C,82.3%,5.3km/h,91.0kPa
03:30                                                     1405/03/26,295.0mm,0W/m2,198.6degree,11.2°C,90.3%,1.9km/h,91.1kPa
03:30                                                     1405/03/27,295.0mm,0W/m2,145.2degree,15.1°C,69.5%,4.6km/h,91.3kPa
03:30                                                     1405/03/28,299.4mm,0W/m2,161.2degree,12.9°C,86.0%,7.5km/h,90.8kPa
03:30                                                     1405/03/29,304.2mm,0W/m2,358.9degree,7.3°C,83.2%,5.9km/h,90.8kPa
03:30                                                     1405/03/31,325.8mm,0W/m2,73.6degree,11.9°C,56.7%,6.8km/h,91.2kPa
03:30                                                     1405/04/01,325.8mm,0W/m2,143.2degree,15.2°C,63.3%,4.6km/h,91.1kPa
03:30                                                     1405/04/02,350.4mm,0W/m2,320.8degree,10.2°C,71.4%,5.7km/h,91.6kPa
03:30                                                     1405/04/03,350.6mm,0W/m2,354.2degree,6.8°C,89.0%,1.1km/h,91.5kPa
03:30                                                     1405/04/04,350.6mm,0W/m2,293.2degree,8.5°C,84.4%,4.6km/h,91.2kPa
03:30                                                     1405/04/09,406.4mm,0W/m2,282.5degree,6.9°C,89.7%,1.9km/h,91.5kPa
03:30                                                     1405/04/10,406.4mm,0W/m2,48.5degree,9.3°C,80.3%,1.2km/h,91.7kPa
03:30                                                     1405/04/11,406.8mm,0W/m2,282.8degree,9.0°C,85.1%,0.3km/h,92.1kPa
03:30                                                     1405/04/12,406.8mm,0W/m2,258.9degree,10.5°C,73.5%,2.5km/h,92.0kPa
03:30                                                     1405/04/13,355.2mm,0W/m2,313.0degree,10.3°C,81.5%,4.3km/h,91.4kPa
03:30                                                     1405/04/14,355.2mm,0W/m2,323.6degree,12.6°C,74.0%,1.1km/h,91.3kPa
03:30                                                     1405/04/15,355.2mm,0W/m2,98.7degree,9.0°C,75.6%,3.3km/h,92.0kPa
03:30                                                     1405/04/16,355.2mm,0W/m2,97.0degree,11.2°C,64.4%,7.4km/h,91.8kPa
03:30                                                     1405/04/17,355.2mm,0W/m2,316.6degree,6.2°C,77.2%,0.3km/h,92.2kPa
03:30                                                     1405/04/18,355.2mm,0W/m2,145.0degree,7.0°C,70.5%,0.5km/h,92.2kPa
03:30                                                     1405/04/19,355.2mm,0W/m2,330.6degree,8.7°C,76.8%,1.4km/h,91.6kPa
03:30                                                     1405/04/20,355.2mm,0W/m2,332.8degree,13.8°C,55.3%,6.0km/h,91.1kPa
03:30                                                     1405/04/21,355.2mm,0W/m2,196.2degree,18.5°C,54.5%,3.6km/h,91.0kPa
03:30                                                     1405/04/22,355.2mm,0W/m2,186.2degree,14.4°C,74.7%,2.6km/h,91.1kPa
03:30                                                     1405/04/23,367.2mm,0W/m2,196.0degree,12.3°C,93.8%,0.8km/h,91.6kPa
03:30                                                     1405/04/24,367.4mm,0W/m2,324.1degree,13.7°C,90.6%,4.2km/h,91.4kPa
03:30                                                     1405/04/25,376.8mm,0W/m2,339.6degree,14.1°C,75.8%,7.3km/h,91.6kPa
03:30                                                     1405/04/26,376.8mm,0W/m2,47.7degree,21.2°C,42.4%,9.2km/h,91.7kPa
03:30                                                     1405/04/27,376.8mm,0W/m2,316.4degree,12.5°C,66.6%,4.2km/h,91.6kPa
03:30                                                     1405/04/28,376.8mm,0W/m2,157.9degree,14.3°C,75.6%,0.5km/h,91.4kPa
03:30                                                     1405/04/29,376.8mm,0W/m2,4.2degree,16.3°C,52.7%,2.3km/h,91.5kPa
03:30                                                     1405/04/30,376.8mm,0W/m2,307.2degree,16.2°C,54.5%,0.8km/h,91.2kPa
03:30                                                     1405/05/01,376.8mm,0W/m2,68.6degree,13.7°C,75.1%,7.5km/h,91.8kPa
03:30                                                     1405/05/02,376.8mm,0W/m2,321.9degree,12.5°C,80.2%,2.3km/h,91.8kPa
03:30                                                     1405/05/03,376.8mm,0W/m2,224.5degree,13.0°C,73.6%,3.7km/h,91.7kPa
03:30                                                     1405/05/04,376.8mm,0W/m2,309.0degree,13.4°C,65.0%,1.3km/h,91.7kPa
03:30                                                     1405/05/05,376.8mm,0W/m2,277.1degree,16.1°C,46.7%,0.4km/h,91.3kPa
03:30                                                     1405/05/06,376.8mm,0W/m2,284.5degree,18.6°C,43.5%,3.4km/h,91.3kPa
03:30                                                     1405/05/07,376.8mm,0W/m2,67.3degree,19.0°C,44.2%,6.9km/h,91.0kPa
03:30                                                     1405/05/08,376.8mm,0W/m2,314.0degree,17.9°C,61.7%,1.3km/h,91.7kPa
03:30                                                     1405/05/09,376.8mm,0W/m2,336.9degree,19.6°C,51.0%,2.4km/h,91.5kPa
03:30                                                     1405/05/11,378.4mm,0W/m2,340.6degree,16.3°C,65.5%,1.8km/h,92.2kPa
03:40                                                     1405/03/21,290.2mm,0W/m2,138.3degree,13.0°C,61.1%,8.7km/h,91.0kPa
03:40                                                     1405/03/22,290.2mm,0W/m2,300.5degree,9.6°C,71.9%,3.3km/h,91.6kPa
03:40                                                     1405/03/23,290.6mm,0W/m2,330.8degree,6.6°C,85.9%,5.8km/h,91.8kPa
03:40                                                     1405/03/24,290.6mm,0W/m2,12.6degree,14.6°C,55.0%,0.1km/h,91.6kPa
03:40                                                     1405/03/25,293.8mm,0W/m2,343.5degree,14.2°C,85.3%,1.0km/h,91.0kPa
03:40                                                     1405/03/26,295.0mm,0W/m2,222.9degree,10.8°C,90.7%,5.9km/h,91.1kPa
03:40                                                     1405/03/27,295.0mm,0W/m2,162.0degree,15.8°C,66.8%,3.5km/h,91.3kPa
03:40                                                     1405/03/28,299.8mm,0W/m2,170.0degree,12.8°C,88.5%,6.6km/h,90.9kPa
03:40                                                     1405/03/29,304.2mm,0W/m2,358.8degree,7.3°C,83.3%,4.1km/h,90.8kPa
03:40                                                     1405/03/30,325.8mm,0W/m2,233.5degree,11.1°C,69.4%,6.5km/h,91.0kPa
03:40                                                     1405/03/31,325.8mm,0W/m2,33.7degree,11.1°C,60.7%,0.2km/h,91.2kPa
03:40                                                     1405/04/01,325.8mm,0W/m2,119.0degree,15.1°C,64.8%,6.6km/h,91.1kPa
03:40                                                     1405/04/02,350.4mm,0W/m2,316.0degree,10.3°C,71.4%,5.9km/h,91.6kPa
03:40                                                     1405/04/03,350.6mm,0W/m2,2.5degree,6.7°C,89.6%,1.9km/h,91.5kPa
03:40                                                     1405/04/04,350.6mm,0W/m2,68.9degree,8.3°C,83.8%,3.1km/h,91.2kPa
03:40                                                     1405/04/09,406.4mm,0W/m2,262.3degree,7.2°C,90.4%,0.7km/h,91.5kPa
03:40                                                     1405/04/10,406.4mm,0W/m2,125.3degree,9.1°C,80.0%,2.3km/h,91.7kPa
03:40                                                     1405/04/11,406.8mm,0W/m2,325.2degree,9.0°C,84.5%,3.3km/h,92.1kPa
03:40                                                     1405/04/12,406.8mm,0W/m2,260.7degree,10.6°C,73.0%,4.4km/h,92.0kPa
03:40                                                     1405/04/13,355.2mm,0W/m2,286.8degree,10.1°C,82.0%,2.6km/h,91.4kPa
03:40                                                     1405/04/14,355.2mm,0W/m2,308.8degree,12.0°C,76.6%,1.1km/h,91.3kPa
03:40                                                     1405/04/15,355.2mm,0W/m2,102.0degree,9.3°C,75.3%,9.8km/h,92.0kPa
03:40                                                     1405/04/16,355.2mm,0W/m2,70.4degree,11.1°C,64.8%,8.1km/h,91.8kPa
03:40                                                     1405/04/17,355.2mm,0W/m2,277.2degree,6.0°C,77.7%,2.4km/h,92.2kPa
03:40                                                     1405/04/18,355.2mm,0W/m2,228.5degree,7.0°C,70.7%,0.0km/h,92.1kPa
03:40                                                     1405/04/19,355.2mm,0W/m2,292.2degree,9.8°C,72.1%,1.5km/h,91.5kPa
03:40                                                     1405/04/20,355.2mm,0W/m2,250.2degree,13.7°C,57.0%,2.4km/h,91.2kPa
03:40                                                     1405/04/21,355.2mm,0W/m2,176.1degree,18.4°C,54.5%,3.3km/h,91.0kPa
03:40                                                     1405/04/22,355.2mm,0W/m2,127.3degree,14.4°C,75.2%,7.2km/h,91.1kPa
03:40                                                     1405/04/23,367.2mm,0W/m2,186.5degree,12.3°C,93.7%,1.4km/h,91.6kPa
03:40                                                     1405/04/24,367.4mm,0W/m2,347.9degree,13.7°C,90.4%,3.7km/h,91.4kPa
03:40                                                     1405/04/25,376.8mm,0W/m2,331.1degree,14.5°C,73.5%,8.8km/h,91.6kPa
03:40                                                     1405/04/26,376.8mm,0W/m2,53.0degree,21.0°C,42.7%,9.6km/h,91.7kPa
03:40                                                     1405/04/27,376.8mm,0W/m2,345.2degree,12.5°C,66.1%,1.8km/h,91.6kPa
03:40                                                     1405/04/28,376.8mm,0W/m2,317.4degree,14.1°C,76.7%,0.9km/h,91.4kPa
03:40                                                     1405/04/29,376.8mm,0W/m2,42.4degree,16.6°C,52.2%,3.2km/h,91.5kPa
03:40                                                     1405/04/30,376.8mm,0W/m2,323.3degree,16.5°C,53.0%,3.5km/h,91.2kPa
03:40                                                     1405/05/01,376.8mm,0W/m2,48.8degree,13.3°C,77.2%,5.6km/h,91.8kPa
03:40                                                     1405/05/02,376.8mm,0W/m2,3.1degree,12.6°C,80.5%,2.2km/h,91.7kPa
03:40                                                     1405/05/03,376.8mm,0W/m2,266.1degree,13.3°C,73.2%,2.7km/h,91.8kPa
03:40                                                     1405/05/04,376.8mm,0W/m2,309.8degree,13.4°C,64.6%,4.0km/h,91.7kPa
03:40                                                     1405/05/05,376.8mm,0W/m2,301.7degree,16.5°C,45.1%,3.1km/h,91.3kPa
03:40                                                     1405/05/06,376.8mm,0W/m2,321.0degree,18.9°C,42.8%,1.2km/h,91.3kPa
03:40                                                     1405/05/07,376.8mm,0W/m2,15.1degree,17.8°C,49.8%,0.9km/h,91.0kPa
03:40                                                     1405/05/08,376.8mm,0W/m2,306.0degree,17.8°C,61.8%,3.7km/h,91.7kPa
03:40                                                     1405/05/10,378.2mm,0W/m2,176.9degree,15.4°C,77.8%,2.7km/h,92.0kPa
03:40                                                     1405/05/11,378.4mm,0W/m2,357.0degree,16.2°C,65.6%,4.8km/h,92.2kPa
03:50                                                     1405/03/21,290.2mm,0W/m2,197.3degree,12.6°C,62.7%,6.2km/h,91.0kPa
03:50                                                     1405/03/22,290.2mm,0W/m2,334.7degree,10.0°C,70.2%,5.5km/h,91.6kPa
03:50                                                     1405/03/23,290.6mm,0W/m2,278.7degree,6.6°C,86.0%,2.2km/h,91.8kPa
03:50                                                     1405/03/24,290.6mm,0W/m2,1.0degree,13.5°C,59.9%,3.8km/h,91.5kPa
03:50                                                     1405/03/25,293.8mm,0W/m2,319.6degree,14.1°C,86.8%,3.6km/h,90.9kPa
03:50                                                     1405/03/26,295.0mm,0W/m2,280.2degree,10.7°C,90.6%,4.1km/h,91.1kPa
03:50                                                     1405/03/27,295.0mm,0W/m2,169.5degree,16.5°C,65.0%,3.8km/h,91.4kPa
03:50                                                     1405/03/28,300.6mm,0W/m2,166.4degree,12.7°C,89.1%,4.1km/h,90.9kPa
03:50                                                     1405/03/29,304.2mm,0W/m2,322.7degree,7.3°C,82.3%,10.1km/h,90.9kPa
03:50                                                     1405/03/30,325.8mm,0W/m2,217.1degree,12.0°C,62.0%,5.2km/h,91.0kPa
03:50                                                     1405/03/31,325.8mm,0W/m2,47.3degree,10.2°C,66.0%,0.0km/h,91.4kPa
03:50                                                     1405/04/01,325.8mm,0W/m2,117.4degree,15.2°C,65.2%,5.6km/h,91.1kPa
03:50                                                     1405/04/02,350.4mm,0W/m2,316.2degree,10.2°C,71.7%,5.8km/h,91.6kPa
03:50                                                     1405/04/03,350.6mm,0W/m2,56.2degree,6.3°C,89.8%,0.3km/h,91.5kPa
03:50                                                     1405/04/04,350.6mm,0W/m2,201.5degree,8.3°C,84.6%,3.0km/h,91.2kPa
03:50                                                     1405/04/09,406.4mm,0W/m2,322.7degree,7.4°C,90.5%,2.1km/h,91.5kPa
03:50                                                     1405/04/10,406.4mm,0W/m2,10.6degree,8.5°C,82.3%,2.4km/h,91.7kPa
03:50                                                     1405/04/11,406.8mm,0W/m2,325.3degree,9.3°C,83.9%,1.9km/h,92.1kPa
03:50                                                     1405/04/12,406.8mm,0W/m2,215.3degree,9.8°C,76.7%,1.9km/h,91.9kPa
03:50                                                     1405/04/13,355.2mm,0W/m2,269.0degree,10.6°C,80.9%,2.3km/h,91.4kPa
03:50                                                     1405/04/14,355.2mm,0W/m2,315.8degree,12.2°C,76.7%,4.1km/h,91.4kPa
03:50                                                     1405/04/15,355.2mm,0W/m2,89.0degree,9.5°C,74.3%,6.3km/h,92.1kPa
03:50                                                     1405/04/16,355.2mm,0W/m2,95.8degree,10.9°C,66.0%,6.0km/h,91.9kPa
03:50                                                     1405/04/17,355.2mm,0W/m2,33.9degree,6.0°C,78.3%,1.2km/h,92.3kPa
03:50                                                     1405/04/18,355.2mm,0W/m2,325.2degree,7.0°C,70.0%,2.8km/h,92.1kPa
03:50                                                     1405/04/19,355.2mm,0W/m2,342.8degree,9.7°C,71.1%,2.3km/h,91.5kPa
03:50                                                     1405/04/20,355.2mm,0W/m2,290.5degree,13.3°C,59.1%,2.7km/h,91.2kPa
03:50                                                     1405/04/21,355.2mm,0W/m2,222.1degree,18.7°C,51.4%,1.2km/h,91.0kPa
03:50                                                     1405/04/22,355.2mm,0W/m2,185.6degree,13.8°C,80.5%,7.4km/h,91.2kPa
03:50                                                     1405/04/23,367.2mm,0W/m2,205.2degree,12.3°C,93.7%,3.2km/h,91.6kPa
03:50                                                     1405/04/24,367.4mm,0W/m2,5.3degree,13.5°C,90.4%,3.3km/h,91.4kPa
03:50                                                     1405/04/25,376.8mm,0W/m2,357.5degree,14.4°C,73.8%,4.0km/h,91.6kPa
03:50                                                     1405/04/26,376.8mm,0W/m2,48.9degree,21.1°C,41.3%,11.6km/h,91.7kPa
03:50                                                     1405/04/27,376.8mm,0W/m2,334.0degree,12.4°C,66.4%,2.5km/h,91.6kPa
03:50                                                     1405/04/28,376.8mm,0W/m2,239.5degree,13.8°C,77.1%,1.8km/h,91.4kPa
03:50                                                     1405/04/29,376.8mm,0W/m2,322.4degree,16.7°C,52.9%,2.8km/h,91.5kPa
03:50                                                     1405/04/30,376.8mm,0W/m2,286.3degree,16.7°C,52.4%,1.1km/h,91.2kPa
03:50                                                     1405/05/02,376.8mm,0W/m2,351.0degree,12.5°C,79.6%,3.1km/h,91.7kPa
03:50                                                     1405/05/03,376.8mm,0W/m2,350.8degree,13.1°C,72.9%,7.8km/h,91.8kPa
03:50                                                     1405/05/04,376.8mm,0W/m2,250.3degree,13.5°C,63.9%,2.8km/h,91.7kPa
03:50                                                     1405/05/05,376.8mm,0W/m2,310.0degree,16.6°C,44.7%,3.3km/h,91.3kPa
03:50                                                     1405/05/06,376.8mm,0W/m2,279.3degree,18.7°C,43.8%,3.4km/h,91.3kPa
03:50                                                     1405/05/07,376.8mm,0W/m2,323.1degree,17.6°C,47.6%,4.0km/h,91.0kPa
03:50                                                     1405/05/09,376.8mm,0W/m2,291.6degree,19.2°C,53.0%,1.8km/h,91.5kPa
03:50                                                     1405/05/11,378.4mm,0W/m2,4.0degree,16.4°C,64.8%,2.3km/h,92.1kPa
04:00                                                     1405/03/21,290.2mm,0W/m2,174.6degree,12.7°C,62.3%,6.8km/h,91.0kPa
04:00                                                     1405/03/22,290.2mm,0W/m2,309.2degree,10.0°C,70.0%,3.7km/h,91.6kPa
04:00                                                     1405/03/23,290.6mm,0W/m2,298.9degree,7.3°C,84.2%,2.1km/h,91.8kPa
04:00                                                     1405/03/24,290.6mm,0W/m2,312.3degree,11.3°C,70.3%,4.1km/h,91.4kPa
04:00                                                     1405/03/25,293.8mm,0W/m2,15.3degree,14.0°C,87.6%,2.9km/h,90.9kPa
04:00                                                     1405/03/26,295.0mm,0W/m2,318.9degree,10.6°C,91.2%,0.8km/h,91.1kPa
04:00                                                     1405/03/27,295.0mm,0W/m2,170.3degree,16.4°C,65.5%,3.3km/h,91.3kPa
04:00                                                     1405/03/28,302.4mm,0W/m2,359.9degree,12.6°C,89.3%,4.8km/h,90.8kPa
04:00                                                     1405/03/29,304.2mm,0W/m2,340.5degree,7.1°C,83.6%,4.0km/h,90.9kPa
04:00                                                     1405/03/30,325.8mm,0W/m2,64.8degree,11.6°C,63.4%,3.0km/h,91.0kPa
04:00                                                     1405/03/31,325.8mm,0W/m2,345.5degree,9.3°C,71.7%,1.7km/h,91.3kPa
04:00                                                     1405/04/01,325.8mm,0W/m2,77.2degree,15.1°C,66.3%,5.0km/h,91.2kPa
04:00                                                     1405/04/02,350.4mm,0W/m2,347.9degree,10.2°C,70.7%,3.8km/h,91.6kPa
04:00                                                     1405/04/03,350.6mm,0W/m2,75.2degree,6.1°C,90.3%,0.4km/h,91.5kPa
04:00                                                     1405/04/04,350.6mm,0W/m2,195.6degree,7.8°C,85.0%,3.2km/h,91.2kPa
04:00                                                     1405/04/09,406.4mm,0W/m2,286.9degree,7.8°C,90.2%,3.4km/h,91.5kPa
04:00                                                     1405/04/10,406.4mm,0W/m2,65.9degree,8.5°C,82.2%,1.9km/h,91.7kPa
04:00                                                     1405/04/11,406.8mm,0W/m2,278.2degree,9.5°C,82.7%,3.4km/h,92.1kPa
04:00                                                     1405/04/12,406.8mm,0W/m2,262.8degree,9.7°C,77.5%,2.0km/h,92.0kPa
04:00                                                     1405/04/13,355.2mm,0W/m2,306.9degree,11.1°C,79.3%,4.5km/h,91.4kPa
04:00                                                     1405/04/14,355.2mm,0W/m2,317.7degree,12.4°C,74.4%,5.4km/h,91.4kPa
04:00                                                     1405/04/15,355.2mm,0W/m2,75.7degree,9.4°C,74.8%,2.7km/h,92.1kPa
04:00                                                     1405/04/16,355.2mm,0W/m2,107.0degree,10.5°C,67.8%,5.6km/h,91.9kPa
04:00                                                     1405/04/17,355.2mm,0W/m2,323.0degree,6.0°C,77.9%,7.9km/h,92.2kPa
04:00                                                     1405/04/18,355.2mm,0W/m2,4.7degree,6.2°C,70.3%,2.4km/h,92.1kPa
04:00                                                     1405/04/19,355.2mm,0W/m2,315.1degree,9.8°C,70.6%,1.9km/h,91.5kPa
04:00                                                     1405/04/20,355.2mm,0W/m2,327.7degree,14.0°C,54.9%,4.9km/h,91.1kPa
04:00                                                     1405/04/21,355.2mm,0W/m2,187.7degree,19.2°C,49.7%,3.7km/h,91.0kPa
04:00                                                     1405/04/22,355.2mm,0W/m2,189.8degree,13.6°C,82.1%,6.4km/h,91.2kPa
04:00                                                     1405/04/23,367.2mm,0W/m2,212.6degree,12.3°C,93.5%,3.7km/h,91.6kPa
04:00                                                     1405/04/24,367.4mm,0W/m2,327.0degree,13.2°C,90.7%,5.7km/h,91.4kPa
04:00                                                     1405/04/25,376.8mm,0W/m2,339.3degree,14.3°C,74.1%,5.7km/h,91.6kPa
04:00                                                     1405/04/26,376.8mm,0W/m2,65.9degree,20.9°C,42.3%,6.8km/h,91.7kPa
04:00                                                     1405/04/28,376.8mm,0W/m2,323.0degree,13.8°C,77.8%,6.6km/h,91.4kPa
04:00                                                     1405/04/29,376.8mm,0W/m2,317.3degree,16.5°C,52.8%,6.1km/h,91.5kPa
04:00                                                     1405/04/30,376.8mm,0W/m2,299.0degree,16.2°C,54.1%,4.2km/h,91.3kPa
04:00                                                     1405/05/01,376.8mm,0W/m2,331.8degree,13.5°C,77.0%,1.6km/h,91.8kPa
04:00                                                     1405/05/02,376.8mm,0W/m2,332.7degree,12.6°C,79.8%,2.0km/h,91.8kPa
04:00                                                     1405/05/03,376.8mm,0W/m2,339.3degree,12.3°C,76.5%,2.9km/h,91.7kPa
04:00                                                     1405/05/04,376.8mm,0W/m2,302.8degree,13.6°C,63.3%,0.0km/h,91.7kPa
04:00                                                     1405/05/05,376.8mm,0W/m2,297.2degree,16.6°C,44.6%,2.7km/h,91.3kPa
04:00                                                     1405/05/06,376.8mm,0W/m2,302.1degree,19.3°C,40.8%,3.8km/h,91.3kPa
04:00                                                     1405/05/07,376.8mm,0W/m2,286.1degree,18.1°C,47.0%,5.0km/h,91.0kPa
04:00                                                     1405/05/08,376.8mm,0W/m2,43.1degree,17.4°C,63.0%,0.8km/h,91.7kPa
04:00                                                     1405/05/09,376.8mm,0W/m2,318.8degree,19.2°C,52.8%,3.7km/h,91.5kPa
04:00                                                     1405/05/10,378.2mm,0W/m2,174.4degree,15.5°C,75.8%,7.8km/h,92.2kPa
04:00                                                     1405/05/11,378.4mm,0W/m2,331.2degree,16.4°C,64.9%,3.2km/h,92.1kPa
04:10                                                     1405/03/21,290.2mm,0W/m2,143.3degree,12.2°C,63.6%,4.4km/h,91.0kPa
04:10                                                     1405/03/22,290.2mm,0W/m2,305.6degree,9.9°C,71.4%,2.4km/h,91.6kPa
04:10                                                     1405/03/23,290.6mm,0W/m2,303.0degree,7.8°C,80.5%,0.6km/h,91.8kPa
04:10                                                     1405/03/24,290.6mm,0W/m2,319.1degree,11.5°C,72.4%,5.4km/h,91.4kPa
04:10                                                     1405/03/25,293.8mm,0W/m2,346.2degree,14.0°C,88.3%,1.5km/h,90.9kPa
04:10                                                     1405/03/26,295.0mm,0W/m2,262.1degree,10.8°C,91.4%,3.3km/h,91.1kPa
04:10                                                     1405/03/27,295.0mm,0W/m2,150.4degree,16.1°C,66.3%,3.2km/h,91.3kPa
04:10                                                     1405/03/28,304.0mm,0W/m2,82.7degree,12.3°C,90.0%,9.1km/h,90.7kPa
04:10                                                     1405/03/29,304.2mm,0W/m2,347.2degree,7.3°C,82.6%,3.1km/h,90.9kPa
04:10                                                     1405/03/30,325.8mm,0W/m2,153.5degree,11.7°C,61.4%,2.3km/h,90.9kPa
04:10                                                     1405/03/31,325.8mm,0W/m2,319.5degree,8.8°C,72.9%,1.8km/h,91.2kPa
04:10                                                     1405/04/01,325.8mm,0W/m2,84.6degree,15.0°C,68.1%,8.9km/h,91.2kPa
04:10                                                     1405/04/02,350.4mm,0W/m2,0.1degree,10.2°C,71.0%,5.3km/h,91.6kPa
04:10                                                     1405/04/03,350.6mm,0W/m2,219.0degree,6.1°C,90.5%,3.1km/h,91.5kPa
04:10                                                     1405/04/04,350.6mm,0W/m2,186.1degree,7.5°C,86.0%,0.0km/h,91.2kPa
04:10                                                     1405/04/09,406.4mm,0W/m2,297.6degree,7.6°C,90.0%,3.8km/h,91.5kPa
04:10                                                     1405/04/10,406.4mm,0W/m2,31.9degree,8.3°C,83.0%,1.3km/h,91.8kPa
04:10                                                     1405/04/11,406.8mm,0W/m2,296.1degree,9.6°C,81.3%,0.2km/h,92.1kPa
04:10                                                     1405/04/12,406.8mm,0W/m2,42.5degree,10.1°C,75.2%,0.0km/h,92.0kPa
04:10                                                     1405/04/13,355.2mm,0W/m2,287.9degree,11.4°C,77.0%,4.1km/h,91.4kPa
04:10                                                     1405/04/14,355.2mm,0W/m2,315.9degree,12.3°C,76.2%,1.7km/h,91.4kPa
04:10                                                     1405/04/15,355.2mm,0W/m2,81.1degree,9.3°C,75.4%,4.9km/h,92.1kPa
04:10                                                     1405/04/16,355.2mm,0W/m2,101.0degree,10.4°C,68.5%,3.9km/h,91.9kPa
04:10                                                     1405/04/17,355.2mm,0W/m2,333.3degree,6.2°C,77.5%,8.4km/h,92.2kPa
04:10                                                     1405/04/18,355.2mm,0W/m2,344.9degree,5.0°C,76.6%,4.0km/h,92.1kPa
04:10                                                     1405/04/19,355.2mm,0W/m2,25.9degree,9.4°C,71.0%,3.0km/h,91.6kPa
04:10                                                     1405/04/20,355.2mm,0W/m2,318.9degree,14.2°C,54.4%,3.0km/h,91.1kPa
04:10                                                     1405/04/21,355.2mm,0W/m2,227.2degree,18.7°C,52.1%,7.6km/h,91.1kPa
04:10                                                     1405/04/22,355.2mm,0W/m2,215.2degree,13.7°C,83.0%,8.1km/h,91.3kPa
04:10                                                     1405/04/23,367.2mm,0W/m2,242.3degree,12.3°C,93.5%,2.7km/h,91.6kPa
04:10                                                     1405/04/24,367.4mm,0W/m2,1.3degree,12.9°C,90.7%,6.9km/h,91.4kPa
04:10                                                     1405/04/25,376.8mm,0W/m2,352.6degree,14.1°C,75.2%,5.0km/h,91.7kPa
04:10                                                     1405/04/26,376.8mm,0W/m2,51.0degree,20.4°C,44.1%,4.5km/h,91.7kPa
04:10                                                     1405/04/27,376.8mm,0W/m2,40.2degree,12.1°C,67.1%,1.2km/h,91.6kPa
04:10                                                     1405/04/28,376.8mm,0W/m2,330.7degree,14.3°C,75.5%,6.4km/h,91.4kPa
04:10                                                     1405/04/29,376.8mm,0W/m2,316.8degree,16.5°C,53.9%,0.4km/h,91.6kPa
04:10                                                     1405/04/30,376.8mm,0W/m2,277.6degree,15.9°C,53.8%,3.9km/h,91.3kPa
04:10                                                     1405/05/01,376.8mm,0W/m2,68.8degree,13.7°C,76.4%,5.7km/h,91.8kPa
04:10                                                     1405/05/02,376.8mm,0W/m2,336.5degree,12.6°C,80.1%,1.6km/h,91.8kPa
04:10                                                     1405/05/03,376.8mm,0W/m2,14.4degree,12.0°C,78.0%,0.8km/h,91.7kPa
04:10                                                     1405/05/04,376.8mm,0W/m2,351.0degree,13.6°C,63.5%,1.6km/h,91.7kPa
04:10                                                     1405/05/05,376.8mm,0W/m2,272.6degree,16.6°C,44.4%,3.1km/h,91.3kPa
04:10                                                     1405/05/06,376.8mm,0W/m2,295.6degree,19.7°C,39.1%,4.8km/h,91.3kPa
04:10                                                     1405/05/07,376.8mm,0W/m2,338.0degree,17.3°C,50.0%,1.8km/h,91.0kPa
04:10                                                     1405/05/08,376.8mm,0W/m2,324.3degree,17.3°C,62.9%,2.8km/h,91.7kPa
04:10                                                     1405/05/11,378.4mm,0W/m2,9.3degree,16.5°C,64.6%,2.2km/h,92.1kPa
04:20                                                     1405/03/21,290.2mm,0W/m2,234.8degree,13.2°C,59.0%,6.9km/h,91.0kPa
04:20                                                     1405/03/22,290.2mm,0W/m2,303.1degree,10.0°C,71.7%,3.2km/h,91.7kPa
04:20                                                     1405/03/23,290.6mm,0W/m2,259.0degree,8.1°C,79.6%,2.4km/h,91.8kPa
04:20                                                     1405/03/24,290.6mm,0W/m2,306.3degree,11.7°C,72.2%,4.9km/h,91.4kPa
04:20                                                     1405/03/25,293.8mm,0W/m2,325.8degree,14.0°C,88.4%,3.3km/h,91.0kPa
04:20                                                     1405/03/26,295.0mm,0W/m2,249.8degree,11.2°C,91.3%,4.2km/h,91.1kPa
04:20                                                     1405/03/27,295.0mm,0W/m2,170.9degree,16.0°C,67.3%,3.9km/h,91.3kPa
04:20                                                     1405/03/28,304.2mm,0W/m2,332.9degree,12.3°C,90.4%,5.2km/h,90.7kPa
04:20                                                     1405/03/29,304.2mm,0W/m2,333.5degree,7.3°C,81.9%,6.3km/h,90.9kPa
04:20                                                     1405/03/30,325.8mm,0W/m2,133.0degree,10.2°C,68.1%,1.5km/h,91.0kPa
04:20                                                     1405/03/31,325.8mm,0W/m2,322.5degree,8.2°C,76.8%,3.1km/h,91.1kPa
04:20                                                     1405/04/01,325.8mm,0W/m2,115.0degree,15.0°C,68.7%,11.2km/h,91.2kPa
04:20                                                     1405/04/02,350.4mm,0W/m2,19.8degree,10.2°C,71.7%,3.3km/h,91.6kPa
04:20                                                     1405/04/03,350.6mm,0W/m2,181.7degree,5.6°C,90.6%,0.6km/h,91.5kPa
04:20                                                     1405/04/04,350.6mm,0W/m2,311.1degree,7.8°C,86.6%,2.3km/h,91.2kPa
04:20                                                     1405/04/09,406.4mm,0W/m2,301.0degree,7.7°C,88.9%,3.6km/h,91.6kPa
04:20                                                     1405/04/10,406.4mm,0W/m2,136.1degree,7.8°C,84.0%,3.1km/h,91.8kPa
04:20                                                     1405/04/11,406.8mm,0W/m2,346.7degree,9.7°C,79.8%,2.5km/h,92.1kPa
04:20                                                     1405/04/12,406.8mm,0W/m2,321.4degree,9.8°C,76.1%,1.0km/h,91.9kPa
04:20                                                     1405/04/13,355.2mm,0W/m2,315.6degree,12.0°C,72.9%,1.1km/h,91.3kPa
04:20                                                     1405/04/14,355.2mm,0W/m2,255.5degree,12.3°C,75.3%,1.7km/h,91.4kPa
04:20                                                     1405/04/15,355.2mm,0W/m2,66.7degree,9.2°C,75.7%,4.6km/h,92.1kPa
04:20                                                     1405/04/16,355.2mm,0W/m2,82.0degree,10.5°C,68.1%,5.8km/h,91.9kPa
04:20                                                     1405/04/17,355.2mm,0W/m2,355.1degree,6.2°C,77.8%,3.1km/h,92.2kPa
04:20                                                     1405/04/18,355.2mm,0W/m2,350.0degree,4.6°C,79.2%,2.8km/h,92.1kPa
04:20                                                     1405/04/19,355.2mm,0W/m2,347.6degree,8.5°C,73.7%,5.0km/h,91.6kPa
04:20                                                     1405/04/20,355.2mm,0W/m2,326.7degree,14.3°C,53.6%,8.7km/h,91.1kPa
04:20                                                     1405/04/21,355.2mm,0W/m2,230.8degree,18.6°C,52.3%,6.2km/h,91.1kPa
04:20                                                     1405/04/22,355.2mm,0W/m2,197.9degree,13.7°C,82.8%,4.8km/h,91.3kPa
04:20                                                     1405/04/23,367.2mm,0W/m2,224.2degree,12.1°C,93.4%,0.6km/h,91.6kPa
04:20                                                     1405/04/24,367.4mm,0W/m2,325.2degree,13.0°C,91.5%,7.0km/h,91.4kPa
04:20                                                     1405/04/25,376.8mm,0W/m2,345.5degree,14.1°C,75.6%,4.6km/h,91.7kPa
04:20                                                     1405/04/26,376.8mm,0W/m2,38.0degree,20.0°C,45.1%,2.4km/h,91.8kPa
04:20                                                     1405/04/27,376.8mm,0W/m2,358.3degree,11.6°C,68.9%,1.2km/h,91.6kPa
04:20                                                     1405/04/28,376.8mm,0W/m2,322.8degree,14.2°C,75.3%,1.4km/h,91.5kPa
04:20                                                     1405/04/29,376.8mm,0W/m2,341.9degree,16.9°C,51.6%,3.8km/h,91.5kPa
04:20                                                     1405/04/30,376.8mm,0W/m2,114.7degree,16.2°C,54.3%,0.8km/h,91.3kPa
04:20                                                     1405/05/01,376.8mm,0W/m2,135.8degree,13.8°C,76.6%,5.3km/h,91.8kPa
04:20                                                     1405/05/02,376.8mm,0W/m2,319.1degree,12.8°C,79.5%,5.1km/h,91.8kPa
04:20                                                     1405/05/03,376.8mm,0W/m2,335.6degree,11.7°C,79.4%,1.9km/h,91.7kPa
04:20                                                     1405/05/04,376.8mm,0W/m2,256.3degree,13.3°C,63.1%,3.6km/h,91.7kPa
04:20                                                     1405/05/05,376.8mm,0W/m2,284.0degree,16.6°C,44.7%,3.3km/h,91.4kPa
04:20                                                     1405/05/06,376.8mm,0W/m2,297.0degree,19.7°C,39.7%,4.3km/h,91.3kPa
04:20                                                     1405/05/07,376.8mm,0W/m2,260.4degree,18.1°C,49.5%,1.4km/h,91.1kPa
04:20                                                     1405/05/08,376.8mm,0W/m2,312.3degree,17.1°C,64.4%,3.9km/h,91.7kPa
04:20                                                     1405/05/09,376.8mm,0W/m2,313.1degree,19.7°C,50.2%,9.1km/h,91.5kPa
04:20                                                     1405/05/10,378.2mm,0W/m2,106.6degree,15.1°C,77.5%,2.7km/h,92.0kPa
04:20                                                     1405/05/11,378.4mm,0W/m2,7.1degree,16.4°C,64.7%,3.1km/h,92.1kPa
04:30                                                     1405/03/21,290.2mm,0W/m2,212.6degree,13.0°C,59.5%,8.8km/h,91.0kPa
04:30                                                     1405/03/22,290.2mm,0W/m2,291.6degree,10.2°C,70.2%,2.8km/h,91.7kPa
04:30                                                     1405/03/23,290.6mm,0W/m2,234.0degree,7.9°C,78.1%,3.3km/h,91.8kPa
04:30                                                     1405/03/24,290.6mm,0W/m2,302.0degree,11.3°C,73.0%,3.0km/h,91.4kPa
04:30                                                     1405/03/25,293.8mm,0W/m2,342.6degree,14.0°C,88.3%,2.6km/h,91.0kPa
04:30                                                     1405/03/26,295.0mm,0W/m2,269.7degree,11.3°C,90.9%,5.8km/h,91.2kPa
04:30                                                     1405/03/27,295.0mm,0W/m2,142.0degree,15.9°C,67.9%,4.5km/h,91.3kPa
04:30                                                     1405/03/28,304.2mm,0W/m2,107.1degree,12.2°C,88.4%,2.2km/h,90.8kPa
04:30                                                     1405/03/29,304.2mm,0W/m2,330.9degree,7.6°C,80.1%,4.4km/h,90.9kPa
04:30                                                     1405/03/30,325.8mm,0W/m2,189.1degree,9.1°C,72.9%,3.7km/h,91.0kPa
04:30                                                     1405/03/31,325.8mm,0W/m2,311.7degree,8.4°C,76.7%,0.9km/h,91.1kPa
04:30                                                     1405/04/01,325.8mm,0W/m2,112.8degree,15.1°C,69.3%,9.5km/h,91.2kPa
04:30                                                     1405/04/02,350.4mm,0W/m2,10.1degree,10.0°C,72.6%,3.4km/h,91.6kPa
04:30                                                     1405/04/03,350.6mm,0W/m2,135.5degree,5.7°C,91.3%,0.9km/h,91.5kPa
04:30                                                     1405/04/04,350.6mm,0W/m2,259.4degree,8.0°C,86.8%,1.0km/h,91.2kPa
04:30                                                     1405/04/09,406.4mm,0W/m2,312.4degree,7.5°C,89.1%,2.4km/h,91.5kPa
04:30                                                     1405/04/10,406.4mm,0W/m2,334.7degree,7.4°C,85.6%,4.3km/h,91.8kPa
04:30                                                     1405/04/11,406.8mm,0W/m2,294.6degree,9.8°C,79.3%,0.8km/h,92.1kPa
04:30                                                     1405/04/12,406.8mm,0W/m2,49.9degree,9.4°C,77.5%,1.8km/h,92.0kPa
04:30                                                     1405/04/13,355.2mm,0W/m2,299.7degree,12.3°C,69.8%,4.0km/h,91.3kPa
04:30                                                     1405/04/14,355.2mm,0W/m2,307.2degree,13.2°C,70.4%,5.0km/h,91.4kPa
04:30                                                     1405/04/15,355.2mm,0W/m2,72.9degree,9.2°C,75.5%,3.6km/h,92.1kPa
04:30                                                     1405/04/16,355.2mm,0W/m2,71.9degree,10.6°C,67.3%,6.8km/h,91.9kPa
04:30                                                     1405/04/17,355.2mm,0W/m2,350.1degree,6.5°C,75.5%,5.3km/h,92.2kPa
04:30                                                     1405/04/18,355.2mm,0W/m2,339.4degree,4.2°C,80.5%,2.6km/h,92.1kPa
04:30                                                     1405/04/19,355.2mm,0W/m2,330.2degree,8.5°C,76.1%,6.5km/h,91.6kPa
04:30                                                     1405/04/20,355.2mm,0W/m2,270.1degree,14.1°C,55.2%,1.1km/h,91.2kPa
04:30                                                     1405/04/21,355.2mm,0W/m2,200.4degree,18.6°C,53.1%,3.5km/h,91.1kPa
04:30                                                     1405/04/22,355.2mm,0W/m2,147.2degree,13.7°C,82.7%,4.8km/h,91.3kPa
04:30                                                     1405/04/23,367.2mm,0W/m2,251.1degree,11.8°C,93.5%,4.5km/h,91.6kPa
04:30                                                     1405/04/24,367.4mm,0W/m2,348.2degree,13.5°C,90.8%,5.2km/h,91.4kPa
04:30                                                     1405/04/25,376.8mm,0W/m2,347.7degree,13.8°C,77.3%,3.6km/h,91.7kPa
04:30                                                     1405/04/26,376.8mm,0W/m2,59.6degree,19.8°C,45.0%,5.8km/h,91.8kPa
04:30                                                     1405/04/27,376.8mm,0W/m2,40.6degree,11.2°C,71.1%,0.9km/h,91.6kPa
04:30                                                     1405/04/28,376.8mm,0W/m2,334.0degree,13.8°C,76.6%,3.4km/h,91.5kPa
04:30                                                     1405/04/29,376.8mm,0W/m2,327.2degree,16.7°C,52.6%,5.1km/h,91.5kPa
04:30                                                     1405/04/30,376.8mm,0W/m2,128.4degree,15.9°C,54.1%,1.0km/h,91.3kPa
04:30                                                     1405/05/01,376.8mm,0W/m2,79.6degree,13.6°C,77.3%,5.3km/h,91.8kPa
04:30                                                     1405/05/02,376.8mm,0W/m2,321.1degree,12.9°C,78.8%,5.8km/h,91.8kPa
04:30                                                     1405/05/03,376.8mm,0W/m2,302.9degree,11.6°C,80.9%,3.6km/h,91.8kPa
04:30                                                     1405/05/04,376.8mm,1W/m2,267.0degree,13.7°C,62.6%,2.2km/h,91.7kPa
04:30                                                     1405/05/05,376.8mm,1W/m2,277.1degree,16.6°C,44.9%,0.7km/h,91.4kPa
04:30                                                     1405/05/06,376.8mm,1W/m2,315.9degree,19.5°C,39.8%,3.3km/h,91.3kPa
04:30                                                     1405/05/07,376.8mm,0W/m2,284.5degree,18.5°C,44.7%,1.4km/h,91.1kPa
04:30                                                     1405/05/08,376.8mm,1W/m2,311.6degree,17.0°C,64.6%,2.8km/h,91.8kPa
04:30                                                     1405/05/09,376.8mm,1W/m2,313.5degree,19.6°C,49.9%,6.5km/h,91.5kPa
04:30                                                     1405/05/11,378.4mm,1W/m2,44.4degree,16.3°C,65.2%,2.3km/h,92.2kPa
04:40                                                     1405/03/21,290.2mm,0W/m2,315.1degree,12.2°C,63.5%,3.3km/h,91.0kPa
04:40                                                     1405/03/22,290.2mm,0W/m2,284.0degree,10.2°C,70.2%,2.9km/h,91.7kPa
04:40                                                     1405/03/23,290.6mm,0W/m2,255.9degree,8.5°C,75.9%,2.9km/h,91.8kPa
04:40                                                     1405/03/24,290.6mm,0W/m2,308.0degree,11.1°C,72.7%,5.5km/h,91.4kPa
04:40                                                     1405/03/25,293.8mm,0W/m2,335.6degree,14.0°C,88.0%,6.4km/h,91.0kPa
04:40                                                     1405/03/26,295.0mm,0W/m2,241.5degree,11.4°C,90.6%,1.0km/h,91.1kPa
04:40                                                     1405/03/27,295.0mm,0W/m2,121.4degree,15.7°C,69.8%,4.5km/h,91.3kPa
04:40                                                     1405/03/28,304.2mm,0W/m2,151.1degree,12.3°C,87.6%,3.2km/h,90.8kPa
04:40                                                     1405/03/29,304.2mm,0W/m2,294.3degree,7.5°C,79.8%,1.0km/h,90.9kPa
04:40                                                     1405/03/30,325.8mm,0W/m2,253.4degree,10.2°C,69.2%,5.4km/h,91.0kPa
04:40                                                     1405/03/31,325.8mm,0W/m2,237.9degree,8.2°C,75.1%,3.1km/h,91.1kPa
04:40                                                     1405/04/01,325.8mm,0W/m2,115.7degree,15.2°C,70.0%,10.7km/h,91.2kPa
04:40                                                     1405/04/02,350.4mm,0W/m2,28.9degree,9.9°C,73.3%,4.5km/h,91.6kPa
04:40                                                     1405/04/03,350.6mm,0W/m2,175.7degree,5.9°C,91.4%,1.7km/h,91.5kPa
04:40                                                     1405/04/04,350.6mm,0W/m2,298.9degree,8.5°C,86.1%,0.0km/h,91.2kPa
04:40                                                     1405/04/09,406.4mm,0W/m2,351.4degree,7.5°C,88.8%,2.2km/h,91.5kPa
04:40                                                     1405/04/10,406.4mm,0W/m2,10.8degree,7.4°C,86.4%,1.9km/h,91.8kPa
04:40                                                     1405/04/11,406.8mm,0W/m2,240.0degree,8.5°C,78.6%,3.9km/h,92.1kPa
04:40                                                     1405/04/12,406.8mm,0W/m2,50.1degree,9.0°C,79.5%,2.1km/h,92.0kPa
04:40                                                     1405/04/13,355.2mm,0W/m2,203.4degree,12.4°C,68.9%,2.3km/h,91.4kPa
04:40                                                     1405/04/14,355.2mm,0W/m2,306.9degree,13.1°C,70.8%,0.0km/h,91.5kPa
04:40                                                     1405/04/15,355.2mm,0W/m2,85.3degree,9.1°C,76.0%,3.3km/h,92.1kPa
04:40                                                     1405/04/16,355.2mm,0W/m2,82.3degree,10.8°C,66.3%,11.4km/h,91.9kPa
04:40                                                     1405/04/17,355.2mm,0W/m2,304.0degree,6.0°C,77.2%,4.6km/h,92.3kPa
04:40                                                     1405/04/18,355.2mm,0W/m2,321.6degree,4.1°C,82.2%,2.4km/h,92.1kPa
04:40                                                     1405/04/19,355.2mm,0W/m2,326.6degree,9.0°C,73.8%,3.5km/h,91.6kPa
04:40                                                     1405/04/20,355.2mm,0W/m2,328.1degree,14.0°C,56.6%,3.8km/h,91.2kPa
04:40                                                     1405/04/21,355.2mm,0W/m2,226.1degree,18.6°C,52.7%,5.8km/h,91.1kPa
04:40                                                     1405/04/22,355.2mm,0W/m2,79.1degree,13.6°C,83.2%,4.2km/h,91.2kPa
04:40                                                     1405/04/23,367.4mm,0W/m2,261.6degree,11.9°C,93.9%,3.9km/h,91.6kPa
04:40                                                     1405/04/24,367.4mm,0W/m2,331.6degree,13.6°C,89.6%,8.4km/h,91.4kPa
04:40                                                     1405/04/25,376.8mm,1W/m2,349.3degree,13.4°C,80.5%,3.6km/h,91.7kPa
04:40                                                     1405/04/26,376.8mm,0W/m2,13.7degree,19.7°C,46.9%,2.6km/h,91.8kPa
04:40                                                     1405/04/27,376.8mm,1W/m2,314.1degree,11.3°C,72.6%,2.3km/h,91.6kPa
04:40                                                     1405/04/28,376.8mm,2W/m2,223.4degree,13.9°C,77.0%,2.1km/h,91.5kPa
04:40                                                     1405/04/29,376.8mm,0W/m2,300.4degree,16.6°C,52.6%,4.7km/h,91.5kPa
04:40                                                     1405/04/30,376.8mm,1W/m2,136.4degree,16.2°C,52.3%,2.2km/h,91.2kPa
04:40                                                     1405/05/01,376.8mm,1W/m2,143.3degree,13.4°C,78.4%,5.1km/h,91.9kPa
04:40                                                     1405/05/02,376.8mm,1W/m2,323.4degree,13.0°C,78.3%,5.5km/h,91.8kPa
04:40                                                     1405/05/03,376.8mm,2W/m2,313.6degree,11.6°C,80.6%,3.5km/h,91.8kPa
04:40                                                     1405/05/04,376.8mm,3W/m2,303.7degree,14.0°C,61.7%,1.2km/h,91.7kPa
04:40                                                     1405/05/05,376.8mm,3W/m2,285.4degree,16.7°C,45.0%,1.6km/h,91.4kPa
04:40                                                     1405/05/06,376.8mm,6W/m2,276.1degree,19.4°C,40.7%,0.9km/h,91.3kPa
04:40                                                     1405/05/07,376.8mm,3W/m2,244.8degree,18.2°C,46.7%,1.9km/h,91.1kPa
04:40                                                     1405/05/08,376.8mm,4W/m2,31.1degree,17.1°C,65.5%,1.1km/h,91.8kPa
04:40                                                     1405/05/09,376.8mm,2W/m2,323.5degree,19.6°C,49.5%,7.1km/h,91.5kPa
04:40                                                     1405/05/10,378.2mm,2W/m2,126.9degree,14.7°C,79.9%,2.5km/h,91.9kPa
04:40                                                     1405/05/11,378.4mm,3W/m2,315.9degree,16.1°C,66.0%,1.3km/h,92.2kPa
04:50                                                     1405/03/21,290.2mm,0W/m2,220.6degree,12.2°C,62.8%,9.2km/h,91.0kPa
04:50                                                     1405/03/22,290.2mm,0W/m2,9.4degree,10.3°C,69.5%,2.2km/h,91.6kPa
04:50                                                     1405/03/23,290.6mm,0W/m2,28.6degree,10.1°C,68.5%,2.1km/h,91.8kPa
04:50                                                     1405/03/24,290.6mm,0W/m2,304.4degree,11.0°C,72.5%,4.2km/h,91.4kPa
04:50                                                     1405/03/25,293.8mm,0W/m2,18.7degree,14.0°C,89.0%,3.5km/h,91.0kPa
04:50                                                     1405/03/26,295.0mm,0W/m2,276.7degree,11.2°C,90.7%,1.4km/h,91.1kPa
04:50                                                     1405/03/27,295.0mm,0W/m2,120.6degree,15.7°C,68.6%,7.0km/h,91.3kPa
04:50                                                     1405/03/28,304.2mm,0W/m2,146.2degree,12.1°C,88.5%,2.4km/h,90.8kPa
04:50                                                     1405/03/29,304.2mm,0W/m2,342.1degree,7.7°C,79.1%,8.0km/h,90.9kPa
04:50                                                     1405/03/30,325.8mm,0W/m2,88.2degree,9.3°C,71.1%,2.1km/h,91.0kPa
04:50                                                     1405/03/31,325.8mm,0W/m2,232.0degree,8.8°C,73.3%,4.8km/h,91.1kPa
04:50                                                     1405/04/01,325.8mm,0W/m2,115.5degree,15.1°C,70.7%,10.1km/h,91.2kPa
04:50                                                     1405/04/02,350.4mm,0W/m2,354.4degree,9.7°C,75.3%,4.5km/h,91.6kPa
04:50                                                     1405/04/03,350.6mm,0W/m2,171.3degree,6.1°C,91.1%,3.5km/h,91.5kPa
04:50                                                     1405/04/04,350.6mm,0W/m2,49.1degree,8.0°C,83.5%,3.8km/h,91.2kPa
04:50                                                     1405/04/09,406.4mm,0W/m2,204.8degree,7.1°C,88.6%,0.4km/h,91.6kPa
04:50                                                     1405/04/10,406.4mm,0W/m2,4.8degree,7.6°C,85.8%,2.5km/h,91.8kPa
04:50                                                     1405/04/11,406.8mm,0W/m2,253.1degree,8.4°C,83.7%,1.7km/h,92.1kPa
04:50                                                     1405/04/12,406.8mm,0W/m2,30.6degree,8.6°C,81.6%,0.5km/h,92.0kPa
04:50                                                     1405/04/13,355.2mm,0W/m2,332.8degree,12.3°C,69.9%,4.4km/h,91.4kPa
04:50                                                     1405/04/14,355.2mm,1W/m2,280.1degree,13.2°C,70.6%,1.1km/h,91.5kPa
04:50                                                     1405/04/15,355.2mm,1W/m2,69.8degree,9.0°C,76.4%,4.0km/h,92.0kPa
04:50                                                     1405/04/16,355.2mm,0W/m2,73.2degree,10.9°C,65.3%,7.5km/h,91.9kPa
04:50                                                     1405/04/17,355.2mm,0W/m2,328.4degree,6.4°C,76.0%,3.6km/h,92.2kPa
04:50                                                     1405/04/18,355.2mm,1W/m2,296.6degree,3.9°C,83.4%,2.9km/h,92.1kPa
04:50                                                     1405/04/19,355.2mm,4W/m2,41.5degree,8.9°C,74.1%,2.7km/h,91.6kPa
04:50                                                     1405/04/20,355.2mm,0W/m2,327.7degree,14.1°C,56.1%,6.6km/h,91.2kPa
04:50                                                     1405/04/21,355.2mm,0W/m2,248.6degree,18.6°C,53.0%,3.9km/h,91.2kPa
04:50                                                     1405/04/22,355.2mm,0W/m2,165.9degree,13.5°C,84.6%,6.5km/h,91.3kPa
04:50                                                     1405/04/23,367.4mm,2W/m2,238.6degree,12.1°C,93.9%,3.3km/h,91.6kPa
04:50                                                     1405/04/24,367.4mm,1W/m2,321.0degree,13.9°C,88.1%,6.9km/h,91.4kPa
04:50                                                     1405/04/25,376.8mm,5W/m2,0.2degree,13.1°C,81.5%,4.4km/h,91.7kPa
04:50                                                     1405/04/26,376.8mm,0W/m2,303.1degree,19.2°C,52.2%,3.0km/h,91.9kPa
04:50                                                     1405/04/27,376.8mm,12W/m2,296.6degree,11.6°C,71.8%,1.6km/h,91.6kPa
04:50                                                     1405/04/28,376.8mm,8W/m2,312.4degree,13.5°C,77.5%,3.2km/h,91.5kPa
04:50                                                     1405/04/29,376.8mm,3W/m2,310.6degree,17.3°C,51.2%,3.3km/h,91.5kPa
04:50                                                     1405/04/30,376.8mm,6W/m2,281.5degree,16.2°C,52.4%,1.0km/h,91.2kPa
04:50                                                     1405/05/01,376.8mm,8W/m2,92.2degree,13.4°C,78.8%,4.3km/h,91.9kPa
04:50                                                     1405/05/02,376.8mm,7W/m2,327.6degree,13.2°C,77.7%,8.3km/h,91.8kPa
04:50                                                     1405/05/03,376.8mm,6W/m2,313.0degree,11.9°C,79.8%,6.3km/h,91.8kPa
04:50                                                     1405/05/04,376.8mm,11W/m2,264.9degree,13.9°C,62.7%,3.1km/h,91.7kPa
04:50                                                     1405/05/05,376.8mm,11W/m2,305.6degree,16.5°C,45.2%,1.8km/h,91.4kPa
04:50                                                     1405/05/06,376.8mm,15W/m2,351.9degree,20.1°C,38.9%,3.3km/h,91.4kPa
04:50                                                     1405/05/07,376.8mm,7W/m2,9.5degree,19.7°C,41.8%,0.9km/h,91.2kPa
04:50                                                     1405/05/08,376.8mm,11W/m2,330.5degree,17.4°C,63.6%,3.3km/h,91.8kPa
04:50                                                     1405/05/09,376.8mm,7W/m2,320.5degree,19.6°C,48.7%,11.1km/h,91.5kPa
04:50                                                     1405/05/11,378.4mm,12W/m2,95.7degree,15.9°C,66.5%,0.5km/h,92.2kPa
05:00                                                     1405/03/21,290.2mm,0W/m2,334.1degree,11.5°C,67.6%,1.7km/h,91.0kPa
05:00                                                     1405/03/22,290.2mm,0W/m2,328.6degree,10.1°C,69.8%,4.7km/h,91.6kPa
05:00                                                     1405/03/23,290.6mm,0W/m2,10.8degree,8.3°C,72.6%,6.2km/h,91.9kPa
05:00                                                     1405/03/24,290.6mm,0W/m2,338.5degree,10.7°C,73.2%,2.8km/h,91.4kPa
05:00                                                     1405/03/25,293.8mm,0W/m2,356.2degree,14.0°C,89.4%,1.6km/h,91.0kPa
05:00                                                     1405/03/26,295.0mm,0W/m2,294.5degree,11.2°C,91.4%,2.2km/h,91.2kPa
05:00                                                     1405/03/27,295.0mm,0W/m2,128.7degree,15.5°C,69.6%,8.3km/h,91.2kPa
05:00                                                     1405/03/28,304.2mm,0W/m2,147.1degree,11.8°C,89.4%,6.1km/h,90.8kPa
05:00                                                     1405/03/29,304.2mm,0W/m2,285.5degree,7.6°C,78.4%,2.4km/h,90.9kPa
05:00                                                     1405/03/30,325.8mm,0W/m2,56.0degree,9.0°C,73.2%,8.1km/h,91.0kPa
05:00                                                     1405/03/31,325.8mm,0W/m2,251.4degree,8.5°C,75.8%,5.8km/h,91.1kPa
05:00                                                     1405/04/01,325.8mm,0W/m2,140.7degree,15.1°C,70.9%,10.0km/h,91.2kPa
05:00                                                     1405/04/02,350.4mm,0W/m2,355.5degree,9.6°C,76.1%,4.4km/h,91.6kPa
05:00                                                     1405/04/03,350.6mm,0W/m2,163.4degree,5.8°C,90.4%,3.0km/h,91.5kPa
05:00                                                     1405/04/04,350.6mm,0W/m2,344.4degree,7.6°C,85.5%,4.8km/h,91.2kPa
05:00                                                     1405/04/09,406.4mm,1W/m2,354.4degree,6.7°C,88.9%,3.3km/h,91.6kPa
05:00                                                     1405/04/10,406.4mm,1W/m2,351.4degree,8.0°C,84.8%,3.7km/h,91.8kPa
05:00                                                     1405/04/11,406.8mm,0W/m2,249.3degree,9.0°C,82.1%,1.0km/h,92.1kPa
05:00                                                     1405/04/12,406.8mm,1W/m2,346.4degree,8.3°C,83.9%,0.9km/h,92.0kPa
05:00                                                     1405/04/13,355.2mm,1W/m2,323.3degree,12.1°C,70.5%,2.8km/h,91.4kPa
05:00                                                     1405/04/14,355.2mm,2W/m2,310.3degree,13.3°C,68.5%,1.7km/h,91.5kPa
05:00                                                     1405/04/15,355.2mm,3W/m2,78.9degree,8.9°C,76.8%,2.0km/h,92.0kPa
05:00                                                     1405/04/16,355.2mm,1W/m2,68.3degree,10.9°C,65.7%,6.6km/h,91.9kPa
05:00                                                     1405/04/17,355.2mm,1W/m2,3.9degree,6.3°C,77.6%,2.6km/h,92.3kPa
05:00                                                     1405/04/18,355.2mm,5W/m2,348.9degree,4.1°C,82.9%,1.7km/h,92.1kPa
05:00                                                     1405/04/19,355.2mm,14W/m2,299.9degree,8.8°C,74.6%,2.7km/h,91.6kPa
05:00                                                     1405/04/20,355.2mm,1W/m2,340.0degree,13.9°C,57.8%,2.7km/h,91.2kPa
05:00                                                     1405/04/21,355.2mm,1W/m2,253.3degree,18.6°C,53.0%,4.1km/h,91.2kPa
05:00                                                     1405/04/22,355.2mm,0W/m2,213.4degree,13.6°C,85.7%,12.3km/h,91.4kPa
05:00                                                     1405/04/23,367.4mm,7W/m2,254.0degree,12.3°C,93.7%,1.5km/h,91.6kPa
05:00                                                     1405/04/24,367.4mm,9W/m2,314.5degree,14.0°C,88.3%,3.7km/h,91.4kPa
05:00                                                     1405/04/25,376.8mm,13W/m2,349.4degree,13.0°C,82.7%,3.3km/h,91.7kPa
05:00                                                     1405/04/26,376.8mm,1W/m2,317.4degree,18.1°C,56.4%,4.0km/h,91.9kPa
05:00                                                     1405/04/27,376.8mm,27W/m2,316.3degree,11.5°C,71.5%,1.5km/h,91.6kPa
05:00                                                     1405/04/28,376.8mm,18W/m2,329.0degree,13.7°C,77.3%,4.7km/h,91.5kPa
05:00                                                     1405/04/29,376.8mm,12W/m2,298.3degree,17.1°C,51.5%,1.9km/h,91.5kPa
05:00                                                     1405/04/30,376.8mm,15W/m2,315.6degree,16.0°C,53.2%,0.5km/h,91.3kPa
05:00                                                     1405/05/01,376.8mm,24W/m2,34.0degree,13.5°C,78.5%,0.6km/h,91.9kPa
05:00                                                     1405/05/02,376.8mm,16W/m2,332.8degree,13.4°C,76.8%,4.5km/h,91.8kPa
05:00                                                     1405/05/03,376.8mm,8W/m2,286.2degree,11.9°C,79.4%,2.7km/h,91.8kPa
05:00                                                     1405/05/05,376.8mm,23W/m2,38.2degree,16.1°C,48.1%,2.8km/h,91.4kPa
05:00                                                     1405/05/06,376.8mm,30W/m2,298.3degree,19.6°C,40.7%,1.3km/h,91.4kPa
05:00                                                     1405/05/07,376.8mm,18W/m2,312.0degree,20.4°C,40.7%,1.8km/h,91.2kPa
05:00                                                     1405/05/08,376.8mm,21W/m2,325.7degree,17.4°C,63.0%,2.4km/h,91.8kPa
05:00                                                     1405/05/09,376.8mm,18W/m2,319.2degree,19.6°C,48.3%,8.6km/h,91.5kPa
05:00                                                     1405/05/10,378.2mm,22W/m2,58.4degree,14.6°C,80.2%,2.2km/h,91.9kPa
05:00                                                     1405/05/11,378.4mm,30W/m2,338.7degree,15.9°C,67.7%,0.6km/h,92.3kPa
05:10                                                     1405/03/21,290.2mm,0W/m2,272.6degree,11.5°C,67.8%,4.5km/h,91.1kPa
05:10                                                     1405/03/22,290.2mm,0W/m2,307.6degree,9.6°C,72.5%,3.5km/h,91.7kPa
05:10                                                     1405/03/23,290.6mm,0W/m2,337.8degree,7.3°C,77.2%,2.0km/h,91.8kPa
05:10                                                     1405/03/24,290.6mm,0W/m2,309.8degree,10.3°C,76.8%,3.4km/h,91.4kPa
05:10                                                     1405/03/25,293.8mm,0W/m2,333.8degree,13.9°C,89.6%,3.7km/h,91.0kPa
05:10                                                     1405/03/26,295.0mm,0W/m2,343.6degree,11.1°C,91.1%,0.2km/h,91.2kPa
05:10                                                     1405/03/27,295.0mm,0W/m2,117.0degree,15.5°C,69.7%,6.3km/h,91.2kPa
05:10                                                     1405/03/28,304.2mm,0W/m2,179.3degree,11.6°C,90.7%,8.7km/h,90.8kPa
05:10                                                     1405/03/29,304.2mm,0W/m2,310.5degree,7.7°C,78.9%,0.0km/h,90.9kPa
05:10                                                     1405/03/30,325.8mm,0W/m2,92.2degree,7.8°C,77.9%,2.2km/h,91.0kPa
05:10                                                     1405/03/31,325.8mm,0W/m2,214.6degree,9.1°C,73.4%,1.6km/h,91.1kPa
05:10                                                     1405/04/01,325.8mm,0W/m2,142.6degree,14.8°C,72.2%,10.0km/h,91.2kPa
05:10                                                     1405/04/02,350.4mm,0W/m2,42.6degree,9.6°C,76.4%,4.5km/h,91.6kPa
05:10                                                     1405/04/03,350.6mm,0W/m2,172.5degree,5.9°C,91.1%,0.2km/h,91.5kPa
05:10                                                     1405/04/04,350.6mm,1W/m2,280.9degree,7.3°C,87.1%,4.1km/h,91.2kPa
05:10                                                     1405/04/09,406.4mm,4W/m2,347.2degree,6.3°C,89.6%,1.8km/h,91.6kPa
05:10                                                     1405/04/10,406.4mm,5W/m2,331.1degree,8.0°C,83.9%,7.6km/h,91.8kPa
05:10                                                     1405/04/11,406.8mm,3W/m2,312.4degree,9.6°C,79.7%,2.7km/h,92.1kPa
05:10                                                     1405/04/12,406.8mm,7W/m2,328.8degree,8.2°C,85.0%,1.5km/h,92.0kPa
05:10                                                     1405/04/13,355.2mm,5W/m2,316.9degree,10.6°C,77.4%,3.3km/h,91.5kPa
05:10                                                     1405/04/14,355.2mm,8W/m2,25.4degree,12.7°C,69.6%,1.1km/h,91.5kPa
05:10                                                     1405/04/15,355.2mm,10W/m2,77.0degree,9.0°C,76.4%,5.3km/h,92.0kPa
05:10                                                     1405/04/16,355.2mm,3W/m2,62.2degree,10.8°C,65.6%,6.9km/h,91.9kPa
05:10                                                     1405/04/17,355.2mm,8W/m2,324.7degree,6.3°C,77.7%,6.6km/h,92.2kPa
05:10                                                     1405/04/18,355.2mm,14W/m2,306.4degree,4.5°C,82.3%,5.0km/h,92.1kPa
05:10                                                     1405/04/19,355.2mm,35W/m2,219.1degree,8.7°C,75.8%,1.3km/h,91.7kPa
05:10                                                     1405/04/20,355.2mm,10W/m2,321.7degree,14.1°C,56.6%,1.8km/h,91.2kPa
05:10                                                     1405/04/21,355.2mm,3W/m2,217.0degree,18.6°C,52.2%,12.4km/h,91.2kPa
05:10                                                     1405/04/22,355.2mm,0W/m2,111.0degree,13.7°C,85.5%,1.7km/h,91.3kPa
05:10                                                     1405/04/23,367.4mm,5W/m2,264.3degree,12.5°C,93.5%,2.7km/h,91.7kPa
05:10                                                     1405/04/24,367.4mm,16W/m2,308.6degree,14.4°C,87.2%,5.9km/h,91.4kPa
05:10                                                     1405/04/25,376.8mm,26W/m2,352.3degree,13.2°C,82.8%,3.5km/h,91.7kPa
05:10                                                     1405/04/26,376.8mm,7W/m2,15.2degree,18.6°C,52.9%,1.3km/h,91.9kPa
05:10                                                     1405/04/27,376.8mm,45W/m2,309.4degree,11.9°C,70.5%,4.7km/h,91.6kPa
05:10                                                     1405/04/28,376.8mm,34W/m2,322.8degree,14.5°C,74.4%,3.5km/h,91.5kPa
05:10                                                     1405/04/29,376.8mm,23W/m2,326.6degree,16.8°C,52.8%,9.4km/h,91.6kPa
05:10                                                     1405/04/30,376.8mm,31W/m2,11.9degree,14.8°C,59.7%,2.3km/h,91.4kPa
05:10                                                     1405/05/01,376.8mm,31W/m2,196.1degree,13.8°C,78.2%,4.6km/h,91.9kPa
05:10                                                     1405/05/02,376.8mm,31W/m2,329.0degree,13.5°C,76.2%,5.2km/h,91.8kPa
05:10                                                     1405/05/03,376.8mm,30W/m2,306.1degree,12.3°C,79.5%,3.1km/h,91.8kPa
05:10                                                     1405/05/05,376.8mm,39W/m2,350.8degree,14.5°C,53.0%,3.4km/h,91.3kPa
05:10                                                     1405/05/06,376.8mm,53W/m2,298.8degree,19.8°C,40.2%,3.0km/h,91.4kPa
05:10                                                     1405/05/07,376.8mm,31W/m2,288.9degree,21.3°C,36.0%,2.6km/h,91.2kPa
05:10                                                     1405/05/08,376.8mm,36W/m2,87.3degree,17.5°C,63.3%,5.4km/h,91.8kPa
05:10                                                     1405/05/09,376.8mm,38W/m2,319.0degree,19.8°C,48.2%,11.2km/h,91.6kPa
05:10                                                     1405/05/11,378.4mm,47W/m2,301.7degree,16.1°C,66.2%,3.2km/h,92.2kPa
05:20                                                     1405/03/21,290.2mm,0W/m2,282.4degree,11.2°C,69.0%,1.3km/h,91.1kPa
05:20                                                     1405/03/22,290.2mm,0W/m2,313.8degree,10.1°C,70.0%,7.2km/h,91.6kPa
05:20                                                     1405/03/23,290.6mm,0W/m2,327.7degree,7.0°C,78.8%,2.1km/h,91.7kPa
05:20                                                     1405/03/24,290.6mm,0W/m2,311.6degree,10.7°C,75.9%,2.3km/h,91.4kPa
05:20                                                     1405/03/25,293.8mm,0W/m2,337.4degree,13.8°C,89.6%,6.2km/h,91.0kPa
05:20                                                     1405/03/26,295.0mm,0W/m2,301.1degree,11.2°C,91.6%,3.4km/h,91.2kPa
05:20                                                     1405/03/27,295.0mm,4W/m2,109.4degree,14.6°C,73.2%,6.1km/h,91.2kPa
05:20                                                     1405/03/28,304.2mm,1W/m2,187.8degree,11.8°C,91.1%,15.2km/h,90.9kPa
05:20                                                     1405/03/29,304.2mm,1W/m2,228.7degree,7.0°C,78.0%,1.7km/h,91.0kPa
05:20                                                     1405/03/30,325.8mm,1W/m2,77.4degree,7.2°C,82.1%,2.1km/h,90.9kPa
05:20                                                     1405/03/31,325.8mm,1W/m2,275.6degree,9.6°C,70.9%,4.8km/h,91.1kPa
05:20                                                     1405/04/02,350.4mm,1W/m2,348.8degree,9.6°C,76.8%,6.0km/h,91.7kPa
05:20                                                     1405/04/03,350.6mm,2W/m2,220.3degree,6.3°C,90.7%,0.3km/h,91.5kPa
05:20                                                     1405/04/04,350.6mm,4W/m2,355.6degree,7.6°C,87.1%,1.9km/h,91.2kPa
05:20                                                     1405/04/09,406.4mm,13W/m2,358.9degree,6.3°C,90.6%,1.7km/h,91.6kPa
05:20                                                     1405/04/10,406.4mm,17W/m2,321.6degree,8.0°C,84.2%,11.9km/h,91.8kPa
05:20                                                     1405/04/11,406.8mm,11W/m2,319.6degree,10.0°C,77.2%,1.3km/h,92.1kPa
05:20                                                     1405/04/12,406.8mm,18W/m2,328.2degree,8.1°C,85.7%,4.5km/h,92.0kPa
05:20                                                     1405/04/13,355.2mm,8W/m2,337.0degree,10.2°C,81.5%,4.6km/h,91.4kPa
05:20                                                     1405/04/14,355.2mm,19W/m2,319.2degree,13.2°C,69.2%,1.7km/h,91.5kPa
05:20                                                     1405/04/15,355.2mm,21W/m2,57.5degree,9.1°C,75.9%,6.1km/h,92.1kPa
05:20                                                     1405/04/16,355.2mm,9W/m2,59.1degree,11.1°C,63.7%,6.0km/h,91.9kPa
05:20                                                     1405/04/17,355.2mm,15W/m2,352.5degree,6.4°C,78.4%,3.3km/h,92.3kPa
05:20                                                     1405/04/18,355.2mm,29W/m2,322.5degree,4.9°C,80.8%,4.4km/h,92.1kPa
05:20                                                     1405/04/19,355.2mm,35W/m2,314.4degree,9.1°C,74.3%,1.9km/h,91.6kPa
05:20                                                     1405/04/20,355.2mm,18W/m2,222.7degree,14.5°C,55.5%,1.0km/h,91.2kPa
05:20                                                     1405/04/21,355.2mm,11W/m2,188.8degree,19.2°C,47.2%,10.0km/h,91.1kPa
05:20                                                     1405/04/22,355.6mm,2W/m2,345.6degree,13.6°C,86.1%,1.9km/h,91.3kPa
05:20                                                     1405/04/23,367.4mm,6W/m2,224.3degree,12.7°C,93.3%,2.4km/h,91.7kPa
05:20                                                     1405/04/24,367.4mm,37W/m2,251.9degree,14.9°C,85.7%,3.3km/h,91.4kPa
05:20                                                     1405/04/25,376.8mm,42W/m2,0.3degree,13.4°C,82.7%,2.9km/h,91.7kPa
05:20                                                     1405/04/26,376.8mm,13W/m2,309.4degree,18.7°C,51.8%,2.6km/h,91.9kPa
05:20                                                     1405/04/27,376.8mm,49W/m2,288.5degree,12.2°C,70.8%,1.7km/h,91.6kPa
05:20                                                     1405/04/28,376.8mm,51W/m2,328.3degree,15.3°C,70.1%,8.7km/h,91.5kPa
05:20                                                     1405/04/30,376.8mm,47W/m2,82.5degree,14.2°C,62.9%,1.7km/h,91.5kPa
05:20                                                     1405/05/01,376.8mm,25W/m2,322.0degree,13.8°C,77.7%,1.8km/h,91.9kPa
05:20                                                     1405/05/02,376.8mm,66W/m2,335.2degree,14.0°C,74.6%,4.5km/h,91.8kPa
05:20                                                     1405/05/03,376.8mm,47W/m2,321.8degree,12.9°C,77.9%,0.9km/h,91.8kPa
05:20                                                     1405/05/05,376.8mm,56W/m2,346.9degree,14.2°C,55.8%,2.8km/h,91.4kPa
05:20                                                     1405/05/06,376.8mm,73W/m2,309.2degree,20.7°C,37.7%,3.8km/h,91.4kPa
05:20                                                     1405/05/07,376.8mm,46W/m2,263.4degree,21.3°C,37.8%,2.1km/h,91.3kPa
05:20                                                     1405/05/08,376.8mm,50W/m2,353.3degree,17.3°C,63.5%,1.4km/h,91.8kPa
05:20                                                     1405/05/09,376.8mm,56W/m2,318.5degree,20.0°C,47.8%,3.7km/h,91.6kPa
05:20                                                     1405/05/10,378.4mm,62W/m2,51.5degree,15.2°C,80.5%,4.6km/h,91.9kPa
05:20                                                     1405/05/11,378.4mm,69W/m2,309.6degree,16.5°C,65.3%,0.5km/h,92.2kPa
05:30                                                     1405/03/21,290.2mm,0W/m2,282.7degree,11.0°C,70.1%,2.3km/h,91.1kPa
05:30                                                     1405/03/22,290.2mm,1W/m2,319.2degree,10.2°C,70.0%,8.6km/h,91.7kPa
05:30                                                     1405/03/23,290.6mm,3W/m2,319.3degree,7.4°C,77.8%,4.6km/h,91.8kPa
05:30                                                     1405/03/24,290.6mm,1W/m2,304.1degree,10.7°C,75.3%,5.6km/h,91.5kPa
05:30                                                     1405/03/25,293.8mm,0W/m2,323.1degree,13.9°C,89.5%,2.9km/h,91.0kPa
05:30                                                     1405/03/26,295.0mm,1W/m2,47.8degree,11.1°C,91.0%,0.5km/h,91.2kPa
05:30                                                     1405/03/27,295.0mm,4W/m2,105.4degree,14.3°C,74.6%,1.8km/h,91.2kPa
05:30                                                     1405/03/28,304.2mm,2W/m2,199.6degree,11.7°C,91.1%,14.8km/h,90.9kPa
05:30                                                     1405/03/29,304.2mm,4W/m2,323.7degree,7.5°C,79.3%,4.1km/h,91.0kPa
05:30                                                     1405/03/30,325.8mm,7W/m2,250.7degree,7.3°C,83.5%,3.0km/h,90.9kPa
05:30                                                     1405/03/31,325.8mm,4W/m2,359.6degree,9.1°C,70.8%,3.4km/h,91.2kPa
05:30                                                     1405/04/01,325.8mm,0W/m2,107.1degree,14.2°C,75.5%,9.0km/h,91.2kPa
05:30                                                     1405/04/02,350.4mm,4W/m2,5.8degree,9.6°C,76.7%,3.3km/h,91.7kPa
05:30                                                     1405/04/03,350.6mm,5W/m2,327.5degree,6.4°C,90.4%,2.7km/h,91.5kPa
05:30                                                     1405/04/04,350.6mm,13W/m2,351.2degree,7.9°C,87.5%,1.3km/h,91.2kPa
05:30                                                     1405/04/09,406.4mm,29W/m2,63.7degree,6.7°C,91.0%,0.9km/h,91.6kPa
05:30                                                     1405/04/10,406.4mm,34W/m2,327.1degree,8.3°C,83.1%,9.5km/h,91.8kPa
05:30                                                     1405/04/11,406.8mm,24W/m2,29.7degree,9.0°C,78.0%,0.8km/h,92.1kPa
05:30                                                     1405/04/12,406.8mm,37W/m2,357.7degree,8.6°C,85.1%,0.8km/h,92.0kPa
05:30                                                     1405/04/13,355.2mm,20W/m2,353.3degree,10.3°C,80.7%,3.6km/h,91.4kPa
05:30                                                     1405/04/14,355.2mm,37W/m2,349.2degree,13.2°C,67.9%,2.6km/h,91.5kPa
05:30                                                     1405/04/15,355.2mm,36W/m2,47.9degree,8.9°C,76.9%,3.9km/h,92.1kPa
05:30                                                     1405/04/16,355.2mm,15W/m2,73.3degree,11.1°C,62.8%,8.8km/h,91.9kPa
05:30                                                     1405/04/17,355.2mm,24W/m2,334.4degree,6.7°C,78.4%,5.1km/h,92.3kPa
05:30                                                     1405/04/18,355.2mm,45W/m2,307.8degree,5.5°C,79.5%,4.6km/h,92.1kPa
05:30                                                     1405/04/19,355.2mm,53W/m2,291.1degree,9.5°C,73.8%,0.0km/h,91.6kPa
05:30                                                     1405/04/20,355.2mm,0W/m2,324.9degree,14.8°C,54.4%,0.5km/h,91.2kPa
05:30                                                     1405/04/21,355.2mm,19W/m2,149.9degree,19.3°C,48.7%,5.0km/h,91.2kPa
05:30                                                     1405/04/22,355.8mm,7W/m2,140.2degree,13.5°C,87.3%,2.9km/h,91.3kPa
05:30                                                     1405/04/23,367.4mm,8W/m2,206.8degree,12.8°C,93.0%,4.9km/h,91.7kPa
05:30                                                     1405/04/24,367.4mm,53W/m2,35.8degree,15.2°C,84.2%,1.9km/h,91.4kPa
05:30                                                     1405/04/25,376.8mm,63W/m2,357.6degree,13.8°C,81.8%,5.3km/h,91.7kPa
05:30                                                     1405/04/26,376.8mm,19W/m2,183.0degree,18.5°C,54.1%,0.4km/h,92.0kPa
05:30                                                     1405/04/27,376.8mm,58W/m2,337.7degree,12.3°C,70.5%,3.2km/h,91.6kPa
05:30                                                     1405/04/28,376.8mm,71W/m2,326.2degree,15.6°C,70.7%,4.0km/h,91.5kPa
05:30                                                     1405/04/29,376.8mm,54W/m2,324.5degree,16.9°C,53.5%,6.5km/h,91.6kPa
05:30                                                     1405/04/30,376.8mm,66W/m2,33.9degree,14.7°C,63.4%,0.9km/h,91.5kPa
05:30                                                     1405/05/02,376.8mm,31W/m2,326.6degree,13.9°C,74.5%,4.2km/h,91.8kPa
05:30                                                     1405/05/03,376.8mm,67W/m2,337.1degree,13.9°C,74.0%,6.8km/h,91.8kPa
05:30                                                     1405/05/05,376.8mm,74W/m2,132.3degree,15.1°C,55.5%,1.2km/h,91.4kPa
05:30                                                     1405/05/06,376.8mm,96W/m2,318.4degree,21.8°C,36.1%,3.0km/h,91.5kPa
05:30                                                     1405/05/07,376.8mm,63W/m2,331.0degree,21.3°C,37.4%,1.1km/h,91.3kPa
05:30                                                     1405/05/08,376.8mm,70W/m2,24.8degree,17.6°C,63.8%,0.5km/h,91.8kPa
05:30                                                     1405/05/09,376.8mm,76W/m2,320.1degree,20.3°C,47.0%,8.2km/h,91.6kPa
05:30                                                     1405/05/11,378.4mm,68W/m2,320.8degree,16.6°C,64.4%,2.8km/h,92.1kPa
05:40                                                     1405/03/21,290.2mm,3W/m2,9.0degree,10.5°C,72.3%,3.1km/h,91.1kPa
05:40                                                     1405/03/22,290.2mm,2W/m2,316.2degree,10.1°C,70.0%,6.5km/h,91.7kPa
05:40                                                     1405/03/23,290.6mm,11W/m2,269.1degree,7.0°C,79.8%,3.5km/h,91.8kPa
05:40                                                     1405/03/24,290.6mm,7W/m2,304.4degree,10.9°C,73.4%,2.6km/h,91.5kPa
05:40                                                     1405/03/25,293.8mm,1W/m2,328.0degree,14.0°C,88.8%,5.1km/h,90.9kPa
05:40                                                     1405/03/26,295.0mm,7W/m2,288.6degree,10.8°C,90.8%,2.0km/h,91.2kPa
05:40                                                     1405/03/27,295.0mm,10W/m2,123.1degree,14.2°C,75.3%,4.5km/h,91.2kPa
05:40                                                     1405/03/28,304.2mm,5W/m2,212.0degree,11.7°C,91.3%,11.5km/h,90.9kPa
05:40                                                     1405/03/29,304.2mm,5W/m2,318.9degree,7.1°C,78.8%,5.5km/h,91.0kPa
05:40                                                     1405/03/30,325.8mm,13W/m2,304.6degree,7.9°C,84.1%,0.0km/h,90.9kPa
05:40                                                     1405/03/31,325.8mm,13W/m2,4.9degree,8.5°C,73.8%,2.2km/h,91.2kPa
05:40                                                     1405/04/01,325.8mm,2W/m2,111.7degree,13.5°C,76.8%,7.6km/h,91.2kPa
05:40                                                     1405/04/02,350.4mm,11W/m2,39.3degree,9.5°C,77.7%,1.3km/h,91.7kPa
05:40                                                     1405/04/03,350.6mm,26W/m2,7.2degree,6.6°C,89.1%,0.1km/h,91.5kPa
05:40                                                     1405/04/04,350.6mm,30W/m2,54.2degree,8.3°C,85.2%,2.3km/h,91.2kPa
05:40                                                     1405/04/09,406.4mm,47W/m2,316.4degree,6.9°C,90.9%,1.5km/h,91.6kPa
05:40                                                     1405/04/10,406.4mm,52W/m2,328.2degree,8.7°C,82.2%,6.9km/h,91.8kPa
05:40                                                     1405/04/11,406.8mm,42W/m2,353.4degree,9.2°C,79.6%,2.8km/h,92.1kPa
05:40                                                     1405/04/12,406.8mm,56W/m2,275.8degree,9.1°C,83.7%,2.0km/h,92.0kPa
05:40                                                     1405/04/13,355.2mm,61W/m2,26.7degree,10.5°C,81.8%,2.3km/h,91.4kPa
05:40                                                     1405/04/14,355.2mm,55W/m2,317.1degree,13.2°C,70.7%,1.4km/h,91.6kPa
05:40                                                     1405/04/15,355.2mm,52W/m2,67.6degree,8.8°C,77.6%,0.7km/h,92.0kPa
05:40                                                     1405/04/16,355.2mm,32W/m2,84.1degree,11.1°C,62.4%,2.9km/h,91.8kPa
05:40                                                     1405/04/17,355.2mm,40W/m2,340.6degree,6.9°C,77.3%,6.1km/h,92.3kPa
05:40                                                     1405/04/18,355.2mm,66W/m2,328.6degree,6.0°C,77.5%,6.0km/h,92.0kPa
05:40                                                     1405/04/19,355.2mm,99W/m2,291.2degree,10.2°C,72.3%,2.6km/h,91.6kPa
05:40                                                     1405/04/20,355.2mm,44W/m2,318.1degree,15.1°C,54.0%,0.5km/h,91.2kPa
05:40                                                     1405/04/21,355.2mm,22W/m2,59.3degree,18.9°C,51.5%,10.2km/h,91.2kPa
05:40                                                     1405/04/22,355.8mm,5W/m2,143.5degree,13.5°C,88.2%,0.3km/h,91.4kPa
05:40                                                     1405/04/23,367.4mm,17W/m2,182.4degree,13.0°C,92.8%,2.8km/h,91.7kPa
05:40                                                     1405/04/24,367.4mm,79W/m2,94.9degree,15.3°C,83.1%,2.3km/h,91.4kPa
05:40                                                     1405/04/25,376.8mm,85W/m2,6.1degree,14.4°C,80.6%,4.5km/h,91.7kPa
05:40                                                     1405/04/26,376.8mm,33W/m2,300.6degree,18.5°C,49.9%,4.0km/h,91.9kPa
05:40                                                     1405/04/27,376.8mm,68W/m2,40.7degree,12.7°C,70.8%,0.9km/h,91.6kPa
05:40                                                     1405/04/28,376.8mm,93W/m2,315.9degree,16.3°C,67.9%,3.9km/h,91.4kPa
05:40                                                     1405/04/29,376.8mm,75W/m2,319.6degree,17.0°C,53.9%,6.1km/h,91.6kPa
05:40                                                     1405/04/30,376.8mm,85W/m2,279.7degree,16.2°C,56.5%,0.3km/h,91.4kPa
05:40                                                     1405/05/01,376.8mm,67W/m2,332.6degree,14.2°C,77.2%,3.0km/h,91.9kPa
05:40                                                     1405/05/02,376.8mm,42W/m2,2.5degree,13.7°C,75.0%,1.4km/h,91.8kPa
05:40                                                     1405/05/03,376.8mm,87W/m2,340.0degree,14.5°C,72.4%,3.3km/h,91.8kPa
05:40                                                     1405/05/04,376.8mm,141W/m2,320.6degree,13.2°C,67.4%,3.7km/h,91.8kPa
05:40                                                     1405/05/05,376.8mm,95W/m2,231.7degree,16.6°C,51.0%,1.9km/h,91.5kPa
05:40                                                     1405/05/06,376.8mm,113W/m2,271.5degree,22.6°C,36.0%,2.1km/h,91.6kPa
05:40                                                     1405/05/07,376.8mm,81W/m2,12.1degree,19.7°C,46.5%,2.0km/h,91.2kPa
05:40                                                     1405/05/08,376.8mm,88W/m2,344.0degree,18.2°C,62.4%,2.6km/h,91.8kPa
05:40                                                     1405/05/09,376.8mm,97W/m2,343.1degree,20.9°C,45.9%,6.8km/h,91.7kPa
05:40                                                     1405/05/10,378.4mm,104W/m2,60.0degree,16.0°C,79.4%,2.3km/h,92.0kPa
05:40                                                     1405/05/11,378.4mm,105W/m2,324.3degree,16.8°C,64.2%,4.3km/h,92.1kPa
05:50                                                     1405/03/21,290.2mm,4W/m2,283.5degree,11.4°C,68.0%,0.8km/h,91.1kPa
05:50                                                     1405/03/22,290.2mm,4W/m2,294.0degree,9.9°C,71.7%,1.3km/h,91.7kPa
05:50                                                     1405/03/23,290.6mm,23W/m2,296.6degree,8.1°C,79.5%,1.3km/h,91.8kPa
05:50                                                     1405/03/24,290.6mm,17W/m2,324.8degree,11.0°C,72.4%,3.0km/h,91.6kPa
05:50                                                     1405/03/25,293.8mm,6W/m2,323.6degree,14.2°C,88.3%,6.6km/h,90.9kPa
05:50                                                     1405/03/26,295.0mm,13W/m2,289.1degree,11.0°C,91.0%,1.9km/h,91.2kPa
05:50                                                     1405/03/27,295.0mm,20W/m2,149.1degree,14.3°C,75.3%,6.0km/h,91.2kPa
05:50                                                     1405/03/28,304.2mm,7W/m2,217.2degree,11.6°C,91.7%,7.6km/h,90.9kPa
05:50                                                     1405/03/29,304.2mm,11W/m2,323.8degree,6.7°C,81.7%,8.5km/h,90.9kPa
05:50                                                     1405/03/30,325.8mm,27W/m2,220.6degree,9.0°C,78.7%,2.5km/h,90.9kPa
05:50                                                     1405/03/31,325.8mm,36W/m2,321.3degree,8.3°C,76.0%,5.2km/h,91.2kPa
05:50                                                     1405/04/01,325.8mm,3W/m2,87.6degree,12.7°C,77.9%,12.3km/h,91.2kPa
05:50                                                     1405/04/02,350.4mm,21W/m2,57.2degree,9.4°C,78.5%,5.2km/h,91.7kPa
05:50                                                     1405/04/03,350.6mm,43W/m2,4.8degree,6.8°C,88.3%,1.2km/h,91.5kPa
05:50                                                     1405/04/04,350.6mm,48W/m2,342.9degree,8.0°C,84.6%,1.9km/h,91.2kPa
05:50                                                     1405/04/09,406.4mm,68W/m2,319.7degree,7.3°C,90.6%,6.8km/h,91.6kPa
05:50                                                     1405/04/10,406.4mm,74W/m2,349.3degree,9.1°C,82.6%,3.6km/h,91.8kPa
05:50                                                     1405/04/11,406.8mm,62W/m2,324.0degree,9.4°C,80.5%,3.0km/h,92.2kPa
05:50                                                     1405/04/12,406.8mm,59W/m2,321.0degree,9.5°C,83.2%,4.8km/h,92.0kPa
05:50                                                     1405/04/13,355.2mm,52W/m2,4.5degree,10.7°C,82.0%,1.5km/h,91.4kPa
05:50                                                     1405/04/14,355.2mm,76W/m2,273.4degree,12.9°C,73.9%,1.9km/h,91.5kPa
05:50                                                     1405/04/15,355.2mm,70W/m2,92.5degree,9.1°C,78.7%,0.6km/h,92.0kPa
05:50                                                     1405/04/16,355.2mm,41W/m2,74.6degree,11.1°C,62.2%,5.2km/h,91.9kPa
05:50                                                     1405/04/17,355.2mm,60W/m2,332.8degree,7.4°C,75.5%,8.2km/h,92.3kPa
05:50                                                     1405/04/18,355.2mm,85W/m2,323.2degree,6.5°C,77.9%,3.1km/h,92.1kPa
05:50                                                     1405/04/19,355.2mm,74W/m2,86.8degree,10.5°C,72.5%,2.9km/h,91.6kPa
05:50                                                     1405/04/20,355.2mm,64W/m2,355.5degree,15.8°C,51.0%,3.5km/h,91.2kPa
05:50                                                     1405/04/21,355.2mm,40W/m2,45.5degree,18.2°C,58.4%,3.5km/h,91.2kPa
05:50                                                     1405/04/22,355.8mm,18W/m2,203.8degree,13.5°C,88.8%,0.4km/h,91.4kPa
05:50                                                     1405/04/23,367.4mm,37W/m2,11.9degree,12.7°C,92.4%,0.5km/h,91.6kPa
05:50                                                     1405/04/24,367.4mm,100W/m2,86.0degree,15.3°C,83.5%,0.9km/h,91.5kPa
05:50                                                     1405/04/25,376.8mm,108W/m2,32.5degree,15.0°C,78.9%,2.3km/h,91.7kPa
05:50                                                     1405/04/26,376.8mm,34W/m2,321.4degree,19.1°C,45.2%,9.2km/h,91.8kPa
05:50                                                     1405/04/27,376.8mm,71W/m2,319.9degree,13.0°C,69.5%,1.6km/h,91.6kPa
05:50                                                     1405/04/28,376.8mm,115W/m2,323.1degree,16.8°C,66.2%,8.4km/h,91.5kPa
05:50                                                     1405/04/29,376.8mm,99W/m2,309.2degree,17.6°C,53.5%,3.1km/h,91.6kPa
05:50                                                     1405/05/01,376.8mm,44W/m2,337.2degree,14.7°C,73.8%,3.9km/h,91.9kPa
05:50                                                     1405/05/02,376.8mm,177W/m2,333.6degree,14.1°C,74.9%,3.1km/h,91.8kPa
05:50                                                     1405/05/03,376.8mm,111W/m2,330.8degree,15.0°C,70.1%,7.0km/h,91.8kPa
05:50                                                     1405/05/04,376.8mm,128W/m2,339.7degree,14.0°C,65.8%,5.5km/h,91.8kPa
05:50                                                     1405/05/05,376.8mm,122W/m2,272.0degree,18.7°C,43.4%,2.1km/h,91.5kPa
05:50                                                     1405/05/06,376.8mm,106W/m2,16.3degree,22.5°C,39.6%,6.6km/h,91.6kPa
05:50                                                     1405/05/07,376.8mm,103W/m2,52.1degree,19.4°C,49.9%,0.8km/h,91.3kPa
05:50                                                     1405/05/08,376.8mm,109W/m2,67.3degree,18.6°C,61.8%,2.9km/h,91.8kPa
05:50                                                     1405/05/09,376.8mm,121W/m2,342.7degree,21.4°C,45.1%,4.9km/h,91.7kPa
05:50                                                     1405/05/11,378.4mm,144W/m2,310.0degree,17.3°C,61.9%,7.7km/h,92.0kPa
06:00                                                     1405/03/21,290.2mm,23W/m2,41.1degree,11.4°C,66.4%,2.7km/h,91.1kPa
06:00                                                     1405/03/22,290.2mm,11W/m2,284.2degree,10.1°C,70.7%,4.3km/h,91.7kPa
06:00                                                     1405/03/23,290.6mm,41W/m2,268.6degree,9.4°C,73.8%,4.6km/h,91.9kPa
06:00                                                     1405/03/24,290.6mm,30W/m2,315.4degree,11.5°C,70.9%,3.1km/h,91.6kPa
06:00                                                     1405/03/25,293.8mm,11W/m2,328.5degree,14.2°C,87.5%,5.2km/h,90.9kPa
06:00                                                     1405/03/26,295.0mm,37W/m2,280.3degree,11.3°C,90.9%,2.4km/h,91.2kPa
06:00                                                     1405/03/27,295.0mm,34W/m2,133.7degree,14.2°C,76.5%,6.2km/h,91.2kPa
06:00                                                     1405/03/28,304.2mm,16W/m2,206.3degree,11.6°C,91.8%,10.3km/h,90.9kPa
06:00                                                     1405/03/29,304.2mm,51W/m2,337.1degree,7.0°C,82.1%,6.4km/h,91.0kPa
06:00                                                     1405/03/30,325.8mm,41W/m2,140.1degree,9.3°C,75.9%,3.3km/h,90.9kPa
06:00                                                     1405/03/31,325.8mm,56W/m2,326.5degree,8.7°C,75.3%,4.0km/h,91.2kPa
06:00                                                     1405/04/01,326.4mm,4W/m2,82.0degree,12.1°C,79.9%,10.0km/h,91.2kPa
06:00                                                     1405/04/02,350.4mm,25W/m2,38.0degree,9.5°C,78.9%,0.4km/h,91.7kPa
06:00                                                     1405/04/03,350.6mm,62W/m2,294.2degree,7.0°C,87.6%,0.4km/h,91.5kPa
06:00                                                     1405/04/04,350.6mm,71W/m2,8.7degree,8.1°C,85.2%,3.7km/h,91.3kPa
06:00                                                     1405/04/09,406.4mm,84W/m2,6.3degree,7.8°C,89.8%,2.7km/h,91.6kPa
06:00                                                     1405/04/10,406.4mm,98W/m2,329.7degree,9.7°C,80.4%,4.9km/h,91.8kPa
06:00                                                     1405/04/11,406.8mm,83W/m2,309.9degree,10.2°C,78.8%,5.6km/h,92.2kPa
06:00                                                     1405/04/12,406.8mm,106W/m2,251.7degree,10.1°C,83.0%,0.6km/h,92.0kPa
06:00                                                     1405/04/13,355.2mm,85W/m2,309.2degree,11.0°C,81.4%,1.3km/h,91.4kPa
06:00                                                     1405/04/14,355.2mm,100W/m2,327.5degree,13.5°C,72.5%,5.1km/h,91.5kPa
06:00                                                     1405/04/15,355.2mm,89W/m2,319.8degree,9.5°C,79.5%,0.4km/h,92.0kPa
06:00                                                     1405/04/16,355.2mm,60W/m2,60.7degree,11.1°C,62.7%,4.9km/h,91.9kPa
06:00                                                     1405/04/17,355.2mm,73W/m2,325.0degree,8.0°C,74.0%,7.1km/h,92.3kPa
06:00                                                     1405/04/18,355.2mm,109W/m2,329.9degree,7.1°C,77.0%,3.1km/h,92.0kPa
06:00                                                     1405/04/19,355.2mm,85W/m2,54.7degree,10.5°C,72.2%,0.1km/h,91.6kPa
06:00                                                     1405/04/20,355.2mm,73W/m2,8.8degree,15.9°C,51.4%,3.2km/h,91.2kPa
06:00                                                     1405/04/21,355.2mm,66W/m2,290.9degree,18.3°C,60.3%,5.7km/h,91.2kPa
06:00                                                     1405/04/22,355.8mm,13W/m2,72.1degree,13.6°C,89.1%,3.4km/h,91.3kPa
06:00                                                     1405/04/23,367.4mm,38W/m2,311.3degree,12.7°C,92.6%,0.3km/h,91.7kPa
06:00                                                     1405/04/24,367.4mm,129W/m2,69.6degree,15.6°C,83.6%,0.6km/h,91.5kPa
06:00                                                     1405/04/25,376.8mm,129W/m2,357.3degree,16.0°C,77.3%,1.7km/h,91.7kPa
06:00                                                     1405/04/26,376.8mm,25W/m2,318.7degree,19.8°C,43.2%,5.9km/h,91.9kPa
06:00                                                     1405/04/27,376.8mm,73W/m2,330.3degree,13.5°C,67.2%,5.9km/h,91.6kPa
06:00                                                     1405/04/28,376.8mm,139W/m2,315.1degree,17.3°C,65.7%,10.5km/h,91.5kPa
06:00                                                     1405/04/29,376.8mm,125W/m2,317.3degree,18.3°C,51.2%,9.9km/h,91.6kPa
06:00                                                     1405/04/30,376.8mm,132W/m2,281.2degree,19.1°C,50.3%,1.9km/h,91.4kPa
06:00                                                     1405/05/01,376.8mm,27W/m2,346.7degree,14.7°C,71.7%,5.1km/h,91.9kPa
06:00                                                     1405/05/02,376.8mm,175W/m2,336.3degree,15.1°C,71.1%,0.6km/h,91.8kPa
06:00                                                     1405/05/03,376.8mm,142W/m2,334.6degree,15.6°C,68.8%,4.9km/h,91.9kPa
06:00                                                     1405/05/04,376.8mm,154W/m2,27.0degree,14.8°C,63.4%,4.4km/h,91.8kPa
06:00                                                     1405/05/05,376.8mm,143W/m2,315.8degree,20.5°C,38.5%,3.2km/h,91.6kPa
06:00                                                     1405/05/06,376.8mm,156W/m2,58.1degree,21.5°C,42.8%,1.2km/h,91.6kPa
06:00                                                     1405/05/07,376.8mm,128W/m2,176.5degree,20.0°C,49.5%,1.0km/h,91.3kPa
06:00                                                     1405/05/08,376.8mm,131W/m2,336.6degree,19.0°C,60.0%,2.6km/h,91.8kPa
06:00                                                     1405/05/09,376.8mm,144W/m2,334.9degree,21.9°C,43.6%,6.8km/h,91.7kPa
06:00                                                     1405/05/10,378.4mm,152W/m2,44.8degree,17.0°C,73.8%,9.2km/h,92.0kPa
06:00                                                     1405/05/11,378.4mm,168W/m2,318.4degree,17.9°C,60.8%,4.8km/h,92.0kPa
06:10                                                     1405/03/21,290.2mm,49W/m2,330.7degree,10.9°C,69.6%,1.8km/h,91.1kPa
06:10                                                     1405/03/22,290.2mm,44W/m2,257.3degree,9.8°C,71.2%,3.4km/h,91.7kPa
06:10                                                     1405/03/23,290.6mm,60W/m2,291.9degree,10.0°C,71.1%,0.9km/h,92.1kPa
06:10                                                     1405/03/24,290.6mm,38W/m2,306.9degree,12.1°C,70.3%,2.8km/h,91.7kPa
06:10                                                     1405/03/25,293.8mm,15W/m2,313.2degree,14.3°C,86.9%,1.2km/h,91.0kPa
06:10                                                     1405/03/26,295.0mm,69W/m2,274.9degree,11.9°C,90.1%,3.9km/h,91.2kPa
06:10                                                     1405/03/27,295.0mm,48W/m2,121.7degree,14.3°C,76.8%,4.2km/h,91.2kPa
06:10                                                     1405/03/28,304.2mm,36W/m2,206.3degree,11.6°C,92.0%,8.7km/h,90.9kPa
06:10                                                     1405/03/29,304.2mm,72W/m2,274.8degree,7.8°C,81.2%,1.0km/h,91.0kPa
06:10                                                     1405/03/30,325.8mm,51W/m2,351.4degree,10.1°C,73.5%,0.5km/h,91.0kPa
06:10                                                     1405/03/31,325.8mm,78W/m2,311.5degree,9.6°C,75.0%,1.8km/h,91.2kPa
06:10                                                     1405/04/01,327.2mm,4W/m2,98.2degree,11.9°C,80.4%,11.6km/h,91.2kPa
06:10                                                     1405/04/02,350.4mm,29W/m2,4.1degree,9.5°C,79.1%,5.0km/h,91.7kPa
06:10                                                     1405/04/03,350.6mm,81W/m2,287.3degree,7.2°C,86.8%,1.4km/h,91.5kPa
06:10                                                     1405/04/04,350.6mm,29W/m2,289.2degree,9.1°C,85.9%,2.3km/h,91.3kPa
06:10                                                     1405/04/09,406.4mm,97W/m2,323.3degree,8.4°C,88.9%,3.2km/h,91.6kPa
06:10                                                     1405/04/10,406.4mm,122W/m2,332.9degree,10.0°C,80.4%,5.4km/h,91.8kPa
06:10                                                     1405/04/11,406.8mm,107W/m2,312.0degree,10.9°C,76.8%,7.1km/h,92.2kPa
06:10                                                     1405/04/12,406.8mm,98W/m2,302.5degree,10.7°C,81.3%,2.7km/h,92.0kPa
06:10                                                     1405/04/13,355.2mm,95W/m2,344.9degree,11.8°C,78.9%,1.4km/h,91.4kPa
06:10                                                     1405/04/14,355.2mm,125W/m2,315.3degree,14.1°C,71.4%,2.5km/h,91.5kPa
06:10                                                     1405/04/15,355.2mm,110W/m2,316.4degree,9.9°C,79.4%,1.4km/h,92.1kPa
06:10                                                     1405/04/16,355.2mm,72W/m2,71.8degree,11.3°C,61.5%,8.9km/h,91.9kPa
06:10                                                     1405/04/17,355.2mm,96W/m2,322.7degree,8.4°C,72.1%,5.2km/h,92.3kPa
06:10                                                     1405/04/18,355.2mm,134W/m2,330.2degree,7.9°C,74.3%,2.8km/h,92.0kPa
06:10                                                     1405/04/19,355.2mm,176W/m2,85.1degree,11.2°C,71.4%,0.7km/h,91.6kPa
06:10                                                     1405/04/20,355.2mm,81W/m2,316.8degree,16.1°C,52.0%,8.0km/h,91.2kPa
06:10                                                     1405/04/21,355.2mm,166W/m2,20.9degree,18.4°C,60.8%,1.5km/h,91.2kPa
06:10                                                     1405/04/22,356.0mm,18W/m2,163.9degree,13.7°C,89.8%,1.2km/h,91.4kPa
06:10                                                     1405/04/23,367.4mm,36W/m2,125.2degree,12.8°C,92.8%,2.7km/h,91.7kPa
06:10                                                     1405/04/24,367.4mm,128W/m2,33.3degree,16.0°C,83.2%,0.3km/h,91.5kPa
06:10                                                     1405/04/25,376.8mm,157W/m2,315.5degree,16.9°C,73.5%,5.9km/h,91.7kPa
06:10                                                     1405/04/26,376.8mm,34W/m2,320.9degree,19.8°C,44.8%,5.4km/h,91.9kPa
06:10                                                     1405/04/27,376.8mm,94W/m2,327.2degree,13.8°C,64.6%,3.9km/h,91.5kPa
06:10                                                     1405/04/28,376.8mm,165W/m2,316.8degree,17.9°C,63.6%,8.5km/h,91.4kPa
06:10                                                     1405/04/29,376.8mm,147W/m2,339.7degree,19.0°C,49.5%,8.1km/h,91.6kPa
06:10                                                     1405/04/30,376.8mm,157W/m2,281.4degree,20.5°C,45.0%,1.9km/h,91.4kPa
06:10                                                     1405/05/01,376.8mm,60W/m2,337.9degree,14.9°C,71.9%,5.3km/h,91.9kPa
06:10                                                     1405/05/03,376.8mm,164W/m2,318.3degree,16.4°C,66.4%,5.1km/h,91.9kPa
06:10                                                     1405/05/04,376.8mm,177W/m2,322.7degree,15.6°C,59.7%,6.9km/h,91.7kPa
06:10                                                     1405/05/05,376.8mm,169W/m2,319.5degree,21.4°C,36.1%,7.8km/h,91.6kPa
06:10                                                     1405/05/06,376.8mm,182W/m2,103.2degree,22.8°C,41.2%,0.7km/h,91.6kPa
06:10                                                     1405/05/07,376.8mm,154W/m2,163.5degree,21.4°C,46.5%,2.3km/h,91.3kPa
06:10                                                     1405/05/08,376.8mm,156W/m2,332.3degree,19.9°C,57.3%,2.2km/h,91.8kPa
06:10                                                     1405/05/09,376.8mm,173W/m2,20.2degree,22.3°C,41.7%,4.9km/h,91.7kPa
06:20                                                     1405/03/21,290.2mm,82W/m2,318.5degree,11.8°C,68.6%,4.3km/h,91.2kPa
06:20                                                     1405/03/22,290.2mm,68W/m2,218.4degree,10.5°C,70.1%,5.1km/h,91.7kPa
06:20                                                     1405/03/23,290.6mm,80W/m2,328.0degree,8.8°C,73.5%,0.2km/h,92.0kPa
06:20                                                     1405/03/24,290.6mm,39W/m2,307.7degree,12.4°C,68.8%,2.3km/h,91.7kPa
06:20                                                     1405/03/25,293.8mm,16W/m2,286.8degree,14.4°C,87.1%,1.0km/h,91.0kPa
06:20                                                     1405/03/26,295.0mm,75W/m2,219.1degree,12.3°C,88.7%,1.4km/h,91.2kPa
06:20                                                     1405/03/27,295.0mm,68W/m2,108.2degree,14.4°C,77.2%,8.7km/h,91.2kPa
06:20                                                     1405/03/28,304.2mm,68W/m2,208.4degree,11.8°C,92.2%,5.5km/h,90.9kPa
06:20                                                     1405/03/29,304.2mm,98W/m2,242.4degree,8.7°C,79.5%,1.1km/h,91.0kPa
06:20                                                     1405/03/30,325.8mm,98W/m2,273.4degree,10.4°C,75.1%,1.0km/h,91.1kPa
06:20                                                     1405/03/31,325.8mm,103W/m2,318.1degree,10.7°C,71.2%,3.8km/h,91.2kPa
06:20                                                     1405/04/01,327.6mm,3W/m2,80.7degree,11.7°C,82.3%,10.6km/h,91.2kPa
06:20                                                     1405/04/02,350.4mm,43W/m2,31.8degree,9.6°C,78.9%,3.0km/h,91.7kPa
06:20                                                     1405/04/03,350.6mm,102W/m2,219.7degree,7.9°C,87.1%,0.5km/h,91.5kPa
06:20                                                     1405/04/04,350.6mm,134W/m2,350.2degree,9.9°C,84.0%,4.9km/h,91.3kPa
06:20                                                     1405/04/09,406.4mm,106W/m2,311.8degree,8.9°C,88.1%,0.3km/h,91.6kPa
06:20                                                     1405/04/10,406.4mm,147W/m2,325.9degree,10.7°C,77.3%,7.1km/h,91.8kPa
06:20                                                     1405/04/11,406.8mm,132W/m2,316.9degree,11.4°C,75.6%,4.1km/h,92.2kPa
06:20                                                     1405/04/12,406.8mm,136W/m2,343.3degree,11.5°C,80.8%,2.7km/h,92.0kPa
06:20                                                     1405/04/13,355.2mm,79W/m2,317.1degree,12.0°C,79.3%,6.7km/h,91.5kPa
06:20                                                     1405/04/14,355.2mm,146W/m2,344.7degree,15.0°C,70.0%,2.8km/h,91.6kPa
06:20                                                     1405/04/15,355.2mm,130W/m2,339.5degree,10.4°C,76.9%,3.0km/h,92.1kPa
06:20                                                     1405/04/16,355.2mm,117W/m2,70.4degree,11.8°C,60.0%,9.6km/h,91.8kPa
06:20                                                     1405/04/17,355.2mm,106W/m2,314.2degree,8.9°C,70.7%,6.9km/h,92.3kPa
06:20                                                     1405/04/18,355.2mm,159W/m2,1.1degree,8.6°C,72.8%,5.8km/h,92.0kPa
06:20                                                     1405/04/19,355.2mm,174W/m2,314.7degree,12.1°C,68.9%,0.3km/h,91.6kPa
06:20                                                     1405/04/20,355.2mm,60W/m2,331.2degree,16.3°C,51.9%,4.5km/h,91.3kPa
06:20                                                     1405/04/21,355.2mm,178W/m2,30.2degree,19.6°C,56.5%,0.3km/h,91.2kPa
06:20                                                     1405/04/22,356.0mm,24W/m2,55.2degree,14.0°C,90.5%,2.7km/h,91.4kPa
06:20                                                     1405/04/23,367.4mm,36W/m2,116.2degree,12.6°C,92.8%,5.1km/h,91.7kPa
06:20                                                     1405/04/24,367.4mm,175W/m2,294.7degree,16.6°C,82.5%,2.1km/h,91.5kPa
06:20                                                     1405/04/25,376.8mm,186W/m2,322.6degree,17.8°C,71.3%,7.3km/h,91.8kPa
06:20                                                     1405/04/26,376.8mm,45W/m2,327.2degree,20.0°C,42.7%,7.5km/h,91.9kPa
06:20                                                     1405/04/27,376.8mm,114W/m2,41.9degree,14.0°C,64.1%,0.9km/h,91.6kPa
06:20                                                     1405/04/28,376.8mm,189W/m2,325.7degree,18.5°C,60.7%,7.5km/h,91.4kPa
06:20                                                     1405/04/29,376.8mm,174W/m2,316.9degree,19.5°C,48.5%,10.1km/h,91.6kPa
06:20                                                     1405/04/30,376.8mm,184W/m2,333.3degree,21.1°C,43.5%,2.5km/h,91.4kPa
06:20                                                     1405/05/01,376.8mm,56W/m2,7.5degree,15.0°C,70.9%,3.1km/h,91.9kPa
06:20                                                     1405/05/02,376.8mm,74W/m2,99.7degree,15.8°C,67.2%,1.4km/h,91.8kPa
06:20                                                     1405/05/03,376.8mm,179W/m2,299.3degree,17.4°C,62.9%,3.6km/h,91.9kPa
06:20                                                     1405/05/04,376.8mm,204W/m2,311.3degree,16.5°C,58.1%,3.0km/h,91.8kPa
06:20                                                     1405/05/05,376.8mm,198W/m2,316.1degree,22.0°C,35.5%,7.5km/h,91.7kPa
06:20                                                     1405/05/06,376.8mm,219W/m2,286.8degree,24.3°C,35.3%,1.4km/h,91.7kPa
06:20                                                     1405/05/08,376.8mm,179W/m2,325.0degree,20.7°C,53.5%,4.4km/h,91.8kPa
06:20                                                     1405/05/09,376.8mm,200W/m2,352.0degree,22.7°C,39.5%,5.3km/h,91.7kPa
06:20                                                     1405/05/10,378.4mm,201W/m2,52.6degree,17.5°C,70.8%,11.8km/h,92.2kPa
06:20                                                     1405/05/11,378.4mm,199W/m2,335.4degree,18.9°C,57.6%,1.0km/h,91.9kPa
06:30                                                     1405/03/21,290.2mm,105W/m2,320.9degree,12.5°C,67.4%,1.7km/h,91.2kPa
06:30                                                     1405/03/22,290.2mm,81W/m2,271.4degree,10.7°C,71.4%,0.9km/h,91.8kPa
06:30                                                     1405/03/23,290.6mm,102W/m2,294.6degree,9.1°C,77.9%,1.0km/h,91.9kPa
06:30                                                     1405/03/24,290.6mm,43W/m2,317.8degree,12.9°C,66.0%,5.1km/h,91.7kPa
06:30                                                     1405/03/25,293.8mm,25W/m2,315.7degree,14.3°C,87.2%,2.6km/h,91.0kPa
06:30                                                     1405/03/26,295.0mm,76W/m2,298.0degree,12.8°C,87.2%,2.2km/h,91.2kPa
06:30                                                     1405/03/27,295.0mm,91W/m2,118.2degree,14.7°C,76.8%,6.1km/h,91.2kPa
06:30                                                     1405/03/28,304.2mm,108W/m2,211.3degree,12.2°C,92.1%,7.8km/h,90.9kPa
06:30                                                     1405/03/29,304.2mm,126W/m2,315.2degree,9.4°C,79.0%,5.8km/h,91.0kPa
06:30                                                     1405/03/30,325.8mm,132W/m2,53.7degree,11.6°C,70.3%,1.8km/h,91.1kPa
06:30                                                     1405/03/31,325.8mm,128W/m2,312.4degree,11.4°C,67.6%,5.7km/h,91.2kPa
06:30                                                     1405/04/01,328.6mm,8W/m2,82.7degree,11.5°C,82.7%,8.7km/h,91.2kPa
06:30                                                     1405/04/02,350.4mm,55W/m2,62.4degree,9.6°C,80.1%,2.9km/h,91.7kPa
06:30                                                     1405/04/03,350.6mm,127W/m2,108.9degree,9.0°C,86.1%,2.0km/h,91.5kPa
06:30                                                     1405/04/04,350.6mm,189W/m2,324.4degree,10.5°C,82.5%,3.8km/h,91.3kPa
06:30                                                     1405/04/09,406.4mm,157W/m2,301.0degree,9.6°C,86.9%,3.0km/h,91.6kPa
06:30                                                     1405/04/10,406.4mm,174W/m2,320.1degree,11.3°C,74.1%,9.6km/h,91.8kPa
06:30                                                     1405/04/11,406.8mm,158W/m2,295.6degree,12.2°C,75.5%,2.3km/h,92.2kPa
06:30                                                     1405/04/12,406.8mm,131W/m2,324.6degree,12.3°C,78.9%,2.1km/h,92.0kPa
06:30                                                     1405/04/13,355.2mm,164W/m2,320.0degree,12.9°C,79.2%,1.9km/h,91.5kPa
06:30                                                     1405/04/14,355.2mm,173W/m2,5.9degree,16.1°C,66.6%,2.1km/h,91.6kPa
06:30                                                     1405/04/15,355.2mm,157W/m2,326.1degree,10.7°C,74.1%,5.5km/h,92.1kPa
06:30                                                     1405/04/16,355.2mm,105W/m2,330.1degree,12.2°C,61.8%,1.6km/h,91.9kPa
06:30                                                     1405/04/17,355.2mm,111W/m2,323.0degree,9.2°C,69.2%,7.1km/h,92.3kPa
06:30                                                     1405/04/18,355.2mm,188W/m2,329.6degree,9.5°C,69.9%,4.9km/h,92.0kPa
06:30                                                     1405/04/19,355.2mm,180W/m2,141.1degree,12.9°C,66.9%,2.1km/h,91.6kPa
06:30                                                     1405/04/20,355.2mm,85W/m2,0.4degree,16.2°C,53.6%,2.1km/h,91.3kPa
06:30                                                     1405/04/21,355.2mm,177W/m2,324.7degree,20.0°C,57.1%,4.1km/h,91.2kPa
06:30                                                     1405/04/22,356.2mm,19W/m2,74.3degree,14.0°C,90.5%,2.6km/h,91.4kPa
06:30                                                     1405/04/23,367.4mm,46W/m2,65.3degree,12.5°C,93.1%,4.4km/h,91.7kPa
06:30                                                     1405/04/24,367.4mm,204W/m2,318.4degree,17.5°C,80.2%,2.4km/h,91.5kPa
06:30                                                     1405/04/25,376.8mm,204W/m2,323.1degree,18.8°C,68.6%,2.8km/h,91.8kPa
06:30                                                     1405/04/26,376.8mm,81W/m2,321.0degree,20.0°C,43.5%,8.8km/h,92.0kPa
06:30                                                     1405/04/27,376.8mm,163W/m2,40.4degree,14.3°C,63.0%,2.2km/h,91.5kPa
06:30                                                     1405/04/28,376.8mm,214W/m2,322.0degree,19.0°C,58.4%,14.4km/h,91.4kPa
06:30                                                     1405/04/29,376.8mm,200W/m2,316.0degree,20.1°C,46.6%,13.2km/h,91.6kPa
06:30                                                     1405/04/30,376.8mm,210W/m2,330.3degree,21.4°C,44.1%,1.4km/h,91.4kPa
06:30                                                     1405/05/01,376.8mm,36W/m2,344.9degree,15.1°C,69.7%,5.9km/h,91.9kPa
06:30                                                     1405/05/02,376.8mm,130W/m2,16.5degree,15.4°C,68.3%,2.4km/h,91.8kPa
06:30                                                     1405/05/03,376.8mm,222W/m2,58.5degree,18.3°C,60.2%,2.4km/h,91.9kPa
06:30                                                     1405/05/04,376.8mm,230W/m2,357.2degree,17.5°C,56.5%,1.3km/h,91.8kPa
06:30                                                     1405/05/05,376.8mm,227W/m2,334.2degree,22.7°C,34.3%,4.0km/h,91.7kPa
06:30                                                     1405/05/06,376.8mm,238W/m2,78.2degree,25.9°C,34.3%,1.4km/h,91.7kPa
06:30                                                     1405/05/07,376.8mm,207W/m2,72.6degree,22.7°C,44.6%,2.4km/h,91.4kPa
06:30                                                     1405/05/08,376.8mm,205W/m2,327.8degree,21.2°C,51.0%,2.6km/h,91.9kPa
06:30                                                     1405/05/11,378.4mm,206W/m2,348.0degree,19.3°C,56.7%,1.5km/h,91.9kPa
06:40                                                     1405/03/21,290.2mm,102W/m2,358.9degree,12.7°C,65.5%,3.1km/h,91.2kPa
06:40                                                     1405/03/22,290.2mm,106W/m2,247.5degree,11.3°C,70.2%,3.7km/h,91.8kPa
06:40                                                     1405/03/23,290.6mm,129W/m2,282.3degree,10.5°C,75.0%,4.2km/h,92.0kPa
06:40                                                     1405/03/24,290.6mm,92W/m2,329.4degree,13.5°C,64.2%,4.2km/h,91.8kPa
06:40                                                     1405/03/25,293.8mm,20W/m2,325.3degree,14.4°C,87.2%,0.9km/h,91.0kPa
06:40                                                     1405/03/26,295.0mm,132W/m2,75.0degree,12.9°C,87.5%,0.3km/h,91.2kPa
06:40                                                     1405/03/27,295.0mm,97W/m2,103.3degree,15.2°C,76.5%,5.7km/h,91.2kPa
06:40                                                     1405/03/28,304.2mm,159W/m2,201.0degree,12.8°C,91.5%,10.9km/h,90.9kPa
06:40                                                     1405/03/29,304.2mm,159W/m2,311.2degree,10.5°C,72.6%,6.2km/h,91.1kPa
06:40                                                     1405/03/30,325.8mm,163W/m2,59.8degree,12.2°C,68.9%,0.9km/h,91.2kPa
06:40                                                     1405/03/31,325.8mm,154W/m2,316.1degree,12.2°C,66.7%,3.2km/h,91.2kPa
06:40                                                     1405/04/01,329.4mm,7W/m2,85.6degree,11.4°C,83.7%,11.8km/h,91.2kPa
06:40                                                     1405/04/02,350.4mm,69W/m2,341.0degree,9.7°C,80.9%,2.6km/h,91.8kPa
06:40                                                     1405/04/04,350.6mm,151W/m2,22.1degree,11.8°C,79.8%,2.4km/h,91.3kPa
06:40                                                     1405/04/09,406.4mm,189W/m2,299.6degree,10.4°C,84.6%,5.3km/h,91.6kPa
06:40                                                     1405/04/10,406.4mm,199W/m2,331.0degree,12.1°C,72.8%,12.1km/h,91.8kPa
06:40                                                     1405/04/11,406.8mm,183W/m2,272.3degree,13.4°C,73.4%,1.1km/h,92.2kPa
06:40                                                     1405/04/12,406.8mm,189W/m2,323.7degree,13.2°C,74.9%,4.0km/h,92.0kPa
06:40                                                     1405/04/13,355.2mm,170W/m2,319.2degree,14.3°C,71.4%,5.7km/h,91.4kPa
06:40                                                     1405/04/14,355.2mm,201W/m2,84.2degree,16.9°C,64.7%,0.8km/h,91.6kPa
06:40                                                     1405/04/15,355.2mm,180W/m2,350.8degree,11.1°C,72.6%,4.5km/h,92.1kPa
06:40                                                     1405/04/16,355.2mm,97W/m2,353.8degree,12.4°C,60.3%,2.5km/h,91.9kPa
06:40                                                     1405/04/17,355.2mm,115W/m2,348.7degree,9.5°C,67.5%,1.6km/h,92.3kPa
06:40                                                     1405/04/18,355.2mm,213W/m2,301.2degree,10.2°C,66.5%,5.9km/h,92.0kPa
06:40                                                     1405/04/19,355.2mm,237W/m2,127.1degree,14.2°C,62.7%,3.1km/h,91.6kPa
06:40                                                     1405/04/20,355.2mm,136W/m2,329.3degree,16.5°C,52.8%,8.6km/h,91.3kPa
06:40                                                     1405/04/21,355.2mm,150W/m2,324.4degree,20.0°C,56.4%,2.1km/h,91.2kPa
06:40                                                     1405/04/22,356.2mm,18W/m2,43.9degree,14.1°C,90.7%,2.2km/h,91.4kPa
06:40                                                     1405/04/23,367.4mm,51W/m2,75.2degree,12.5°C,93.3%,3.7km/h,91.7kPa
06:40                                                     1405/04/24,367.4mm,246W/m2,51.3degree,18.5°C,77.2%,2.7km/h,91.5kPa
06:40                                                     1405/04/25,376.8mm,236W/m2,9.1degree,19.7°C,66.4%,2.2km/h,91.8kPa
06:40                                                     1405/04/26,376.8mm,61W/m2,328.9degree,20.0°C,43.7%,10.4km/h,92.0kPa
06:40                                                     1405/04/27,376.8mm,181W/m2,357.9degree,15.3°C,59.7%,6.8km/h,91.5kPa
06:40                                                     1405/04/28,376.8mm,241W/m2,329.7degree,19.6°C,56.6%,3.2km/h,91.4kPa
06:40                                                     1405/04/29,376.8mm,227W/m2,338.0degree,20.8°C,45.2%,6.3km/h,91.6kPa
06:40                                                     1405/04/30,376.8mm,239W/m2,348.8degree,21.3°C,43.2%,6.7km/h,91.4kPa
06:40                                                     1405/05/01,376.8mm,56W/m2,5.7degree,15.1°C,69.3%,8.1km/h,91.9kPa
06:40                                                     1405/05/02,376.8mm,127W/m2,43.1degree,15.6°C,68.1%,4.6km/h,91.8kPa
06:40                                                     1405/05/03,376.8mm,238W/m2,316.0degree,18.9°C,57.2%,4.1km/h,91.9kPa
06:40                                                     1405/05/04,376.8mm,259W/m2,5.6degree,18.2°C,54.5%,1.9km/h,91.8kPa
06:40                                                     1405/05/05,376.8mm,259W/m2,25.9degree,23.3°C,33.9%,2.8km/h,91.7kPa
06:40                                                     1405/05/06,376.8mm,262W/m2,41.8degree,25.6°C,34.1%,2.9km/h,91.7kPa
06:40                                                     1405/05/07,376.8mm,237W/m2,63.0degree,23.2°C,43.7%,1.8km/h,91.4kPa
06:40                                                     1405/05/08,376.8mm,234W/m2,277.9degree,21.7°C,49.5%,1.9km/h,91.9kPa
06:40                                                     1405/05/09,376.8mm,255W/m2,12.2degree,23.4°C,38.1%,4.8km/h,91.8kPa
06:40                                                     1405/05/10,378.4mm,252W/m2,43.5degree,18.1°C,67.8%,18.6km/h,91.9kPa
06:40                                                     1405/05/11,378.4mm,260W/m2,24.9degree,19.4°C,56.0%,6.9km/h,91.9kPa
06:50                                                     1405/03/21,290.2mm,87W/m2,5.9degree,12.8°C,66.0%,1.7km/h,91.2kPa
06:50                                                     1405/03/22,290.2mm,134W/m2,233.1degree,12.2°C,68.0%,5.2km/h,91.8kPa
06:50                                                     1405/03/23,290.6mm,155W/m2,299.5degree,12.4°C,69.0%,2.5km/h,92.1kPa
06:50                                                     1405/03/24,290.6mm,107W/m2,325.9degree,14.6°C,60.4%,1.4km/h,91.8kPa
06:50                                                     1405/03/25,293.8mm,21W/m2,351.8degree,14.4°C,87.2%,2.1km/h,91.0kPa
06:50                                                     1405/03/26,295.0mm,207W/m2,58.0degree,13.6°C,86.0%,1.2km/h,91.2kPa
06:50                                                     1405/03/27,295.0mm,82W/m2,97.3degree,15.5°C,76.9%,4.8km/h,91.2kPa
06:50                                                     1405/03/28,304.2mm,154W/m2,205.7degree,13.2°C,90.7%,8.4km/h,90.9kPa
06:50                                                     1405/03/29,304.2mm,190W/m2,302.9degree,11.5°C,70.6%,5.5km/h,91.1kPa
06:50                                                     1405/03/30,325.8mm,117W/m2,63.6degree,12.9°C,65.0%,2.3km/h,91.2kPa
06:50                                                     1405/03/31,325.8mm,177W/m2,316.2degree,13.1°C,63.0%,0.9km/h,91.2kPa
06:50                                                     1405/04/01,329.6mm,7W/m2,101.4degree,11.3°C,84.1%,6.7km/h,91.2kPa
06:50                                                     1405/04/02,350.4mm,92W/m2,49.5degree,9.8°C,81.3%,2.4km/h,91.8kPa
06:50                                                     1405/04/03,350.6mm,178W/m2,319.8degree,10.1°C,79.2%,1.9km/h,91.4kPa
06:50                                                     1405/04/04,350.6mm,267W/m2,308.3degree,12.4°C,77.7%,0.3km/h,91.3kPa
06:50                                                     1405/04/09,406.4mm,208W/m2,311.0degree,10.8°C,81.7%,2.5km/h,91.6kPa
06:50                                                     1405/04/10,406.4mm,225W/m2,326.7degree,12.8°C,70.9%,9.8km/h,91.8kPa
06:50                                                     1405/04/11,406.8mm,210W/m2,316.0degree,14.3°C,70.4%,2.1km/h,92.2kPa
06:50                                                     1405/04/12,406.8mm,223W/m2,346.0degree,14.0°C,70.1%,3.9km/h,92.0kPa
06:50                                                     1405/04/13,355.2mm,176W/m2,322.5degree,15.4°C,68.3%,0.5km/h,91.4kPa
06:50                                                     1405/04/14,355.2mm,226W/m2,337.1degree,17.7°C,59.1%,2.6km/h,91.5kPa
06:50                                                     1405/04/15,355.2mm,211W/m2,318.5degree,11.5°C,71.4%,4.3km/h,92.1kPa
06:50                                                     1405/04/16,355.2mm,81W/m2,68.3degree,12.4°C,60.6%,0.9km/h,91.9kPa
06:50                                                     1405/04/17,355.2mm,141W/m2,335.1degree,9.9°C,66.7%,2.6km/h,92.3kPa
06:50                                                     1405/04/18,355.2mm,241W/m2,335.5degree,10.7°C,65.1%,3.4km/h,92.0kPa
06:50                                                     1405/04/19,355.2mm,256W/m2,140.4degree,15.0°C,60.3%,2.3km/h,91.6kPa
06:50                                                     1405/04/20,355.2mm,100W/m2,309.7degree,17.2°C,51.5%,1.7km/h,91.3kPa
06:50                                                     1405/04/21,355.2mm,166W/m2,99.0degree,20.8°C,54.6%,0.5km/h,91.2kPa
06:50                                                     1405/04/22,356.4mm,13W/m2,257.0degree,14.1°C,91.2%,1.8km/h,91.4kPa
06:50                                                     1405/04/23,367.4mm,56W/m2,101.3degree,12.5°C,93.3%,2.7km/h,91.7kPa
06:50                                                     1405/04/24,367.4mm,196W/m2,320.7degree,18.4°C,76.4%,3.4km/h,91.5kPa
06:50                                                     1405/04/25,376.8mm,264W/m2,313.3degree,20.3°C,59.3%,5.9km/h,91.8kPa
06:50                                                     1405/04/26,376.8mm,74W/m2,354.0degree,19.9°C,44.0%,3.4km/h,91.9kPa
06:50                                                     1405/04/27,376.8mm,142W/m2,10.1degree,15.4°C,56.7%,7.0km/h,91.4kPa
06:50                                                     1405/04/28,376.8mm,270W/m2,1.4degree,20.5°C,54.0%,2.6km/h,91.4kPa
06:50                                                     1405/04/29,376.8mm,257W/m2,316.6degree,21.5°C,43.1%,5.2km/h,91.6kPa
06:50                                                     1405/04/30,376.8mm,256W/m2,330.1degree,21.6°C,44.3%,3.5km/h,91.4kPa
06:50                                                     1405/05/01,376.8mm,32W/m2,25.6degree,15.3°C,69.0%,3.0km/h,91.9kPa
06:50                                                     1405/05/02,376.8mm,123W/m2,43.2degree,15.3°C,68.3%,7.8km/h,91.8kPa
06:50                                                     1405/05/03,376.8mm,306W/m2,9.2degree,19.7°C,56.5%,2.3km/h,91.9kPa
06:50                                                     1405/05/04,376.8mm,286W/m2,340.8degree,18.8°C,52.7%,2.4km/h,91.8kPa
06:50                                                     1405/05/05,376.8mm,283W/m2,2.3degree,23.8°C,31.6%,5.0km/h,91.7kPa
06:50                                                     1405/05/06,376.8mm,294W/m2,80.1degree,26.1°C,35.8%,4.6km/h,91.7kPa
06:50                                                     1405/05/08,376.8mm,260W/m2,327.3degree,22.5°C,47.0%,2.2km/h,91.9kPa
06:50                                                     1405/05/09,376.8mm,282W/m2,322.6degree,23.8°C,36.9%,11.3km/h,91.8kPa
07:00                                                     1405/03/21,290.2mm,117W/m2,358.3degree,12.2°C,68.2%,1.2km/h,91.2kPa
07:00                                                     1405/03/22,290.2mm,161W/m2,243.5degree,13.1°C,65.6%,8.2km/h,91.8kPa
07:00                                                     1405/03/23,290.6mm,177W/m2,324.6degree,13.5°C,62.8%,2.5km/h,92.2kPa
07:00                                                     1405/03/24,290.6mm,167W/m2,315.1degree,15.5°C,56.5%,2.7km/h,91.9kPa
07:00                                                     1405/03/25,293.8mm,47W/m2,341.5degree,14.5°C,86.5%,2.3km/h,91.0kPa
07:00                                                     1405/03/26,295.0mm,231W/m2,81.4degree,14.5°C,84.3%,1.9km/h,91.2kPa
07:00                                                     1405/03/27,295.0mm,74W/m2,145.4degree,15.9°C,78.5%,1.0km/h,91.2kPa
07:00                                                     1405/03/28,304.2mm,247W/m2,209.6degree,13.3°C,89.6%,9.8km/h,90.9kPa
07:00                                                     1405/03/29,304.2mm,224W/m2,268.3degree,12.5°C,69.5%,3.8km/h,91.1kPa
07:00                                                     1405/03/30,325.8mm,166W/m2,347.9degree,12.8°C,63.9%,2.6km/h,91.2kPa
07:00                                                     1405/03/31,325.8mm,204W/m2,306.9degree,14.2°C,57.7%,1.9km/h,91.1kPa
07:00                                                     1405/04/01,329.6mm,16W/m2,154.0degree,11.4°C,84.6%,0.9km/h,91.2kPa
07:00                                                     1405/04/02,350.4mm,103W/m2,58.7degree,10.0°C,81.1%,3.1km/h,91.8kPa
07:00                                                     1405/04/03,350.6mm,206W/m2,312.6degree,10.2°C,79.3%,3.0km/h,91.5kPa
07:00                                                     1405/04/04,350.6mm,316W/m2,303.6degree,13.4°C,74.1%,0.7km/h,91.2kPa
07:00                                                     1405/04/09,406.4mm,248W/m2,307.9degree,11.4°C,80.3%,3.1km/h,91.6kPa
07:00                                                     1405/04/10,406.4mm,253W/m2,327.1degree,13.3°C,70.0%,13.5km/h,91.8kPa
07:00                                                     1405/04/11,406.8mm,237W/m2,317.4degree,14.5°C,68.9%,5.5km/h,92.2kPa
07:00                                                     1405/04/12,406.8mm,244W/m2,319.4degree,14.9°C,65.4%,7.5km/h,92.0kPa
07:00                                                     1405/04/13,355.2mm,254W/m2,31.5degree,16.3°C,63.5%,2.2km/h,91.4kPa
07:00                                                     1405/04/14,355.2mm,254W/m2,50.5degree,18.6°C,58.4%,3.7km/h,91.6kPa
07:00                                                     1405/04/15,355.2mm,236W/m2,322.8degree,11.9°C,69.7%,4.8km/h,92.1kPa
07:00                                                     1405/04/16,355.2mm,75W/m2,78.2degree,12.2°C,59.3%,6.7km/h,91.9kPa
07:00                                                     1405/04/17,355.2mm,153W/m2,331.5degree,10.2°C,65.3%,1.5km/h,92.3kPa
07:00                                                     1405/04/18,355.2mm,270W/m2,7.2degree,11.3°C,62.9%,5.3km/h,92.0kPa
07:00                                                     1405/04/19,355.2mm,288W/m2,155.8degree,15.7°C,56.4%,5.2km/h,91.6kPa
07:00                                                     1405/04/20,355.2mm,97W/m2,322.0degree,17.7°C,49.4%,3.7km/h,91.3kPa
07:00                                                     1405/04/21,355.2mm,132W/m2,319.4degree,21.7°C,49.2%,3.5km/h,91.2kPa
07:00                                                     1405/04/22,357.0mm,83W/m2,36.4degree,14.0°C,91.3%,6.8km/h,91.3kPa
07:00                                                     1405/04/23,367.4mm,72W/m2,141.5degree,12.8°C,93.5%,1.9km/h,91.7kPa
07:00                                                     1405/04/24,367.4mm,209W/m2,23.4degree,18.3°C,76.2%,2.7km/h,91.5kPa
07:00                                                     1405/04/25,376.8mm,306W/m2,317.1degree,20.9°C,58.0%,6.9km/h,91.8kPa
07:00                                                     1405/04/26,376.8mm,125W/m2,318.0degree,19.9°C,45.9%,7.5km/h,92.0kPa
07:00                                                     1405/04/27,376.8mm,155W/m2,64.6degree,15.7°C,54.6%,1.1km/h,91.4kPa
07:00                                                     1405/04/28,376.8mm,300W/m2,354.2degree,21.1°C,52.2%,3.1km/h,91.4kPa
07:00                                                     1405/04/29,376.8mm,288W/m2,350.1degree,22.0°C,40.4%,6.9km/h,91.5kPa
07:00                                                     1405/04/30,376.8mm,304W/m2,27.8degree,21.8°C,42.5%,3.9km/h,91.4kPa
07:00                                                     1405/05/01,376.8mm,57W/m2,12.8degree,15.4°C,68.2%,5.4km/h,91.9kPa
07:00                                                     1405/05/02,376.8mm,142W/m2,29.5degree,15.5°C,67.5%,3.3km/h,91.8kPa
07:00                                                     1405/05/03,376.8mm,291W/m2,356.3degree,20.3°C,54.2%,2.1km/h,91.9kPa
07:00                                                     1405/05/05,376.8mm,313W/m2,2.3degree,24.5°C,31.3%,4.1km/h,91.8kPa
07:00                                                     1405/05/06,376.8mm,330W/m2,42.5degree,26.0°C,33.8%,4.1km/h,91.7kPa
07:00                                                     1405/05/07,376.8mm,294W/m2,189.3degree,25.8°C,31.9%,3.2km/h,91.5kPa
07:00                                                     1405/05/08,376.8mm,285W/m2,313.0degree,22.7°C,44.5%,2.7km/h,91.9kPa
07:00                                                     1405/05/09,376.8mm,313W/m2,329.1degree,24.2°C,35.9%,4.9km/h,91.8kPa
07:00                                                     1405/05/10,378.4mm,307W/m2,48.8degree,18.7°C,64.3%,6.2km/h,91.8kPa
07:00                                                     1405/05/11,378.4mm,269W/m2,353.5degree,19.9°C,54.8%,4.4km/h,91.9kPa
07:10                                                     1405/03/21,290.2mm,196W/m2,232.9degree,13.0°C,67.9%,0.7km/h,91.3kPa
07:10                                                     1405/03/22,290.2mm,189W/m2,229.8degree,14.0°C,62.7%,5.3km/h,91.8kPa
07:10                                                     1405/03/23,290.6mm,204W/m2,324.6degree,14.0°C,59.6%,5.6km/h,92.2kPa
07:10                                                     1405/03/24,290.6mm,229W/m2,320.3degree,16.7°C,53.7%,3.4km/h,91.9kPa
07:10                                                     1405/03/25,293.8mm,44W/m2,315.0degree,14.7°C,85.8%,3.2km/h,91.0kPa
07:10                                                     1405/03/26,295.0mm,129W/m2,159.5degree,15.2°C,79.3%,0.0km/h,91.2kPa
07:10                                                     1405/03/27,295.0mm,68W/m2,178.6degree,17.6°C,72.8%,5.2km/h,91.2kPa
07:10                                                     1405/03/28,304.2mm,229W/m2,208.6degree,13.8°C,87.2%,7.8km/h,90.8kPa
07:10                                                     1405/03/29,304.2mm,279W/m2,262.4degree,13.3°C,66.9%,1.7km/h,91.0kPa
07:10                                                     1405/03/30,325.8mm,228W/m2,359.2degree,13.5°C,62.6%,2.2km/h,91.2kPa
07:10                                                     1405/03/31,325.8mm,233W/m2,20.1degree,15.3°C,51.7%,3.2km/h,91.0kPa
07:10                                                     1405/04/01,329.6mm,19W/m2,159.7degree,11.5°C,85.8%,2.7km/h,91.2kPa
07:10                                                     1405/04/02,350.4mm,73W/m2,46.0degree,10.2°C,79.0%,5.2km/h,91.8kPa
07:10                                                     1405/04/03,350.6mm,233W/m2,316.5degree,10.4°C,78.0%,6.9km/h,91.5kPa
07:10                                                     1405/04/04,350.6mm,202W/m2,0.9degree,12.9°C,75.0%,2.1km/h,91.3kPa
07:10                                                     1405/04/09,406.4mm,302W/m2,329.6degree,12.0°C,77.1%,6.8km/h,91.6kPa
07:10                                                     1405/04/10,406.4mm,280W/m2,330.2degree,14.1°C,67.3%,7.6km/h,91.8kPa
07:10                                                     1405/04/11,406.8mm,264W/m2,38.5degree,15.0°C,68.9%,2.1km/h,92.2kPa
07:10                                                     1405/04/12,406.8mm,286W/m2,327.0degree,15.7°C,64.5%,4.8km/h,92.0kPa
07:10                                                     1405/04/13,355.2mm,288W/m2,314.6degree,16.8°C,62.6%,6.9km/h,91.5kPa
07:10                                                     1405/04/14,355.2mm,286W/m2,4.2degree,19.0°C,56.5%,2.4km/h,91.5kPa
07:10                                                     1405/04/15,355.2mm,256W/m2,2.6degree,12.3°C,69.0%,0.8km/h,92.1kPa
07:10                                                     1405/04/16,355.2mm,94W/m2,71.4degree,12.0°C,58.1%,12.7km/h,91.9kPa
07:10                                                     1405/04/17,355.2mm,162W/m2,307.6degree,10.6°C,64.0%,4.1km/h,92.3kPa
07:10                                                     1405/04/18,355.2mm,297W/m2,330.8degree,11.8°C,61.1%,5.4km/h,92.0kPa
07:10                                                     1405/04/19,355.2mm,313W/m2,147.2degree,15.6°C,54.8%,7.1km/h,91.6kPa
07:10                                                     1405/04/20,355.2mm,154W/m2,307.2degree,18.0°C,48.5%,3.2km/h,91.3kPa
07:10                                                     1405/04/21,355.2mm,157W/m2,332.1degree,21.8°C,47.9%,3.7km/h,91.2kPa
07:10                                                     1405/04/22,357.2mm,256W/m2,51.6degree,14.3°C,91.9%,3.8km/h,91.3kPa
07:10                                                     1405/04/23,367.4mm,90W/m2,71.8degree,12.8°C,93.1%,2.6km/h,91.7kPa
07:10                                                     1405/04/24,367.4mm,153W/m2,320.4degree,18.6°C,75.6%,2.9km/h,91.5kPa
07:10                                                     1405/04/25,376.8mm,326W/m2,322.7degree,21.7°C,58.0%,5.3km/h,91.8kPa
07:10                                                     1405/04/26,376.8mm,135W/m2,308.1degree,20.0°C,45.5%,8.8km/h,92.0kPa
07:10                                                     1405/04/27,376.8mm,174W/m2,26.5degree,15.9°C,52.4%,6.0km/h,91.4kPa
07:10                                                     1405/04/28,376.8mm,330W/m2,355.9degree,21.4°C,49.5%,6.3km/h,91.4kPa
07:10                                                     1405/04/29,376.8mm,315W/m2,329.9degree,22.2°C,40.6%,5.5km/h,91.6kPa
07:10                                                     1405/04/30,376.8mm,338W/m2,10.4degree,22.1°C,42.1%,3.5km/h,91.4kPa
07:10                                                     1405/05/01,376.8mm,67W/m2,31.2degree,15.6°C,67.6%,4.4km/h,91.9kPa
07:10                                                     1405/05/03,376.8mm,174W/m2,14.9degree,20.4°C,54.5%,2.8km/h,91.9kPa
07:10                                                     1405/05/04,376.8mm,346W/m2,8.8degree,20.4°C,43.4%,2.6km/h,91.8kPa
07:10                                                     1405/05/05,376.8mm,340W/m2,59.9degree,24.9°C,31.4%,3.0km/h,91.8kPa
07:10                                                     1405/05/06,376.8mm,355W/m2,28.0degree,26.2°C,32.3%,3.5km/h,91.7kPa
07:10                                                     1405/05/07,376.8mm,321W/m2,191.1degree,26.6°C,27.8%,7.0km/h,91.5kPa
07:10                                                     1405/05/08,376.8mm,315W/m2,76.5degree,23.0°C,42.6%,2.2km/h,91.9kPa
07:10                                                     1405/05/09,376.8mm,329W/m2,345.3degree,24.5°C,34.6%,8.5km/h,91.8kPa
07:10                                                     1405/05/11,378.4mm,389W/m2,325.8degree,19.8°C,54.9%,3.0km/h,91.9kPa
07:20                                                     1405/03/21,290.2mm,232W/m2,11.7degree,13.9°C,64.5%,5.6km/h,91.3kPa
07:20                                                     1405/03/22,290.2mm,215W/m2,196.9degree,14.9°C,58.5%,4.0km/h,91.8kPa
07:20                                                     1405/03/23,290.6mm,235W/m2,315.3degree,14.4°C,61.2%,4.1km/h,92.2kPa
07:20                                                     1405/03/24,290.6mm,259W/m2,313.1degree,17.6°C,50.8%,8.7km/h,91.9kPa
07:20                                                     1405/03/25,293.8mm,47W/m2,10.2degree,15.0°C,84.6%,0.5km/h,91.0kPa
07:20                                                     1405/03/26,295.0mm,143W/m2,172.9degree,15.7°C,75.0%,4.7km/h,91.2kPa
07:20                                                     1405/03/27,295.0mm,74W/m2,148.8degree,17.8°C,72.9%,5.1km/h,91.2kPa
07:20                                                     1405/03/28,304.2mm,133W/m2,179.5degree,13.7°C,84.8%,8.5km/h,90.8kPa
07:20                                                     1405/03/29,304.2mm,246W/m2,323.8degree,14.1°C,61.0%,3.0km/h,90.9kPa
07:20                                                     1405/03/30,325.8mm,280W/m2,1.5degree,14.3°C,59.1%,7.3km/h,91.2kPa
07:20                                                     1405/04/01,329.8mm,25W/m2,103.5degree,11.5°C,84.8%,6.3km/h,91.2kPa
07:20                                                     1405/04/02,350.4mm,80W/m2,47.5degree,10.1°C,78.6%,11.7km/h,91.8kPa
07:20                                                     1405/04/04,350.6mm,273W/m2,321.0degree,13.8°C,72.5%,2.6km/h,91.3kPa
07:20                                                     1405/04/09,406.4mm,340W/m2,303.4degree,12.5°C,74.2%,2.6km/h,91.6kPa
07:20                                                     1405/04/10,406.4mm,307W/m2,324.4degree,14.9°C,63.8%,9.4km/h,91.8kPa
07:20                                                     1405/04/11,406.8mm,292W/m2,352.5degree,15.1°C,69.6%,4.4km/h,92.2kPa
07:20                                                     1405/04/12,406.8mm,281W/m2,349.6degree,16.4°C,62.4%,1.9km/h,92.0kPa
07:20                                                     1405/04/13,355.2mm,317W/m2,28.7degree,17.2°C,61.5%,3.3km/h,91.5kPa
07:20                                                     1405/04/14,355.2mm,315W/m2,4.0degree,19.3°C,53.4%,3.4km/h,91.5kPa
07:20                                                     1405/04/15,355.2mm,287W/m2,359.0degree,12.8°C,67.7%,4.5km/h,92.1kPa
07:20                                                     1405/04/16,355.2mm,100W/m2,82.9degree,11.8°C,59.1%,6.8km/h,91.9kPa
07:20                                                     1405/04/17,355.2mm,184W/m2,25.4degree,10.7°C,62.3%,3.2km/h,92.3kPa
07:20                                                     1405/04/18,355.2mm,324W/m2,23.7degree,12.3°C,58.3%,2.5km/h,91.9kPa
07:20                                                     1405/04/19,355.2mm,344W/m2,141.6degree,15.6°C,57.4%,7.5km/h,91.6kPa
07:20                                                     1405/04/20,355.2mm,251W/m2,4.3degree,19.7°C,44.5%,3.1km/h,91.3kPa
07:20                                                     1405/04/21,355.2mm,188W/m2,50.8degree,22.1°C,48.1%,0.4km/h,91.2kPa
07:20                                                     1405/04/22,357.2mm,163W/m2,161.0degree,14.6°C,91.7%,1.5km/h,91.4kPa
07:20                                                     1405/04/23,367.4mm,119W/m2,110.5degree,13.0°C,93.1%,2.7km/h,91.7kPa
07:20                                                     1405/04/24,367.4mm,342W/m2,13.1degree,19.2°C,74.5%,4.1km/h,91.5kPa
07:20                                                     1405/04/25,376.8mm,354W/m2,352.5degree,22.4°C,55.2%,2.9km/h,91.8kPa
07:20                                                     1405/04/26,376.8mm,154W/m2,320.1degree,20.2°C,44.8%,13.4km/h,92.0kPa
07:20                                                     1405/04/27,376.8mm,240W/m2,337.8degree,16.5°C,51.9%,2.2km/h,91.4kPa
07:20                                                     1405/04/28,376.8mm,359W/m2,353.0degree,21.7°C,49.8%,5.6km/h,91.4kPa
07:20                                                     1405/04/29,376.8mm,344W/m2,325.1degree,22.7°C,37.8%,7.8km/h,91.5kPa
07:20                                                     1405/04/30,376.8mm,360W/m2,338.9degree,22.3°C,40.5%,6.8km/h,91.4kPa
07:20                                                     1405/05/01,376.8mm,80W/m2,42.3degree,15.8°C,67.2%,8.2km/h,91.9kPa
07:20                                                     1405/05/02,376.8mm,171W/m2,46.3degree,15.9°C,65.7%,3.3km/h,91.8kPa
07:20                                                     1405/05/04,376.8mm,379W/m2,43.6degree,21.2°C,39.5%,3.9km/h,91.9kPa
07:20                                                     1405/05/06,376.8mm,384W/m2,343.5degree,26.9°C,31.4%,4.5km/h,91.7kPa
07:20                                                     1405/05/07,376.8mm,351W/m2,169.8degree,27.2°C,28.7%,5.1km/h,91.6kPa
07:20                                                     1405/05/08,376.8mm,341W/m2,81.9degree,23.5°C,41.6%,4.4km/h,91.9kPa
07:20                                                     1405/05/09,376.8mm,375W/m2,13.4degree,24.8°C,33.1%,5.7km/h,91.8kPa
07:20                                                     1405/05/10,378.4mm,366W/m2,51.8degree,19.4°C,61.2%,18.0km/h,91.8kPa
07:20                                                     1405/05/11,378.4mm,368W/m2,43.3degree,20.4°C,53.5%,3.9km/h,91.9kPa
07:30                                                     1405/03/21,290.2mm,251W/m2,329.8degree,15.0°C,60.1%,2.4km/h,91.3kPa
07:30                                                     1405/03/22,290.2mm,236W/m2,114.6degree,16.2°C,52.7%,4.2km/h,91.8kPa
07:30                                                     1405/03/23,290.6mm,257W/m2,326.7degree,15.0°C,60.7%,4.0km/h,92.3kPa
07:30                                                     1405/03/24,290.6mm,312W/m2,314.0degree,18.4°C,52.0%,3.2km/h,91.9kPa
07:30                                                     1405/03/25,293.8mm,43W/m2,354.2degree,15.1°C,84.5%,2.1km/h,91.0kPa
07:30                                                     1405/03/26,295.0mm,83W/m2,237.9degree,15.6°C,76.2%,5.8km/h,91.2kPa
07:30                                                     1405/03/27,295.0mm,79W/m2,127.2degree,17.2°C,75.8%,3.3km/h,91.2kPa
07:30                                                     1405/03/28,304.2mm,293W/m2,190.2degree,14.0°C,82.3%,11.4km/h,90.8kPa
07:30                                                     1405/03/29,304.2mm,312W/m2,354.0degree,15.1°C,59.3%,7.2km/h,91.0kPa
07:30                                                     1405/03/30,325.8mm,209W/m2,349.3degree,14.1°C,61.0%,8.6km/h,91.3kPa
07:30                                                     1405/03/31,325.8mm,286W/m2,328.1degree,16.1°C,48.3%,6.7km/h,91.1kPa
07:30                                                     1405/04/01,330.0mm,32W/m2,97.2degree,11.6°C,83.4%,6.6km/h,91.2kPa
07:30                                                     1405/04/02,350.4mm,95W/m2,66.2degree,10.2°C,78.5%,4.5km/h,91.8kPa
07:30                                                     1405/04/03,350.6mm,290W/m2,337.5degree,11.5°C,77.1%,5.7km/h,91.5kPa
07:30                                                     1405/04/04,350.6mm,299W/m2,71.2degree,15.1°C,67.9%,1.9km/h,91.3kPa
07:30                                                     1405/04/09,406.4mm,340W/m2,318.4degree,13.0°C,71.7%,3.5km/h,91.6kPa
07:30                                                     1405/04/10,406.4mm,333W/m2,319.6degree,15.7°C,60.7%,12.9km/h,91.8kPa
07:30                                                     1405/04/11,406.8mm,319W/m2,33.7degree,15.4°C,68.2%,1.0km/h,92.2kPa
07:30                                                     1405/04/12,406.8mm,338W/m2,16.9degree,17.0°C,63.4%,1.5km/h,92.0kPa
07:30                                                     1405/04/13,355.2mm,297W/m2,26.4degree,17.8°C,57.3%,2.2km/h,91.5kPa
07:30                                                     1405/04/14,355.2mm,344W/m2,355.5degree,19.8°C,51.3%,3.5km/h,91.5kPa
07:30                                                     1405/04/16,355.2mm,76W/m2,75.6degree,11.8°C,59.1%,9.5km/h,91.9kPa
07:30                                                     1405/04/17,355.2mm,206W/m2,8.7degree,11.2°C,60.7%,1.8km/h,92.3kPa
07:30                                                     1405/04/18,355.2mm,353W/m2,322.7degree,13.2°C,54.8%,3.9km/h,91.9kPa
07:30                                                     1405/04/20,355.2mm,154W/m2,327.2degree,20.1°C,42.7%,3.5km/h,91.3kPa
07:30                                                     1405/04/21,355.2mm,256W/m2,13.1degree,22.2°C,45.6%,4.4km/h,91.1kPa
07:30                                                     1405/04/22,357.4mm,207W/m2,273.8degree,15.0°C,91.0%,0.4km/h,91.4kPa
07:30                                                     1405/04/23,367.4mm,176W/m2,26.4degree,13.3°C,93.0%,0.5km/h,91.7kPa
07:30                                                     1405/04/24,367.4mm,368W/m2,14.7degree,19.8°C,72.1%,2.4km/h,91.5kPa
07:30                                                     1405/04/25,376.8mm,383W/m2,0.4degree,23.2°C,52.0%,7.5km/h,91.8kPa
07:30                                                     1405/04/26,376.8mm,146W/m2,322.0degree,20.1°C,45.2%,9.9km/h,92.1kPa
07:30                                                     1405/04/27,376.8mm,333W/m2,322.6degree,17.0°C,47.0%,2.8km/h,91.4kPa
07:30                                                     1405/04/28,376.8mm,388W/m2,15.7degree,22.6°C,48.6%,4.1km/h,91.4kPa
07:30                                                     1405/04/29,376.8mm,372W/m2,35.5degree,23.2°C,37.7%,4.9km/h,91.6kPa
07:30                                                     1405/04/30,376.8mm,380W/m2,24.8degree,22.8°C,40.8%,4.0km/h,91.4kPa
07:30                                                     1405/05/01,376.8mm,100W/m2,67.2degree,15.7°C,69.4%,8.2km/h,92.0kPa
07:30                                                     1405/05/02,376.8mm,197W/m2,62.9degree,16.0°C,65.0%,3.2km/h,91.8kPa
07:30                                                     1405/05/03,376.8mm,384W/m2,343.7degree,20.6°C,52.5%,3.1km/h,91.9kPa
07:30                                                     1405/05/04,376.8mm,410W/m2,60.3degree,21.9°C,35.9%,3.3km/h,91.9kPa
07:30                                                     1405/05/05,376.8mm,398W/m2,69.5degree,25.6°C,30.1%,2.6km/h,91.8kPa
07:30                                                     1405/05/06,376.8mm,412W/m2,37.5degree,27.5°C,30.0%,3.8km/h,91.7kPa
07:30                                                     1405/05/07,376.8mm,377W/m2,138.9degree,27.2°C,30.5%,3.1km/h,91.6kPa
07:30                                                     1405/05/08,376.8mm,369W/m2,57.4degree,23.5°C,40.9%,4.3km/h,91.9kPa
07:30                                                     1405/05/09,376.8mm,294W/m2,1.2degree,25.2°C,32.6%,7.1km/h,91.9kPa
07:30                                                     1405/05/11,378.4mm,397W/m2,306.6degree,21.2°C,50.8%,0.9km/h,91.7kPa
07:40                                                     1405/03/21,290.2mm,283W/m2,69.0degree,15.3°C,59.0%,7.4km/h,91.3kPa
07:40                                                     1405/03/22,290.2mm,265W/m2,164.3degree,16.9°C,48.8%,0.6km/h,91.8kPa
07:40                                                     1405/03/23,290.6mm,288W/m2,340.7degree,15.5°C,58.9%,5.2km/h,92.3kPa
07:40                                                     1405/03/24,290.6mm,179W/m2,9.0degree,18.8°C,48.6%,3.0km/h,91.9kPa
07:40                                                     1405/03/25,293.8mm,66W/m2,269.9degree,15.2°C,84.2%,0.6km/h,91.0kPa
07:40                                                     1405/03/26,295.0mm,69W/m2,172.7degree,15.3°C,77.5%,8.2km/h,91.2kPa
07:40                                                     1405/03/27,295.0mm,89W/m2,190.4degree,17.2°C,77.2%,16.5km/h,91.2kPa
07:40                                                     1405/03/28,304.2mm,187W/m2,186.7degree,14.2°C,79.8%,11.1km/h,90.8kPa
07:40                                                     1405/03/29,304.2mm,336W/m2,350.6degree,15.4°C,56.7%,4.9km/h,91.0kPa
07:40                                                     1405/03/30,325.8mm,294W/m2,15.9degree,14.2°C,63.0%,5.3km/h,91.4kPa
07:40                                                     1405/03/31,325.8mm,314W/m2,314.9degree,16.6°C,47.8%,3.6km/h,91.1kPa
07:40                                                     1405/04/01,330.2mm,33W/m2,70.4degree,11.6°C,82.5%,11.9km/h,91.2kPa
07:40                                                     1405/04/02,350.4mm,142W/m2,85.6degree,10.2°C,80.7%,6.1km/h,91.8kPa
07:40                                                     1405/04/03,350.6mm,318W/m2,334.0degree,12.1°C,76.4%,3.0km/h,91.5kPa
07:40                                                     1405/04/04,350.6mm,326W/m2,150.9degree,14.9°C,69.0%,6.4km/h,91.3kPa
07:40                                                     1405/04/09,406.4mm,379W/m2,314.6degree,13.3°C,72.3%,4.9km/h,91.6kPa
07:40                                                     1405/04/10,406.4mm,361W/m2,332.3degree,16.5°C,55.4%,6.3km/h,91.9kPa
07:40                                                     1405/04/11,406.8mm,346W/m2,28.1degree,15.7°C,65.8%,8.7km/h,92.3kPa
07:40                                                     1405/04/12,406.8mm,360W/m2,315.0degree,17.4°C,61.2%,6.0km/h,92.0kPa
07:40                                                     1405/04/13,355.2mm,342W/m2,352.7degree,18.7°C,54.5%,1.4km/h,91.4kPa
07:40                                                     1405/04/14,355.2mm,375W/m2,13.8degree,20.4°C,49.1%,4.0km/h,91.5kPa
07:40                                                     1405/04/15,355.2mm,326W/m2,36.9degree,12.9°C,64.1%,6.6km/h,92.0kPa
07:40                                                     1405/04/16,355.2mm,78W/m2,56.2degree,11.8°C,58.9%,9.8km/h,91.9kPa
07:40                                                     1405/04/17,355.2mm,220W/m2,331.4degree,11.5°C,56.3%,5.7km/h,92.2kPa
07:40                                                     1405/04/18,355.2mm,383W/m2,326.4degree,13.6°C,50.2%,4.1km/h,91.9kPa
07:40                                                     1405/04/19,355.2mm,382W/m2,139.8degree,16.4°C,52.8%,6.4km/h,91.6kPa
07:40                                                     1405/04/20,355.2mm,439W/m2,356.5degree,20.6°C,44.5%,4.0km/h,91.4kPa
07:40                                                     1405/04/21,355.2mm,214W/m2,326.9degree,22.3°C,44.4%,5.4km/h,91.1kPa
07:40                                                     1405/04/22,357.4mm,56W/m2,208.2degree,15.0°C,89.3%,9.6km/h,91.5kPa
07:40                                                     1405/04/23,367.4mm,213W/m2,23.8degree,13.8°C,92.4%,3.2km/h,91.7kPa
07:40                                                     1405/04/24,367.4mm,404W/m2,45.6degree,20.7°C,67.8%,4.0km/h,91.5kPa
07:40                                                     1405/04/25,376.8mm,413W/m2,1.4degree,23.7°C,51.0%,4.7km/h,91.8kPa
07:40                                                     1405/04/26,376.8mm,153W/m2,332.4degree,20.0°C,45.1%,5.3km/h,92.1kPa
07:40                                                     1405/04/28,376.8mm,417W/m2,327.3degree,22.8°C,46.8%,8.8km/h,91.4kPa
07:40                                                     1405/04/29,376.8mm,400W/m2,21.2degree,23.5°C,35.7%,7.7km/h,91.5kPa
07:40                                                     1405/04/30,376.8mm,411W/m2,49.0degree,23.5°C,38.1%,8.5km/h,91.4kPa
07:40                                                     1405/05/01,376.8mm,123W/m2,101.1degree,15.4°C,71.5%,9.0km/h,92.0kPa
07:40                                                     1405/05/02,376.8mm,234W/m2,337.3degree,16.2°C,64.8%,3.5km/h,91.8kPa
07:40                                                     1405/05/03,376.8mm,414W/m2,0.4degree,21.2°C,50.5%,2.5km/h,91.9kPa
07:40                                                     1405/05/04,376.8mm,439W/m2,352.2degree,22.0°C,34.9%,3.6km/h,91.9kPa
07:40                                                     1405/05/05,376.8mm,424W/m2,77.1degree,25.7°C,29.2%,4.0km/h,91.8kPa
07:40                                                     1405/05/06,376.8mm,428W/m2,12.7degree,27.9°C,29.2%,0.7km/h,91.7kPa
07:40                                                     1405/05/08,376.8mm,399W/m2,52.9degree,23.2°C,42.4%,9.8km/h,91.9kPa
07:40                                                     1405/05/09,376.8mm,334W/m2,31.6degree,25.4°C,31.8%,2.1km/h,91.9kPa
07:40                                                     1405/05/10,378.4mm,426W/m2,37.5degree,20.1°C,61.9%,12.4km/h,92.0kPa
07:40                                                     1405/05/11,378.4mm,421W/m2,125.1degree,21.4°C,50.4%,2.6km/h,91.8kPa
07:50                                                     1405/03/21,290.2mm,131W/m2,72.5degree,16.0°C,56.8%,3.2km/h,91.3kPa
07:50                                                     1405/03/22,290.2mm,292W/m2,343.4degree,17.2°C,48.7%,2.4km/h,91.8kPa
07:50                                                     1405/03/23,290.6mm,315W/m2,1.7degree,15.8°C,55.8%,3.1km/h,92.3kPa
07:50                                                     1405/03/24,290.6mm,329W/m2,0.5degree,19.3°C,47.4%,4.4km/h,91.9kPa
07:50                                                     1405/03/25,294.0mm,85W/m2,350.5degree,15.4°C,84.5%,0.3km/h,91.0kPa
07:50                                                     1405/03/26,295.0mm,73W/m2,204.5degree,15.3°C,77.3%,10.6km/h,91.3kPa
07:50                                                     1405/03/27,295.0mm,95W/m2,176.5degree,18.7°C,69.7%,14.3km/h,91.3kPa
07:50                                                     1405/03/28,304.2mm,201W/m2,205.5degree,14.4°C,78.2%,15.8km/h,90.8kPa
07:50                                                     1405/03/29,304.2mm,218W/m2,328.3degree,15.6°C,53.4%,9.9km/h,90.9kPa
07:50                                                     1405/03/30,325.8mm,363W/m2,28.8degree,14.5°C,61.9%,5.5km/h,91.3kPa
07:50                                                     1405/03/31,325.8mm,342W/m2,311.5degree,17.5°C,46.1%,3.2km/h,91.1kPa
07:50                                                     1405/04/01,330.4mm,37W/m2,71.2degree,11.5°C,84.0%,4.8km/h,91.3kPa
07:50                                                     1405/04/02,350.4mm,127W/m2,97.4degree,10.3°C,79.8%,4.6km/h,91.8kPa
07:50                                                     1405/04/03,350.6mm,349W/m2,11.9degree,12.8°C,72.4%,1.0km/h,91.4kPa
07:50                                                     1405/04/04,350.6mm,363W/m2,154.5degree,15.5°C,59.2%,4.4km/h,91.2kPa
07:50                                                     1405/04/09,406.4mm,368W/m2,312.5degree,13.5°C,72.0%,4.2km/h,91.6kPa
07:50                                                     1405/04/10,406.4mm,389W/m2,334.5degree,17.0°C,53.6%,7.8km/h,91.9kPa
07:50                                                     1405/04/11,406.8mm,374W/m2,60.1degree,16.2°C,64.9%,2.7km/h,92.4kPa
07:50                                                     1405/04/12,406.8mm,389W/m2,28.1degree,18.0°C,58.3%,2.3km/h,92.0kPa
07:50                                                     1405/04/13,355.2mm,389W/m2,53.2degree,19.3°C,52.1%,2.4km/h,91.4kPa
07:50                                                     1405/04/14,355.2mm,410W/m2,60.8degree,21.0°C,45.7%,3.7km/h,91.5kPa
07:50                                                     1405/04/16,355.2mm,74W/m2,55.8degree,11.6°C,58.6%,11.3km/h,91.9kPa
07:50                                                     1405/04/17,355.2mm,229W/m2,334.0degree,11.6°C,54.6%,2.8km/h,92.2kPa
07:50                                                     1405/04/18,355.2mm,410W/m2,317.8degree,14.0°C,47.7%,5.6km/h,91.9kPa
07:50                                                     1405/04/20,355.2mm,325W/m2,343.4degree,21.8°C,40.7%,5.4km/h,91.3kPa
07:50                                                     1405/04/21,355.2mm,165W/m2,315.2degree,22.6°C,45.2%,0.9km/h,91.2kPa
07:50                                                     1405/04/22,357.4mm,41W/m2,205.8degree,14.9°C,88.8%,12.6km/h,91.5kPa
07:50                                                     1405/04/23,367.4mm,395W/m2,15.0degree,14.5°C,90.6%,0.6km/h,91.8kPa
07:50                                                     1405/04/24,367.4mm,447W/m2,13.0degree,21.4°C,66.0%,2.7km/h,91.5kPa
07:50                                                     1405/04/25,376.8mm,439W/m2,27.9degree,24.0°C,53.2%,3.4km/h,91.9kPa
07:50                                                     1405/04/26,376.8mm,115W/m2,314.9degree,19.8°C,47.6%,12.1km/h,92.1kPa
07:50                                                     1405/04/27,376.8mm,427W/m2,342.1degree,17.7°C,45.5%,1.4km/h,91.4kPa
07:50                                                     1405/04/28,376.8mm,445W/m2,5.5degree,23.5°C,43.9%,7.3km/h,91.4kPa
07:50                                                     1405/04/29,376.8mm,428W/m2,18.7degree,23.5°C,35.8%,6.7km/h,91.5kPa
07:50                                                     1405/04/30,376.8mm,436W/m2,345.1degree,24.2°C,36.6%,3.7km/h,91.4kPa
07:50                                                     1405/05/01,376.8mm,147W/m2,120.7degree,15.7°C,70.3%,5.0km/h,92.0kPa
07:50                                                     1405/05/02,376.8mm,249W/m2,59.8degree,16.3°C,63.7%,8.2km/h,92.0kPa
07:50                                                     1405/05/04,376.8mm,467W/m2,52.8degree,22.5°C,34.7%,1.9km/h,91.9kPa
07:50                                                     1405/05/05,376.8mm,453W/m2,73.0degree,25.6°C,29.2%,3.5km/h,91.8kPa
07:50                                                     1405/05/07,376.8mm,432W/m2,158.9degree,27.9°C,29.4%,4.3km/h,91.6kPa
07:50                                                     1405/05/08,376.8mm,428W/m2,80.3degree,23.7°C,41.3%,11.2km/h,91.9kPa
07:50                                                     1405/05/09,376.8mm,241W/m2,336.5degree,25.3°C,31.3%,5.9km/h,91.8kPa
07:50                                                     1405/05/11,378.4mm,446W/m2,60.6degree,21.6°C,48.8%,4.8km/h,91.7kPa
08:00                                                     1405/03/21,290.2mm,382W/m2,132.0degree,16.9°C,56.0%,0.8km/h,91.3kPa
08:00                                                     1405/03/22,290.2mm,319W/m2,340.8degree,17.5°C,49.2%,2.5km/h,91.9kPa
08:00                                                     1405/03/23,290.6mm,348W/m2,335.8degree,16.2°C,55.6%,2.4km/h,92.3kPa
08:00                                                     1405/03/24,290.6mm,366W/m2,357.9degree,19.9°C,44.6%,3.9km/h,91.9kPa
08:00                                                     1405/03/25,294.0mm,66W/m2,80.9degree,15.6°C,84.2%,1.4km/h,91.0kPa
08:00                                                     1405/03/26,295.0mm,73W/m2,213.6degree,15.2°C,79.7%,8.7km/h,91.3kPa
08:00                                                     1405/03/27,295.0mm,139W/m2,179.8degree,18.2°C,74.9%,5.4km/h,91.2kPa
08:00                                                     1405/03/28,304.2mm,172W/m2,171.8degree,14.4°C,79.1%,9.4km/h,90.9kPa
08:00                                                     1405/03/29,304.2mm,389W/m2,357.9degree,15.5°C,57.0%,2.2km/h,91.1kPa
08:00                                                     1405/03/30,325.8mm,375W/m2,3.5degree,15.0°C,60.3%,3.1km/h,91.3kPa
08:00                                                     1405/03/31,325.8mm,369W/m2,318.0degree,18.2°C,45.5%,1.3km/h,91.2kPa
08:00                                                     1405/04/01,330.6mm,43W/m2,95.4degree,11.5°C,84.1%,5.7km/h,91.3kPa
08:00                                                     1405/04/02,350.4mm,131W/m2,90.0degree,10.6°C,80.7%,7.2km/h,91.8kPa
08:00                                                     1405/04/03,350.6mm,374W/m2,347.6degree,13.4°C,70.1%,3.5km/h,91.5kPa
08:00                                                     1405/04/04,350.6mm,412W/m2,119.4degree,15.2°C,63.4%,8.5km/h,91.3kPa
08:00                                                     1405/04/09,406.4mm,412W/m2,348.3degree,13.7°C,69.2%,2.4km/h,91.6kPa
08:00                                                     1405/04/10,406.4mm,416W/m2,320.8degree,17.4°C,52.5%,6.4km/h,91.9kPa
08:00                                                     1405/04/11,406.8mm,402W/m2,335.5degree,16.7°C,59.8%,4.1km/h,92.4kPa
08:00                                                     1405/04/12,406.8mm,400W/m2,23.9degree,18.5°C,57.9%,2.8km/h,92.0kPa
08:00                                                     1405/04/13,355.2mm,316W/m2,310.1degree,19.5°C,49.8%,3.9km/h,91.5kPa
08:00                                                     1405/04/14,355.2mm,434W/m2,77.0degree,21.2°C,46.7%,4.4km/h,91.5kPa
08:00                                                     1405/04/15,355.2mm,382W/m2,180.2degree,13.7°C,62.7%,2.6km/h,92.1kPa
08:00                                                     1405/04/16,355.2mm,74W/m2,73.9degree,11.6°C,58.8%,13.8km/h,91.9kPa
08:00                                                     1405/04/17,355.2mm,245W/m2,295.2degree,11.9°C,54.5%,3.9km/h,92.2kPa
08:00                                                     1405/04/18,355.2mm,437W/m2,297.2degree,14.3°C,46.4%,4.6km/h,91.9kPa
08:00                                                     1405/04/19,355.2mm,434W/m2,111.0degree,17.0°C,49.5%,5.3km/h,91.7kPa
08:00                                                     1405/04/20,355.2mm,451W/m2,351.5degree,21.9°C,40.8%,4.0km/h,91.3kPa
08:00                                                     1405/04/21,355.2mm,201W/m2,258.0degree,22.6°C,42.6%,0.9km/h,91.1kPa
08:00                                                     1405/04/22,357.6mm,91W/m2,84.2degree,15.0°C,88.8%,4.4km/h,91.4kPa
08:00                                                     1405/04/23,367.4mm,476W/m2,180.6degree,15.5°C,85.9%,3.6km/h,91.7kPa
08:00                                                     1405/04/24,367.4mm,394W/m2,53.6degree,22.0°C,61.3%,7.2km/h,91.5kPa
08:00                                                     1405/04/25,376.8mm,467W/m2,15.4degree,24.3°C,49.7%,7.8km/h,91.9kPa
08:00                                                     1405/04/26,376.8mm,101W/m2,317.6degree,19.5°C,48.4%,9.1km/h,92.1kPa
08:00                                                     1405/04/27,376.8mm,526W/m2,308.2degree,18.7°C,43.2%,5.2km/h,91.4kPa
08:00                                                     1405/04/28,376.8mm,473W/m2,7.4degree,23.7°C,44.1%,4.0km/h,91.5kPa
08:00                                                     1405/04/29,376.8mm,455W/m2,48.8degree,23.6°C,31.7%,10.3km/h,91.4kPa
08:00                                                     1405/04/30,376.8mm,467W/m2,52.6degree,24.3°C,35.3%,3.4km/h,91.4kPa
08:00                                                     1405/05/01,376.8mm,162W/m2,108.2degree,15.9°C,68.6%,3.5km/h,92.0kPa
08:00                                                     1405/05/02,376.8mm,417W/m2,78.6degree,16.6°C,63.6%,3.6km/h,92.0kPa
08:00                                                     1405/05/03,376.8mm,471W/m2,84.4degree,21.7°C,49.0%,7.2km/h,92.0kPa
08:00                                                     1405/05/04,376.8mm,494W/m2,82.0degree,22.6°C,34.5%,6.9km/h,91.9kPa
08:00                                                     1405/05/05,376.8mm,480W/m2,67.5degree,25.8°C,29.3%,7.9km/h,91.8kPa
08:00                                                     1405/05/06,376.8mm,472W/m2,138.8degree,29.4°C,24.1%,1.9km/h,91.8kPa
08:00                                                     1405/05/07,376.8mm,458W/m2,149.2degree,28.2°C,29.0%,9.0km/h,91.6kPa
08:00                                                     1405/05/08,376.8mm,451W/m2,60.4degree,24.0°C,39.8%,7.6km/h,91.9kPa
08:00                                                     1405/05/09,376.8mm,393W/m2,39.4degree,25.6°C,32.1%,7.1km/h,91.9kPa
08:00                                                     1405/05/10,378.4mm,480W/m2,175.3degree,20.5°C,60.9%,5.8km/h,92.0kPa
08:00                                                     1405/05/11,378.4mm,476W/m2,112.4degree,21.6°C,49.7%,4.6km/h,91.8kPa
08:10                                                     1405/03/21,290.2mm,158W/m2,76.5degree,17.4°C,54.1%,1.8km/h,91.3kPa
08:10                                                     1405/03/22,290.2mm,350W/m2,92.7degree,17.4°C,50.5%,2.4km/h,91.9kPa
08:10                                                     1405/03/23,290.6mm,368W/m2,309.5degree,16.4°C,56.2%,2.3km/h,92.3kPa
08:10                                                     1405/03/24,290.6mm,401W/m2,354.5degree,20.5°C,41.8%,5.2km/h,92.0kPa
08:10                                                     1405/03/25,294.0mm,71W/m2,37.4degree,15.8°C,83.7%,0.1km/h,91.0kPa
08:10                                                     1405/03/26,295.0mm,122W/m2,220.6degree,15.2°C,81.0%,11.2km/h,91.3kPa
08:10                                                     1405/03/27,295.0mm,168W/m2,189.1degree,18.4°C,76.1%,11.2km/h,91.2kPa
08:10                                                     1405/03/28,304.2mm,167W/m2,169.3degree,14.4°C,80.3%,10.2km/h,90.9kPa
08:10                                                     1405/03/29,304.2mm,410W/m2,45.3degree,16.3°C,54.1%,1.1km/h,91.0kPa
08:10                                                     1405/03/30,325.8mm,186W/m2,266.6degree,15.1°C,59.8%,0.6km/h,91.3kPa
08:10                                                     1405/03/31,325.8mm,400W/m2,32.0degree,19.0°C,42.3%,1.3km/h,91.1kPa
08:10                                                     1405/04/01,330.6mm,48W/m2,96.5degree,11.4°C,83.5%,6.7km/h,91.3kPa
08:10                                                     1405/04/02,350.4mm,109W/m2,59.9degree,10.5°C,82.3%,4.0km/h,91.8kPa
08:10                                                     1405/04/03,350.6mm,401W/m2,0.3degree,13.5°C,65.4%,2.7km/h,91.5kPa
08:10                                                     1405/04/04,350.6mm,416W/m2,147.8degree,15.8°C,62.2%,8.1km/h,91.3kPa
08:10                                                     1405/04/09,406.4mm,443W/m2,317.3degree,14.2°C,66.3%,2.9km/h,91.6kPa
08:10                                                     1405/04/10,406.4mm,440W/m2,326.9degree,17.7°C,55.2%,7.0km/h,91.9kPa
08:10                                                     1405/04/11,406.8mm,428W/m2,13.8degree,17.2°C,58.9%,1.7km/h,92.4kPa
08:10                                                     1405/04/12,406.8mm,443W/m2,3.4degree,18.8°C,54.0%,1.6km/h,92.0kPa
08:10                                                     1405/04/13,355.2mm,411W/m2,320.1degree,19.7°C,48.0%,4.6km/h,91.5kPa
08:10                                                     1405/04/14,355.2mm,460W/m2,280.9degree,21.6°C,43.8%,1.4km/h,91.5kPa
08:10                                                     1405/04/16,355.2mm,91W/m2,88.6degree,11.6°C,59.7%,11.7km/h,92.0kPa
08:10                                                     1405/04/17,355.2mm,237W/m2,335.1degree,12.1°C,51.1%,3.7km/h,92.2kPa
08:10                                                     1405/04/18,355.2mm,465W/m2,359.4degree,14.8°C,44.2%,5.4km/h,91.9kPa
08:10                                                     1405/04/20,355.2mm,492W/m2,35.5degree,22.3°C,39.0%,4.9km/h,91.4kPa
08:10                                                     1405/04/21,355.2mm,216W/m2,270.6degree,23.0°C,41.8%,2.2km/h,91.2kPa
08:10                                                     1405/04/22,358.2mm,179W/m2,197.2degree,15.3°C,89.0%,6.4km/h,91.4kPa
08:10                                                     1405/04/24,367.4mm,503W/m2,344.3degree,22.5°C,59.8%,2.1km/h,91.5kPa
08:10                                                     1405/04/25,376.8mm,489W/m2,35.0degree,24.5°C,50.2%,3.0km/h,91.9kPa
08:10                                                     1405/04/26,376.8mm,99W/m2,335.8degree,19.4°C,49.2%,10.5km/h,92.2kPa
08:10                                                     1405/04/27,376.8mm,393W/m2,44.1degree,19.4°C,42.3%,2.0km/h,91.4kPa
08:10                                                     1405/04/28,376.8mm,497W/m2,96.0degree,24.3°C,32.8%,3.2km/h,91.3kPa
08:10                                                     1405/04/29,376.8mm,480W/m2,3.5degree,24.0°C,31.9%,6.2km/h,91.5kPa
08:10                                                     1405/04/30,376.8mm,489W/m2,62.3degree,24.8°C,29.7%,8.7km/h,91.3kPa
08:10                                                     1405/05/01,376.8mm,189W/m2,124.7degree,16.2°C,68.0%,5.3km/h,91.9kPa
08:10                                                     1405/05/03,376.8mm,497W/m2,55.4degree,22.0°C,48.3%,5.6km/h,92.0kPa
08:10                                                     1405/05/07,376.8mm,488W/m2,126.0degree,28.2°C,31.2%,5.5km/h,91.6kPa
08:10                                                     1405/05/08,376.8mm,480W/m2,102.9degree,23.8°C,40.5%,9.7km/h,91.9kPa
08:10                                                     1405/05/09,376.8mm,517W/m2,60.9degree,26.1°C,31.3%,6.2km/h,91.9kPa
08:10                                                     1405/05/11,378.4mm,500W/m2,76.8degree,22.2°C,47.9%,5.9km/h,91.7kPa
08:20                                                     1405/03/21,290.2mm,127W/m2,33.0degree,16.5°C,57.1%,4.9km/h,91.3kPa
08:20                                                     1405/03/22,290.2mm,376W/m2,184.6degree,18.3°C,49.4%,2.0km/h,91.9kPa
08:20                                                     1405/03/23,290.6mm,398W/m2,337.1degree,17.0°C,50.9%,1.9km/h,92.3kPa
08:20                                                     1405/03/24,290.6mm,377W/m2,322.4degree,21.0°C,40.9%,3.3km/h,92.0kPa
08:20                                                     1405/03/25,294.0mm,77W/m2,72.2degree,16.0°C,82.6%,0.7km/h,91.0kPa
08:20                                                     1405/03/26,295.0mm,159W/m2,216.2degree,15.7°C,79.6%,9.5km/h,91.3kPa
08:20                                                     1405/03/27,295.0mm,174W/m2,186.8degree,18.7°C,74.2%,10.4km/h,91.2kPa
08:20                                                     1405/03/28,304.2mm,216W/m2,150.1degree,14.5°C,81.0%,8.6km/h,90.9kPa
08:20                                                     1405/03/29,304.2mm,432W/m2,321.0degree,16.6°C,52.3%,4.5km/h,91.0kPa
08:20                                                     1405/03/30,325.8mm,492W/m2,299.2degree,15.6°C,59.3%,2.6km/h,91.3kPa
08:20                                                     1405/03/31,325.8mm,430W/m2,18.3degree,19.5°C,41.0%,2.4km/h,91.1kPa
08:20                                                     1405/04/01,330.8mm,47W/m2,62.1degree,11.4°C,83.8%,6.1km/h,91.3kPa
08:20                                                     1405/04/02,350.4mm,150W/m2,74.7degree,10.6°C,81.1%,6.5km/h,91.8kPa
08:20                                                     1405/04/03,350.6mm,426W/m2,161.6degree,14.2°C,61.0%,1.4km/h,91.5kPa
08:20                                                     1405/04/04,350.6mm,428W/m2,142.5degree,15.9°C,60.4%,5.9km/h,91.3kPa
08:20                                                     1405/04/09,406.4mm,474W/m2,108.5degree,15.6°C,62.2%,2.5km/h,91.7kPa
08:20                                                     1405/04/10,406.4mm,468W/m2,320.1degree,18.0°C,50.3%,11.4km/h,91.9kPa
08:20                                                     1405/04/11,406.8mm,455W/m2,329.9degree,17.9°C,57.8%,3.1km/h,92.5kPa
08:20                                                     1405/04/12,406.8mm,471W/m2,338.5degree,19.4°C,50.0%,4.4km/h,92.0kPa
08:20                                                     1405/04/13,355.2mm,476W/m2,9.1degree,19.9°C,44.1%,2.3km/h,91.4kPa
08:20                                                     1405/04/14,355.2mm,489W/m2,78.0degree,22.8°C,40.3%,3.9km/h,91.5kPa
08:20                                                     1405/04/15,355.2mm,362W/m2,95.5degree,14.2°C,58.3%,8.6km/h,92.0kPa
08:20                                                     1405/04/16,355.2mm,78W/m2,67.8degree,11.6°C,60.5%,14.4km/h,92.0kPa
08:20                                                     1405/04/17,355.2mm,262W/m2,33.8degree,12.3°C,50.5%,5.0km/h,92.2kPa
08:20                                                     1405/04/18,355.2mm,488W/m2,328.2degree,14.7°C,43.1%,6.3km/h,91.9kPa
08:20                                                     1405/04/19,355.2mm,490W/m2,155.9degree,17.4°C,49.5%,8.2km/h,91.7kPa
08:20                                                     1405/04/20,355.2mm,214W/m2,5.1degree,22.6°C,34.7%,0.7km/h,91.3kPa
08:20                                                     1405/04/21,355.2mm,235W/m2,244.3degree,23.5°C,35.8%,0.4km/h,91.1kPa
08:20                                                     1405/04/22,358.2mm,278W/m2,184.5degree,15.7°C,85.3%,9.0km/h,91.4kPa
08:20                                                     1405/04/23,367.4mm,456W/m2,124.9degree,16.5°C,78.3%,4.2km/h,91.7kPa
08:20                                                     1405/04/24,367.4mm,465W/m2,230.0degree,23.4°C,51.1%,1.2km/h,91.5kPa
08:20                                                     1405/04/25,376.8mm,517W/m2,4.7degree,24.9°C,47.3%,5.7km/h,91.8kPa
08:20                                                     1405/04/26,376.8mm,114W/m2,341.9degree,19.3°C,50.6%,8.1km/h,92.2kPa
08:20                                                     1405/04/28,376.8mm,523W/m2,37.0degree,24.6°C,35.2%,4.0km/h,91.4kPa
08:20                                                     1405/04/29,376.8mm,505W/m2,56.9degree,24.4°C,32.8%,9.9km/h,91.5kPa
08:20                                                     1405/04/30,376.8mm,514W/m2,89.4degree,25.2°C,32.8%,12.5km/h,91.4kPa
08:20                                                     1405/05/01,376.8mm,203W/m2,77.3degree,16.4°C,66.5%,1.5km/h,91.9kPa
08:20                                                     1405/05/02,376.8mm,511W/m2,15.0degree,18.1°C,59.2%,4.2km/h,92.0kPa
08:20                                                     1405/05/03,376.8mm,524W/m2,63.4degree,22.7°C,45.9%,2.7km/h,92.0kPa
08:20                                                     1405/05/04,376.8mm,545W/m2,83.9degree,22.8°C,32.5%,3.6km/h,91.9kPa
08:20                                                     1405/05/05,376.8mm,532W/m2,25.0degree,26.9°C,28.3%,4.1km/h,91.9kPa
08:20                                                     1405/05/06,376.8mm,524W/m2,106.3degree,30.7°C,24.0%,4.4km/h,91.8kPa
08:20                                                     1405/05/07,376.8mm,509W/m2,170.5degree,28.2°C,30.0%,7.4km/h,91.6kPa
08:20                                                     1405/05/08,376.8mm,506W/m2,54.7degree,24.1°C,40.2%,10.2km/h,91.9kPa
08:20                                                     1405/05/09,376.8mm,449W/m2,105.1degree,26.7°C,28.2%,3.1km/h,91.9kPa
08:20                                                     1405/05/10,378.4mm,535W/m2,174.1degree,21.1°C,57.0%,7.1km/h,91.8kPa
08:20                                                     1405/05/11,378.4mm,527W/m2,161.6degree,22.5°C,47.1%,5.3km/h,91.7kPa
08:30                                                     1405/03/21,290.2mm,171W/m2,95.2degree,16.2°C,56.9%,1.8km/h,91.3kPa
08:30                                                     1405/03/22,290.2mm,419W/m2,159.8degree,19.7°C,45.6%,1.9km/h,92.0kPa
08:30                                                     1405/03/23,290.6mm,443W/m2,315.5degree,17.5°C,47.6%,4.4km/h,92.3kPa
08:30                                                     1405/03/24,290.6mm,376W/m2,288.9degree,21.0°C,41.1%,2.4km/h,92.0kPa
08:30                                                     1405/03/25,294.0mm,50W/m2,276.4degree,16.0°C,80.9%,0.5km/h,91.0kPa
08:30                                                     1405/03/26,295.0mm,158W/m2,202.3degree,16.0°C,79.0%,8.2km/h,91.3kPa
08:30                                                     1405/03/27,295.0mm,172W/m2,180.0degree,18.8°C,74.5%,11.9km/h,91.2kPa
08:30                                                     1405/03/29,304.2mm,449W/m2,344.3degree,17.1°C,47.9%,5.8km/h,90.9kPa
08:30                                                     1405/03/30,325.8mm,408W/m2,198.2degree,16.5°C,54.2%,3.3km/h,91.1kPa
08:30                                                     1405/03/31,325.8mm,459W/m2,49.4degree,19.9°C,35.9%,2.8km/h,91.1kPa
08:30                                                     1405/04/01,331.2mm,57W/m2,43.1degree,11.4°C,85.0%,1.2km/h,91.3kPa
08:30                                                     1405/04/02,350.6mm,175W/m2,84.2degree,10.8°C,81.5%,5.3km/h,91.8kPa
08:30                                                     1405/04/03,350.6mm,452W/m2,147.5degree,14.7°C,58.0%,7.8km/h,91.5kPa
08:30                                                     1405/04/04,350.6mm,507W/m2,145.6degree,16.3°C,62.8%,8.6km/h,91.4kPa
08:30                                                     1405/04/09,406.4mm,489W/m2,316.8degree,16.1°C,57.9%,3.0km/h,91.7kPa
08:30                                                     1405/04/10,406.4mm,491W/m2,338.7degree,18.8°C,48.0%,3.3km/h,91.9kPa
08:30                                                     1405/04/11,406.8mm,481W/m2,310.1degree,18.0°C,57.4%,6.3km/h,92.4kPa
08:30                                                     1405/04/12,406.8mm,500W/m2,344.2degree,19.7°C,49.0%,3.1km/h,92.0kPa
08:30                                                     1405/04/13,355.2mm,521W/m2,304.2degree,20.7°C,42.0%,4.3km/h,91.5kPa
08:30                                                     1405/04/14,355.2mm,511W/m2,184.1degree,23.2°C,39.3%,5.8km/h,91.5kPa
08:30                                                     1405/04/16,355.2mm,75W/m2,71.8degree,11.5°C,60.1%,14.3km/h,92.0kPa
08:30                                                     1405/04/17,355.2mm,323W/m2,61.7degree,12.5°C,48.2%,4.0km/h,92.2kPa
08:30                                                     1405/04/18,355.2mm,514W/m2,37.0degree,14.8°C,40.3%,9.1km/h,91.8kPa
08:30                                                     1405/04/20,355.2mm,264W/m2,68.4degree,22.7°C,33.6%,3.3km/h,91.3kPa
08:30                                                     1405/04/21,355.2mm,194W/m2,352.4degree,24.1°C,35.9%,1.3km/h,91.2kPa
08:30                                                     1405/04/22,358.2mm,236W/m2,205.4degree,16.7°C,82.2%,6.1km/h,91.4kPa
08:30                                                     1405/04/24,367.4mm,553W/m2,38.8degree,23.9°C,49.0%,1.1km/h,91.5kPa
08:30                                                     1405/04/25,376.8mm,542W/m2,337.3degree,25.4°C,44.0%,4.8km/h,91.8kPa
08:30                                                     1405/04/26,376.8mm,190W/m2,329.1degree,19.5°C,50.4%,5.5km/h,92.2kPa
08:30                                                     1405/04/27,376.8mm,633W/m2,98.3degree,21.0°C,39.3%,5.3km/h,91.4kPa
08:30                                                     1405/04/28,376.8mm,546W/m2,91.7degree,24.7°C,31.5%,2.7km/h,91.3kPa
08:30                                                     1405/04/29,376.8mm,531W/m2,51.3degree,24.3°C,31.9%,7.3km/h,91.5kPa
08:30                                                     1405/04/30,376.8mm,541W/m2,79.5degree,25.0°C,34.2%,5.9km/h,91.4kPa
08:30                                                     1405/05/01,376.8mm,265W/m2,79.6degree,16.8°C,65.1%,3.0km/h,91.9kPa
08:30                                                     1405/05/02,376.8mm,565W/m2,57.9degree,18.3°C,57.9%,7.1km/h,92.0kPa
08:30                                                     1405/05/03,376.8mm,552W/m2,61.7degree,23.0°C,43.4%,6.8km/h,92.0kPa
08:30                                                     1405/05/04,376.8mm,572W/m2,76.9degree,23.4°C,32.3%,6.2km/h,92.0kPa
08:30                                                     1405/05/05,376.8mm,551W/m2,34.3degree,27.6°C,25.2%,4.3km/h,91.9kPa
08:30                                                     1405/05/07,376.8mm,545W/m2,160.7degree,28.6°C,30.8%,5.3km/h,91.6kPa
08:30                                                     1405/05/08,376.8mm,528W/m2,113.6degree,24.8°C,39.0%,7.9km/h,91.9kPa
08:30                                                     1405/05/09,376.8mm,506W/m2,253.1degree,26.8°C,28.4%,4.9km/h,91.9kPa
08:30                                                     1405/05/11,378.4mm,553W/m2,335.6degree,22.0°C,47.2%,4.5km/h,91.8kPa
08:40                                                     1405/03/21,290.2mm,459W/m2,120.2degree,17.6°C,55.3%,1.8km/h,91.4kPa
08:40                                                     1405/03/22,290.2mm,481W/m2,215.6degree,20.0°C,45.2%,12.3km/h,92.0kPa
08:40                                                     1405/03/23,290.6mm,483W/m2,339.5degree,18.7°C,45.5%,2.8km/h,92.4kPa
08:40                                                     1405/03/24,290.6mm,420W/m2,334.3degree,21.5°C,39.6%,5.1km/h,92.0kPa
08:40                                                     1405/03/25,294.0mm,47W/m2,234.5degree,16.0°C,79.9%,1.4km/h,91.0kPa
08:40                                                     1405/03/26,295.0mm,177W/m2,197.7degree,16.3°C,78.2%,7.2km/h,91.3kPa
08:40                                                     1405/03/27,295.0mm,200W/m2,193.9degree,19.2°C,72.2%,14.1km/h,91.2kPa
08:40                                                     1405/03/28,304.2mm,245W/m2,163.5degree,14.8°C,79.5%,10.2km/h,90.9kPa
08:40                                                     1405/03/29,304.2mm,482W/m2,300.9degree,17.6°C,46.9%,3.7km/h,90.9kPa
08:40                                                     1405/03/30,325.8mm,317W/m2,147.9degree,16.5°C,54.7%,3.5km/h,91.2kPa
08:40                                                     1405/03/31,325.8mm,485W/m2,307.3degree,20.4°C,33.6%,2.8km/h,91.1kPa
08:40                                                     1405/04/01,331.4mm,65W/m2,45.9degree,11.5°C,85.8%,1.4km/h,91.3kPa
08:40                                                     1405/04/02,350.6mm,226W/m2,67.3degree,11.0°C,79.5%,4.2km/h,91.8kPa
08:40                                                     1405/04/03,350.6mm,479W/m2,190.2degree,15.1°C,54.5%,3.9km/h,91.5kPa
08:40                                                     1405/04/04,350.6mm,614W/m2,134.4degree,16.9°C,61.2%,10.8km/h,91.3kPa
08:40                                                     1405/04/09,406.4mm,512W/m2,137.2degree,17.0°C,58.6%,5.4km/h,91.7kPa
08:40                                                     1405/04/10,406.4mm,517W/m2,330.5degree,19.1°C,48.0%,6.7km/h,91.9kPa
08:40                                                     1405/04/11,406.8mm,505W/m2,317.1degree,18.1°C,57.7%,3.0km/h,92.4kPa
08:40                                                     1405/04/12,406.8mm,488W/m2,11.5degree,20.4°C,43.5%,3.2km/h,92.0kPa
08:40                                                     1405/04/13,355.2mm,530W/m2,172.3degree,21.4°C,41.1%,4.0km/h,91.5kPa
08:40                                                     1405/04/14,355.2mm,541W/m2,146.4degree,23.2°C,40.4%,7.2km/h,91.5kPa
08:40                                                     1405/04/15,355.2mm,387W/m2,110.3degree,14.6°C,55.2%,10.2km/h,92.0kPa
08:40                                                     1405/04/16,355.2mm,84W/m2,68.8degree,11.4°C,61.7%,14.2km/h,92.1kPa
08:40                                                     1405/04/17,355.2mm,339W/m2,51.2degree,12.9°C,44.0%,12.7km/h,92.1kPa
08:40                                                     1405/04/18,355.2mm,534W/m2,28.5degree,15.2°C,41.2%,3.7km/h,91.9kPa
08:40                                                     1405/04/19,355.2mm,549W/m2,159.2degree,18.2°C,49.5%,4.8km/h,91.7kPa
08:40                                                     1405/04/20,355.2mm,323W/m2,5.6degree,22.8°C,33.2%,4.4km/h,91.3kPa
08:40                                                     1405/04/21,355.2mm,301W/m2,312.8degree,24.4°C,34.8%,3.5km/h,91.2kPa
08:40                                                     1405/04/22,358.2mm,285W/m2,173.5degree,17.2°C,76.1%,1.7km/h,91.3kPa
08:40                                                     1405/04/23,367.4mm,444W/m2,86.1degree,16.6°C,75.2%,7.3km/h,91.7kPa
08:40                                                     1405/04/24,367.4mm,565W/m2,80.9degree,24.7°C,45.5%,4.1km/h,91.5kPa
08:40                                                     1405/04/25,376.8mm,568W/m2,60.5degree,25.9°C,43.7%,3.0km/h,91.8kPa
08:40                                                     1405/04/26,376.8mm,285W/m2,325.8degree,19.8°C,50.3%,7.6km/h,92.2kPa
08:40                                                     1405/04/27,376.8mm,526W/m2,323.6degree,21.0°C,40.7%,4.0km/h,91.5kPa
08:40                                                     1405/04/28,376.8mm,572W/m2,61.1degree,24.9°C,34.2%,11.2km/h,91.4kPa
08:40                                                     1405/04/29,376.8mm,559W/m2,62.9degree,24.6°C,32.0%,4.3km/h,91.5kPa
08:40                                                     1405/04/30,376.8mm,565W/m2,82.4degree,24.9°C,32.4%,8.2km/h,91.3kPa
08:40                                                     1405/05/01,376.8mm,223W/m2,45.8degree,17.3°C,61.3%,1.0km/h,91.8kPa
08:40                                                     1405/05/02,376.8mm,587W/m2,66.6degree,18.8°C,56.9%,2.7km/h,92.0kPa
08:40                                                     1405/05/03,376.8mm,577W/m2,157.6degree,23.2°C,43.3%,2.1km/h,92.0kPa
08:40                                                     1405/05/04,376.8mm,598W/m2,41.9degree,23.6°C,33.4%,5.9km/h,92.0kPa
08:40                                                     1405/05/05,376.8mm,577W/m2,104.4degree,27.9°C,24.7%,2.4km/h,91.9kPa
08:40                                                     1405/05/06,376.8mm,574W/m2,68.0degree,31.5°C,21.1%,2.0km/h,91.8kPa
08:40                                                     1405/05/07,376.8mm,602W/m2,152.1degree,29.3°C,29.7%,4.2km/h,91.7kPa
08:40                                                     1405/05/08,376.8mm,552W/m2,40.1degree,24.8°C,37.5%,4.8km/h,91.9kPa
08:40                                                     1405/05/09,376.8mm,507W/m2,33.1degree,26.8°C,28.9%,1.9km/h,91.9kPa
08:40                                                     1405/05/10,378.4mm,570W/m2,12.7degree,21.4°C,54.2%,12.1km/h,91.7kPa
08:40                                                     1405/05/11,378.4mm,576W/m2,9.1degree,22.4°C,47.1%,6.4km/h,91.8kPa
08:50                                                     1405/03/21,290.2mm,262W/m2,114.7degree,18.1°C,52.6%,11.7km/h,91.4kPa
08:50                                                     1405/03/22,290.2mm,548W/m2,171.2degree,20.0°C,45.7%,11.2km/h,92.0kPa
08:50                                                     1405/03/23,290.6mm,460W/m2,66.3degree,19.7°C,40.2%,4.6km/h,92.4kPa
08:50                                                     1405/03/24,290.6mm,450W/m2,8.2degree,22.3°C,36.3%,1.5km/h,92.0kPa
08:50                                                     1405/03/25,294.0mm,74W/m2,202.1degree,16.1°C,81.7%,1.4km/h,91.0kPa
08:50                                                     1405/03/26,295.0mm,198W/m2,215.2degree,16.7°C,75.7%,7.9km/h,91.3kPa
08:50                                                     1405/03/27,295.0mm,192W/m2,185.8degree,19.5°C,70.2%,10.1km/h,91.3kPa
08:50                                                     1405/03/28,304.2mm,550W/m2,165.9degree,15.4°C,77.9%,9.7km/h,90.9kPa
08:50                                                     1405/03/29,304.2mm,486W/m2,328.4degree,17.7°C,47.4%,2.7km/h,91.0kPa
08:50                                                     1405/03/30,325.8mm,345W/m2,66.9degree,17.6°C,51.6%,8.4km/h,91.2kPa
08:50                                                     1405/03/31,325.8mm,507W/m2,85.7degree,21.3°C,32.1%,3.5km/h,91.1kPa
08:50                                                     1405/04/01,331.6mm,67W/m2,318.2degree,11.7°C,86.9%,1.8km/h,91.3kPa
08:50                                                     1405/04/02,350.6mm,281W/m2,42.2degree,11.7°C,76.9%,3.2km/h,91.8kPa
08:50                                                     1405/04/03,350.6mm,502W/m2,117.1degree,15.5°C,54.0%,7.1km/h,91.5kPa
08:50                                                     1405/04/04,350.6mm,229W/m2,89.8degree,16.5°C,60.5%,8.9km/h,91.3kPa
08:50                                                     1405/04/09,406.4mm,536W/m2,170.7degree,17.1°C,57.7%,0.3km/h,91.7kPa
08:50                                                     1405/04/10,406.4mm,544W/m2,341.1degree,19.4°C,44.9%,5.6km/h,91.9kPa
08:50                                                     1405/04/11,406.8mm,537W/m2,13.9degree,18.7°C,53.1%,3.7km/h,92.5kPa
08:50                                                     1405/04/12,406.8mm,573W/m2,70.0degree,20.7°C,41.8%,6.2km/h,92.0kPa
08:50                                                     1405/04/13,355.2mm,555W/m2,38.2degree,22.3°C,37.2%,1.1km/h,91.5kPa
08:50                                                     1405/04/14,355.2mm,563W/m2,186.9degree,23.0°C,40.6%,4.6km/h,91.5kPa
08:50                                                     1405/04/16,355.2mm,95W/m2,68.5degree,11.4°C,60.8%,10.4km/h,92.0kPa
08:50                                                     1405/04/17,355.2mm,367W/m2,102.8degree,13.1°C,44.2%,6.7km/h,92.2kPa
08:50                                                     1405/04/18,355.2mm,560W/m2,29.5degree,15.6°C,40.0%,4.6km/h,91.9kPa
08:50                                                     1405/04/20,355.2mm,239W/m2,355.9degree,22.9°C,30.8%,1.8km/h,91.3kPa
08:50                                                     1405/04/21,355.2mm,251W/m2,331.5degree,24.9°C,31.5%,0.8km/h,91.1kPa
08:50                                                     1405/04/22,358.2mm,221W/m2,103.4degree,17.5°C,75.3%,5.1km/h,91.3kPa
08:50                                                     1405/04/24,367.4mm,590W/m2,150.1degree,24.9°C,45.4%,2.7km/h,91.6kPa
08:50                                                     1405/04/25,376.8mm,594W/m2,342.1degree,26.4°C,37.1%,2.2km/h,91.8kPa
08:50                                                     1405/04/26,376.8mm,489W/m2,321.8degree,20.8°C,47.3%,5.0km/h,92.2kPa
08:50                                                     1405/04/27,376.8mm,414W/m2,109.9degree,21.4°C,41.4%,8.6km/h,91.5kPa
08:50                                                     1405/04/28,376.8mm,598W/m2,77.5degree,25.2°C,33.6%,4.7km/h,91.4kPa
08:50                                                     1405/04/29,376.8mm,585W/m2,80.7degree,24.7°C,31.2%,8.7km/h,91.5kPa
08:50                                                     1405/04/30,376.8mm,593W/m2,86.0degree,25.3°C,33.4%,4.1km/h,91.4kPa
08:50                                                     1405/05/01,376.8mm,264W/m2,127.5degree,17.6°C,61.1%,2.7km/h,91.8kPa
08:50                                                     1405/05/03,376.8mm,602W/m2,113.1degree,23.5°C,43.7%,6.1km/h,92.0kPa
08:50                                                     1405/05/04,376.8mm,622W/m2,47.8degree,23.5°C,33.7%,10.9km/h,92.0kPa
08:50                                                     1405/05/05,376.8mm,598W/m2,350.7degree,28.4°C,23.4%,2.0km/h,91.9kPa
08:50                                                     1405/05/07,376.8mm,551W/m2,163.0degree,29.0°C,30.1%,9.8km/h,91.6kPa
08:50                                                     1405/05/08,376.8mm,579W/m2,323.3degree,25.4°C,37.8%,2.8km/h,91.9kPa
08:50                                                     1405/05/09,376.8mm,606W/m2,231.0degree,27.2°C,27.8%,1.1km/h,91.9kPa
08:50                                                     1405/05/11,378.4mm,603W/m2,66.5degree,22.2°C,47.3%,3.9km/h,91.8kPa
09:00                                                     1405/03/21,290.2mm,535W/m2,161.0degree,18.4°C,53.5%,8.0km/h,91.4kPa
09:00                                                     1405/03/22,290.2mm,631W/m2,150.7degree,20.3°C,45.4%,9.8km/h,92.0kPa
09:00                                                     1405/03/23,290.6mm,516W/m2,118.9degree,20.4°C,40.2%,3.4km/h,92.4kPa
09:00                                                     1405/03/24,290.6mm,470W/m2,233.4degree,22.9°C,33.0%,6.1km/h,92.0kPa
09:00                                                     1405/03/25,294.0mm,107W/m2,143.4degree,16.4°C,80.6%,5.5km/h,91.1kPa
09:00                                                     1405/03/26,295.0mm,403W/m2,219.6degree,17.2°C,74.9%,4.6km/h,91.3kPa
09:00                                                     1405/03/27,295.0mm,183W/m2,188.3degree,19.7°C,68.2%,15.4km/h,91.3kPa
09:00                                                     1405/03/28,304.2mm,583W/m2,156.7degree,15.8°C,77.0%,9.0km/h,90.9kPa
09:00                                                     1405/03/29,304.2mm,504W/m2,65.0degree,18.1°C,45.0%,1.7km/h,91.0kPa
09:00                                                     1405/03/30,325.8mm,407W/m2,142.8degree,17.0°C,55.8%,9.3km/h,91.4kPa
09:00                                                     1405/03/31,325.8mm,534W/m2,163.0degree,22.1°C,30.8%,1.4km/h,91.1kPa
09:00                                                     1405/04/01,331.8mm,63W/m2,278.0degree,11.6°C,86.3%,0.0km/h,91.3kPa
09:00                                                     1405/04/02,350.6mm,324W/m2,95.5degree,12.1°C,75.4%,4.1km/h,91.8kPa
09:00                                                     1405/04/03,350.6mm,528W/m2,155.1degree,15.6°C,54.2%,7.9km/h,91.5kPa
09:00                                                     1405/04/04,350.6mm,462W/m2,116.4degree,17.3°C,59.8%,10.2km/h,91.3kPa
09:00                                                     1405/04/09,406.4mm,561W/m2,193.5degree,17.0°C,56.2%,4.3km/h,91.7kPa
09:00                                                     1405/04/10,406.4mm,567W/m2,326.1degree,19.4°C,48.3%,5.9km/h,92.0kPa
09:00                                                     1405/04/11,406.8mm,565W/m2,286.2degree,19.2°C,50.8%,2.3km/h,92.5kPa
09:00                                                     1405/04/12,406.8mm,586W/m2,69.5degree,20.9°C,40.6%,7.1km/h,92.0kPa
09:00                                                     1405/04/13,355.2mm,576W/m2,130.6degree,22.4°C,38.0%,3.3km/h,91.5kPa
09:00                                                     1405/04/14,355.2mm,588W/m2,105.6degree,23.5°C,41.2%,9.1km/h,91.6kPa
09:00                                                     1405/04/15,355.2mm,542W/m2,96.9degree,15.0°C,53.7%,11.6km/h,92.0kPa
09:00                                                     1405/04/16,355.2mm,106W/m2,95.2degree,11.4°C,60.7%,18.1km/h,92.1kPa
09:00                                                     1405/04/17,355.2mm,455W/m2,47.1degree,13.4°C,43.7%,19.6km/h,92.2kPa
09:00                                                     1405/04/18,355.2mm,589W/m2,49.2degree,15.6°C,40.5%,7.7km/h,91.9kPa
09:00                                                     1405/04/19,355.2mm,596W/m2,137.1degree,19.4°C,45.7%,7.2km/h,91.7kPa
09:00                                                     1405/04/20,355.2mm,531W/m2,50.0degree,23.3°C,31.9%,7.1km/h,91.3kPa
09:00                                                     1405/04/21,355.2mm,194W/m2,58.9degree,24.7°C,31.5%,3.2km/h,91.1kPa
09:00                                                     1405/04/22,358.2mm,178W/m2,134.0degree,17.5°C,75.3%,7.3km/h,91.3kPa
09:00                                                     1405/04/23,367.4mm,364W/m2,67.8degree,16.6°C,76.6%,5.8km/h,91.8kPa
09:00                                                     1405/04/24,367.4mm,605W/m2,112.4degree,25.6°C,43.5%,3.7km/h,91.6kPa
09:00                                                     1405/04/25,376.8mm,623W/m2,359.4degree,26.9°C,37.2%,5.2km/h,91.8kPa
09:00                                                     1405/04/26,376.8mm,534W/m2,349.9degree,21.3°C,47.2%,4.0km/h,92.2kPa
09:00                                                     1405/04/27,376.8mm,636W/m2,83.3degree,20.6°C,40.7%,2.8km/h,91.4kPa
09:00                                                     1405/04/28,376.8mm,621W/m2,87.6degree,25.7°C,33.6%,5.3km/h,91.5kPa
09:00                                                     1405/04/29,376.8mm,605W/m2,352.0degree,25.1°C,31.0%,5.0km/h,91.5kPa
09:00                                                     1405/04/30,376.8mm,605W/m2,55.7degree,25.1°C,32.7%,6.2km/h,91.3kPa
09:00                                                     1405/05/01,376.8mm,205W/m2,28.8degree,17.6°C,60.1%,1.7km/h,91.8kPa
09:00                                                     1405/05/02,376.8mm,287W/m2,14.1degree,19.4°C,53.2%,4.1km/h,92.0kPa
09:00                                                     1405/05/03,376.8mm,626W/m2,95.2degree,23.0°C,44.2%,4.7km/h,92.0kPa
09:00                                                     1405/05/04,376.8mm,646W/m2,81.9degree,24.0°C,32.9%,13.0km/h,92.0kPa
09:00                                                     1405/05/06,376.8mm,613W/m2,139.4degree,32.7°C,20.3%,4.4km/h,91.8kPa
09:00                                                     1405/05/07,376.8mm,295W/m2,142.3degree,29.1°C,31.7%,7.9km/h,91.6kPa
09:00                                                     1405/05/08,376.8mm,605W/m2,101.1degree,25.4°C,37.5%,10.8km/h,91.9kPa
09:00                                                     1405/05/09,376.8mm,500W/m2,290.4degree,27.4°C,27.9%,5.5km/h,91.9kPa
09:00                                                     1405/05/10,378.4mm,642W/m2,186.7degree,21.8°C,52.5%,6.9km/h,91.7kPa
09:10                                                     1405/03/21,290.2mm,493W/m2,118.4degree,19.0°C,50.8%,3.7km/h,91.4kPa
09:10                                                     1405/03/22,290.2mm,249W/m2,193.2degree,20.3°C,45.6%,17.5km/h,92.0kPa
09:10                                                     1405/03/23,290.6mm,436W/m2,112.6degree,21.2°C,36.5%,3.9km/h,92.4kPa
09:10                                                     1405/03/25,294.0mm,86W/m2,128.9degree,16.4°C,80.5%,6.2km/h,91.1kPa
09:10                                                     1405/03/26,295.0mm,257W/m2,142.2degree,18.0°C,71.5%,3.8km/h,91.3kPa
09:10                                                     1405/03/27,295.0mm,206W/m2,195.7degree,19.9°C,67.1%,18.1km/h,91.3kPa
09:10                                                     1405/03/29,304.2mm,562W/m2,60.3degree,18.3°C,43.2%,8.1km/h,90.9kPa
09:10                                                     1405/03/30,325.8mm,335W/m2,136.8degree,17.6°C,55.1%,8.3km/h,91.3kPa
09:10                                                     1405/03/31,325.8mm,559W/m2,184.4degree,21.6°C,33.2%,3.1km/h,91.2kPa
09:10                                                     1405/04/01,332.0mm,50W/m2,299.9degree,11.6°C,86.4%,3.6km/h,91.4kPa
09:10                                                     1405/04/02,350.6mm,287W/m2,125.9degree,12.2°C,75.1%,4.0km/h,91.8kPa
09:10                                                     1405/04/03,350.6mm,552W/m2,160.5degree,15.9°C,51.5%,11.3km/h,91.5kPa
09:10                                                     1405/04/04,350.6mm,317W/m2,159.5degree,18.0°C,49.9%,11.0km/h,91.2kPa
09:10                                                     1405/04/09,406.4mm,587W/m2,208.5degree,17.1°C,55.8%,4.1km/h,91.7kPa
09:10                                                     1405/04/10,406.4mm,592W/m2,320.8degree,19.8°C,44.2%,10.2km/h,92.0kPa
09:10                                                     1405/04/11,406.8mm,591W/m2,17.6degree,19.5°C,46.5%,0.3km/h,92.5kPa
09:10                                                     1405/04/12,406.8mm,621W/m2,79.2degree,21.4°C,40.4%,1.3km/h,92.0kPa
09:10                                                     1405/04/13,355.2mm,600W/m2,180.7degree,23.0°C,33.6%,4.6km/h,91.5kPa
09:10                                                     1405/04/14,355.2mm,606W/m2,87.1degree,23.7°C,41.6%,6.3km/h,91.6kPa
09:10                                                     1405/04/16,355.2mm,135W/m2,93.8degree,11.4°C,60.6%,8.5km/h,92.1kPa
09:10                                                     1405/04/17,355.2mm,458W/m2,55.0degree,13.4°C,43.3%,19.9km/h,92.2kPa
09:10                                                     1405/04/18,355.2mm,608W/m2,59.6degree,15.7°C,39.3%,10.7km/h,91.9kPa
09:10                                                     1405/04/20,355.2mm,727W/m2,41.7degree,23.8°C,32.0%,5.4km/h,91.3kPa
09:10                                                     1405/04/21,355.2mm,176W/m2,54.8degree,24.6°C,31.6%,5.6km/h,91.1kPa
09:10                                                     1405/04/22,358.2mm,205W/m2,137.2degree,17.4°C,78.5%,9.6km/h,91.3kPa
09:10                                                     1405/04/24,367.4mm,618W/m2,15.9degree,25.5°C,43.9%,4.0km/h,91.6kPa
09:10                                                     1405/04/25,376.8mm,637W/m2,336.4degree,27.2°C,35.6%,3.2km/h,91.8kPa
09:10                                                     1405/04/26,376.8mm,681W/m2,324.9degree,21.2°C,48.9%,7.1km/h,92.3kPa
09:10                                                     1405/04/27,376.8mm,464W/m2,168.2degree,20.8°C,40.4%,1.8km/h,91.4kPa
09:10                                                     1405/04/29,376.8mm,631W/m2,72.3degree,25.0°C,31.1%,5.3km/h,91.5kPa
09:10                                                     1405/05/01,376.8mm,191W/m2,156.1degree,17.6°C,60.8%,3.0km/h,91.8kPa
09:10                                                     1405/05/03,376.8mm,647W/m2,130.8degree,23.4°C,43.6%,11.1km/h,92.0kPa
09:10                                                     1405/05/04,376.8mm,668W/m2,151.9degree,24.0°C,31.3%,3.6km/h,92.0kPa
09:10                                                     1405/05/05,376.8mm,649W/m2,32.4degree,28.6°C,23.7%,1.9km/h,91.9kPa
09:10                                                     1405/05/07,376.8mm,582W/m2,141.1degree,29.2°C,32.2%,5.4km/h,91.6kPa
09:10                                                     1405/05/08,376.8mm,621W/m2,105.2degree,25.4°C,35.4%,3.1km/h,91.9kPa
09:10                                                     1405/05/09,376.8mm,636W/m2,47.5degree,27.8°C,28.6%,4.7km/h,91.9kPa
09:10                                                     1405/05/11,378.4mm,646W/m2,59.2degree,23.0°C,45.7%,3.8km/h,91.7kPa
09:20                                                     1405/03/21,290.2mm,524W/m2,105.1degree,19.5°C,49.3%,5.3km/h,91.4kPa
09:20                                                     1405/03/22,290.2mm,197W/m2,138.3degree,19.6°C,46.1%,4.5km/h,92.0kPa
09:20                                                     1405/03/23,290.6mm,551W/m2,110.0degree,21.3°C,37.5%,6.4km/h,92.4kPa
09:20                                                     1405/03/24,290.6mm,358W/m2,215.7degree,22.6°C,31.6%,12.8km/h,92.0kPa
09:20                                                     1405/03/25,294.0mm,104W/m2,112.0degree,16.3°C,80.6%,7.2km/h,91.1kPa
09:20                                                     1405/03/26,295.0mm,489W/m2,210.5degree,18.3°C,69.3%,3.9km/h,91.4kPa
09:20                                                     1405/03/27,295.0mm,218W/m2,185.8degree,20.2°C,66.1%,14.4km/h,91.3kPa
09:20                                                     1405/03/28,304.2mm,574W/m2,178.6degree,16.1°C,73.2%,9.2km/h,90.9kPa
09:20                                                     1405/03/29,304.2mm,570W/m2,58.5degree,18.9°C,42.8%,4.5km/h,91.0kPa
09:20                                                     1405/03/30,325.8mm,590W/m2,102.8degree,17.5°C,56.7%,10.1km/h,91.4kPa
09:20                                                     1405/03/31,325.8mm,582W/m2,118.7degree,22.2°C,32.2%,9.1km/h,91.2kPa
09:20                                                     1405/04/01,332.2mm,45W/m2,312.0degree,11.7°C,86.5%,5.2km/h,91.4kPa
09:20                                                     1405/04/02,350.6mm,188W/m2,88.7degree,12.0°C,75.8%,7.2km/h,91.9kPa
09:20                                                     1405/04/03,350.6mm,573W/m2,152.9degree,15.7°C,53.6%,12.8km/h,91.5kPa
09:20                                                     1405/04/04,350.6mm,625W/m2,142.7degree,18.6°C,52.2%,14.9km/h,91.3kPa
09:20                                                     1405/04/09,406.4mm,623W/m2,185.7degree,17.1°C,55.7%,5.0km/h,91.7kPa
09:20                                                     1405/04/10,406.4mm,618W/m2,324.8degree,20.0°C,44.5%,3.6km/h,92.0kPa
09:20                                                     1405/04/11,406.8mm,615W/m2,168.2degree,20.3°C,46.2%,4.4km/h,92.5kPa
09:20                                                     1405/04/12,406.8mm,624W/m2,122.2degree,22.0°C,37.6%,4.8km/h,92.0kPa
09:20                                                     1405/04/13,355.2mm,623W/m2,117.1degree,23.1°C,38.0%,1.6km/h,91.6kPa
09:20                                                     1405/04/14,355.2mm,632W/m2,127.8degree,23.8°C,41.0%,5.5km/h,91.6kPa
09:20                                                     1405/04/15,355.2mm,582W/m2,64.8degree,15.3°C,51.2%,7.3km/h,92.0kPa
09:20                                                     1405/04/16,355.2mm,159W/m2,113.6degree,11.5°C,61.7%,8.9km/h,92.1kPa
09:20                                                     1405/04/17,355.2mm,393W/m2,46.3degree,13.3°C,43.2%,8.8km/h,92.2kPa
09:20                                                     1405/04/18,355.2mm,627W/m2,117.9degree,16.0°C,39.5%,5.4km/h,91.9kPa
09:20                                                     1405/04/19,355.2mm,640W/m2,161.6degree,20.5°C,41.0%,8.4km/h,91.7kPa
09:20                                                     1405/04/20,355.2mm,442W/m2,101.4degree,24.7°C,29.5%,4.8km/h,91.3kPa
09:20                                                     1405/04/21,355.2mm,176W/m2,66.8degree,24.4°C,33.0%,5.3km/h,91.2kPa
09:20                                                     1405/04/22,358.2mm,456W/m2,135.2degree,18.0°C,77.4%,8.0km/h,91.3kPa
09:20                                                     1405/04/23,367.4mm,264W/m2,85.1degree,17.0°C,74.4%,3.0km/h,91.7kPa
09:20                                                     1405/04/24,367.4mm,640W/m2,43.2degree,25.7°C,43.6%,3.0km/h,91.6kPa
09:20                                                     1405/04/25,376.8mm,658W/m2,322.7degree,27.4°C,34.1%,3.7km/h,91.8kPa
09:20                                                     1405/04/26,376.8mm,729W/m2,330.8degree,22.0°C,45.2%,5.8km/h,92.2kPa
09:20                                                     1405/04/27,376.8mm,575W/m2,300.1degree,21.2°C,40.2%,2.8km/h,91.4kPa
09:20                                                     1405/04/28,376.8mm,652W/m2,75.8degree,25.6°C,31.0%,7.2km/h,91.4kPa
09:20                                                     1405/04/29,376.8mm,653W/m2,74.5degree,24.7°C,33.0%,9.5km/h,91.5kPa
09:20                                                     1405/04/30,376.8mm,687W/m2,128.7degree,25.4°C,33.2%,6.3km/h,91.4kPa
09:20                                                     1405/05/01,376.8mm,175W/m2,112.2degree,17.5°C,61.2%,5.2km/h,91.8kPa
09:20                                                     1405/05/02,376.8mm,222W/m2,64.4degree,19.3°C,50.3%,6.3km/h,92.0kPa
09:20                                                     1405/05/03,376.8mm,670W/m2,125.5degree,23.6°C,42.6%,6.2km/h,92.0kPa
09:20                                                     1405/05/04,376.8mm,691W/m2,93.6degree,24.6°C,30.0%,2.7km/h,92.0kPa
09:20                                                     1405/05/05,376.8mm,669W/m2,174.1degree,29.4°C,22.3%,7.8km/h,91.9kPa
09:20                                                     1405/05/06,376.8mm,667W/m2,167.1degree,32.5°C,20.1%,6.1km/h,91.8kPa
09:20                                                     1405/05/07,376.8mm,640W/m2,131.1degree,29.7°C,30.2%,9.0km/h,91.6kPa
09:20                                                     1405/05/08,376.8mm,638W/m2,69.4degree,25.8°C,36.3%,11.4km/h,91.9kPa
09:20                                                     1405/05/09,376.8mm,497W/m2,91.3degree,27.0°C,29.9%,6.8km/h,91.8kPa
09:20                                                     1405/05/10,378.4mm,548W/m2,197.0degree,22.2°C,51.5%,7.5km/h,91.8kPa
09:20                                                     1405/05/11,378.4mm,673W/m2,47.5degree,22.9°C,46.0%,7.6km/h,91.8kPa
09:30                                                     1405/03/21,290.2mm,327W/m2,155.5degree,20.1°C,48.7%,11.1km/h,91.5kPa
09:30                                                     1405/03/22,290.2mm,618W/m2,194.3degree,20.2°C,45.2%,9.1km/h,92.0kPa
09:30                                                     1405/03/23,290.6mm,582W/m2,173.3degree,21.7°C,36.0%,6.7km/h,92.4kPa
09:30                                                     1405/03/25,294.0mm,123W/m2,102.6degree,16.1°C,81.3%,5.7km/h,91.0kPa
09:30                                                     1405/03/26,295.0mm,237W/m2,208.1degree,18.5°C,70.7%,5.1km/h,91.4kPa
09:30                                                     1405/03/27,295.0mm,218W/m2,196.2degree,20.5°C,63.2%,16.1km/h,91.3kPa
09:30                                                     1405/03/29,304.2mm,591W/m2,56.0degree,19.4°C,42.0%,6.0km/h,91.0kPa
09:30                                                     1405/03/30,325.8mm,550W/m2,158.5degree,18.2°C,54.2%,11.2km/h,91.2kPa
09:30                                                     1405/03/31,325.8mm,601W/m2,163.7degree,22.0°C,31.9%,7.9km/h,91.2kPa
09:30                                                     1405/04/01,332.8mm,65W/m2,345.1degree,11.5°C,86.7%,3.3km/h,91.4kPa
09:30                                                     1405/04/02,350.6mm,174W/m2,62.1degree,11.8°C,74.6%,6.3km/h,91.8kPa
09:30                                                     1405/04/03,350.6mm,593W/m2,130.8degree,15.7°C,53.6%,10.5km/h,91.5kPa
09:30                                                     1405/04/04,350.6mm,627W/m2,142.9degree,19.2°C,48.3%,13.3km/h,91.3kPa
09:30                                                     1405/04/09,406.4mm,667W/m2,219.2degree,17.6°C,56.7%,0.3km/h,91.7kPa
09:30                                                     1405/04/10,406.4mm,637W/m2,11.0degree,20.8°C,39.2%,6.9km/h,92.0kPa
09:30                                                     1405/04/11,406.8mm,634W/m2,69.3degree,20.7°C,44.4%,2.2km/h,92.5kPa
09:30                                                     1405/04/12,406.8mm,645W/m2,60.9degree,22.1°C,37.3%,5.1km/h,92.0kPa
09:30                                                     1405/04/13,355.2mm,643W/m2,198.2degree,23.1°C,35.0%,4.7km/h,91.5kPa
09:30                                                     1405/04/14,355.2mm,650W/m2,140.9degree,24.1°C,41.3%,7.8km/h,91.6kPa
09:30                                                     1405/04/16,355.2mm,147W/m2,95.1degree,11.5°C,63.2%,14.9km/h,92.2kPa
09:30                                                     1405/04/17,355.2mm,467W/m2,80.7degree,13.7°C,42.4%,19.5km/h,92.2kPa
09:30                                                     1405/04/18,355.2mm,649W/m2,85.0degree,16.3°C,39.2%,9.2km/h,91.9kPa
09:30                                                     1405/04/20,355.2mm,616W/m2,61.0degree,25.1°C,27.8%,4.9km/h,91.3kPa
09:30                                                     1405/04/21,355.2mm,136W/m2,40.8degree,24.5°C,34.0%,1.8km/h,91.2kPa
09:30                                                     1405/04/22,358.2mm,905W/m2,168.2degree,19.0°C,72.6%,3.1km/h,91.3kPa
09:30                                                     1405/04/24,367.4mm,661W/m2,115.3degree,26.2°C,42.7%,2.1km/h,91.6kPa
09:30                                                     1405/04/25,376.8mm,685W/m2,17.6degree,27.7°C,32.1%,5.2km/h,91.8kPa
09:30                                                     1405/04/26,376.8mm,750W/m2,346.0degree,22.3°C,44.5%,7.3km/h,92.2kPa
09:30                                                     1405/04/29,376.8mm,670W/m2,68.1degree,24.9°C,32.5%,8.8km/h,91.5kPa
09:30                                                     1405/05/01,376.8mm,144W/m2,106.8degree,17.7°C,60.4%,0.3km/h,91.8kPa
09:30                                                     1405/05/03,376.8mm,689W/m2,58.6degree,23.8°C,41.4%,11.1km/h,92.0kPa
09:30                                                     1405/05/04,376.8mm,711W/m2,66.3degree,25.1°C,30.7%,8.2km/h,92.0kPa
09:30                                                     1405/05/07,376.8mm,663W/m2,95.8degree,30.1°C,30.1%,9.3km/h,91.7kPa
09:30                                                     1405/05/08,376.8mm,662W/m2,105.2degree,26.1°C,34.6%,2.8km/h,91.9kPa
09:30                                                     1405/05/09,376.8mm,571W/m2,88.7degree,27.2°C,29.5%,10.2km/h,91.9kPa
09:30                                                     1405/05/11,378.4mm,705W/m2,125.0degree,23.1°C,46.0%,8.6km/h,91.8kPa
09:40                                                     1405/03/21,290.2mm,560W/m2,173.8degree,19.8°C,51.0%,8.4km/h,91.5kPa
09:40                                                     1405/03/22,290.2mm,596W/m2,207.5degree,21.1°C,43.6%,14.4km/h,92.0kPa
09:40                                                     1405/03/23,290.6mm,614W/m2,158.6degree,21.8°C,36.3%,11.8km/h,92.4kPa
09:40                                                     1405/03/24,290.6mm,523W/m2,215.1degree,23.4°C,32.0%,9.6km/h,92.0kPa
09:40                                                     1405/03/25,294.0mm,104W/m2,95.1degree,16.0°C,83.8%,7.4km/h,91.1kPa
09:40                                                     1405/03/26,295.0mm,331W/m2,182.7degree,18.3°C,72.1%,8.0km/h,91.4kPa
09:40                                                     1405/03/27,295.0mm,208W/m2,206.7degree,20.7°C,62.3%,18.6km/h,91.3kPa
09:40                                                     1405/03/28,304.2mm,607W/m2,162.0degree,16.8°C,69.8%,10.4km/h,90.9kPa
09:40                                                     1405/03/29,304.2mm,611W/m2,324.8degree,19.6°C,42.8%,5.8km/h,91.0kPa
09:40                                                     1405/03/30,325.8mm,535W/m2,135.1degree,18.8°C,53.5%,11.7km/h,91.3kPa
09:40                                                     1405/03/31,325.8mm,622W/m2,108.8degree,22.1°C,33.5%,10.1km/h,91.2kPa
09:40                                                     1405/04/01,333.2mm,60W/m2,348.3degree,11.5°C,87.6%,7.0km/h,91.4kPa
09:40                                                     1405/04/02,350.6mm,166W/m2,104.1degree,11.8°C,75.4%,6.4km/h,91.9kPa
09:40                                                     1405/04/03,350.6mm,615W/m2,146.2degree,15.6°C,50.8%,7.7km/h,91.5kPa
09:40                                                     1405/04/04,350.6mm,635W/m2,137.4degree,19.5°C,50.4%,5.6km/h,91.3kPa
09:40                                                     1405/04/09,406.4mm,681W/m2,126.1degree,18.3°C,53.2%,5.8km/h,91.7kPa
09:40                                                     1405/04/10,406.4mm,657W/m2,308.5degree,21.2°C,39.5%,5.9km/h,92.0kPa
09:40                                                     1405/04/11,406.8mm,657W/m2,141.9degree,20.7°C,42.7%,2.3km/h,92.5kPa
09:40                                                     1405/04/12,406.8mm,664W/m2,84.5degree,22.0°C,37.0%,3.1km/h,92.0kPa
09:40                                                     1405/04/13,355.2mm,658W/m2,170.8degree,23.2°C,34.8%,6.5km/h,91.5kPa
09:40                                                     1405/04/14,355.2mm,669W/m2,166.7degree,24.3°C,40.5%,4.8km/h,91.6kPa
09:40                                                     1405/04/15,355.2mm,615W/m2,126.5degree,16.1°C,50.2%,11.4km/h,92.0kPa
09:40                                                     1405/04/16,355.2mm,169W/m2,103.9degree,11.4°C,62.9%,13.0km/h,92.1kPa
09:40                                                     1405/04/17,355.2mm,487W/m2,50.0degree,13.8°C,41.6%,15.2km/h,92.2kPa
09:40                                                     1405/04/18,355.2mm,664W/m2,64.0degree,16.3°C,39.4%,6.3km/h,91.9kPa
09:40                                                     1405/04/19,355.2mm,678W/m2,161.1degree,21.5°C,35.0%,14.2km/h,91.6kPa
09:40                                                     1405/04/20,355.2mm,283W/m2,121.5degree,25.5°C,25.8%,6.9km/h,91.3kPa
09:40                                                     1405/04/21,355.2mm,227W/m2,56.0degree,24.5°C,34.0%,4.1km/h,91.1kPa
09:40                                                     1405/04/22,358.2mm,701W/m2,185.5degree,18.8°C,69.7%,4.1km/h,91.3kPa
09:40                                                     1405/04/23,367.4mm,615W/m2,122.2degree,17.8°C,73.4%,6.0km/h,91.7kPa
09:40                                                     1405/04/24,367.4mm,683W/m2,128.3degree,27.0°C,41.0%,4.8km/h,91.6kPa
09:40                                                     1405/04/25,376.8mm,694W/m2,15.9degree,28.4°C,29.5%,4.6km/h,91.8kPa
09:40                                                     1405/04/26,376.8mm,346W/m2,17.9degree,22.7°C,43.8%,0.6km/h,92.2kPa
09:40                                                     1405/04/27,376.8mm,357W/m2,61.0degree,21.2°C,40.1%,3.1km/h,91.4kPa
09:40                                                     1405/04/28,376.8mm,688W/m2,200.6degree,25.8°C,31.1%,4.7km/h,91.5kPa
09:40                                                     1405/04/29,376.8mm,691W/m2,54.8degree,24.9°C,33.6%,7.9km/h,91.6kPa
09:40                                                     1405/04/30,376.8mm,700W/m2,96.2degree,26.3°C,33.8%,8.9km/h,91.4kPa
09:40                                                     1405/05/01,376.8mm,105W/m2,263.7degree,17.7°C,60.4%,3.2km/h,91.8kPa
09:40                                                     1405/05/02,376.8mm,650W/m2,68.1degree,20.7°C,48.8%,8.4km/h,92.0kPa
09:40                                                     1405/05/03,376.8mm,708W/m2,79.2degree,23.7°C,43.2%,7.6km/h,92.0kPa
09:40                                                     1405/05/04,376.8mm,721W/m2,177.1degree,24.9°C,30.7%,4.5km/h,92.0kPa
09:40                                                     1405/05/06,376.8mm,707W/m2,144.3degree,32.8°C,18.3%,8.9km/h,91.7kPa
09:40                                                     1405/05/07,376.8mm,690W/m2,121.6degree,30.1°C,29.8%,10.8km/h,91.6kPa
09:40                                                     1405/05/08,376.8mm,680W/m2,52.8degree,26.0°C,34.9%,7.4km/h,91.9kPa
09:40                                                     1405/05/09,376.8mm,490W/m2,76.3degree,27.1°C,29.3%,15.9km/h,91.8kPa
09:40                                                     1405/05/10,378.4mm,720W/m2,48.1degree,22.6°C,47.5%,7.7km/h,91.6kPa
09:40                                                     1405/05/11,378.4mm,705W/m2,77.2degree,23.6°C,44.9%,5.4km/h,91.8kPa
09:50                                                     1405/03/21,290.2mm,445W/m2,186.4degree,20.5°C,49.1%,8.1km/h,91.5kPa
09:50                                                     1405/03/22,290.2mm,593W/m2,199.9degree,21.3°C,42.4%,16.7km/h,92.0kPa
09:50                                                     1405/03/23,290.6mm,658W/m2,137.0degree,22.4°C,37.0%,5.9km/h,92.4kPa
09:50                                                     1405/03/25,294.0mm,92W/m2,95.4degree,15.8°C,84.2%,4.7km/h,91.0kPa
09:50                                                     1405/03/26,295.0mm,353W/m2,150.7degree,19.0°C,70.0%,4.8km/h,91.3kPa
09:50                                                     1405/03/27,295.0mm,181W/m2,202.7degree,20.8°C,61.7%,15.2km/h,91.3kPa
09:50                                                     1405/03/29,304.2mm,628W/m2,281.9degree,20.1°C,42.4%,1.4km/h,91.0kPa
09:50                                                     1405/03/30,325.8mm,669W/m2,113.1degree,18.3°C,54.0%,13.3km/h,91.3kPa
09:50                                                     1405/03/31,325.8mm,639W/m2,124.6degree,22.4°C,33.7%,7.9km/h,91.2kPa
09:50                                                     1405/04/01,334.0mm,72W/m2,329.7degree,11.4°C,87.6%,5.6km/h,91.4kPa
09:50                                                     1405/04/02,350.6mm,182W/m2,94.0degree,11.7°C,76.6%,7.9km/h,91.9kPa
09:50                                                     1405/04/03,350.6mm,637W/m2,194.4degree,16.0°C,49.1%,8.9km/h,91.5kPa
09:50                                                     1405/04/04,350.6mm,650W/m2,156.9degree,20.0°C,48.2%,10.4km/h,91.3kPa
09:50                                                     1405/04/09,406.4mm,688W/m2,181.6degree,17.7°C,54.8%,1.9km/h,91.7kPa
09:50                                                     1405/04/10,406.4mm,675W/m2,34.8degree,21.4°C,37.2%,7.5km/h,92.0kPa
09:50                                                     1405/04/11,406.8mm,675W/m2,239.8degree,21.0°C,45.3%,2.8km/h,92.5kPa
09:50                                                     1405/04/12,406.8mm,689W/m2,132.3degree,22.7°C,36.3%,1.5km/h,92.0kPa
09:50                                                     1405/04/13,355.2mm,676W/m2,136.3degree,24.1°C,32.5%,3.1km/h,91.5kPa
09:50                                                     1405/04/14,355.2mm,685W/m2,230.8degree,24.7°C,40.8%,1.2km/h,91.6kPa
09:50                                                     1405/04/16,355.2mm,239W/m2,115.8degree,11.5°C,64.7%,8.0km/h,92.2kPa
09:50                                                     1405/04/17,355.2mm,510W/m2,74.7degree,13.9°C,41.2%,15.3km/h,92.2kPa
09:50                                                     1405/04/18,355.2mm,684W/m2,54.7degree,16.3°C,39.3%,3.7km/h,91.9kPa
09:50                                                     1405/04/20,355.2mm,759W/m2,135.9degree,25.9°C,26.4%,6.8km/h,91.3kPa
09:50                                                     1405/04/21,355.2mm,310W/m2,45.9degree,24.8°C,33.8%,5.3km/h,91.1kPa
09:50                                                     1405/04/22,358.2mm,317W/m2,155.7degree,19.1°C,69.2%,9.9km/h,91.3kPa
09:50                                                     1405/04/24,367.4mm,699W/m2,161.2degree,26.7°C,43.0%,3.5km/h,91.6kPa
09:50                                                     1405/04/25,376.8mm,701W/m2,57.5degree,28.3°C,30.3%,3.7km/h,91.8kPa
09:50                                                     1405/04/26,376.8mm,461W/m2,325.9degree,21.3°C,47.7%,8.9km/h,92.2kPa
09:50                                                     1405/04/27,376.8mm,381W/m2,7.9degree,21.2°C,40.6%,3.2km/h,91.4kPa
09:50                                                     1405/04/29,376.8mm,708W/m2,73.2degree,25.0°C,33.3%,13.0km/h,91.6kPa
09:50                                                     1405/05/01,376.8mm,118W/m2,97.1degree,17.7°C,61.5%,4.7km/h,91.9kPa
09:50                                                     1405/05/03,376.8mm,725W/m2,332.3degree,24.1°C,42.3%,4.1km/h,92.0kPa
09:50                                                     1405/05/04,376.8mm,746W/m2,102.1degree,24.8°C,32.4%,9.5km/h,92.0kPa
09:50                                                     1405/05/05,376.8mm,725W/m2,178.3degree,29.8°C,22.4%,6.2km/h,91.9kPa
09:50                                                     1405/05/07,376.8mm,697W/m2,122.1degree,30.2°C,29.5%,10.2km/h,91.6kPa
09:50                                                     1405/05/08,376.8mm,695W/m2,119.3degree,26.4°C,34.7%,6.7km/h,91.9kPa
09:50                                                     1405/05/09,376.8mm,608W/m2,76.6degree,26.9°C,28.9%,25.8km/h,91.8kPa
09:50                                                     1405/05/11,378.4mm,724W/m2,55.5degree,23.7°C,45.1%,8.6km/h,91.8kPa
10:00                                                     1405/03/21,290.2mm,557W/m2,190.9degree,21.6°C,42.7%,9.0km/h,91.5kPa
10:00                                                     1405/03/22,290.2mm,608W/m2,204.4degree,21.3°C,41.3%,21.3km/h,92.0kPa
10:00                                                     1405/03/23,290.6mm,621W/m2,186.4degree,22.2°C,35.6%,6.8km/h,92.3kPa
10:00                                                     1405/03/24,290.6mm,574W/m2,176.2degree,24.2°C,29.2%,10.2km/h,92.0kPa
10:00                                                     1405/03/25,294.0mm,95W/m2,119.8degree,15.8°C,82.8%,6.0km/h,91.1kPa
10:00                                                     1405/03/26,295.0mm,655W/m2,176.8degree,20.0°C,66.6%,11.3km/h,91.3kPa
10:00                                                     1405/03/27,295.0mm,155W/m2,195.2degree,20.8°C,61.1%,21.2km/h,91.3kPa
10:00                                                     1405/03/28,304.2mm,731W/m2,176.9degree,17.5°C,70.0%,7.3km/h,90.9kPa
10:00                                                     1405/03/29,304.2mm,650W/m2,188.8degree,20.8°C,39.5%,2.7km/h,91.0kPa
10:00                                                     1405/03/30,325.8mm,589W/m2,135.0degree,19.1°C,51.8%,7.8km/h,91.2kPa
10:00                                                     1405/03/31,325.8mm,656W/m2,135.0degree,22.4°C,34.9%,8.1km/h,91.2kPa
10:00                                                     1405/04/01,334.8mm,79W/m2,332.7degree,11.5°C,88.5%,5.7km/h,91.4kPa
10:00                                                     1405/04/02,350.6mm,176W/m2,116.9degree,11.6°C,76.3%,7.0km/h,91.9kPa
10:00                                                     1405/04/03,350.6mm,660W/m2,117.5degree,16.4°C,47.7%,3.9km/h,91.5kPa
10:00                                                     1405/04/04,350.6mm,667W/m2,160.5degree,20.1°C,49.3%,11.3km/h,91.3kPa
10:00                                                     1405/04/09,406.4mm,675W/m2,188.5degree,17.2°C,56.7%,7.9km/h,91.7kPa
10:00                                                     1405/04/10,406.4mm,690W/m2,3.3degree,21.9°C,35.6%,2.6km/h,92.0kPa
10:00                                                     1405/04/11,406.8mm,694W/m2,162.4degree,20.9°C,42.9%,5.8km/h,92.5kPa
10:00                                                     1405/04/12,406.8mm,710W/m2,137.6degree,23.0°C,33.1%,7.7km/h,92.0kPa
10:00                                                     1405/04/13,355.2mm,690W/m2,169.4degree,24.2°C,33.0%,5.3km/h,91.5kPa
10:00                                                     1405/04/14,355.2mm,700W/m2,127.0degree,25.1°C,43.2%,8.8km/h,91.6kPa
10:00                                                     1405/04/15,355.2mm,654W/m2,78.7degree,16.5°C,50.3%,11.2km/h,92.0kPa
10:00                                                     1405/04/16,355.2mm,252W/m2,91.7degree,11.7°C,63.4%,12.6km/h,92.1kPa
10:00                                                     1405/04/17,355.2mm,645W/m2,55.9degree,14.2°C,41.8%,11.7km/h,92.2kPa
10:00                                                     1405/04/18,355.2mm,713W/m2,57.7degree,16.7°C,39.1%,7.2km/h,91.9kPa
10:00                                                     1405/04/19,355.2mm,715W/m2,150.8degree,22.0°C,34.0%,9.6km/h,91.6kPa
10:00                                                     1405/04/20,355.2mm,403W/m2,131.7degree,26.5°C,27.7%,4.0km/h,91.4kPa
10:00                                                     1405/04/21,355.2mm,203W/m2,56.7degree,25.0°C,33.9%,4.4km/h,91.2kPa
10:00                                                     1405/04/22,358.2mm,788W/m2,112.5degree,19.7°C,66.5%,5.3km/h,91.3kPa
10:00                                                     1405/04/23,367.4mm,824W/m2,110.0degree,18.8°C,70.1%,2.9km/h,91.7kPa
10:00                                                     1405/04/24,367.4mm,713W/m2,129.4degree,26.5°C,43.5%,6.1km/h,91.6kPa
10:00                                                     1405/04/25,376.8mm,756W/m2,83.4degree,28.5°C,34.8%,1.9km/h,91.8kPa
10:00                                                     1405/04/26,376.8mm,831W/m2,32.8degree,21.6°C,47.2%,7.3km/h,92.3kPa
10:00                                                     1405/04/27,376.8mm,368W/m2,41.4degree,20.8°C,40.4%,6.9km/h,91.4kPa
10:00                                                     1405/04/28,376.8mm,722W/m2,71.3degree,26.5°C,32.8%,6.9km/h,91.5kPa
10:00                                                     1405/04/29,376.8mm,726W/m2,56.0degree,25.1°C,31.9%,5.9km/h,91.5kPa
10:00                                                     1405/04/30,376.8mm,713W/m2,90.1degree,25.9°C,31.4%,6.5km/h,91.3kPa
10:00                                                     1405/05/01,376.8mm,135W/m2,113.1degree,17.4°C,61.9%,4.1km/h,91.9kPa
10:00                                                     1405/05/02,376.8mm,292W/m2,161.6degree,20.5°C,48.4%,2.0km/h,92.0kPa
10:00                                                     1405/05/03,376.8mm,744W/m2,76.0degree,24.4°C,41.4%,8.0km/h,92.0kPa
10:00                                                     1405/05/04,376.8mm,759W/m2,62.9degree,25.2°C,29.1%,5.3km/h,92.0kPa
10:00                                                     1405/05/05,376.8mm,740W/m2,179.1degree,30.0°C,22.5%,12.8km/h,91.9kPa
10:00                                                     1405/05/06,376.8mm,724W/m2,136.8degree,33.6°C,15.8%,9.7km/h,91.7kPa
10:00                                                     1405/05/07,376.8mm,715W/m2,145.9degree,30.3°C,30.0%,10.6km/h,91.6kPa
10:00                                                     1405/05/08,376.8mm,716W/m2,60.8degree,26.4°C,34.7%,8.7km/h,91.9kPa
10:00                                                     1405/05/09,376.8mm,756W/m2,80.1degree,27.2°C,30.0%,10.1km/h,91.8kPa
10:00                                                     1405/05/10,378.4mm,496W/m2,194.6degree,23.1°C,46.1%,10.1km/h,91.6kPa
10:00                                                     1405/05/11,378.4mm,743W/m2,121.4degree,23.5°C,44.7%,5.8km/h,91.8kPa
10:10                                                     1405/03/21,290.2mm,349W/m2,186.6degree,21.4°C,39.5%,12.3km/h,91.4kPa
10:10                                                     1405/03/22,290.2mm,629W/m2,195.2degree,21.6°C,39.9%,15.9km/h,92.0kPa
10:10                                                     1405/03/23,290.6mm,545W/m2,135.6degree,22.0°C,38.0%,10.1km/h,92.3kPa
10:10                                                     1405/03/25,294.0mm,194W/m2,100.2degree,16.1°C,81.7%,7.4km/h,91.0kPa
10:10                                                     1405/03/26,295.0mm,662W/m2,162.9degree,20.7°C,65.3%,10.6km/h,91.3kPa
10:10                                                     1405/03/27,295.0mm,160W/m2,196.1degree,20.8°C,61.2%,16.6km/h,91.2kPa
10:10                                                     1405/03/29,304.2mm,666W/m2,271.4degree,21.4°C,36.6%,3.5km/h,90.9kPa
10:10                                                     1405/03/30,325.8mm,573W/m2,139.2degree,19.6°C,50.5%,11.9km/h,91.2kPa
10:10                                                     1405/03/31,325.8mm,672W/m2,120.8degree,22.7°C,35.0%,8.7km/h,91.2kPa
10:10                                                     1405/04/01,335.6mm,70W/m2,325.5degree,11.7°C,89.5%,10.5km/h,91.4kPa
10:10                                                     1405/04/02,350.6mm,138W/m2,107.5degree,11.7°C,75.8%,5.2km/h,91.9kPa
10:10                                                     1405/04/03,350.6mm,681W/m2,220.1degree,16.6°C,49.1%,5.2km/h,91.5kPa
10:10                                                     1405/04/04,350.6mm,683W/m2,146.3degree,20.6°C,49.6%,8.8km/h,91.3kPa
10:10                                                     1405/04/09,406.4mm,717W/m2,100.6degree,18.0°C,54.2%,3.3km/h,91.7kPa
10:10                                                     1405/04/10,406.4mm,707W/m2,53.0degree,21.6°C,37.2%,11.8km/h,92.0kPa
10:10                                                     1405/04/11,406.8mm,709W/m2,187.4degree,21.0°C,41.0%,8.7km/h,92.5kPa
10:10                                                     1405/04/12,406.8mm,720W/m2,144.9degree,22.6°C,35.5%,4.6km/h,92.0kPa
10:10                                                     1405/04/13,355.2mm,705W/m2,164.9degree,24.6°C,31.2%,6.7km/h,91.5kPa
10:10                                                     1405/04/14,355.2mm,714W/m2,130.4degree,25.0°C,41.5%,6.7km/h,91.6kPa
10:10                                                     1405/04/16,355.2mm,233W/m2,100.0degree,11.8°C,62.8%,8.6km/h,92.2kPa
10:10                                                     1405/04/17,355.2mm,710W/m2,64.0degree,14.2°C,41.5%,17.9km/h,92.2kPa
10:10                                                     1405/04/18,355.2mm,725W/m2,60.6degree,16.9°C,39.2%,8.6km/h,91.9kPa
10:10                                                     1405/04/20,355.2mm,428W/m2,144.9degree,25.9°C,24.2%,6.8km/h,91.3kPa
10:10                                                     1405/04/21,355.2mm,164W/m2,53.3degree,25.0°C,31.4%,7.1km/h,91.1kPa
10:10                                                     1405/04/22,358.2mm,320W/m2,141.7degree,19.5°C,67.9%,8.1km/h,91.3kPa
10:10                                                     1405/04/24,367.4mm,730W/m2,97.5degree,26.6°C,41.6%,10.3km/h,91.5kPa
10:10                                                     1405/04/25,376.8mm,699W/m2,32.7degree,28.5°C,31.1%,3.1km/h,91.8kPa
10:10                                                     1405/04/26,376.8mm,517W/m2,332.4degree,21.5°C,47.5%,6.1km/h,92.3kPa
10:10                                                     1405/04/27,376.8mm,481W/m2,188.9degree,21.3°C,39.1%,1.3km/h,91.4kPa
10:10                                                     1405/04/29,376.8mm,740W/m2,125.5degree,25.3°C,31.7%,3.2km/h,91.5kPa
10:10                                                     1405/04/30,376.8mm,699W/m2,87.9degree,25.9°C,31.9%,12.4km/h,91.3kPa
10:10                                                     1405/05/01,376.8mm,128W/m2,140.5degree,17.4°C,61.7%,4.7km/h,91.9kPa
10:10                                                     1405/05/03,376.8mm,753W/m2,69.4degree,24.2°C,40.7%,12.1km/h,92.0kPa
10:10                                                     1405/05/04,376.8mm,777W/m2,99.5degree,25.3°C,28.8%,7.5km/h,92.0kPa
10:10                                                     1405/05/05,376.8mm,753W/m2,65.3degree,30.2°C,21.5%,6.7km/h,91.9kPa
10:10                                                     1405/05/08,376.8mm,773W/m2,112.6degree,27.0°C,34.5%,9.1km/h,91.9kPa
10:10                                                     1405/05/09,376.8mm,678W/m2,79.2degree,27.2°C,29.0%,17.4km/h,91.8kPa
10:10                                                     1405/05/11,378.4mm,757W/m2,71.9degree,24.5°C,42.5%,5.6km/h,91.7kPa
10:20                                                     1405/03/21,290.2mm,445W/m2,252.8degree,21.8°C,38.0%,15.0km/h,91.4kPa
10:20                                                     1405/03/22,290.2mm,645W/m2,190.4degree,21.6°C,40.8%,15.8km/h,92.0kPa
10:20                                                     1405/03/23,290.6mm,664W/m2,112.2degree,22.5°C,35.2%,6.8km/h,92.4kPa
10:20                                                     1405/03/24,290.6mm,536W/m2,189.6degree,24.5°C,25.9%,14.4km/h,91.9kPa
10:20                                                     1405/03/25,294.0mm,229W/m2,91.7degree,16.2°C,80.1%,9.8km/h,91.0kPa
10:20                                                     1405/03/26,295.0mm,421W/m2,194.1degree,21.3°C,59.0%,15.4km/h,91.3kPa
10:20                                                     1405/03/27,295.0mm,169W/m2,207.0degree,21.0°C,60.9%,17.5km/h,91.2kPa
10:20                                                     1405/03/28,304.2mm,690W/m2,195.9degree,17.9°C,65.0%,9.1km/h,90.8kPa
10:20                                                     1405/03/29,304.2mm,682W/m2,244.2degree,21.6°C,34.5%,3.8km/h,90.9kPa
10:20                                                     1405/03/30,325.8mm,675W/m2,118.8degree,20.1°C,49.0%,8.7km/h,91.2kPa
10:20                                                     1405/03/31,325.8mm,688W/m2,105.9degree,23.0°C,34.0%,7.9km/h,91.2kPa
10:20                                                     1405/04/01,336.6mm,77W/m2,333.0degree,11.6°C,89.5%,7.2km/h,91.4kPa
10:20                                                     1405/04/02,350.6mm,196W/m2,117.4degree,11.6°C,76.4%,5.5km/h,91.9kPa
10:20                                                     1405/04/03,350.6mm,693W/m2,212.4degree,16.5°C,50.1%,4.5km/h,91.5kPa
10:20                                                     1405/04/04,350.6mm,697W/m2,182.6degree,20.8°C,46.0%,19.4km/h,91.2kPa
10:20                                                     1405/04/09,406.4mm,575W/m2,172.7degree,18.3°C,53.2%,2.1km/h,91.7kPa
10:20                                                     1405/04/10,406.4mm,717W/m2,265.4degree,21.7°C,37.5%,2.5km/h,92.1kPa
10:20                                                     1405/04/11,406.8mm,723W/m2,164.3degree,21.0°C,42.0%,5.0km/h,92.5kPa
10:20                                                     1405/04/12,406.8mm,730W/m2,133.2degree,22.8°C,34.2%,9.7km/h,92.0kPa
10:20                                                     1405/04/13,355.2mm,715W/m2,140.3degree,24.6°C,35.4%,4.0km/h,91.6kPa
10:20                                                     1405/04/14,355.2mm,724W/m2,136.6degree,25.5°C,42.4%,7.5km/h,91.6kPa
10:20                                                     1405/04/15,355.2mm,687W/m2,114.5degree,16.5°C,50.8%,7.7km/h,92.0kPa
10:20                                                     1405/04/16,355.2mm,204W/m2,106.4degree,11.7°C,63.0%,13.4km/h,92.1kPa
10:20                                                     1405/04/17,355.2mm,602W/m2,59.7degree,14.5°C,39.7%,11.1km/h,92.2kPa
10:20                                                     1405/04/18,355.2mm,739W/m2,61.6degree,17.2°C,38.1%,12.3km/h,91.9kPa
10:20                                                     1405/04/19,355.2mm,737W/m2,172.2degree,22.8°C,31.9%,10.6km/h,91.6kPa
10:20                                                     1405/04/20,355.2mm,293W/m2,151.1degree,25.5°C,26.0%,6.1km/h,91.3kPa
10:20                                                     1405/04/21,355.2mm,177W/m2,54.8degree,24.8°C,31.7%,9.4km/h,91.1kPa
10:20                                                     1405/04/22,358.2mm,304W/m2,184.2degree,19.2°C,66.5%,4.5km/h,91.3kPa
10:20                                                     1405/04/23,367.4mm,659W/m2,191.8degree,19.7°C,68.8%,5.8km/h,91.7kPa
10:20                                                     1405/04/24,367.4mm,744W/m2,141.3degree,26.9°C,40.8%,8.4km/h,91.6kPa
10:20                                                     1405/04/25,376.8mm,644W/m2,63.5degree,28.5°C,32.7%,6.7km/h,91.8kPa
10:20                                                     1405/04/26,376.8mm,822W/m2,346.7degree,22.5°C,46.3%,10.5km/h,92.3kPa
10:20                                                     1405/04/27,376.8mm,362W/m2,15.7degree,21.8°C,39.0%,9.6km/h,91.4kPa
10:20                                                     1405/04/28,376.8mm,753W/m2,194.8degree,26.9°C,31.7%,7.6km/h,91.5kPa
10:20                                                     1405/05/01,376.8mm,143W/m2,114.1degree,17.4°C,61.1%,3.1km/h,91.8kPa
10:20                                                     1405/05/02,376.8mm,962W/m2,83.8degree,20.5°C,50.1%,12.3km/h,92.0kPa
10:20                                                     1405/05/04,376.8mm,790W/m2,50.2degree,25.9°C,27.3%,12.6km/h,91.9kPa
10:20                                                     1405/05/05,376.8mm,762W/m2,141.3degree,30.6°C,21.4%,7.7km/h,91.9kPa
10:20                                                     1405/05/06,376.8mm,762W/m2,187.6degree,33.7°C,15.5%,7.6km/h,91.7kPa
10:20                                                     1405/05/07,376.8mm,741W/m2,86.2degree,30.4°C,29.7%,15.9km/h,91.6kPa
10:20                                                     1405/05/08,376.8mm,749W/m2,50.2degree,26.6°C,33.7%,6.9km/h,91.9kPa
10:20                                                     1405/05/09,376.8mm,682W/m2,99.1degree,27.3°C,30.3%,7.6km/h,91.8kPa
10:20                                                     1405/05/10,378.4mm,782W/m2,47.0degree,23.5°C,44.5%,12.1km/h,91.5kPa
10:20                                                     1405/05/11,378.4mm,780W/m2,52.6degree,24.7°C,41.9%,4.1km/h,91.7kPa
10:30                                                     1405/03/21,290.2mm,347W/m2,257.9degree,21.9°C,38.1%,21.5km/h,91.5kPa
10:30                                                     1405/03/22,290.2mm,663W/m2,135.1degree,21.9°C,41.6%,13.0km/h,92.0kPa
10:30                                                     1405/03/23,290.6mm,669W/m2,150.7degree,22.6°C,34.5%,9.9km/h,92.3kPa
10:30                                                     1405/03/25,294.0mm,275W/m2,87.1degree,16.6°C,79.6%,11.1km/h,91.0kPa
10:30                                                     1405/03/26,295.0mm,327W/m2,178.7degree,20.8°C,61.5%,8.6km/h,91.3kPa
10:30                                                     1405/03/27,295.0mm,168W/m2,198.9degree,21.1°C,60.1%,23.3km/h,91.2kPa
10:30                                                     1405/03/29,304.2mm,694W/m2,204.1degree,22.1°C,33.4%,0.1km/h,90.9kPa
10:30                                                     1405/03/31,325.8mm,701W/m2,141.8degree,23.3°C,33.0%,8.9km/h,91.2kPa
10:30                                                     1405/04/01,337.2mm,66W/m2,327.9degree,11.4°C,89.1%,6.0km/h,91.4kPa
10:30                                                     1405/04/02,350.6mm,330W/m2,95.2degree,12.0°C,74.8%,5.7km/h,91.9kPa
10:30                                                     1405/04/03,350.6mm,709W/m2,146.6degree,16.8°C,49.5%,5.8km/h,91.5kPa
10:30                                                     1405/04/04,350.6mm,707W/m2,189.2degree,21.1°C,47.1%,18.3km/h,91.3kPa
10:30                                                     1405/04/09,406.4mm,719W/m2,155.0degree,18.8°C,50.8%,7.5km/h,91.7kPa
10:30                                                     1405/04/10,406.4mm,720W/m2,106.9degree,22.0°C,48.1%,8.6km/h,92.1kPa
10:30                                                     1405/04/11,406.8mm,735W/m2,185.6degree,21.5°C,42.8%,5.9km/h,92.5kPa
10:30                                                     1405/04/12,406.8mm,748W/m2,99.8degree,23.4°C,33.5%,7.7km/h,92.0kPa
10:30                                                     1405/04/13,355.2mm,729W/m2,158.0degree,24.4°C,31.4%,10.7km/h,91.5kPa
10:30                                                     1405/04/14,355.2mm,737W/m2,153.2degree,25.5°C,41.3%,6.7km/h,91.6kPa
10:30                                                     1405/04/16,355.2mm,186W/m2,98.0degree,11.7°C,64.3%,6.4km/h,92.2kPa
10:30                                                     1405/04/17,355.2mm,565W/m2,65.5degree,14.9°C,39.2%,12.2km/h,92.2kPa
10:30                                                     1405/04/18,355.2mm,752W/m2,57.7degree,17.5°C,35.5%,11.6km/h,91.9kPa
10:30                                                     1405/04/20,355.2mm,416W/m2,179.3degree,25.4°C,24.6%,6.8km/h,91.2kPa
10:30                                                     1405/04/21,355.2mm,153W/m2,52.4degree,24.7°C,34.3%,4.5km/h,91.1kPa
10:30                                                     1405/04/22,358.2mm,377W/m2,122.1degree,19.6°C,70.6%,7.7km/h,91.3kPa
10:30                                                     1405/04/24,367.4mm,753W/m2,136.4degree,27.0°C,41.2%,8.3km/h,91.6kPa
10:30                                                     1405/04/26,376.8mm,490W/m2,2.2degree,22.0°C,46.9%,6.1km/h,92.3kPa
10:30                                                     1405/04/27,376.8mm,449W/m2,133.7degree,21.4°C,40.1%,4.1km/h,91.4kPa
10:30                                                     1405/04/29,376.8mm,766W/m2,68.7degree,25.7°C,31.9%,4.0km/h,91.5kPa
10:30                                                     1405/04/30,376.8mm,765W/m2,102.4degree,25.7°C,33.3%,13.3km/h,91.3kPa
10:30                                                     1405/05/01,376.8mm,145W/m2,293.2degree,17.5°C,59.2%,0.6km/h,91.8kPa
10:30                                                     1405/05/03,376.8mm,773W/m2,86.4degree,25.3°C,40.1%,12.7km/h,92.0kPa
10:30                                                     1405/05/04,376.8mm,803W/m2,155.6degree,26.0°C,25.5%,3.6km/h,91.9kPa
10:30                                                     1405/05/05,376.8mm,775W/m2,130.2degree,30.8°C,22.4%,6.6km/h,91.9kPa
10:30                                                     1405/05/07,376.8mm,749W/m2,107.0degree,30.2°C,29.4%,13.6km/h,91.6kPa
10:30                                                     1405/05/08,376.8mm,750W/m2,112.7degree,26.8°C,34.5%,7.1km/h,91.9kPa
10:30                                                     1405/05/09,376.8mm,635W/m2,60.9degree,27.0°C,29.1%,25.1km/h,91.8kPa
10:40                                                     1405/03/21,290.2mm,282W/m2,240.1degree,21.6°C,38.5%,19.3km/h,91.4kPa
10:40                                                     1405/03/22,290.2mm,678W/m2,135.3degree,22.1°C,40.1%,6.6km/h,92.0kPa
10:40                                                     1405/03/23,290.6mm,668W/m2,149.0degree,23.2°C,34.3%,12.9km/h,92.4kPa
10:40                                                     1405/03/24,290.6mm,545W/m2,181.8degree,25.0°C,25.4%,10.8km/h,91.9kPa
10:40                                                     1405/03/25,294.0mm,236W/m2,94.8degree,16.8°C,77.9%,11.0km/h,91.0kPa
10:40                                                     1405/03/26,295.0mm,904W/m2,206.8degree,21.7°C,56.3%,14.4km/h,91.3kPa
10:40                                                     1405/03/27,295.0mm,192W/m2,205.9degree,21.1°C,59.5%,23.3km/h,91.2kPa
10:40                                                     1405/03/28,304.2mm,630W/m2,163.3degree,18.4°C,65.2%,7.9km/h,90.9kPa
10:40                                                     1405/03/29,304.2mm,705W/m2,198.9degree,22.6°C,32.5%,10.5km/h,90.9kPa
10:40                                                     1405/03/30,325.8mm,602W/m2,172.4degree,20.8°C,44.5%,7.7km/h,91.1kPa
10:40                                                     1405/03/31,325.8mm,714W/m2,104.6degree,23.6°C,31.0%,9.6km/h,91.1kPa
10:40                                                     1405/04/01,338.0mm,53W/m2,325.8degree,11.5°C,89.5%,7.9km/h,91.4kPa
10:40                                                     1405/04/02,350.6mm,255W/m2,65.3degree,12.2°C,71.1%,9.7km/h,91.8kPa
10:40                                                     1405/04/03,350.6mm,725W/m2,153.7degree,17.1°C,50.1%,7.8km/h,91.5kPa
10:40                                                     1405/04/09,406.4mm,732W/m2,115.7degree,19.2°C,51.6%,8.5km/h,91.7kPa
10:40                                                     1405/04/10,406.4mm,743W/m2,137.6degree,21.4°C,44.7%,8.3km/h,92.1kPa
10:40                                                     1405/04/11,406.8mm,745W/m2,55.7degree,21.4°C,39.6%,3.4km/h,92.5kPa
10:40                                                     1405/04/12,406.8mm,766W/m2,92.1degree,23.4°C,30.2%,6.7km/h,92.0kPa
10:40                                                     1405/04/13,355.2mm,737W/m2,173.5degree,24.6°C,30.4%,7.4km/h,91.5kPa
10:40                                                     1405/04/14,355.2mm,743W/m2,139.1degree,26.0°C,38.7%,14.5km/h,91.5kPa
10:40                                                     1405/04/15,355.2mm,704W/m2,73.5degree,16.8°C,49.7%,10.4km/h,92.0kPa
10:40                                                     1405/04/16,355.2mm,176W/m2,130.8degree,11.8°C,64.1%,10.6km/h,92.2kPa
10:40                                                     1405/04/17,355.2mm,634W/m2,73.3degree,14.9°C,38.8%,22.5km/h,92.2kPa
10:40                                                     1405/04/18,355.2mm,768W/m2,17.7degree,17.8°C,34.9%,4.4km/h,91.9kPa
10:40                                                     1405/04/19,355.2mm,760W/m2,156.3degree,23.6°C,29.0%,9.4km/h,91.5kPa
10:40                                                     1405/04/20,355.2mm,353W/m2,157.7degree,25.5°C,28.5%,6.5km/h,91.3kPa
10:40                                                     1405/04/21,355.2mm,145W/m2,71.0degree,24.7°C,34.4%,6.9km/h,91.1kPa
10:40                                                     1405/04/22,358.2mm,291W/m2,166.4degree,20.0°C,67.9%,9.6km/h,91.2kPa
10:40                                                     1405/04/23,367.4mm,593W/m2,260.9degree,19.6°C,66.7%,3.7km/h,91.7kPa
10:40                                                     1405/04/24,367.4mm,766W/m2,120.2degree,27.0°C,41.1%,8.4km/h,91.5kPa
10:40                                                     1405/04/26,376.8mm,555W/m2,64.6degree,21.6°C,46.7%,8.0km/h,92.2kPa
10:40                                                     1405/04/27,376.8mm,880W/m2,75.8degree,21.7°C,39.2%,1.7km/h,91.4kPa
10:40                                                     1405/04/28,376.8mm,772W/m2,99.5degree,26.6°C,31.2%,6.3km/h,91.5kPa
10:40                                                     1405/04/29,376.8mm,772W/m2,108.7degree,26.2°C,31.5%,4.1km/h,91.5kPa
10:40                                                     1405/04/30,376.8mm,782W/m2,85.7degree,25.4°C,34.2%,21.5km/h,91.3kPa
10:40                                                     1405/05/01,376.8mm,132W/m2,253.3degree,17.8°C,58.9%,2.7km/h,91.8kPa
10:40                                                     1405/05/02,376.8mm,364W/m2,79.0degree,20.3°C,50.2%,5.3km/h,92.0kPa
10:40                                                     1405/05/03,376.8mm,793W/m2,91.2degree,24.6°C,39.2%,10.7km/h,92.0kPa
10:40                                                     1405/05/04,376.8mm,815W/m2,82.3degree,26.7°C,25.5%,10.0km/h,91.9kPa
10:40                                                     1405/05/05,376.8mm,784W/m2,132.2degree,31.2°C,22.3%,5.4km/h,91.9kPa
10:40                                                     1405/05/06,376.8mm,786W/m2,166.7degree,34.3°C,15.6%,11.2km/h,91.7kPa
10:40                                                     1405/05/08,376.8mm,758W/m2,45.6degree,27.0°C,32.6%,1.2km/h,91.9kPa
10:40                                                     1405/05/10,378.4mm,493W/m2,35.2degree,23.9°C,44.0%,4.3km/h,91.6kPa
10:40                                                     1405/05/11,378.4mm,801W/m2,47.3degree,24.6°C,40.1%,12.9km/h,91.6kPa
10:50                                                     1405/03/21,290.2mm,166W/m2,225.1degree,20.9°C,40.9%,17.6km/h,91.4kPa
10:50                                                     1405/03/22,290.2mm,688W/m2,181.5degree,22.8°C,39.7%,9.6km/h,92.1kPa
10:50                                                     1405/03/23,290.6mm,677W/m2,180.9degree,23.1°C,33.6%,13.8km/h,92.3kPa
10:50                                                     1405/03/25,294.0mm,255W/m2,106.0degree,17.0°C,76.2%,12.8km/h,91.0kPa
10:50                                                     1405/03/26,295.0mm,765W/m2,189.1degree,22.6°C,51.3%,18.0km/h,91.4kPa
10:50                                                     1405/03/27,295.0mm,203W/m2,199.8degree,20.9°C,59.1%,36.9km/h,91.2kPa
10:50                                                     1405/03/29,304.2mm,717W/m2,155.6degree,22.5°C,33.4%,3.9km/h,90.9kPa
10:50                                                     1405/03/30,325.8mm,529W/m2,132.9degree,21.3°C,44.4%,10.2km/h,91.2kPa
10:50                                                     1405/03/31,325.8mm,721W/m2,129.5degree,23.9°C,31.2%,11.9km/h,91.1kPa
10:50                                                     1405/04/01,338.8mm,73W/m2,337.0degree,11.1°C,89.5%,8.3km/h,91.4kPa
10:50                                                     1405/04/02,350.6mm,199W/m2,92.5degree,12.1°C,68.4%,6.8km/h,91.8kPa
10:50                                                     1405/04/03,350.6mm,731W/m2,167.8degree,17.0°C,47.9%,8.0km/h,91.5kPa
10:50                                                     1405/04/04,350.6mm,730W/m2,172.3degree,21.4°C,45.9%,14.6km/h,91.2kPa
10:50                                                     1405/04/09,406.4mm,743W/m2,166.8degree,19.5°C,52.4%,8.0km/h,91.7kPa
10:50                                                     1405/04/10,406.4mm,743W/m2,117.6degree,21.7°C,45.2%,11.1km/h,92.1kPa
10:50                                                     1405/04/11,406.8mm,754W/m2,103.4degree,21.6°C,39.9%,6.7km/h,92.5kPa
10:50                                                     1405/04/12,406.8mm,768W/m2,124.9degree,23.6°C,26.6%,7.7km/h,91.9kPa
10:50                                                     1405/04/13,355.2mm,751W/m2,169.6degree,25.2°C,28.6%,11.3km/h,91.5kPa
10:50                                                     1405/04/14,355.2mm,754W/m2,113.3degree,26.2°C,40.1%,14.5km/h,91.5kPa
10:50                                                     1405/04/16,355.2mm,167W/m2,89.3degree,11.8°C,64.1%,9.8km/h,92.1kPa
10:50                                                     1405/04/17,355.2mm,597W/m2,45.8degree,14.8°C,39.0%,8.7km/h,92.2kPa
10:50                                                     1405/04/18,355.2mm,780W/m2,62.4degree,18.3°C,33.8%,7.3km/h,91.9kPa
10:50                                                     1405/04/20,355.2mm,416W/m2,158.6degree,25.7°C,26.4%,4.3km/h,91.3kPa
10:50                                                     1405/04/21,355.2mm,106W/m2,49.1degree,24.6°C,36.9%,4.6km/h,91.1kPa
10:50                                                     1405/04/22,358.2mm,769W/m2,162.9degree,20.5°C,67.1%,6.0km/h,91.2kPa
10:50                                                     1405/04/24,367.4mm,777W/m2,146.3degree,27.2°C,39.2%,8.1km/h,91.5kPa
10:50                                                     1405/04/26,376.8mm,751W/m2,116.5degree,22.8°C,45.4%,7.7km/h,92.2kPa
10:50                                                     1405/04/27,376.8mm,851W/m2,99.1degree,22.5°C,39.7%,10.1km/h,91.4kPa
10:50                                                     1405/04/29,376.8mm,780W/m2,25.9degree,26.1°C,31.4%,9.7km/h,91.5kPa
10:50                                                     1405/04/30,376.8mm,792W/m2,100.2degree,25.3°C,34.9%,14.4km/h,91.4kPa
10:50                                                     1405/05/01,376.8mm,156W/m2,92.7degree,18.0°C,59.0%,5.0km/h,91.8kPa
10:50                                                     1405/05/03,376.8mm,793W/m2,168.1degree,24.9°C,38.2%,9.3km/h,92.0kPa
10:50                                                     1405/05/04,376.8mm,821W/m2,80.6degree,26.7°C,26.3%,5.7km/h,91.9kPa
10:50                                                     1405/05/08,376.8mm,774W/m2,100.5degree,27.3°C,33.1%,3.5km/h,91.9kPa
10:50                                                     1405/05/09,376.8mm,824W/m2,75.8degree,27.5°C,29.2%,9.8km/h,91.8kPa
11:00                                                     1405/03/21,290.2mm,192W/m2,245.6degree,19.7°C,48.1%,8.0km/h,91.4kPa
11:00                                                     1405/03/22,290.2mm,711W/m2,149.7degree,23.2°C,36.2%,16.0km/h,92.0kPa
11:00                                                     1405/03/23,290.6mm,684W/m2,155.3degree,23.3°C,33.6%,17.2km/h,92.3kPa
11:00                                                     1405/03/24,290.6mm,588W/m2,182.9degree,25.5°C,24.4%,13.8km/h,91.9kPa
11:00                                                     1405/03/25,294.0mm,248W/m2,97.5degree,17.1°C,74.5%,15.3km/h,91.0kPa
11:00                                                     1405/03/26,295.0mm,287W/m2,192.2degree,21.9°C,55.1%,17.8km/h,91.4kPa
11:00                                                     1405/03/27,295.0mm,175W/m2,196.6degree,20.8°C,60.4%,30.0km/h,91.2kPa
11:00                                                     1405/03/28,304.2mm,502W/m2,178.4degree,18.3°C,63.9%,11.1km/h,90.9kPa
11:00                                                     1405/03/29,304.2mm,722W/m2,133.6degree,22.5°C,33.0%,6.0km/h,90.9kPa
11:00                                                     1405/03/30,325.8mm,536W/m2,103.5degree,21.1°C,45.5%,7.4km/h,91.2kPa
11:00                                                     1405/03/31,325.8mm,728W/m2,127.7degree,24.2°C,30.9%,11.5km/h,91.1kPa
11:00                                                     1405/04/01,339.6mm,71W/m2,341.3degree,11.2°C,90.3%,8.2km/h,91.4kPa
11:00                                                     1405/04/02,350.6mm,237W/m2,95.2degree,12.3°C,70.0%,6.2km/h,91.9kPa
11:00                                                     1405/04/04,350.6mm,740W/m2,190.9degree,21.8°C,40.5%,20.9km/h,91.1kPa
11:00                                                     1405/04/09,406.4mm,753W/m2,110.8degree,19.6°C,49.3%,3.0km/h,91.6kPa
11:00                                                     1405/04/10,406.4mm,757W/m2,115.4degree,21.5°C,42.1%,13.1km/h,92.0kPa
11:00                                                     1405/04/11,406.8mm,762W/m2,210.0degree,21.8°C,42.7%,9.6km/h,92.5kPa
11:00                                                     1405/04/12,406.8mm,765W/m2,176.2degree,23.9°C,27.4%,2.6km/h,91.9kPa
11:00                                                     1405/04/13,355.2mm,757W/m2,129.9degree,25.7°C,29.9%,9.4km/h,91.5kPa
11:00                                                     1405/04/14,355.2mm,762W/m2,144.4degree,26.5°C,39.5%,11.6km/h,91.5kPa
11:00                                                     1405/04/15,355.2mm,726W/m2,93.9degree,17.1°C,48.2%,11.9km/h,91.9kPa
11:00                                                     1405/04/16,355.2mm,137W/m2,79.8degree,11.6°C,64.5%,18.3km/h,92.1kPa
11:00                                                     1405/04/17,355.2mm,606W/m2,60.8degree,15.0°C,39.5%,12.7km/h,92.2kPa
11:00                                                     1405/04/18,355.2mm,784W/m2,287.2degree,18.5°C,33.9%,3.6km/h,91.9kPa
11:00                                                     1405/04/19,355.2mm,778W/m2,159.5degree,24.1°C,27.8%,11.2km/h,91.6kPa
11:00                                                     1405/04/20,355.2mm,320W/m2,133.4degree,25.7°C,26.1%,2.0km/h,91.3kPa
11:00                                                     1405/04/21,355.2mm,87W/m2,344.3degree,24.5°C,36.7%,1.7km/h,91.1kPa
11:00                                                     1405/04/22,358.2mm,764W/m2,197.6degree,20.8°C,62.7%,6.7km/h,91.2kPa
11:00                                                     1405/04/23,367.4mm,800W/m2,242.2degree,19.6°C,65.8%,6.3km/h,91.7kPa
11:00                                                     1405/04/24,367.4mm,786W/m2,147.0degree,27.9°C,36.6%,13.5km/h,91.5kPa
11:00                                                     1405/04/25,376.8mm,772W/m2,74.0degree,30.2°C,31.4%,3.5km/h,91.8kPa
11:00                                                     1405/04/26,376.8mm,731W/m2,79.9degree,22.7°C,43.2%,20.2km/h,92.2kPa
11:00                                                     1405/04/27,376.8mm,434W/m2,30.9degree,22.3°C,39.1%,2.4km/h,91.4kPa
11:00                                                     1405/04/28,376.8mm,791W/m2,43.2degree,26.9°C,29.5%,5.2km/h,91.4kPa
11:00                                                     1405/04/29,376.8mm,788W/m2,42.8degree,26.2°C,29.2%,3.7km/h,91.4kPa
11:00                                                     1405/04/30,376.8mm,790W/m2,109.8degree,25.2°C,35.4%,20.6km/h,91.3kPa
11:00                                                     1405/05/02,376.8mm,408W/m2,103.2degree,20.4°C,49.2%,12.3km/h,91.9kPa
11:00                                                     1405/05/03,376.8mm,809W/m2,65.9degree,25.3°C,36.8%,14.6km/h,92.0kPa
11:00                                                     1405/05/04,376.8mm,827W/m2,54.7degree,26.3°C,24.6%,5.1km/h,91.9kPa
11:00                                                     1405/05/06,376.8mm,802W/m2,120.2degree,34.6°C,16.2%,8.3km/h,91.7kPa
11:00                                                     1405/05/08,376.8mm,792W/m2,71.6degree,27.2°C,34.3%,12.1km/h,91.9kPa
11:00                                                     1405/05/10,378.4mm,862W/m2,100.8degree,24.4°C,43.0%,16.2km/h,91.6kPa
11:00                                                     1405/05/11,378.4mm,800W/m2,95.9degree,25.4°C,36.7%,9.9km/h,91.6kPa
11:10                                                     1405/03/21,290.2mm,232W/m2,253.1degree,20.2°C,45.3%,15.3km/h,91.5kPa
11:10                                                     1405/03/22,290.2mm,592W/m2,98.6degree,23.2°C,38.0%,6.7km/h,92.0kPa
11:10                                                     1405/03/23,290.6mm,688W/m2,165.7degree,23.2°C,32.8%,12.6km/h,92.3kPa
11:10                                                     1405/03/25,294.0mm,187W/m2,111.6degree,17.1°C,74.5%,13.3km/h,91.0kPa
11:10                                                     1405/03/26,295.0mm,285W/m2,186.9degree,22.2°C,54.2%,20.2km/h,91.4kPa
11:10                                                     1405/03/27,295.0mm,185W/m2,202.5degree,20.9°C,58.1%,40.6km/h,91.1kPa
11:10                                                     1405/03/29,304.2mm,729W/m2,145.2degree,22.4°C,31.5%,12.3km/h,90.9kPa
11:10                                                     1405/03/30,325.8mm,470W/m2,130.9degree,21.4°C,44.7%,8.8km/h,91.2kPa
11:10                                                     1405/03/31,325.8mm,738W/m2,105.5degree,24.5°C,29.8%,11.0km/h,91.1kPa
11:10                                                     1405/04/01,340.6mm,79W/m2,353.2degree,11.2°C,90.5%,10.9km/h,91.4kPa
11:10                                                     1405/04/02,350.6mm,199W/m2,97.1degree,12.4°C,68.1%,2.8km/h,91.9kPa
11:10                                                     1405/04/03,350.6mm,749W/m2,188.2degree,17.6°C,44.6%,9.0km/h,91.5kPa
11:10                                                     1405/04/04,350.6mm,751W/m2,192.5degree,22.3°C,38.0%,16.6km/h,91.1kPa
11:10                                                     1405/04/08,406.4mm,749W/m2,131.6degree,17.8°C,61.8%,13.0km/h,91.4kPa
11:10                                                     1405/04/09,406.4mm,759W/m2,91.7degree,19.5°C,51.8%,9.6km/h,91.6kPa
11:10                                                     1405/04/10,406.4mm,762W/m2,110.2degree,21.7°C,41.2%,12.7km/h,92.0kPa
11:10                                                     1405/04/11,406.8mm,771W/m2,137.8degree,21.6°C,40.1%,3.1km/h,92.5kPa
11:10                                                     1405/04/12,406.8mm,777W/m2,174.1degree,24.2°C,24.8%,3.6km/h,91.9kPa
11:10                                                     1405/04/13,355.2mm,758W/m2,155.9degree,25.7°C,31.8%,7.9km/h,91.5kPa
11:10                                                     1405/04/14,355.2mm,772W/m2,181.1degree,26.7°C,36.5%,13.9km/h,91.5kPa
11:10                                                     1405/04/16,355.2mm,156W/m2,103.4degree,11.5°C,64.6%,7.1km/h,92.1kPa
11:10                                                     1405/04/17,355.2mm,654W/m2,126.0degree,15.5°C,39.8%,12.9km/h,92.2kPa
11:10                                                     1405/04/18,355.2mm,791W/m2,58.6degree,18.4°C,32.2%,5.8km/h,91.9kPa
11:10                                                     1405/04/20,355.2mm,227W/m2,134.7degree,25.6°C,28.3%,3.9km/h,91.3kPa
11:10                                                     1405/04/21,355.2mm,134W/m2,51.9degree,24.5°C,39.1%,6.2km/h,91.1kPa
11:10                                                     1405/04/22,358.2mm,774W/m2,161.0degree,21.1°C,64.4%,7.7km/h,91.2kPa
11:10                                                     1405/04/24,367.4mm,790W/m2,133.0degree,28.2°C,39.0%,6.6km/h,91.5kPa
11:10                                                     1405/04/25,376.8mm,677W/m2,60.4degree,29.6°C,32.8%,7.6km/h,91.8kPa
11:10                                                     1405/04/26,376.8mm,761W/m2,88.3degree,21.8°C,43.7%,24.8km/h,92.1kPa
11:10                                                     1405/04/27,376.8mm,866W/m2,105.5degree,22.5°C,41.1%,8.6km/h,91.4kPa
11:10                                                     1405/04/29,376.8mm,792W/m2,55.0degree,26.3°C,31.3%,11.4km/h,91.5kPa
11:10                                                     1405/04/30,376.8mm,803W/m2,117.3degree,25.4°C,36.3%,19.5km/h,91.3kPa
11:10                                                     1405/05/01,376.8mm,196W/m2,78.2degree,18.7°C,57.7%,2.4km/h,91.8kPa
11:10                                                     1405/05/03,376.8mm,823W/m2,94.7degree,25.6°C,36.4%,4.4km/h,92.0kPa
11:10                                                     1405/05/04,376.8mm,830W/m2,19.5degree,27.0°C,22.1%,3.2km/h,91.9kPa
11:10                                                     1405/05/05,376.8mm,806W/m2,194.0degree,31.9°C,19.6%,13.0km/h,91.8kPa
11:10                                                     1405/05/08,376.8mm,803W/m2,86.8degree,27.7°C,33.0%,16.2km/h,91.9kPa
11:10                                                     1405/05/09,376.8mm,405W/m2,99.3degree,27.2°C,28.7%,21.1km/h,91.7kPa
11:10                                                     1405/05/11,378.4mm,820W/m2,70.2degree,25.2°C,36.2%,10.7km/h,91.6kPa
11:20                                                     1405/03/21,290.2mm,296W/m2,258.2degree,20.6°C,41.4%,21.5km/h,91.4kPa
11:20                                                     1405/03/22,290.2mm,846W/m2,181.3degree,23.2°C,36.9%,11.8km/h,92.0kPa
11:20                                                     1405/03/23,290.6mm,694W/m2,158.0degree,23.8°C,31.8%,13.2km/h,92.3kPa
11:20                                                     1405/03/24,290.6mm,486W/m2,197.4degree,25.5°C,24.5%,14.0km/h,91.8kPa
11:20                                                     1405/03/25,294.0mm,135W/m2,119.1degree,17.0°C,75.6%,7.5km/h,91.0kPa
11:20                                                     1405/03/26,295.0mm,755W/m2,204.2degree,22.5°C,54.0%,22.7km/h,91.4kPa
11:20                                                     1405/03/27,295.0mm,203W/m2,194.7degree,20.9°C,57.9%,40.7km/h,91.1kPa
11:20                                                     1405/03/28,304.2mm,696W/m2,167.3degree,18.8°C,63.5%,7.2km/h,90.9kPa
11:20                                                     1405/03/29,304.2mm,731W/m2,186.3degree,22.4°C,31.9%,11.9km/h,90.9kPa
11:20                                                     1405/03/30,325.8mm,360W/m2,134.6degree,21.3°C,41.2%,8.6km/h,91.1kPa
11:20                                                     1405/03/31,325.8mm,742W/m2,117.3degree,24.5°C,27.6%,15.2km/h,91.0kPa
11:20                                                     1405/04/01,341.6mm,75W/m2,345.9degree,11.2°C,90.4%,8.6km/h,91.4kPa
11:20                                                     1405/04/02,350.6mm,184W/m2,51.4degree,12.5°C,66.7%,2.9km/h,91.9kPa
11:20                                                     1405/04/04,350.6mm,722W/m2,176.2degree,22.5°C,39.6%,17.2km/h,91.1kPa
11:20                                                     1405/04/08,406.4mm,755W/m2,138.9degree,18.1°C,60.8%,15.5km/h,91.4kPa
11:20                                                     1405/04/09,406.4mm,772W/m2,115.5degree,20.0°C,50.9%,3.7km/h,91.7kPa
11:20                                                     1405/04/10,406.4mm,767W/m2,162.6degree,22.0°C,38.0%,8.7km/h,92.0kPa
11:20                                                     1405/04/11,406.8mm,776W/m2,264.6degree,21.7°C,41.7%,2.6km/h,92.5kPa
11:20                                                     1405/04/12,406.8mm,767W/m2,218.4degree,24.6°C,27.5%,6.8km/h,91.9kPa
11:20                                                     1405/04/13,355.2mm,770W/m2,151.2degree,25.9°C,29.6%,10.3km/h,91.5kPa
11:20                                                     1405/04/14,355.2mm,766W/m2,133.0degree,26.9°C,36.9%,10.9km/h,91.5kPa
11:20                                                     1405/04/15,355.2mm,745W/m2,98.3degree,17.8°C,46.6%,7.8km/h,91.9kPa
11:20                                                     1405/04/16,355.2mm,132W/m2,120.2degree,11.3°C,64.3%,17.6km/h,92.1kPa
11:20                                                     1405/04/17,355.2mm,644W/m2,54.4degree,15.5°C,39.6%,13.6km/h,92.2kPa
11:20                                                     1405/04/18,355.2mm,787W/m2,83.7degree,19.0°C,33.5%,10.5km/h,91.9kPa
11:20                                                     1405/04/19,355.2mm,788W/m2,195.0degree,24.8°C,26.2%,11.8km/h,91.5kPa
11:20                                                     1405/04/20,355.2mm,158W/m2,121.5degree,25.5°C,28.0%,4.1km/h,91.2kPa
11:20                                                     1405/04/21,355.2mm,121W/m2,55.5degree,24.2°C,38.4%,8.1km/h,91.1kPa
11:20                                                     1405/04/22,358.2mm,781W/m2,138.7degree,21.5°C,63.5%,8.8km/h,91.2kPa
11:20                                                     1405/04/23,367.4mm,786W/m2,177.3degree,20.8°C,63.3%,4.8km/h,91.6kPa
11:20                                                     1405/04/24,367.4mm,791W/m2,159.3degree,28.1°C,37.6%,10.8km/h,91.5kPa
11:20                                                     1405/04/25,376.8mm,748W/m2,80.1degree,29.6°C,33.5%,4.7km/h,91.8kPa
11:20                                                     1405/04/26,376.8mm,760W/m2,57.6degree,21.8°C,44.0%,22.6km/h,92.1kPa
11:20                                                     1405/04/28,376.8mm,802W/m2,106.5degree,27.2°C,28.0%,7.2km/h,91.4kPa
11:20                                                     1405/04/29,376.8mm,797W/m2,67.6degree,26.4°C,31.2%,14.1km/h,91.5kPa
11:20                                                     1405/04/30,376.8mm,833W/m2,103.4degree,25.5°C,35.7%,19.5km/h,91.3kPa
11:20                                                     1405/05/01,376.8mm,236W/m2,326.8degree,19.0°C,55.7%,3.5km/h,91.7kPa
11:20                                                     1405/05/02,376.8mm,444W/m2,48.0degree,20.6°C,49.1%,5.5km/h,91.9kPa
11:20                                                     1405/05/03,376.8mm,821W/m2,107.6degree,25.5°C,36.4%,5.8km/h,92.0kPa
11:20                                                     1405/05/04,376.8mm,836W/m2,52.2degree,26.7°C,22.3%,7.8km/h,91.9kPa
11:20                                                     1405/05/05,376.8mm,811W/m2,157.7degree,32.4°C,18.7%,12.3km/h,91.8kPa
11:20                                                     1405/05/06,376.8mm,810W/m2,178.5degree,35.2°C,14.4%,13.6km/h,91.6kPa
11:20                                                     1405/05/08,376.8mm,775W/m2,129.5degree,28.1°C,33.6%,4.9km/h,91.9kPa
11:20                                                     1405/05/09,376.8mm,408W/m2,96.4degree,27.1°C,28.6%,18.5km/h,91.7kPa
11:20                                                     1405/05/10,378.4mm,854W/m2,82.8degree,24.9°C,40.8%,2.5km/h,91.5kPa
11:30                                                     1405/03/21,290.2mm,377W/m2,247.7degree,21.3°C,40.4%,17.7km/h,91.5kPa
11:30                                                     1405/03/22,290.2mm,790W/m2,148.5degree,23.4°C,36.3%,11.9km/h,92.0kPa
11:30                                                     1405/03/23,290.6mm,699W/m2,150.9degree,24.1°C,31.3%,8.2km/h,92.3kPa
11:30                                                     1405/03/25,294.2mm,298W/m2,112.7degree,16.9°C,75.5%,14.9km/h,91.0kPa
11:30                                                     1405/03/26,295.0mm,713W/m2,181.7degree,23.3°C,50.9%,14.8km/h,91.4kPa
11:30                                                     1405/03/27,295.0mm,174W/m2,196.0degree,21.0°C,56.3%,41.7km/h,91.1kPa
11:30                                                     1405/03/29,304.2mm,734W/m2,136.1degree,22.7°C,34.2%,14.9km/h,91.0kPa
11:30                                                     1405/03/30,325.8mm,404W/m2,164.1degree,21.7°C,40.8%,13.0km/h,91.1kPa
11:30                                                     1405/03/31,325.8mm,747W/m2,98.6degree,24.5°C,29.0%,9.3km/h,91.1kPa
11:30                                                     1405/04/01,342.4mm,64W/m2,341.5degree,11.2°C,90.7%,7.7km/h,91.5kPa
11:30                                                     1405/04/02,350.6mm,201W/m2,70.2degree,12.6°C,64.3%,3.8km/h,91.9kPa
11:30                                                     1405/04/03,350.6mm,755W/m2,139.0degree,18.3°C,49.0%,5.7km/h,91.5kPa
11:30                                                     1405/04/04,350.6mm,797W/m2,178.5degree,22.8°C,36.4%,25.2km/h,91.1kPa
11:30                                                     1405/04/08,406.4mm,767W/m2,168.3degree,18.8°C,60.0%,10.9km/h,91.4kPa
11:30                                                     1405/04/09,406.4mm,788W/m2,94.9degree,20.3°C,49.8%,10.9km/h,91.6kPa
11:30                                                     1405/04/10,406.4mm,779W/m2,136.1degree,22.1°C,38.4%,11.5km/h,92.0kPa
11:30                                                     1405/04/11,406.8mm,777W/m2,116.9degree,22.6°C,40.2%,6.4km/h,92.5kPa
11:30                                                     1405/04/12,355.2mm,791W/m2,88.5degree,24.4°C,27.3%,4.1km/h,91.9kPa
11:30                                                     1405/04/13,355.2mm,769W/m2,139.1degree,26.3°C,29.3%,6.4km/h,91.5kPa
11:30                                                     1405/04/14,355.2mm,772W/m2,159.5degree,27.3°C,36.5%,8.8km/h,91.5kPa
11:30                                                     1405/04/16,355.2mm,154W/m2,102.0degree,11.3°C,64.8%,16.1km/h,92.1kPa
11:30                                                     1405/04/17,355.2mm,726W/m2,87.9degree,15.5°C,40.4%,17.6km/h,92.2kPa
11:30                                                     1405/04/18,355.2mm,789W/m2,88.1degree,18.9°C,34.7%,5.5km/h,91.9kPa
11:30                                                     1405/04/20,355.2mm,160W/m2,149.5degree,25.2°C,29.2%,5.1km/h,91.3kPa
11:30                                                     1405/04/21,355.2mm,251W/m2,84.4degree,24.2°C,36.2%,11.6km/h,91.0kPa
11:30                                                     1405/04/22,358.2mm,774W/m2,144.8degree,21.6°C,61.3%,9.2km/h,91.2kPa
11:30                                                     1405/04/24,367.4mm,791W/m2,183.7degree,27.9°C,38.0%,7.1km/h,91.5kPa
11:30                                                     1405/04/25,376.8mm,600W/m2,131.5degree,29.6°C,33.5%,3.2km/h,91.8kPa
11:30                                                     1405/04/26,376.8mm,760W/m2,77.2degree,21.8°C,45.6%,15.0km/h,92.2kPa
11:30                                                     1405/04/27,376.8mm,789W/m2,59.4degree,23.2°C,37.8%,6.4km/h,91.3kPa
11:30                                                     1405/04/29,376.8mm,800W/m2,89.5degree,26.8°C,31.9%,9.7km/h,91.5kPa
11:30                                                     1405/04/30,376.8mm,635W/m2,121.3degree,25.3°C,37.5%,8.9km/h,91.4kPa
11:30                                                     1405/05/01,376.8mm,210W/m2,66.6degree,18.7°C,55.6%,4.0km/h,91.7kPa
11:30                                                     1405/05/03,376.8mm,819W/m2,87.2degree,26.1°C,35.0%,4.5km/h,92.0kPa
11:30                                                     1405/05/04,376.8mm,834W/m2,341.4degree,27.3°C,21.2%,1.0km/h,91.9kPa
11:30                                                     1405/05/08,376.8mm,785W/m2,114.9degree,28.7°C,31.5%,7.1km/h,91.9kPa
11:30                                                     1405/05/11,378.4mm,822W/m2,65.1degree,25.7°C,36.3%,11.3km/h,91.6kPa
11:40                                                     1405/03/21,290.2mm,310W/m2,228.6degree,21.1°C,41.0%,25.2km/h,91.5kPa
11:40                                                     1405/03/22,290.2mm,427W/m2,109.3degree,23.3°C,38.0%,6.0km/h,92.0kPa
11:40                                                     1405/03/23,290.6mm,701W/m2,168.1degree,24.0°C,30.0%,10.5km/h,92.3kPa
11:40                                                     1405/03/24,290.6mm,404W/m2,154.5degree,26.0°C,24.9%,4.7km/h,91.9kPa
11:40                                                     1405/03/25,294.2mm,254W/m2,97.8degree,17.2°C,76.7%,17.8km/h,91.0kPa
11:40                                                     1405/03/26,295.0mm,711W/m2,186.2degree,23.3°C,50.5%,16.5km/h,91.4kPa
11:40                                                     1405/03/27,295.0mm,165W/m2,200.1degree,21.0°C,57.2%,30.6km/h,91.1kPa
11:40                                                     1405/03/28,304.2mm,710W/m2,158.9degree,19.2°C,62.8%,10.2km/h,90.9kPa
11:40                                                     1405/03/29,304.2mm,739W/m2,112.7degree,22.9°C,34.3%,11.6km/h,91.0kPa
11:40                                                     1405/03/30,325.8mm,937W/m2,140.8degree,22.4°C,39.5%,9.2km/h,91.1kPa
11:40                                                     1405/03/31,325.8mm,747W/m2,148.1degree,25.1°C,27.4%,10.8km/h,91.0kPa
11:40                                                     1405/04/01,343.4mm,76W/m2,338.6degree,11.3°C,90.6%,6.9km/h,91.4kPa
11:40                                                     1405/04/02,350.6mm,263W/m2,102.2degree,12.7°C,68.3%,4.6km/h,91.9kPa
11:40                                                     1405/04/03,350.6mm,760W/m2,173.7degree,18.6°C,45.4%,7.0km/h,91.5kPa
11:40                                                     1405/04/04,350.6mm,788W/m2,187.3degree,22.9°C,36.5%,16.0km/h,91.1kPa
11:40                                                     1405/04/08,406.4mm,787W/m2,154.7degree,18.8°C,56.2%,17.7km/h,91.3kPa
11:40                                                     1405/04/09,406.4mm,602W/m2,180.4degree,20.4°C,47.5%,5.3km/h,91.6kPa
11:40                                                     1405/04/10,406.4mm,819W/m2,100.6degree,22.0°C,40.9%,9.0km/h,92.0kPa
11:40                                                     1405/04/11,406.8mm,775W/m2,193.9degree,22.5°C,42.6%,11.0km/h,92.5kPa
11:40                                                     1405/04/12,355.2mm,801W/m2,137.0degree,24.3°C,26.6%,7.1km/h,91.9kPa
11:40                                                     1405/04/13,355.2mm,771W/m2,177.0degree,26.5°C,28.6%,12.1km/h,91.5kPa
11:40                                                     1405/04/14,355.2mm,770W/m2,136.7degree,27.8°C,35.7%,11.3km/h,91.5kPa
11:40                                                     1405/04/15,355.2mm,744W/m2,100.0degree,18.1°C,45.8%,12.8km/h,91.9kPa
11:40                                                     1405/04/16,355.2mm,132W/m2,93.8degree,11.5°C,65.1%,8.5km/h,92.1kPa
11:40                                                     1405/04/17,355.2mm,797W/m2,65.7degree,15.9°C,40.9%,15.3km/h,92.2kPa
11:40                                                     1405/04/18,355.2mm,789W/m2,125.2degree,19.1°C,34.3%,7.3km/h,91.9kPa
11:40                                                     1405/04/19,355.2mm,789W/m2,165.4degree,25.3°C,25.5%,14.0km/h,91.5kPa
11:40                                                     1405/04/20,355.2mm,279W/m2,74.3degree,25.5°C,29.5%,2.3km/h,91.3kPa
11:40                                                     1405/04/21,355.2mm,251W/m2,89.7degree,24.6°C,35.8%,11.6km/h,91.0kPa
11:40                                                     1405/04/22,358.2mm,776W/m2,138.1degree,22.2°C,62.3%,10.8km/h,91.2kPa
11:40                                                     1405/04/23,367.4mm,791W/m2,136.2degree,21.5°C,60.0%,5.0km/h,91.6kPa
11:40                                                     1405/04/24,367.4mm,794W/m2,148.1degree,28.9°C,37.2%,9.6km/h,91.5kPa
11:40                                                     1405/04/25,376.8mm,692W/m2,142.3degree,30.2°C,30.0%,13.2km/h,91.7kPa
11:40                                                     1405/04/26,376.8mm,759W/m2,63.2degree,22.0°C,44.3%,20.4km/h,92.1kPa
11:40                                                     1405/04/27,376.8mm,783W/m2,128.3degree,23.6°C,40.6%,10.1km/h,91.4kPa
11:40                                                     1405/04/28,376.8mm,798W/m2,65.7degree,27.6°C,27.4%,3.2km/h,91.4kPa
11:40                                                     1405/04/30,376.8mm,817W/m2,83.4degree,25.4°C,36.9%,17.7km/h,91.3kPa
11:40                                                     1405/05/01,376.8mm,131W/m2,57.0degree,18.4°C,55.8%,4.9km/h,91.7kPa
11:40                                                     1405/05/02,376.8mm,359W/m2,76.7degree,21.1°C,48.2%,4.7km/h,91.9kPa
11:40                                                     1405/05/03,376.8mm,500W/m2,86.0degree,25.8°C,35.7%,11.7km/h,92.0kPa
11:40                                                     1405/05/05,376.8mm,806W/m2,147.1degree,33.0°C,18.8%,12.7km/h,91.8kPa
11:40                                                     1405/05/06,376.8mm,811W/m2,130.9degree,35.5°C,14.9%,8.6km/h,91.6kPa
11:40                                                     1405/05/08,376.8mm,787W/m2,140.7degree,28.7°C,31.6%,6.9km/h,91.8kPa
11:40                                                     1405/05/09,376.8mm,540W/m2,88.8degree,27.2°C,29.3%,14.8km/h,91.7kPa
11:40                                                     1405/05/10,378.4mm,730W/m2,51.3degree,25.1°C,40.4%,4.3km/h,91.5kPa
11:40                                                     1405/05/11,378.4mm,822W/m2,84.0degree,26.0°C,35.5%,9.9km/h,91.6kPa
11:50                                                     1405/03/21,290.2mm,164W/m2,235.4degree,21.0°C,42.4%,13.6km/h,91.5kPa
11:50                                                     1405/03/22,290.2mm,233W/m2,152.6degree,22.7°C,39.2%,5.1km/h,91.9kPa
11:50                                                     1405/03/23,290.6mm,700W/m2,145.5degree,24.2°C,30.3%,17.7km/h,92.3kPa
11:50                                                     1405/03/25,294.2mm,219W/m2,93.1degree,17.2°C,78.1%,13.2km/h,91.0kPa
11:50                                                     1405/03/26,295.0mm,723W/m2,183.1degree,23.7°C,47.7%,22.4km/h,91.4kPa
11:50                                                     1405/03/27,295.0mm,176W/m2,199.3degree,21.1°C,56.7%,40.6km/h,91.1kPa
11:50                                                     1405/03/29,304.2mm,740W/m2,94.1degree,22.9°C,34.6%,12.0km/h,91.0kPa
11:50                                                     1405/03/30,325.8mm,548W/m2,153.1degree,23.6°C,36.1%,11.7km/h,91.0kPa
11:50                                                     1405/03/31,325.8mm,744W/m2,164.7degree,25.1°C,27.0%,13.2km/h,91.0kPa
11:50                                                     1405/04/01,344.0mm,84W/m2,320.4degree,11.2°C,90.1%,9.7km/h,91.4kPa
11:50                                                     1405/04/02,350.6mm,255W/m2,97.8degree,12.7°C,68.6%,11.1km/h,91.9kPa
11:50                                                     1405/04/03,350.6mm,759W/m2,209.2degree,18.6°C,45.9%,2.0km/h,91.5kPa
11:50                                                     1405/04/04,350.6mm,759W/m2,172.3degree,23.1°C,36.5%,16.5km/h,91.1kPa
11:50                                                     1405/04/08,406.4mm,803W/m2,145.2degree,19.0°C,56.9%,12.2km/h,91.3kPa
11:50                                                     1405/04/09,406.4mm,807W/m2,186.2degree,20.3°C,49.4%,10.3km/h,91.6kPa
11:50                                                     1405/04/10,406.4mm,849W/m2,144.0degree,22.4°C,37.7%,4.6km/h,92.0kPa
11:50                                                     1405/04/11,406.8mm,776W/m2,200.7degree,22.3°C,42.8%,12.0km/h,92.5kPa
11:50                                                     1405/04/12,355.2mm,757W/m2,166.3degree,24.6°C,27.3%,7.6km/h,91.9kPa
11:50                                                     1405/04/13,355.2mm,767W/m2,173.1degree,26.7°C,26.9%,9.9km/h,91.5kPa
11:50                                                     1405/04/14,355.2mm,766W/m2,141.8degree,28.2°C,34.7%,11.9km/h,91.5kPa
11:50                                                     1405/04/16,355.2mm,148W/m2,87.9degree,11.5°C,64.0%,17.7km/h,92.1kPa
11:50                                                     1405/04/17,355.2mm,696W/m2,66.5degree,15.7°C,39.4%,9.7km/h,92.2kPa
11:50                                                     1405/04/18,355.2mm,790W/m2,138.2degree,19.8°C,32.5%,5.1km/h,91.9kPa
11:50                                                     1405/04/20,355.2mm,465W/m2,59.5degree,26.2°C,28.0%,3.1km/h,91.2kPa
11:50                                                     1405/04/21,355.2mm,255W/m2,96.8degree,25.0°C,35.1%,8.7km/h,91.0kPa
11:50                                                     1405/04/22,358.2mm,775W/m2,149.1degree,22.8°C,60.7%,7.3km/h,91.2kPa
11:50                                                     1405/04/24,367.4mm,794W/m2,137.4degree,28.8°C,37.1%,9.0km/h,91.5kPa
11:50                                                     1405/04/25,376.8mm,784W/m2,171.4degree,30.4°C,27.0%,6.4km/h,91.7kPa
11:50                                                     1405/04/26,376.8mm,775W/m2,85.6degree,22.2°C,44.6%,24.8km/h,92.1kPa
11:50                                                     1405/04/27,376.8mm,790W/m2,57.7degree,23.8°C,38.0%,8.0km/h,91.4kPa
11:50                                                     1405/04/29,376.8mm,799W/m2,76.5degree,26.9°C,30.2%,10.5km/h,91.4kPa
11:50                                                     1405/04/30,376.8mm,817W/m2,98.8degree,25.6°C,36.8%,17.5km/h,91.3kPa
11:50                                                     1405/05/01,376.8mm,160W/m2,20.2degree,18.3°C,56.5%,2.1km/h,91.7kPa
11:50                                                     1405/05/03,376.8mm,842W/m2,98.9degree,26.1°C,34.7%,8.2km/h,92.0kPa
11:50                                                     1405/05/04,376.8mm,828W/m2,50.7degree,27.7°C,22.7%,4.8km/h,91.9kPa
11:50                                                     1405/05/08,376.8mm,785W/m2,73.0degree,28.5°C,32.1%,12.4km/h,91.8kPa
11:50                                                     1405/05/09,376.8mm,650W/m2,72.2degree,27.8°C,28.5%,21.8km/h,91.7kPa
11:50                                                     1405/05/11,378.4mm,823W/m2,33.3degree,26.2°C,35.1%,6.9km/h,91.6kPa
12:00                                                     1405/03/21,290.2mm,176W/m2,256.0degree,19.5°C,46.4%,18.5km/h,91.4kPa
12:00                                                     1405/03/22,290.2mm,108W/m2,143.4degree,22.0°C,40.3%,6.4km/h,91.9kPa
12:00                                                     1405/03/23,290.6mm,695W/m2,178.1degree,24.4°C,29.7%,11.6km/h,92.3kPa
12:00                                                     1405/03/24,290.6mm,484W/m2,170.0degree,26.4°C,24.1%,7.7km/h,91.8kPa
12:00                                                     1405/03/25,294.2mm,276W/m2,128.1degree,17.2°C,77.5%,8.9km/h,91.0kPa
12:00                                                     1405/03/26,295.0mm,754W/m2,192.2degree,24.1°C,47.8%,21.1km/h,91.4kPa
12:00                                                     1405/03/27,295.0mm,188W/m2,199.0degree,21.1°C,58.1%,27.9km/h,91.1kPa
12:00                                                     1405/03/28,304.2mm,574W/m2,149.3degree,19.6°C,60.5%,6.1km/h,90.9kPa
12:00                                                     1405/03/29,304.2mm,742W/m2,215.1degree,22.8°C,33.6%,16.0km/h,90.9kPa
12:00                                                     1405/03/30,325.8mm,651W/m2,123.5degree,23.5°C,35.7%,10.5km/h,91.0kPa
12:00                                                     1405/03/31,325.8mm,740W/m2,166.5degree,25.3°C,27.8%,8.7km/h,91.1kPa
12:00                                                     1405/04/01,344.4mm,94W/m2,336.9degree,11.3°C,90.1%,8.0km/h,91.4kPa
12:00                                                     1405/04/02,350.6mm,236W/m2,100.3degree,12.7°C,69.7%,7.2km/h,91.9kPa
12:00                                                     1405/04/03,350.6mm,755W/m2,163.4degree,18.6°C,47.4%,6.4km/h,91.5kPa
12:00                                                     1405/04/04,350.6mm,758W/m2,192.7degree,23.3°C,35.7%,26.9km/h,91.1kPa
12:00                                                     1405/04/08,406.4mm,774W/m2,182.0degree,19.1°C,51.2%,6.4km/h,91.2kPa
12:00                                                     1405/04/09,406.4mm,782W/m2,116.4degree,20.9°C,48.1%,9.2km/h,91.6kPa
12:00                                                     1405/04/10,406.4mm,646W/m2,132.1degree,22.2°C,39.3%,8.7km/h,92.0kPa
12:00                                                     1405/04/11,406.8mm,773W/m2,183.0degree,22.7°C,44.7%,10.0km/h,92.5kPa
12:00                                                     1405/04/12,355.2mm,784W/m2,119.3degree,24.7°C,26.9%,3.2km/h,91.9kPa
12:00                                                     1405/04/13,355.2mm,761W/m2,159.6degree,26.8°C,27.6%,14.4km/h,91.5kPa
12:00                                                     1405/04/14,355.2mm,760W/m2,127.7degree,28.6°C,33.5%,10.5km/h,91.5kPa
12:00                                                     1405/04/15,355.2mm,749W/m2,72.6degree,18.2°C,44.8%,15.9km/h,91.8kPa
12:00                                                     1405/04/16,355.2mm,114W/m2,116.8degree,11.4°C,64.6%,19.2km/h,92.1kPa
12:00                                                     1405/04/17,355.2mm,695W/m2,20.4degree,15.8°C,39.9%,8.3km/h,92.2kPa
12:00                                                     1405/04/18,355.2mm,783W/m2,115.7degree,20.2°C,32.7%,7.0km/h,91.9kPa
12:00                                                     1405/04/19,355.2mm,792W/m2,161.2degree,26.1°C,25.2%,11.1km/h,91.5kPa
12:00                                                     1405/04/20,355.2mm,284W/m2,58.4degree,26.8°C,27.0%,1.4km/h,91.3kPa
12:00                                                     1405/04/21,355.2mm,186W/m2,57.8degree,25.2°C,34.6%,7.0km/h,91.0kPa
12:00                                                     1405/04/22,358.2mm,774W/m2,156.0degree,23.2°C,58.7%,9.7km/h,91.2kPa
12:00                                                     1405/04/23,367.4mm,784W/m2,124.0degree,22.1°C,58.5%,6.7km/h,91.5kPa
12:00                                                     1405/04/24,367.4mm,791W/m2,209.2degree,28.6°C,35.6%,7.8km/h,91.5kPa
12:00                                                     1405/04/25,376.8mm,627W/m2,156.0degree,30.3°C,27.1%,1.4km/h,91.7kPa
12:00                                                     1405/04/26,376.8mm,777W/m2,69.4degree,22.2°C,44.4%,22.9km/h,92.1kPa
12:00                                                     1405/04/27,376.8mm,827W/m2,69.0degree,24.2°C,37.2%,8.9km/h,91.3kPa
12:00                                                     1405/04/28,376.8mm,792W/m2,75.7degree,28.0°C,27.4%,10.3km/h,91.4kPa
12:00                                                     1405/04/29,376.8mm,794W/m2,135.4degree,27.0°C,29.5%,7.9km/h,91.4kPa
12:00                                                     1405/04/30,376.8mm,817W/m2,55.1degree,25.4°C,36.3%,21.5km/h,91.3kPa
12:00                                                     1405/05/01,376.8mm,209W/m2,311.5degree,18.6°C,55.5%,0.6km/h,91.7kPa
12:00                                                     1405/05/02,376.8mm,889W/m2,66.1degree,22.0°C,46.0%,11.1km/h,91.9kPa
12:00                                                     1405/05/03,376.8mm,842W/m2,78.7degree,26.1°C,34.9%,13.5km/h,92.0kPa
12:00                                                     1405/05/04,376.8mm,823W/m2,13.0degree,27.9°C,22.4%,4.3km/h,91.9kPa
12:00                                                     1405/05/05,376.8mm,798W/m2,169.6degree,33.0°C,18.5%,12.2km/h,91.7kPa
12:00                                                     1405/05/06,376.8mm,812W/m2,183.6degree,36.1°C,13.4%,11.9km/h,91.6kPa
12:00                                                     1405/05/07,376.8mm,776W/m2,91.3degree,31.3°C,28.9%,15.4km/h,91.6kPa
12:00                                                     1405/05/08,376.8mm,805W/m2,88.3degree,28.7°C,32.4%,8.4km/h,91.8kPa
12:00                                                     1405/05/09,376.8mm,806W/m2,81.9degree,27.5°C,28.5%,19.5km/h,91.7kPa
12:00                                                     1405/05/10,378.4mm,775W/m2,88.0degree,25.5°C,40.5%,9.4km/h,91.5kPa
12:00                                                     1405/05/11,378.4mm,823W/m2,77.5degree,26.3°C,33.5%,21.8km/h,91.5kPa
12:10                                                     1405/03/21,290.2mm,176W/m2,232.8degree,19.4°C,48.7%,16.5km/h,91.4kPa
12:10                                                     1405/03/22,290.2mm,55W/m2,160.8degree,21.8°C,40.0%,10.9km/h,91.9kPa
12:10                                                     1405/03/23,290.6mm,695W/m2,131.3degree,24.8°C,30.0%,12.7km/h,92.3kPa
12:10                                                     1405/03/25,294.2mm,185W/m2,108.1degree,17.3°C,77.6%,6.0km/h,91.0kPa
12:10                                                     1405/03/26,295.0mm,343W/m2,179.9degree,23.3°C,45.7%,23.2km/h,91.4kPa
12:10                                                     1405/03/27,295.0mm,178W/m2,185.9degree,21.2°C,58.3%,30.1km/h,91.0kPa
12:10                                                     1405/03/29,304.2mm,740W/m2,138.2degree,23.3°C,34.2%,11.3km/h,91.0kPa
12:10                                                     1405/03/30,325.8mm,584W/m2,134.3degree,24.1°C,33.0%,15.6km/h,91.0kPa
12:10                                                     1405/03/31,325.8mm,738W/m2,188.2degree,25.7°C,24.7%,15.4km/h,91.0kPa
12:10                                                     1405/04/01,345.0mm,105W/m2,318.5degree,11.6°C,90.3%,6.0km/h,91.5kPa
12:10                                                     1405/04/02,350.6mm,249W/m2,151.1degree,12.8°C,70.0%,2.9km/h,91.9kPa
12:10                                                     1405/04/03,350.6mm,754W/m2,130.5degree,18.7°C,46.2%,8.4km/h,91.5kPa
12:10                                                     1405/04/08,406.4mm,313W/m2,154.0degree,19.4°C,51.9%,5.9km/h,91.3kPa
12:10                                                     1405/04/09,406.4mm,774W/m2,142.4degree,21.0°C,46.9%,9.1km/h,91.6kPa
12:10                                                     1405/04/10,406.4mm,857W/m2,134.6degree,21.8°C,37.8%,11.3km/h,92.0kPa
12:10                                                     1405/04/11,406.8mm,766W/m2,144.3degree,22.9°C,39.8%,4.2km/h,92.5kPa
12:10                                                     1405/04/12,355.2mm,773W/m2,119.7degree,24.7°C,28.0%,5.1km/h,91.9kPa
12:10                                                     1405/04/13,355.2mm,759W/m2,143.1degree,26.9°C,26.7%,12.0km/h,91.5kPa
12:10                                                     1405/04/14,355.2mm,753W/m2,182.6degree,29.5°C,28.0%,14.4km/h,91.4kPa
12:10                                                     1405/04/16,355.2mm,107W/m2,104.6degree,11.5°C,63.8%,16.5km/h,92.1kPa
12:10                                                     1405/04/17,355.2mm,675W/m2,63.6degree,16.2°C,39.5%,21.2km/h,92.2kPa
12:10                                                     1405/04/18,355.2mm,778W/m2,165.1degree,19.6°C,32.3%,9.6km/h,91.8kPa
12:10                                                     1405/04/20,355.2mm,346W/m2,43.7degree,26.9°C,27.4%,1.6km/h,91.3kPa
12:10                                                     1405/04/21,355.2mm,160W/m2,92.7degree,24.7°C,33.8%,8.2km/h,90.9kPa
12:10                                                     1405/04/22,358.2mm,821W/m2,131.8degree,23.3°C,57.9%,7.5km/h,91.2kPa
12:10                                                     1405/04/24,367.4mm,788W/m2,110.9degree,29.2°C,35.1%,8.7km/h,91.5kPa
12:10                                                     1405/04/25,376.8mm,598W/m2,119.0degree,30.8°C,28.3%,7.2km/h,91.7kPa
12:10                                                     1405/04/26,376.8mm,767W/m2,52.9degree,21.7°C,44.4%,16.2km/h,92.1kPa
12:10                                                     1405/04/27,376.8mm,806W/m2,297.0degree,24.1°C,37.0%,2.2km/h,91.3kPa
12:10                                                     1405/04/29,376.8mm,787W/m2,81.1degree,26.7°C,29.6%,9.7km/h,91.4kPa
12:10                                                     1405/05/01,376.8mm,248W/m2,272.1degree,18.8°C,54.6%,5.0km/h,91.7kPa
12:10                                                     1405/05/03,376.8mm,818W/m2,104.3degree,26.3°C,32.9%,11.0km/h,91.9kPa
12:10                                                     1405/05/04,376.8mm,816W/m2,62.1degree,28.2°C,23.2%,9.3km/h,91.9kPa
12:10                                                     1405/05/05,376.8mm,792W/m2,170.3degree,32.9°C,17.9%,12.7km/h,91.7kPa
12:10                                                     1405/05/07,376.8mm,781W/m2,164.5degree,31.8°C,27.3%,10.5km/h,91.6kPa
12:10                                                     1405/05/08,376.8mm,343W/m2,132.0degree,28.6°C,31.3%,1.6km/h,91.8kPa
12:10                                                     1405/05/09,376.8mm,375W/m2,84.7degree,27.4°C,28.5%,15.4km/h,91.7kPa
12:10                                                     1405/05/11,378.4mm,817W/m2,52.6degree,26.2°C,34.9%,12.8km/h,91.6kPa
12:20                                                     1405/03/21,290.2mm,142W/m2,279.1degree,19.3°C,46.4%,8.1km/h,91.4kPa
12:20                                                     1405/03/22,290.2mm,35W/m2,145.1degree,21.5°C,40.1%,11.5km/h,91.9kPa
12:20                                                     1405/03/23,290.6mm,704W/m2,143.7degree,25.1°C,30.0%,10.5km/h,92.2kPa
12:20                                                     1405/03/24,290.6mm,582W/m2,189.4degree,27.4°C,22.8%,5.3km/h,91.8kPa
12:20                                                     1405/03/25,294.2mm,278W/m2,151.1degree,17.5°C,77.0%,12.5km/h,91.0kPa
12:20                                                     1405/03/26,295.0mm,785W/m2,182.9degree,24.0°C,45.3%,27.6km/h,91.4kPa
12:20                                                     1405/03/27,295.0mm,159W/m2,183.6degree,21.0°C,59.0%,18.4km/h,91.0kPa
12:20                                                     1405/03/28,304.2mm,698W/m2,176.4degree,20.5°C,59.5%,11.6km/h,90.9kPa
12:20                                                     1405/03/29,304.2mm,731W/m2,188.3degree,23.3°C,31.5%,16.6km/h,90.9kPa
12:20                                                     1405/03/30,325.8mm,367W/m2,181.3degree,24.1°C,32.8%,9.7km/h,91.0kPa
12:20                                                     1405/03/31,325.8mm,727W/m2,168.7degree,25.6°C,26.1%,7.3km/h,91.1kPa
12:20                                                     1405/04/01,345.8mm,112W/m2,336.8degree,11.5°C,89.7%,4.3km/h,91.5kPa
12:20                                                     1405/04/02,350.6mm,383W/m2,123.0degree,12.9°C,68.1%,5.0km/h,91.9kPa
12:20                                                     1405/04/03,350.6mm,746W/m2,214.0degree,18.8°C,46.8%,4.8km/h,91.4kPa
12:20                                                     1405/04/04,350.6mm,580W/m2,192.6degree,23.6°C,34.0%,19.4km/h,91.1kPa
12:20                                                     1405/04/08,406.4mm,370W/m2,189.4degree,18.8°C,54.2%,9.5km/h,91.3kPa
12:20                                                     1405/04/09,406.4mm,846W/m2,189.1degree,21.0°C,47.0%,4.3km/h,91.6kPa
12:20                                                     1405/04/10,406.4mm,294W/m2,151.1degree,21.5°C,39.6%,7.8km/h,92.0kPa
12:20                                                     1405/04/11,406.8mm,761W/m2,220.4degree,23.0°C,38.5%,11.7km/h,92.5kPa
12:20                                                     1405/04/12,355.2mm,756W/m2,150.8degree,24.9°C,27.7%,9.7km/h,91.9kPa
12:20                                                     1405/04/13,355.2mm,746W/m2,181.1degree,26.9°C,26.0%,15.7km/h,91.4kPa
12:20                                                     1405/04/14,355.2mm,749W/m2,239.9degree,29.8°C,24.4%,4.7km/h,91.4kPa
12:20                                                     1405/04/15,355.2mm,735W/m2,84.7degree,18.4°C,43.2%,12.6km/h,91.8kPa
12:20                                                     1405/04/16,355.2mm,187W/m2,107.2degree,11.6°C,64.4%,4.9km/h,92.1kPa
12:20                                                     1405/04/17,355.2mm,590W/m2,45.9degree,16.2°C,39.1%,20.3km/h,92.2kPa
12:20                                                     1405/04/18,355.2mm,775W/m2,213.8degree,19.8°C,31.1%,1.9km/h,91.8kPa
12:20                                                     1405/04/19,355.2mm,738W/m2,180.5degree,26.4°C,24.6%,12.6km/h,91.5kPa
12:20                                                     1405/04/20,355.2mm,366W/m2,338.8degree,27.1°C,28.1%,3.6km/h,91.3kPa
12:20                                                     1405/04/21,355.2mm,141W/m2,108.5degree,24.7°C,34.8%,5.8km/h,91.0kPa
12:20                                                     1405/04/22,358.2mm,752W/m2,164.3degree,23.7°C,54.4%,13.2km/h,91.1kPa
12:20                                                     1405/04/23,367.4mm,771W/m2,126.7degree,22.2°C,57.0%,4.7km/h,91.5kPa
12:20                                                     1405/04/24,367.4mm,778W/m2,155.4degree,29.1°C,34.2%,12.0km/h,91.4kPa
12:20                                                     1405/04/25,376.8mm,810W/m2,134.4degree,31.0°C,26.1%,5.7km/h,91.7kPa
12:20                                                     1405/04/26,376.8mm,768W/m2,72.6degree,21.8°C,43.7%,9.9km/h,92.1kPa
12:20                                                     1405/04/27,376.8mm,770W/m2,200.7degree,24.6°C,36.7%,2.2km/h,91.3kPa
12:20                                                     1405/04/28,376.8mm,781W/m2,152.2degree,27.9°C,26.6%,9.4km/h,91.4kPa
12:20                                                     1405/04/29,376.8mm,787W/m2,107.0degree,27.0°C,29.7%,14.5km/h,91.4kPa
12:20                                                     1405/04/30,376.8mm,477W/m2,88.4degree,26.0°C,35.7%,15.7km/h,91.3kPa
12:20                                                     1405/05/01,376.8mm,212W/m2,315.7degree,18.8°C,54.0%,6.3km/h,91.6kPa
12:20                                                     1405/05/02,376.8mm,759W/m2,76.4degree,22.9°C,42.9%,7.8km/h,91.9kPa
12:20                                                     1405/05/03,376.8mm,816W/m2,73.5degree,26.4°C,32.4%,15.5km/h,91.9kPa
12:20                                                     1405/05/04,376.8mm,808W/m2,84.2degree,28.2°C,22.1%,7.9km/h,91.9kPa
12:20                                                     1405/05/05,376.8mm,788W/m2,182.8degree,33.3°C,17.0%,6.0km/h,91.7kPa
12:20                                                     1405/05/06,376.8mm,794W/m2,143.7degree,35.9°C,13.3%,15.3km/h,91.5kPa
12:20                                                     1405/05/07,376.8mm,774W/m2,108.6degree,31.8°C,27.0%,11.5km/h,91.6kPa
12:20                                                     1405/05/08,376.8mm,787W/m2,84.5degree,29.3°C,31.9%,11.6km/h,91.8kPa
12:20                                                     1405/05/09,376.8mm,541W/m2,74.2degree,27.5°C,29.3%,16.9km/h,91.7kPa
12:20                                                     1405/05/10,378.4mm,694W/m2,60.6degree,25.4°C,41.4%,10.0km/h,91.6kPa
12:20                                                     1405/05/11,378.4mm,810W/m2,70.4degree,26.5°C,33.8%,14.1km/h,91.5kPa
12:30                                                     1405/03/21,290.2mm,354W/m2,286.9degree,20.2°C,42.3%,13.6km/h,91.4kPa
12:30                                                     1405/03/22,290.2mm,23W/m2,138.4degree,21.3°C,40.9%,6.2km/h,91.9kPa
12:30                                                     1405/03/23,290.6mm,669W/m2,133.1degree,25.2°C,27.9%,9.8km/h,92.2kPa
12:30                                                     1405/03/25,294.2mm,141W/m2,144.4degree,17.5°C,77.6%,13.7km/h,91.0kPa
12:30                                                     1405/03/26,295.0mm,709W/m2,194.7degree,24.2°C,44.4%,32.6km/h,91.4kPa
12:30                                                     1405/03/27,295.0mm,148W/m2,178.5degree,21.0°C,58.2%,18.6km/h,90.9kPa
12:30                                                     1405/03/29,304.2mm,733W/m2,187.0degree,23.2°C,28.8%,14.7km/h,90.8kPa
12:30                                                     1405/03/30,325.8mm,414W/m2,152.7degree,24.1°C,30.9%,8.0km/h,91.0kPa
12:30                                                     1405/03/31,325.8mm,725W/m2,193.4degree,25.8°C,24.0%,14.3km/h,91.0kPa
12:30                                                     1405/04/01,346.2mm,126W/m2,321.7degree,11.4°C,89.2%,8.6km/h,91.5kPa
12:30                                                     1405/04/02,350.6mm,408W/m2,140.7degree,13.2°C,68.1%,7.3km/h,91.9kPa
12:30                                                     1405/04/03,350.6mm,738W/m2,217.3degree,19.3°C,46.7%,7.1km/h,91.4kPa
12:30                                                     1405/04/08,406.4mm,306W/m2,198.1degree,18.5°C,52.0%,11.3km/h,91.2kPa
12:30                                                     1405/04/09,406.4mm,842W/m2,193.9degree,21.2°C,47.0%,6.5km/h,91.6kPa
12:30                                                     1405/04/10,406.4mm,171W/m2,105.2degree,21.0°C,39.8%,6.6km/h,92.0kPa
12:30                                                     1405/04/11,406.8mm,749W/m2,186.6degree,23.4°C,38.4%,8.4km/h,92.5kPa
12:30                                                     1405/04/12,355.2mm,757W/m2,49.8degree,25.0°C,26.2%,4.5km/h,91.9kPa
12:30                                                     1405/04/13,355.2mm,742W/m2,156.7degree,27.2°C,24.1%,13.7km/h,91.4kPa
12:30                                                     1405/04/14,355.2mm,768W/m2,198.2degree,30.3°C,20.3%,19.6km/h,91.3kPa
12:30                                                     1405/04/16,355.2mm,200W/m2,89.4degree,11.7°C,62.9%,21.6km/h,92.0kPa
12:30                                                     1405/04/17,355.2mm,780W/m2,83.3degree,16.2°C,38.7%,19.3km/h,92.2kPa
12:30                                                     1405/04/18,355.2mm,763W/m2,185.9degree,19.7°C,33.3%,5.6km/h,91.9kPa
12:30                                                     1405/04/20,355.2mm,393W/m2,62.6degree,27.7°C,26.2%,2.6km/h,91.3kPa
12:30                                                     1405/04/21,355.2mm,147W/m2,122.5degree,24.5°C,35.0%,5.1km/h,91.0kPa
12:30                                                     1405/04/22,358.2mm,759W/m2,154.6degree,24.1°C,54.1%,16.3km/h,91.1kPa
12:30                                                     1405/04/24,367.4mm,772W/m2,131.6degree,29.5°C,32.2%,7.6km/h,91.4kPa
12:30                                                     1405/04/26,376.8mm,753W/m2,56.8degree,21.7°C,45.1%,22.1km/h,92.1kPa
12:30                                                     1405/04/27,376.8mm,770W/m2,83.1degree,24.5°C,38.2%,9.7km/h,91.3kPa
12:30                                                     1405/04/29,376.8mm,778W/m2,124.6degree,27.2°C,29.9%,3.4km/h,91.4kPa
12:30                                                     1405/04/30,376.8mm,656W/m2,81.3degree,25.5°C,36.1%,14.8km/h,91.3kPa
12:30                                                     1405/05/03,376.8mm,810W/m2,146.2degree,27.0°C,31.5%,3.6km/h,91.9kPa
12:30                                                     1405/05/04,376.8mm,800W/m2,268.1degree,28.5°C,21.4%,5.1km/h,91.8kPa
12:30                                                     1405/05/05,376.8mm,776W/m2,168.4degree,33.5°C,17.8%,12.7km/h,91.7kPa
12:30                                                     1405/05/07,376.8mm,779W/m2,138.8degree,32.1°C,27.5%,16.1km/h,91.6kPa
12:30                                                     1405/05/08,376.8mm,762W/m2,81.8degree,29.2°C,29.9%,10.7km/h,91.8kPa
12:30                                                     1405/05/10,378.4mm,332W/m2,67.0degree,25.5°C,39.8%,11.6km/h,91.6kPa
12:30                                                     1405/05/11,378.4mm,806W/m2,60.1degree,26.5°C,33.0%,4.8km/h,91.5kPa
12:40                                                     1405/03/21,290.2mm,901W/m2,273.3degree,22.1°C,37.0%,17.6km/h,91.5kPa
12:40                                                     1405/03/22,290.6mm,26W/m2,117.6degree,21.1°C,43.0%,6.3km/h,91.9kPa
12:40                                                     1405/03/23,290.6mm,666W/m2,167.9degree,25.3°C,26.2%,13.6km/h,92.2kPa
12:40                                                     1405/03/24,290.6mm,508W/m2,150.7degree,27.5°C,23.6%,8.6km/h,91.8kPa
12:40                                                     1405/03/25,294.2mm,260W/m2,146.1degree,17.5°C,79.3%,8.3km/h,91.0kPa
12:40                                                     1405/03/26,295.0mm,736W/m2,183.3degree,23.6°C,45.0%,19.8km/h,91.4kPa
12:40                                                     1405/03/27,295.0mm,231W/m2,174.8degree,21.2°C,56.8%,22.5km/h,90.8kPa
12:40                                                     1405/03/28,304.2mm,666W/m2,134.4degree,20.9°C,58.6%,7.0km/h,90.9kPa
12:40                                                     1405/03/29,304.2mm,741W/m2,191.2degree,23.4°C,25.5%,9.3km/h,90.8kPa
12:40                                                     1405/03/30,325.8mm,371W/m2,212.6degree,23.8°C,29.3%,11.8km/h,90.9kPa
12:40                                                     1405/03/31,325.8mm,709W/m2,182.7degree,25.9°C,25.4%,13.2km/h,91.1kPa
12:40                                                     1405/04/01,346.6mm,148W/m2,312.6degree,11.5°C,88.8%,10.0km/h,91.4kPa
12:40                                                     1405/04/02,350.6mm,410W/m2,152.8degree,13.3°C,67.3%,6.6km/h,91.9kPa
12:40                                                     1405/04/03,350.6mm,731W/m2,132.0degree,19.5°C,42.7%,0.7km/h,91.4kPa
12:40                                                     1405/04/04,350.6mm,778W/m2,203.6degree,23.9°C,32.5%,15.9km/h,91.0kPa
12:40                                                     1405/04/08,406.4mm,316W/m2,190.5degree,18.5°C,52.5%,9.9km/h,91.2kPa
12:40                                                     1405/04/09,406.4mm,721W/m2,103.2degree,20.9°C,48.9%,13.3km/h,91.6kPa
12:40                                                     1405/04/10,406.4mm,755W/m2,198.9degree,22.2°C,35.5%,4.5km/h,92.0kPa
12:40                                                     1405/04/11,406.8mm,750W/m2,211.1degree,23.0°C,35.3%,11.4km/h,92.4kPa
12:40                                                     1405/04/12,355.2mm,752W/m2,189.2degree,24.8°C,27.0%,12.3km/h,91.9kPa
12:40                                                     1405/04/13,355.2mm,729W/m2,162.6degree,27.3°C,23.8%,10.5km/h,91.4kPa
12:40                                                     1405/04/14,355.2mm,744W/m2,259.6degree,30.4°C,18.9%,27.8km/h,91.3kPa
12:40                                                     1405/04/15,355.2mm,724W/m2,234.4degree,18.9°C,41.3%,5.3km/h,91.8kPa
12:40                                                     1405/04/16,355.2mm,218W/m2,97.1degree,12.3°C,62.0%,15.8km/h,92.0kPa
12:40                                                     1405/04/17,355.2mm,727W/m2,80.3degree,16.1°C,37.8%,16.6km/h,92.1kPa
12:40                                                     1405/04/18,355.2mm,753W/m2,198.5degree,20.2°C,32.2%,5.5km/h,91.9kPa
12:40                                                     1405/04/19,355.2mm,736W/m2,173.5degree,26.9°C,22.4%,13.1km/h,91.5kPa
12:40                                                     1405/04/20,355.2mm,307W/m2,14.3degree,27.0°C,28.7%,2.8km/h,91.2kPa
12:40                                                     1405/04/21,355.2mm,166W/m2,106.9degree,24.7°C,35.1%,4.8km/h,91.0kPa
12:40                                                     1405/04/22,358.2mm,778W/m2,171.1degree,24.2°C,50.6%,16.5km/h,91.2kPa
12:40                                                     1405/04/23,367.4mm,752W/m2,138.6degree,23.1°C,54.2%,5.3km/h,91.5kPa
12:40                                                     1405/04/24,367.4mm,770W/m2,126.8degree,29.7°C,34.1%,9.0km/h,91.4kPa
12:40                                                     1405/04/25,376.8mm,697W/m2,140.9degree,31.7°C,25.7%,4.8km/h,91.7kPa
12:40                                                     1405/04/26,376.8mm,749W/m2,65.1degree,21.7°C,42.9%,19.8km/h,92.1kPa
12:40                                                     1405/04/27,376.8mm,749W/m2,26.2degree,24.6°C,36.8%,2.3km/h,91.3kPa
12:40                                                     1405/04/28,376.8mm,760W/m2,65.2degree,28.4°C,26.9%,11.8km/h,91.4kPa
12:40                                                     1405/04/29,376.8mm,771W/m2,86.9degree,26.8°C,29.7%,16.0km/h,91.4kPa
12:40                                                     1405/04/30,376.8mm,318W/m2,92.8degree,25.4°C,35.8%,15.8km/h,91.3kPa
12:40                                                     1405/05/01,376.8mm,212W/m2,38.5degree,19.1°C,53.7%,8.8km/h,91.7kPa
12:40                                                     1405/05/02,376.8mm,517W/m2,87.2degree,21.9°C,44.9%,6.0km/h,91.9kPa
12:40                                                     1405/05/03,376.8mm,651W/m2,93.0degree,26.5°C,32.1%,6.8km/h,91.9kPa
12:40                                                     1405/05/04,376.8mm,788W/m2,111.1degree,28.8°C,22.6%,6.4km/h,91.9kPa
12:40                                                     1405/05/06,376.8mm,773W/m2,143.8degree,36.1°C,13.4%,12.8km/h,91.5kPa
12:40                                                     1405/05/07,376.8mm,758W/m2,58.4degree,32.0°C,27.0%,13.1km/h,91.5kPa
12:40                                                     1405/05/08,376.8mm,748W/m2,139.0degree,29.4°C,32.1%,6.8km/h,91.8kPa
12:40                                                     1405/05/09,376.8mm,480W/m2,81.3degree,27.2°C,28.6%,21.8km/h,91.7kPa
12:40                                                     1405/05/10,378.4mm,806W/m2,134.7degree,25.4°C,40.8%,11.7km/h,91.6kPa
12:40                                                     1405/05/11,378.4mm,785W/m2,42.6degree,27.1°C,32.5%,7.4km/h,91.5kPa
12:50                                                     1405/03/21,290.2mm,724W/m2,311.0degree,23.3°C,32.5%,16.7km/h,91.5kPa
12:50                                                     1405/03/22,290.6mm,24W/m2,76.5degree,20.7°C,44.6%,5.3km/h,91.8kPa
12:50                                                     1405/03/23,290.6mm,501W/m2,141.4degree,25.4°C,27.4%,11.2km/h,92.2kPa
12:50                                                     1405/03/25,294.2mm,319W/m2,157.7degree,17.8°C,79.6%,9.0km/h,91.0kPa
12:50                                                     1405/03/26,295.0mm,676W/m2,196.9degree,24.4°C,46.4%,22.0km/h,91.4kPa
12:50                                                     1405/03/27,295.0mm,174W/m2,207.1degree,21.4°C,56.4%,29.9km/h,90.9kPa
12:50                                                     1405/03/29,304.2mm,697W/m2,219.1degree,23.8°C,28.2%,3.2km/h,90.9kPa
12:50                                                     1405/03/30,325.8mm,341W/m2,219.9degree,24.4°C,21.2%,10.7km/h,90.8kPa
12:50                                                     1405/03/31,325.8mm,694W/m2,185.9degree,26.2°C,25.5%,9.1km/h,91.1kPa
12:50                                                     1405/04/01,347.0mm,166W/m2,320.9degree,11.5°C,88.4%,12.3km/h,91.4kPa
12:50                                                     1405/04/02,350.6mm,331W/m2,88.6degree,13.3°C,67.6%,4.0km/h,91.9kPa
12:50                                                     1405/04/03,350.6mm,720W/m2,176.5degree,19.8°C,44.7%,5.0km/h,91.4kPa
12:50                                                     1405/04/08,406.4mm,695W/m2,134.4degree,18.8°C,53.8%,11.6km/h,91.2kPa
12:50                                                     1405/04/09,406.4mm,826W/m2,88.6degree,21.3°C,48.3%,4.1km/h,91.6kPa
12:50                                                     1405/04/10,406.4mm,730W/m2,172.0degree,22.4°C,34.9%,10.7km/h,92.0kPa
12:50                                                     1405/04/11,406.8mm,730W/m2,185.5degree,23.7°C,38.6%,8.5km/h,92.5kPa
12:50                                                     1405/04/12,355.2mm,748W/m2,195.8degree,24.7°C,28.4%,5.8km/h,91.9kPa
12:50                                                     1405/04/13,355.2mm,714W/m2,138.0degree,27.4°C,25.5%,8.9km/h,91.4kPa
12:50                                                     1405/04/14,355.2mm,740W/m2,224.2degree,30.2°C,19.0%,13.4km/h,91.4kPa
12:50                                                     1405/04/16,355.2mm,361W/m2,98.3degree,12.5°C,61.3%,14.3km/h,92.0kPa
12:50                                                     1405/04/17,355.2mm,742W/m2,71.8degree,16.2°C,39.4%,13.2km/h,92.2kPa
12:50                                                     1405/04/18,355.2mm,740W/m2,143.6degree,20.5°C,31.1%,6.9km/h,91.8kPa
12:50                                                     1405/04/20,355.2mm,347W/m2,300.7degree,26.9°C,27.8%,2.3km/h,91.2kPa
12:50                                                     1405/04/21,355.2mm,229W/m2,141.4degree,24.9°C,34.9%,4.8km/h,91.0kPa
12:50                                                     1405/04/22,358.2mm,314W/m2,78.8degree,24.2°C,50.3%,12.4km/h,91.2kPa
12:50                                                     1405/04/24,367.4mm,757W/m2,126.9degree,30.1°C,31.9%,4.4km/h,91.4kPa
12:50                                                     1405/04/25,376.8mm,544W/m2,105.2degree,31.5°C,26.1%,8.2km/h,91.7kPa
12:50                                                     1405/04/26,376.8mm,615W/m2,72.9degree,21.6°C,45.0%,13.3km/h,92.1kPa
12:50                                                     1405/04/27,376.8mm,711W/m2,150.6degree,24.8°C,37.4%,3.9km/h,91.3kPa
12:50                                                     1405/04/30,376.8mm,114W/m2,113.3degree,24.5°C,38.0%,6.1km/h,91.4kPa
12:50                                                     1405/05/01,376.8mm,182W/m2,279.7degree,18.9°C,53.8%,0.9km/h,91.6kPa
12:50                                                     1405/05/03,376.8mm,784W/m2,58.1degree,26.3°C,31.1%,15.3km/h,91.9kPa
12:50                                                     1405/05/04,376.8mm,776W/m2,75.8degree,28.6°C,23.1%,6.7km/h,91.8kPa
12:50                                                     1405/05/05,376.8mm,751W/m2,173.0degree,33.7°C,17.6%,6.0km/h,91.7kPa
12:50                                                     1405/05/07,376.8mm,746W/m2,138.0degree,32.5°C,26.5%,13.4km/h,91.6kPa
12:50                                                     1405/05/08,376.8mm,738W/m2,88.1degree,29.7°C,29.3%,9.3km/h,91.8kPa
12:50                                                     1405/05/10,378.4mm,801W/m2,79.4degree,26.1°C,39.3%,14.5km/h,91.5kPa
12:50                                                     1405/05/11,378.4mm,776W/m2,117.4degree,26.9°C,33.0%,5.4km/h,91.5kPa
13:00                                                     1405/03/21,290.2mm,684W/m2,220.6degree,23.5°C,30.9%,7.5km/h,91.4kPa
13:00                                                     1405/03/22,290.6mm,22W/m2,106.5degree,20.4°C,47.7%,3.9km/h,91.8kPa
13:00                                                     1405/03/23,290.6mm,635W/m2,149.1degree,25.8°C,26.8%,13.4km/h,92.2kPa
13:00                                                     1405/03/24,290.6mm,504W/m2,125.8degree,27.9°C,22.1%,10.7km/h,91.7kPa
13:00                                                     1405/03/25,294.2mm,187W/m2,162.7degree,17.9°C,78.7%,11.2km/h,90.9kPa
13:00                                                     1405/03/26,295.0mm,681W/m2,190.4degree,24.7°C,43.0%,32.3km/h,91.4kPa
13:00                                                     1405/03/27,295.0mm,260W/m2,212.7degree,21.8°C,55.3%,23.1km/h,91.0kPa
13:00                                                     1405/03/28,304.2mm,646W/m2,159.9degree,21.0°C,57.1%,10.6km/h,90.8kPa
13:00                                                     1405/03/29,304.2mm,719W/m2,218.7degree,24.0°C,27.3%,1.7km/h,90.9kPa
13:00                                                     1405/03/30,325.8mm,329W/m2,228.7degree,24.3°C,22.2%,9.0km/h,90.9kPa
13:00                                                     1405/03/31,325.8mm,683W/m2,209.2degree,26.0°C,22.9%,14.2km/h,91.0kPa
13:00                                                     1405/04/01,347.4mm,160W/m2,320.6degree,11.6°C,88.4%,9.1km/h,91.4kPa
13:00                                                     1405/04/02,350.6mm,277W/m2,107.6degree,13.2°C,68.2%,6.0km/h,91.9kPa
13:00                                                     1405/04/03,350.6mm,705W/m2,182.7degree,19.6°C,42.3%,1.1km/h,91.4kPa
13:00                                                     1405/04/04,350.6mm,302W/m2,180.3degree,23.2°C,33.2%,15.5km/h,91.0kPa
13:00                                                     1405/04/08,406.4mm,140W/m2,173.1degree,18.6°C,56.7%,4.3km/h,91.3kPa
13:00                                                     1405/04/09,406.4mm,587W/m2,128.9degree,21.7°C,48.7%,4.6km/h,91.6kPa
13:00                                                     1405/04/10,406.4mm,720W/m2,80.6degree,22.5°C,33.2%,7.6km/h,92.0kPa
13:00                                                     1405/04/11,406.8mm,720W/m2,196.1degree,23.0°C,35.2%,6.3km/h,92.4kPa
13:00                                                     1405/04/12,355.2mm,742W/m2,157.9degree,25.3°C,26.6%,6.4km/h,91.9kPa
13:00                                                     1405/04/13,355.2mm,707W/m2,135.8degree,27.7°C,23.5%,11.3km/h,91.4kPa
13:00                                                     1405/04/14,355.2mm,721W/m2,225.9degree,30.8°C,17.6%,13.5km/h,91.3kPa
13:00                                                     1405/04/15,355.2mm,706W/m2,86.2degree,19.2°C,40.8%,6.8km/h,91.8kPa
13:00                                                     1405/04/16,355.2mm,408W/m2,83.8degree,12.6°C,60.7%,14.4km/h,92.0kPa
13:00                                                     1405/04/17,355.2mm,621W/m2,72.5degree,16.2°C,39.0%,13.7km/h,92.1kPa
13:00                                                     1405/04/18,355.2mm,724W/m2,117.2degree,20.6°C,32.2%,8.9km/h,91.9kPa
13:00                                                     1405/04/19,355.2mm,506W/m2,166.1degree,27.5°C,22.4%,11.9km/h,91.5kPa
13:00                                                     1405/04/20,355.2mm,392W/m2,93.4degree,27.6°C,27.5%,1.4km/h,91.2kPa
13:00                                                     1405/04/21,355.2mm,240W/m2,115.9degree,25.2°C,33.1%,5.7km/h,90.9kPa
13:00                                                     1405/04/22,358.2mm,388W/m2,117.2degree,23.8°C,50.1%,6.1km/h,91.2kPa
13:00                                                     1405/04/23,367.4mm,730W/m2,133.6degree,23.7°C,50.0%,9.3km/h,91.5kPa
13:00                                                     1405/04/24,367.4mm,748W/m2,149.9degree,30.3°C,31.6%,8.5km/h,91.4kPa
13:00                                                     1405/04/25,376.8mm,503W/m2,106.8degree,31.3°C,28.2%,6.3km/h,91.7kPa
13:00                                                     1405/04/26,376.8mm,719W/m2,96.5degree,21.3°C,45.0%,18.8km/h,92.1kPa
13:00                                                     1405/04/27,376.8mm,669W/m2,105.9degree,24.4°C,36.9%,8.6km/h,91.3kPa
13:00                                                     1405/04/28,376.8mm,742W/m2,84.5degree,28.4°C,27.2%,10.3km/h,91.4kPa
13:00                                                     1405/04/29,376.8mm,743W/m2,71.2degree,26.6°C,30.1%,21.5km/h,91.3kPa
13:00                                                     1405/04/30,376.8mm,76W/m2,137.0degree,23.9°C,38.9%,13.3km/h,91.4kPa
13:00                                                     1405/05/01,376.8mm,192W/m2,46.7degree,19.0°C,53.8%,4.6km/h,91.7kPa
13:00                                                     1405/05/02,376.8mm,808W/m2,117.3degree,23.1°C,42.3%,6.2km/h,91.9kPa
13:00                                                     1405/05/03,376.8mm,761W/m2,81.4degree,26.7°C,30.8%,7.5km/h,91.9kPa
13:00                                                     1405/05/04,376.8mm,763W/m2,97.7degree,28.2°C,24.0%,13.2km/h,91.8kPa
13:00                                                     1405/05/05,376.8mm,739W/m2,141.0degree,33.8°C,17.3%,7.5km/h,91.7kPa
13:00                                                     1405/05/06,376.8mm,744W/m2,167.0degree,36.4°C,12.8%,6.8km/h,91.5kPa
13:00                                                     1405/05/07,376.8mm,731W/m2,94.6degree,32.4°C,28.2%,12.9km/h,91.5kPa
13:00                                                     1405/05/08,376.8mm,720W/m2,70.9degree,29.8°C,29.8%,10.8km/h,91.7kPa
13:00                                                     1405/05/09,376.8mm,409W/m2,64.2degree,26.8°C,29.6%,16.2km/h,91.7kPa
13:00                                                     1405/05/11,378.4mm,766W/m2,146.7degree,27.2°C,32.2%,14.2km/h,91.5kPa
13:10                                                     1405/03/21,290.2mm,655W/m2,247.5degree,23.5°C,29.6%,9.8km/h,91.4kPa
13:10                                                     1405/03/22,290.6mm,22W/m2,115.4degree,20.0°C,49.3%,5.1km/h,91.8kPa
13:10                                                     1405/03/23,290.6mm,626W/m2,134.3degree,25.8°C,26.8%,8.8km/h,92.1kPa
13:10                                                     1405/03/25,294.2mm,247W/m2,145.8degree,17.7°C,78.2%,9.1km/h,90.9kPa
13:10                                                     1405/03/26,295.0mm,551W/m2,210.5degree,24.6°C,41.9%,32.3km/h,91.4kPa
13:10                                                     1405/03/27,295.0mm,265W/m2,200.3degree,22.1°C,55.3%,19.5km/h,91.1kPa
13:10                                                     1405/03/29,304.2mm,636W/m2,166.2degree,24.4°C,27.1%,0.9km/h,90.9kPa
13:10                                                     1405/03/30,325.8mm,351W/m2,227.2degree,24.4°C,20.1%,16.4km/h,90.8kPa
13:10                                                     1405/03/31,325.8mm,675W/m2,175.8degree,26.5°C,22.7%,21.9km/h,91.0kPa
13:10                                                     1405/04/01,348.0mm,167W/m2,325.7degree,11.7°C,88.8%,7.2km/h,91.4kPa
13:10                                                     1405/04/02,350.6mm,328W/m2,146.1degree,13.1°C,68.3%,6.4km/h,91.8kPa
13:10                                                     1405/04/03,350.6mm,691W/m2,194.9degree,19.8°C,43.1%,7.5km/h,91.4kPa
13:10                                                     1405/04/08,406.4mm,44W/m2,186.3degree,17.8°C,52.4%,14.6km/h,91.2kPa
13:10                                                     1405/04/09,406.4mm,329W/m2,70.2degree,20.8°C,49.3%,14.4km/h,91.5kPa
13:10                                                     1405/04/10,406.4mm,711W/m2,101.8degree,22.9°C,34.5%,12.5km/h,92.0kPa
13:10                                                     1405/04/11,406.8mm,705W/m2,151.2degree,23.7°C,34.9%,5.0km/h,92.4kPa
13:10                                                     1405/04/12,355.2mm,714W/m2,140.3degree,25.3°C,26.6%,9.2km/h,91.8kPa
13:10                                                     1405/04/13,355.2mm,688W/m2,140.6degree,28.0°C,24.6%,7.5km/h,91.5kPa
13:10                                                     1405/04/14,355.2mm,706W/m2,224.7degree,30.9°C,19.6%,12.7km/h,91.4kPa
13:10                                                     1405/04/16,355.2mm,407W/m2,124.4degree,13.3°C,59.6%,12.8km/h,92.0kPa
13:10                                                     1405/04/17,355.2mm,705W/m2,42.9degree,16.5°C,37.9%,21.7km/h,92.1kPa
13:10                                                     1405/04/18,355.2mm,710W/m2,46.5degree,20.4°C,31.0%,2.3km/h,91.8kPa
13:10                                                     1405/04/20,355.2mm,160W/m2,111.6degree,27.9°C,27.5%,2.5km/h,91.2kPa
13:10                                                     1405/04/21,355.2mm,307W/m2,110.1degree,25.5°C,31.5%,5.0km/h,90.9kPa
13:10                                                     1405/04/22,358.2mm,495W/m2,75.8degree,25.2°C,46.9%,10.4km/h,91.2kPa
13:10                                                     1405/04/24,367.4mm,741W/m2,82.9degree,30.4°C,29.0%,10.6km/h,91.4kPa
13:10                                                     1405/04/26,376.8mm,775W/m2,74.9degree,21.4°C,44.9%,23.1km/h,92.1kPa
13:10                                                     1405/04/27,376.8mm,451W/m2,101.4degree,24.0°C,38.7%,9.7km/h,91.3kPa
13:10                                                     1405/04/29,376.8mm,729W/m2,87.4degree,26.7°C,30.5%,12.1km/h,91.4kPa
13:10                                                     1405/04/30,376.8mm,88W/m2,92.4degree,23.5°C,40.1%,12.1km/h,91.4kPa
13:10                                                     1405/05/01,376.8mm,171W/m2,78.7degree,19.0°C,54.6%,5.1km/h,91.7kPa
13:10                                                     1405/05/03,376.8mm,744W/m2,102.4degree,26.6°C,29.9%,9.3km/h,91.9kPa
13:10                                                     1405/05/04,376.8mm,748W/m2,139.2degree,28.7°C,22.1%,6.0km/h,91.8kPa
13:10                                                     1405/05/05,376.8mm,724W/m2,146.9degree,34.2°C,17.0%,15.7km/h,91.7kPa
13:10                                                     1405/05/07,376.8mm,717W/m2,60.6degree,32.4°C,27.6%,12.9km/h,91.5kPa
13:10                                                     1405/05/08,376.8mm,711W/m2,75.8degree,29.9°C,29.4%,10.3km/h,91.7kPa
13:10                                                     1405/05/09,376.8mm,362W/m2,70.3degree,26.7°C,30.1%,23.5km/h,91.7kPa
13:10                                                     1405/05/10,378.4mm,760W/m2,111.0degree,25.4°C,41.5%,9.5km/h,91.7kPa
13:10                                                     1405/05/11,378.4mm,761W/m2,141.7degree,27.0°C,32.3%,5.7km/h,91.5kPa
13:20                                                     1405/03/21,290.2mm,464W/m2,235.3degree,23.5°C,28.7%,23.4km/h,91.4kPa
13:20                                                     1405/03/22,290.6mm,26W/m2,122.2degree,19.5°C,50.1%,3.2km/h,91.8kPa
13:20                                                     1405/03/23,290.6mm,609W/m2,153.2degree,25.9°C,25.8%,14.2km/h,92.1kPa
13:20                                                     1405/03/24,290.6mm,502W/m2,120.8degree,27.6°C,23.4%,9.6km/h,91.7kPa
13:20                                                     1405/03/25,294.2mm,194W/m2,156.8degree,17.2°C,82.2%,8.4km/h,90.9kPa
13:20                                                     1405/03/26,295.0mm,572W/m2,216.6degree,24.9°C,40.1%,26.5km/h,91.4kPa
13:20                                                     1405/03/27,295.0mm,432W/m2,201.3degree,22.4°C,54.6%,24.0km/h,91.0kPa
13:20                                                     1405/03/28,304.2mm,616W/m2,159.0degree,21.4°C,55.3%,11.8km/h,90.8kPa
13:20                                                     1405/03/29,304.2mm,319W/m2,148.0degree,23.8°C,26.2%,8.0km/h,90.8kPa
13:20                                                     1405/03/30,325.8mm,472W/m2,250.3degree,24.5°C,21.4%,15.9km/h,90.9kPa
13:20                                                     1405/03/31,325.8mm,664W/m2,207.0degree,26.4°C,24.7%,19.3km/h,91.0kPa
13:20                                                     1405/04/01,348.2mm,200W/m2,339.8degree,11.8°C,88.5%,3.6km/h,91.4kPa
13:20                                                     1405/04/02,350.6mm,472W/m2,147.4degree,13.7°C,65.3%,6.3km/h,91.8kPa
13:20                                                     1405/04/03,350.6mm,663W/m2,171.1degree,19.8°C,42.4%,4.5km/h,91.3kPa
13:20                                                     1405/04/04,350.6mm,529W/m2,185.3degree,23.9°C,32.4%,17.6km/h,91.0kPa
13:20                                                     1405/04/08,406.4mm,68W/m2,179.3degree,17.0°C,48.4%,13.5km/h,91.2kPa
13:20                                                     1405/04/09,406.4mm,790W/m2,72.3degree,21.0°C,50.3%,14.1km/h,91.5kPa
13:20                                                     1405/04/10,406.4mm,759W/m2,69.3degree,23.2°C,33.8%,7.3km/h,92.0kPa
13:20                                                     1405/04/11,406.8mm,690W/m2,138.1degree,24.2°C,31.8%,10.6km/h,92.4kPa
13:20                                                     1405/04/12,355.2mm,694W/m2,178.1degree,25.3°C,26.8%,12.3km/h,91.8kPa
13:20                                                     1405/04/13,355.2mm,674W/m2,175.8degree,28.2°C,23.4%,11.4km/h,91.4kPa
13:20                                                     1405/04/14,355.2mm,684W/m2,237.3degree,30.5°C,21.1%,15.7km/h,91.4kPa
13:20                                                     1405/04/15,355.2mm,699W/m2,91.7degree,19.4°C,40.2%,9.9km/h,91.7kPa
13:20                                                     1405/04/16,355.2mm,430W/m2,90.3degree,13.7°C,57.4%,10.0km/h,91.9kPa
13:20                                                     1405/04/17,355.2mm,682W/m2,49.0degree,16.6°C,37.7%,14.9km/h,92.1kPa
13:20                                                     1405/04/18,355.2mm,689W/m2,71.1degree,20.7°C,30.8%,9.5km/h,91.8kPa
13:20                                                     1405/04/19,355.2mm,697W/m2,177.2degree,27.6°C,21.8%,12.4km/h,91.5kPa
13:20                                                     1405/04/20,355.2mm,186W/m2,77.3degree,27.4°C,28.9%,7.1km/h,91.2kPa
13:20                                                     1405/04/21,355.2mm,266W/m2,130.7degree,25.7°C,31.8%,6.3km/h,91.0kPa
13:20                                                     1405/04/22,358.2mm,721W/m2,103.3degree,25.3°C,46.5%,15.0km/h,91.1kPa
13:20                                                     1405/04/23,367.4mm,700W/m2,192.4degree,24.0°C,46.2%,7.2km/h,91.4kPa
13:20                                                     1405/04/24,367.4mm,792W/m2,129.8degree,30.6°C,29.3%,9.5km/h,91.4kPa
13:20                                                     1405/04/25,376.8mm,489W/m2,81.3degree,31.3°C,26.3%,3.8km/h,91.7kPa
13:20                                                     1405/04/26,376.8mm,573W/m2,77.2degree,21.5°C,44.6%,17.5km/h,92.0kPa
13:20                                                     1405/04/27,376.8mm,656W/m2,38.5degree,24.6°C,36.3%,6.4km/h,91.3kPa
13:20                                                     1405/04/28,376.8mm,673W/m2,90.0degree,28.3°C,27.1%,8.8km/h,91.4kPa
13:20                                                     1405/04/29,376.8mm,713W/m2,79.7degree,26.7°C,30.9%,18.7km/h,91.3kPa
13:20                                                     1405/04/30,376.8mm,128W/m2,99.8degree,23.3°C,40.8%,18.8km/h,91.4kPa
13:20                                                     1405/05/01,376.8mm,160W/m2,78.9degree,18.6°C,54.5%,11.4km/h,91.6kPa
13:20                                                     1405/05/02,376.8mm,723W/m2,103.5degree,23.4°C,41.8%,12.8km/h,91.9kPa
13:20                                                     1405/05/03,376.8mm,722W/m2,139.0degree,27.0°C,31.5%,6.6km/h,91.9kPa
13:20                                                     1405/05/04,376.8mm,729W/m2,105.9degree,28.7°C,23.0%,7.5km/h,91.8kPa
13:20                                                     1405/05/05,376.8mm,708W/m2,214.4degree,34.0°C,16.3%,12.0km/h,91.6kPa
13:20                                                     1405/05/06,376.8mm,717W/m2,153.6degree,36.5°C,12.4%,9.1km/h,91.5kPa
13:20                                                     1405/05/07,376.8mm,694W/m2,71.1degree,32.3°C,27.6%,15.4km/h,91.5kPa
13:20                                                     1405/05/08,376.8mm,696W/m2,74.9degree,29.9°C,30.0%,14.1km/h,91.7kPa
13:20                                                     1405/05/09,376.8mm,473W/m2,85.2degree,26.8°C,29.6%,22.4km/h,91.7kPa
13:20                                                     1405/05/10,378.4mm,738W/m2,115.7degree,25.4°C,40.7%,13.0km/h,91.6kPa
13:20                                                     1405/05/11,378.4mm,738W/m2,135.9degree,27.3°C,32.7%,8.4km/h,91.5kPa
13:30                                                     1405/03/21,290.2mm,422W/m2,248.8degree,23.7°C,28.5%,19.3km/h,91.4kPa
13:30                                                     1405/03/22,290.6mm,43W/m2,180.6degree,19.3°C,40.6%,6.2km/h,91.6kPa
13:30                                                     1405/03/23,290.6mm,596W/m2,177.1degree,26.4°C,24.4%,17.5km/h,92.1kPa
13:30                                                     1405/03/25,294.2mm,277W/m2,148.0degree,17.5°C,80.9%,8.7km/h,90.9kPa
13:30                                                     1405/03/26,295.0mm,538W/m2,194.9degree,24.8°C,41.4%,24.3km/h,91.4kPa
13:30                                                     1405/03/27,295.0mm,494W/m2,200.8degree,23.5°C,53.3%,31.5km/h,91.0kPa
13:30                                                     1405/03/29,304.2mm,286W/m2,158.3degree,23.1°C,27.0%,4.8km/h,90.8kPa
13:30                                                     1405/03/30,325.8mm,355W/m2,224.8degree,24.6°C,20.4%,11.7km/h,90.9kPa
13:30                                                     1405/03/31,325.8mm,638W/m2,192.2degree,26.6°C,22.9%,21.7km/h,90.9kPa
13:30                                                     1405/04/01,348.6mm,270W/m2,348.0degree,12.0°C,88.3%,5.3km/h,91.4kPa
13:30                                                     1405/04/02,350.6mm,523W/m2,107.9degree,14.4°C,64.3%,8.5km/h,91.9kPa
13:30                                                     1405/04/03,350.6mm,652W/m2,185.6degree,20.3°C,43.6%,8.3km/h,91.4kPa
13:30                                                     1405/04/04,350.6mm,552W/m2,199.5degree,24.2°C,33.1%,16.5km/h,91.0kPa
13:30                                                     1405/04/08,406.4mm,320W/m2,216.3degree,16.5°C,48.5%,9.3km/h,91.2kPa
13:30                                                     1405/04/09,406.4mm,315W/m2,55.0degree,20.4°C,50.3%,7.6km/h,91.5kPa
13:30                                                     1405/04/10,406.4mm,230W/m2,67.4degree,22.2°C,33.4%,9.1km/h,92.0kPa
13:30                                                     1405/04/11,406.8mm,671W/m2,170.8degree,24.3°C,35.2%,7.8km/h,92.4kPa
13:30                                                     1405/04/12,355.2mm,671W/m2,144.3degree,25.5°C,27.0%,9.1km/h,91.8kPa
13:30                                                     1405/04/13,355.2mm,655W/m2,155.2degree,28.2°C,21.2%,13.0km/h,91.4kPa
13:30                                                     1405/04/14,355.2mm,671W/m2,241.3degree,30.2°C,20.5%,10.0km/h,91.3kPa
13:30                                                     1405/04/16,355.2mm,755W/m2,101.2degree,13.5°C,58.7%,15.4km/h,91.9kPa
13:30                                                     1405/04/17,355.2mm,632W/m2,58.4degree,16.5°C,37.8%,18.6km/h,92.1kPa
13:30                                                     1405/04/18,355.2mm,674W/m2,162.7degree,21.0°C,31.5%,7.8km/h,91.8kPa
13:30                                                     1405/04/20,355.2mm,226W/m2,58.1degree,26.5°C,29.9%,5.5km/h,91.1kPa
13:30                                                     1405/04/21,355.2mm,322W/m2,117.0degree,25.9°C,31.6%,7.1km/h,90.9kPa
13:30                                                     1405/04/22,358.2mm,506W/m2,76.4degree,25.4°C,45.3%,5.8km/h,91.1kPa
13:30                                                     1405/04/24,367.4mm,126W/m2,162.5degree,29.1°C,30.2%,6.6km/h,91.3kPa
13:30                                                     1405/04/26,376.8mm,692W/m2,59.7degree,21.3°C,46.0%,17.9km/h,92.1kPa
13:30                                                     1405/04/27,376.8mm,807W/m2,78.8degree,25.8°C,35.2%,6.6km/h,91.3kPa
13:30                                                     1405/04/29,376.8mm,693W/m2,146.6degree,26.9°C,30.8%,14.6km/h,91.3kPa
13:30                                                     1405/04/30,376.8mm,268W/m2,73.4degree,23.1°C,41.3%,33.7km/h,91.2kPa
13:30                                                     1405/05/01,376.8mm,147W/m2,89.7degree,18.6°C,55.5%,12.5km/h,91.7kPa
13:30                                                     1405/05/03,376.8mm,715W/m2,59.5degree,26.8°C,29.9%,9.4km/h,91.9kPa
13:30                                                     1405/05/04,376.8mm,713W/m2,90.6degree,28.9°C,23.2%,11.1km/h,91.8kPa
13:30                                                     1405/05/05,376.8mm,688W/m2,159.3degree,34.1°C,16.6%,8.2km/h,91.6kPa
13:30                                                     1405/05/07,376.8mm,678W/m2,85.3degree,32.6°C,27.6%,13.9km/h,91.5kPa
13:30                                                     1405/05/08,376.8mm,682W/m2,56.9degree,30.1°C,28.1%,13.9km/h,91.7kPa
13:30                                                     1405/05/09,376.8mm,332W/m2,62.9degree,26.6°C,29.5%,27.4km/h,91.6kPa
13:30                                                     1405/05/10,378.4mm,706W/m2,101.4degree,25.2°C,41.9%,12.5km/h,91.7kPa
13:30                                                     1405/05/11,378.4mm,713W/m2,63.3degree,27.1°C,32.5%,8.0km/h,91.5kPa
13:40                                                     1405/03/21,290.2mm,255W/m2,279.1degree,22.8°C,30.2%,8.5km/h,91.3kPa
13:40                                                     1405/03/22,290.6mm,65W/m2,169.0degree,19.6°C,39.9%,5.5km/h,91.7kPa
13:40                                                     1405/03/23,290.6mm,577W/m2,142.9degree,26.6°C,26.3%,8.5km/h,92.1kPa
13:40                                                     1405/03/24,290.6mm,558W/m2,116.6degree,28.0°C,22.5%,9.2km/h,91.6kPa
13:40                                                     1405/03/25,294.2mm,263W/m2,137.5degree,17.8°C,79.7%,4.8km/h,90.9kPa
13:40                                                     1405/03/26,295.0mm,370W/m2,216.6degree,24.8°C,40.3%,24.3km/h,91.3kPa
13:40                                                     1405/03/27,295.0mm,678W/m2,204.8degree,23.6°C,50.7%,35.4km/h,91.0kPa
13:40                                                     1405/03/28,304.2mm,350W/m2,165.4degree,21.7°C,53.0%,8.6km/h,90.8kPa
13:40                                                     1405/03/29,304.2mm,207W/m2,112.6degree,23.2°C,23.8%,4.2km/h,90.7kPa
13:40                                                     1405/03/30,325.8mm,328W/m2,226.7degree,24.3°C,20.5%,15.9km/h,90.9kPa
13:40                                                     1405/03/31,325.8mm,620W/m2,219.9degree,26.2°C,20.4%,12.6km/h,90.9kPa
13:40                                                     1405/04/01,348.8mm,302W/m2,336.8degree,12.3°C,87.1%,6.4km/h,91.4kPa
13:40                                                     1405/04/02,350.6mm,318W/m2,149.5degree,14.5°C,63.9%,7.0km/h,91.9kPa
13:40                                                     1405/04/03,350.6mm,627W/m2,197.8degree,20.7°C,42.5%,3.2km/h,91.4kPa
13:40                                                     1405/04/08,406.4mm,258W/m2,209.8degree,17.9°C,42.5%,8.0km/h,91.1kPa
13:40                                                     1405/04/09,406.4mm,705W/m2,98.2degree,21.6°C,47.0%,13.5km/h,91.5kPa
13:40                                                     1405/04/10,406.4mm,156W/m2,44.4degree,20.9°C,38.6%,13.0km/h,92.0kPa
13:40                                                     1405/04/11,406.8mm,654W/m2,131.9degree,24.2°C,30.9%,6.6km/h,92.4kPa
13:40                                                     1405/04/12,355.2mm,656W/m2,152.4degree,25.3°C,24.8%,7.6km/h,91.8kPa
13:40                                                     1405/04/13,355.2mm,637W/m2,144.9degree,28.2°C,20.6%,10.5km/h,91.4kPa
13:40                                                     1405/04/14,355.2mm,646W/m2,231.4degree,30.1°C,19.0%,22.0km/h,91.3kPa
13:40                                                     1405/04/15,355.2mm,616W/m2,101.9degree,19.7°C,38.5%,10.3km/h,91.7kPa
13:40                                                     1405/04/16,355.2mm,632W/m2,96.8degree,14.0°C,56.0%,18.9km/h,91.9kPa
13:40                                                     1405/04/17,355.2mm,611W/m2,71.8degree,16.4°C,38.0%,11.2km/h,92.1kPa
13:40                                                     1405/04/18,355.2mm,655W/m2,183.4degree,21.2°C,29.5%,1.7km/h,91.8kPa
13:40                                                     1405/04/19,355.2mm,546W/m2,174.1degree,28.5°C,19.4%,19.8km/h,91.4kPa
13:40                                                     1405/04/20,355.2mm,449W/m2,136.4degree,27.7°C,27.8%,5.6km/h,91.1kPa
13:40                                                     1405/04/21,355.2mm,336W/m2,138.0degree,26.0°C,31.4%,8.5km/h,90.9kPa
13:40                                                     1405/04/22,358.2mm,346W/m2,57.5degree,25.2°C,46.4%,12.6km/h,91.1kPa
13:40                                                     1405/04/23,367.4mm,664W/m2,158.1degree,24.6°C,45.7%,6.2km/h,91.5kPa
13:40                                                     1405/04/24,367.4mm,109W/m2,147.6degree,28.6°C,30.4%,7.5km/h,91.3kPa
13:40                                                     1405/04/25,376.8mm,394W/m2,144.8degree,31.5°C,25.1%,8.6km/h,91.6kPa
13:40                                                     1405/04/26,376.8mm,731W/m2,62.9degree,21.6°C,46.3%,14.0km/h,92.1kPa
13:40                                                     1405/04/27,376.8mm,379W/m2,145.7degree,25.5°C,36.3%,8.0km/h,91.3kPa
13:40                                                     1405/04/28,376.8mm,666W/m2,88.7degree,28.8°C,26.8%,14.4km/h,91.3kPa
13:40                                                     1405/04/29,376.8mm,669W/m2,106.8degree,27.2°C,31.8%,9.9km/h,91.4kPa
13:40                                                     1405/04/30,376.8mm,718W/m2,71.5degree,24.3°C,40.6%,21.3km/h,91.3kPa
13:40                                                     1405/05/01,376.8mm,143W/m2,89.9degree,18.7°C,54.9%,12.2km/h,91.7kPa
13:40                                                     1405/05/02,376.8mm,693W/m2,28.5degree,23.3°C,40.4%,4.2km/h,91.8kPa
13:40                                                     1405/05/04,376.8mm,691W/m2,350.4degree,28.9°C,22.1%,6.1km/h,91.7kPa
13:40                                                     1405/05/05,376.8mm,680W/m2,124.3degree,34.3°C,16.9%,9.3km/h,91.6kPa
13:40                                                     1405/05/06,376.8mm,686W/m2,157.1degree,36.8°C,12.5%,7.7km/h,91.4kPa
13:40                                                     1405/05/07,376.8mm,661W/m2,78.3degree,32.4°C,27.6%,14.2km/h,91.5kPa
13:40                                                     1405/05/08,376.8mm,661W/m2,88.6degree,30.1°C,28.4%,8.1km/h,91.7kPa
13:40                                                     1405/05/10,378.4mm,687W/m2,78.2degree,25.3°C,41.7%,23.3km/h,91.6kPa
13:40                                                     1405/05/11,378.4mm,698W/m2,63.5degree,27.8°C,30.2%,11.2km/h,91.5kPa
13:50                                                     1405/03/21,290.2mm,711W/m2,257.7degree,23.9°C,28.6%,4.4km/h,91.4kPa
13:50                                                     1405/03/22,290.6mm,110W/m2,152.8degree,19.6°C,42.2%,3.7km/h,91.7kPa
13:50                                                     1405/03/23,290.6mm,518W/m2,156.6degree,26.4°C,27.1%,15.4km/h,92.1kPa
13:50                                                     1405/03/25,294.2mm,242W/m2,133.7degree,17.8°C,80.8%,11.2km/h,90.9kPa
13:50                                                     1405/03/26,295.0mm,327W/m2,208.1degree,24.3°C,41.2%,26.7km/h,91.3kPa
13:50                                                     1405/03/27,295.0mm,344W/m2,204.7degree,22.8°C,52.0%,33.3km/h,90.9kPa
13:50                                                     1405/03/29,304.2mm,166W/m2,101.8degree,22.7°C,24.0%,6.3km/h,90.7kPa
13:50                                                     1405/03/30,325.8mm,489W/m2,257.6degree,24.7°C,20.3%,13.8km/h,90.9kPa
13:50                                                     1405/03/31,325.8mm,600W/m2,137.5degree,26.8°C,20.5%,12.4km/h,90.9kPa
13:50                                                     1405/04/01,349.2mm,352W/m2,343.1degree,12.5°C,85.8%,9.0km/h,91.4kPa
13:50                                                     1405/04/03,350.6mm,613W/m2,226.5degree,20.4°C,37.2%,9.1km/h,91.3kPa
13:50                                                     1405/04/04,350.6mm,647W/m2,179.8degree,24.2°C,33.7%,13.1km/h,91.0kPa
13:50                                                     1405/04/08,406.4mm,281W/m2,181.1degree,18.0°C,48.4%,9.3km/h,91.2kPa
13:50                                                     1405/04/09,406.4mm,723W/m2,134.8degree,22.4°C,46.7%,9.6km/h,91.5kPa
13:50                                                     1405/04/10,406.4mm,42W/m2,41.3degree,19.6°C,42.0%,15.0km/h,91.9kPa
13:50                                                     1405/04/11,406.8mm,632W/m2,175.1degree,24.4°C,29.6%,9.9km/h,92.4kPa
13:50                                                     1405/04/12,355.2mm,634W/m2,164.4degree,25.7°C,24.9%,9.7km/h,91.8kPa
13:50                                                     1405/04/13,355.2mm,613W/m2,140.7degree,28.3°C,21.6%,10.5km/h,91.4kPa
13:50                                                     1405/04/14,355.2mm,634W/m2,262.3degree,30.2°C,18.4%,28.1km/h,91.3kPa
13:50                                                     1405/04/16,355.2mm,600W/m2,69.4degree,13.7°C,57.3%,13.1km/h,91.9kPa
13:50                                                     1405/04/17,355.2mm,615W/m2,108.5degree,16.8°C,37.7%,19.6km/h,92.1kPa
13:50                                                     1405/04/18,355.2mm,632W/m2,118.0degree,21.1°C,31.6%,9.5km/h,91.8kPa
13:50                                                     1405/04/20,355.2mm,543W/m2,118.5degree,28.5°C,27.7%,3.4km/h,91.2kPa
13:50                                                     1405/04/21,355.2mm,277W/m2,92.2degree,26.1°C,31.9%,8.8km/h,90.9kPa
13:50                                                     1405/04/22,358.2mm,808W/m2,116.2degree,25.4°C,47.2%,10.8km/h,91.1kPa
13:50                                                     1405/04/24,367.4mm,82W/m2,160.2degree,28.5°C,30.5%,1.4km/h,91.3kPa
13:50                                                     1405/04/25,376.8mm,462W/m2,163.6degree,31.7°C,25.7%,9.7km/h,91.6kPa
13:50                                                     1405/04/26,376.8mm,316W/m2,58.3degree,21.3°C,47.7%,12.9km/h,92.1kPa
13:50                                                     1405/04/27,376.8mm,658W/m2,117.5degree,25.2°C,36.3%,8.8km/h,91.3kPa
13:50                                                     1405/04/29,376.8mm,650W/m2,93.6degree,27.1°C,30.4%,13.5km/h,91.3kPa
13:50                                                     1405/04/30,376.8mm,851W/m2,55.1degree,24.1°C,39.6%,25.2km/h,91.2kPa
13:50                                                     1405/05/01,376.8mm,125W/m2,111.5degree,18.5°C,55.5%,11.6km/h,91.7kPa
13:50                                                     1405/05/03,376.8mm,675W/m2,86.8degree,27.3°C,28.7%,15.4km/h,91.9kPa
13:50                                                     1405/05/04,376.8mm,669W/m2,26.5degree,28.7°C,23.3%,3.6km/h,91.7kPa
13:50                                                     1405/05/05,376.8mm,658W/m2,146.3degree,34.3°C,16.9%,6.9km/h,91.6kPa
13:50                                                     1405/05/08,376.8mm,633W/m2,98.9degree,30.4°C,27.8%,11.1km/h,91.7kPa
13:50                                                     1405/05/09,376.8mm,355W/m2,82.3degree,26.3°C,30.3%,21.7km/h,91.6kPa
13:50                                                     1405/05/10,378.4mm,662W/m2,83.6degree,24.9°C,43.6%,21.8km/h,91.7kPa
13:50                                                     1405/05/11,378.4mm,679W/m2,63.9degree,27.7°C,30.7%,10.5km/h,91.5kPa
14:00                                                     1405/03/21,290.2mm,594W/m2,224.1degree,24.4°C,28.5%,12.0km/h,91.4kPa
14:00                                                     1405/03/22,290.6mm,158W/m2,99.7degree,19.8°C,42.8%,1.3km/h,91.7kPa
14:00                                                     1405/03/23,290.6mm,534W/m2,137.0degree,26.4°C,27.8%,11.0km/h,92.1kPa
14:00                                                     1405/03/24,290.6mm,466W/m2,129.7degree,28.3°C,22.8%,6.4km/h,91.6kPa
14:00                                                     1405/03/25,294.2mm,201W/m2,157.8degree,18.1°C,79.9%,9.8km/h,90.9kPa
14:00                                                     1405/03/26,295.0mm,337W/m2,191.7degree,24.2°C,41.3%,19.2km/h,91.3kPa
14:00                                                     1405/03/27,295.0mm,365W/m2,203.3degree,23.3°C,50.3%,38.7km/h,90.9kPa
14:00                                                     1405/03/28,304.2mm,387W/m2,127.1degree,21.1°C,55.0%,7.4km/h,90.8kPa
14:00                                                     1405/03/29,304.2mm,140W/m2,136.3degree,22.6°C,23.9%,3.5km/h,90.7kPa
14:00                                                     1405/03/30,325.8mm,489W/m2,221.7degree,25.1°C,20.5%,12.0km/h,90.9kPa
14:00                                                     1405/03/31,325.8mm,582W/m2,137.4degree,26.8°C,19.5%,6.1km/h,90.8kPa
14:00                                                     1405/04/01,349.2mm,331W/m2,350.1degree,12.7°C,84.7%,7.6km/h,91.4kPa
14:00                                                     1405/04/02,350.6mm,455W/m2,172.0degree,14.9°C,64.3%,8.0km/h,91.9kPa
14:00                                                     1405/04/03,350.6mm,590W/m2,231.5degree,20.4°C,38.6%,4.6km/h,91.3kPa
14:00                                                     1405/04/04,350.6mm,621W/m2,205.2degree,24.6°C,30.6%,21.4km/h,91.0kPa
14:00                                                     1405/04/08,406.4mm,156W/m2,173.3degree,18.1°C,45.3%,8.1km/h,91.2kPa
14:00                                                     1405/04/09,406.4mm,633W/m2,147.1degree,22.8°C,42.0%,11.2km/h,91.5kPa
14:00                                                     1405/04/10,406.4mm,22W/m2,344.1degree,18.6°C,42.5%,2.3km/h,92.0kPa
14:00                                                     1405/04/11,406.8mm,615W/m2,192.8degree,24.2°C,28.1%,10.5km/h,92.3kPa
14:00                                                     1405/04/12,355.2mm,612W/m2,164.8degree,25.7°C,27.5%,7.8km/h,91.8kPa
14:00                                                     1405/04/13,355.2mm,591W/m2,161.7degree,28.4°C,19.1%,10.1km/h,91.4kPa
14:00                                                     1405/04/14,355.2mm,593W/m2,251.5degree,30.2°C,20.4%,17.7km/h,91.4kPa
14:00                                                     1405/04/15,355.2mm,600W/m2,137.4degree,19.8°C,38.5%,10.6km/h,91.6kPa
14:00                                                     1405/04/16,355.2mm,511W/m2,103.6degree,13.6°C,58.0%,16.3km/h,91.9kPa
14:00                                                     1405/04/17,355.2mm,593W/m2,95.9degree,16.9°C,37.2%,26.4km/h,92.1kPa
14:00                                                     1405/04/18,355.2mm,611W/m2,169.1degree,21.1°C,29.7%,1.7km/h,91.8kPa
14:00                                                     1405/04/19,355.2mm,505W/m2,195.9degree,27.9°C,18.4%,20.5km/h,91.3kPa
14:00                                                     1405/04/20,355.2mm,271W/m2,130.7degree,29.0°C,25.6%,4.1km/h,91.1kPa
14:00                                                     1405/04/21,355.2mm,294W/m2,131.8degree,25.9°C,32.2%,6.5km/h,90.9kPa
14:00                                                     1405/04/22,358.4mm,636W/m2,100.0degree,25.4°C,47.1%,12.9km/h,91.1kPa
14:00                                                     1405/04/23,367.4mm,620W/m2,180.9degree,24.9°C,46.4%,7.3km/h,91.5kPa
14:00                                                     1405/04/24,367.4mm,66W/m2,93.3degree,28.0°C,32.2%,8.3km/h,91.3kPa
14:00                                                     1405/04/26,376.8mm,331W/m2,57.8degree,20.9°C,47.8%,9.1km/h,92.1kPa
14:00                                                     1405/04/27,376.8mm,633W/m2,74.9degree,24.9°C,36.1%,15.6km/h,91.2kPa
14:00                                                     1405/04/28,376.8mm,467W/m2,70.2degree,28.6°C,26.5%,14.8km/h,91.3kPa
14:00                                                     1405/04/29,376.8mm,626W/m2,91.1degree,27.3°C,31.3%,8.3km/h,91.3kPa
14:00                                                     1405/04/30,376.8mm,349W/m2,75.1degree,24.6°C,39.4%,18.1km/h,91.3kPa
14:00                                                     1405/05/01,376.8mm,128W/m2,88.1degree,18.2°C,55.8%,10.8km/h,91.7kPa
14:00                                                     1405/05/02,376.8mm,638W/m2,124.6degree,23.7°C,40.2%,7.8km/h,91.8kPa
14:00                                                     1405/05/03,376.8mm,650W/m2,69.5degree,27.2°C,28.8%,9.4km/h,91.9kPa
14:00                                                     1405/05/04,376.8mm,649W/m2,100.3degree,29.1°C,22.6%,13.2km/h,91.7kPa
14:00                                                     1405/05/05,376.8mm,583W/m2,171.0degree,34.3°C,16.1%,7.3km/h,91.6kPa
14:00                                                     1405/05/06,376.8mm,642W/m2,156.6degree,37.4°C,12.4%,10.7km/h,91.4kPa
14:00                                                     1405/05/08,376.8mm,599W/m2,102.9degree,30.6°C,27.5%,14.3km/h,91.7kPa
14:00                                                     1405/05/09,376.8mm,390W/m2,64.3degree,26.2°C,29.9%,30.9km/h,91.6kPa
14:00                                                     1405/05/10,378.4mm,634W/m2,95.9degree,25.0°C,44.0%,7.5km/h,91.7kPa
14:00                                                     1405/05/11,378.4mm,644W/m2,71.9degree,27.7°C,29.7%,10.3km/h,91.4kPa
14:10                                                     1405/03/21,290.2mm,531W/m2,200.7degree,24.5°C,28.2%,15.3km/h,91.4kPa
14:10                                                     1405/03/22,290.6mm,195W/m2,109.4degree,21.1°C,37.0%,5.0km/h,91.7kPa
14:10                                                     1405/03/23,290.6mm,433W/m2,166.4degree,26.7°C,27.3%,6.4km/h,92.1kPa
14:10                                                     1405/03/25,294.2mm,264W/m2,145.0degree,18.0°C,80.0%,15.1km/h,90.9kPa
14:10                                                     1405/03/26,295.0mm,236W/m2,217.0degree,24.3°C,40.6%,18.3km/h,91.3kPa
14:10                                                     1405/03/27,295.0mm,265W/m2,208.6degree,23.2°C,50.2%,45.0km/h,90.9kPa
14:10                                                     1405/03/29,304.2mm,118W/m2,320.0degree,21.7°C,26.6%,11.6km/h,90.7kPa
14:10                                                     1405/03/30,325.8mm,570W/m2,234.1degree,25.1°C,20.1%,11.7km/h,90.9kPa
14:10                                                     1405/03/31,325.8mm,563W/m2,148.8degree,26.8°C,17.2%,11.6km/h,90.8kPa
14:10                                                     1405/04/01,349.4mm,198W/m2,330.3degree,12.6°C,83.8%,5.1km/h,91.4kPa
14:10                                                     1405/04/02,350.6mm,238W/m2,99.2degree,14.3°C,64.3%,12.2km/h,91.8kPa
14:10                                                     1405/04/03,350.6mm,571W/m2,202.3degree,20.8°C,35.5%,4.8km/h,91.3kPa
14:10                                                     1405/04/04,350.6mm,585W/m2,176.2degree,24.9°C,29.7%,19.4km/h,91.0kPa
14:10                                                     1405/04/08,406.4mm,286W/m2,191.8degree,18.2°C,44.1%,5.5km/h,91.2kPa
14:10                                                     1405/04/09,406.4mm,232W/m2,132.5degree,21.8°C,39.7%,11.5km/h,91.4kPa
14:10                                                     1405/04/10,406.6mm,15W/m2,256.2degree,18.0°C,48.0%,15.0km/h,92.0kPa
14:10                                                     1405/04/11,406.8mm,588W/m2,144.9degree,24.4°C,30.7%,7.4km/h,92.4kPa
14:10                                                     1405/04/12,355.2mm,592W/m2,136.2degree,25.4°C,24.4%,7.9km/h,91.8kPa
14:10                                                     1405/04/13,355.2mm,575W/m2,137.1degree,28.8°C,21.1%,7.5km/h,91.4kPa
14:10                                                     1405/04/14,355.2mm,572W/m2,295.0degree,29.8°C,20.7%,10.7km/h,91.4kPa
14:10                                                     1405/04/16,355.2mm,527W/m2,104.5degree,13.6°C,58.4%,13.0km/h,91.9kPa
14:10                                                     1405/04/17,355.2mm,541W/m2,72.4degree,16.9°C,37.3%,16.9km/h,92.1kPa
14:10                                                     1405/04/18,355.2mm,587W/m2,154.0degree,21.4°C,29.8%,8.6km/h,91.8kPa
14:10                                                     1405/04/20,355.2mm,342W/m2,74.0degree,29.4°C,27.1%,4.8km/h,91.2kPa
14:10                                                     1405/04/21,355.2mm,279W/m2,107.2degree,26.1°C,33.0%,4.1km/h,90.9kPa
14:10                                                     1405/04/22,358.4mm,616W/m2,70.8degree,25.6°C,47.0%,14.6km/h,91.1kPa
14:10                                                     1405/04/24,367.4mm,53W/m2,62.4degree,27.6°C,34.1%,11.2km/h,91.3kPa
14:10                                                     1405/04/26,376.8mm,316W/m2,78.0degree,20.7°C,48.1%,7.8km/h,92.0kPa
14:10                                                     1405/04/27,376.8mm,432W/m2,135.6degree,24.7°C,37.9%,6.9km/h,91.3kPa
14:10                                                     1405/04/29,376.8mm,602W/m2,75.4degree,27.4°C,29.7%,16.7km/h,91.3kPa
14:10                                                     1405/04/30,376.8mm,266W/m2,53.0degree,23.3°C,40.9%,19.9km/h,91.2kPa
14:10                                                     1405/05/01,376.8mm,144W/m2,102.6degree,18.1°C,56.3%,12.3km/h,91.7kPa
14:10                                                     1405/05/03,376.8mm,629W/m2,76.3degree,27.3°C,27.9%,22.3km/h,91.9kPa
14:10                                                     1405/05/04,376.8mm,625W/m2,94.8degree,29.0°C,22.0%,1.5km/h,91.7kPa
14:10                                                     1405/05/05,376.8mm,612W/m2,173.1degree,34.4°C,15.6%,8.8km/h,91.6kPa
14:10                                                     1405/05/07,376.8mm,592W/m2,58.1degree,32.4°C,28.3%,19.9km/h,91.5kPa
14:10                                                     1405/05/08,376.8mm,506W/m2,96.5degree,30.6°C,28.2%,7.2km/h,91.7kPa
14:10                                                     1405/05/09,376.8mm,337W/m2,49.7degree,26.3°C,30.0%,22.8km/h,91.6kPa
14:10                                                     1405/05/10,378.4mm,620W/m2,51.0degree,25.0°C,43.2%,23.5km/h,91.6kPa
14:10                                                     1405/05/11,378.4mm,625W/m2,70.3degree,27.9°C,31.9%,11.6km/h,91.5kPa
14:20                                                     1405/03/21,290.2mm,506W/m2,197.1degree,24.2°C,28.2%,6.4km/h,91.4kPa
14:20                                                     1405/03/22,290.6mm,178W/m2,83.0degree,21.2°C,37.8%,6.6km/h,91.8kPa
14:20                                                     1405/03/23,290.6mm,354W/m2,186.7degree,26.6°C,27.7%,9.6km/h,92.0kPa
14:20                                                     1405/03/24,290.6mm,478W/m2,178.6degree,28.2°C,21.9%,10.4km/h,91.5kPa
14:20                                                     1405/03/25,294.2mm,227W/m2,165.7degree,18.0°C,79.0%,13.2km/h,90.8kPa
14:20                                                     1405/03/26,295.0mm,215W/m2,189.9degree,24.1°C,40.6%,14.4km/h,91.3kPa
14:20                                                     1405/03/27,295.0mm,671W/m2,207.2degree,23.8°C,49.7%,46.6km/h,90.9kPa
14:20                                                     1405/03/28,304.2mm,318W/m2,151.6degree,21.4°C,53.6%,8.3km/h,90.8kPa
14:20                                                     1405/03/29,304.2mm,113W/m2,301.3degree,20.5°C,32.4%,7.9km/h,90.8kPa
14:20                                                     1405/03/30,325.8mm,469W/m2,230.4degree,25.1°C,20.0%,13.2km/h,90.9kPa
14:20                                                     1405/03/31,325.8mm,533W/m2,192.4degree,27.0°C,17.1%,22.8km/h,90.8kPa
14:20                                                     1405/04/01,349.4mm,161W/m2,354.7degree,12.5°C,82.7%,4.4km/h,91.4kPa
14:20                                                     1405/04/02,350.6mm,276W/m2,121.1degree,14.2°C,65.0%,4.7km/h,91.8kPa
14:20                                                     1405/04/03,350.6mm,537W/m2,200.1degree,21.4°C,37.3%,6.2km/h,91.3kPa
14:20                                                     1405/04/08,406.4mm,182W/m2,191.0degree,18.3°C,44.2%,5.8km/h,91.2kPa
14:20                                                     1405/04/09,406.4mm,191W/m2,138.3degree,21.6°C,42.2%,11.6km/h,91.4kPa
14:20                                                     1405/04/10,406.6mm,18W/m2,264.8degree,16.6°C,58.2%,12.1km/h,92.0kPa
14:20                                                     1405/04/11,406.8mm,563W/m2,146.8degree,24.6°C,26.5%,4.4km/h,92.4kPa
14:20                                                     1405/04/12,355.2mm,566W/m2,131.3degree,25.7°C,25.2%,3.9km/h,91.8kPa
14:20                                                     1405/04/13,355.2mm,550W/m2,155.2degree,28.7°C,20.5%,5.7km/h,91.4kPa
14:20                                                     1405/04/14,355.2mm,539W/m2,317.6degree,29.7°C,20.7%,10.5km/h,91.4kPa
14:20                                                     1405/04/15,355.2mm,516W/m2,83.9degree,20.3°C,38.9%,13.3km/h,91.7kPa
14:20                                                     1405/04/16,355.2mm,514W/m2,96.3degree,13.5°C,57.6%,13.7km/h,91.9kPa
14:20                                                     1405/04/17,355.2mm,546W/m2,75.9degree,16.6°C,37.3%,12.5km/h,92.1kPa
14:20                                                     1405/04/18,355.2mm,565W/m2,70.9degree,21.3°C,29.0%,10.2km/h,91.7kPa
14:20                                                     1405/04/19,355.2mm,700W/m2,177.2degree,28.6°C,19.1%,10.5km/h,91.3kPa
14:20                                                     1405/04/20,355.2mm,275W/m2,101.4degree,29.2°C,27.7%,3.1km/h,91.2kPa
14:20                                                     1405/04/21,355.2mm,297W/m2,116.8degree,26.0°C,31.6%,12.6km/h,90.9kPa
14:20                                                     1405/04/22,358.4mm,597W/m2,127.8degree,26.0°C,44.8%,8.8km/h,91.0kPa
14:20                                                     1405/04/23,367.4mm,572W/m2,158.9degree,25.0°C,47.0%,10.2km/h,91.5kPa
14:20                                                     1405/04/24,367.4mm,30W/m2,40.6degree,26.4°C,25.6%,15.6km/h,91.2kPa
14:20                                                     1405/04/26,376.8mm,700W/m2,88.6degree,20.9°C,47.0%,19.0km/h,92.0kPa
14:20                                                     1405/04/27,376.8mm,282W/m2,97.2degree,24.3°C,37.7%,7.3km/h,91.2kPa
14:20                                                     1405/04/28,376.8mm,588W/m2,67.2degree,29.0°C,27.2%,15.4km/h,91.3kPa
14:20                                                     1405/04/29,376.8mm,576W/m2,60.5degree,27.4°C,30.2%,18.0km/h,91.3kPa
14:20                                                     1405/04/30,376.8mm,630W/m2,64.8degree,23.8°C,39.7%,22.5km/h,91.2kPa
14:20                                                     1405/05/01,376.8mm,141W/m2,66.4degree,18.0°C,56.7%,22.2km/h,91.6kPa
14:20                                                     1405/05/02,376.8mm,595W/m2,49.0degree,23.9°C,39.4%,9.1km/h,91.8kPa
14:20                                                     1405/05/03,376.8mm,606W/m2,57.1degree,27.0°C,27.3%,15.2km/h,91.8kPa
14:20                                                     1405/05/04,376.8mm,598W/m2,75.6degree,28.9°C,23.3%,10.5km/h,91.7kPa
14:20                                                     1405/05/05,376.8mm,576W/m2,155.6degree,34.4°C,15.4%,5.3km/h,91.6kPa
14:20                                                     1405/05/06,376.8mm,592W/m2,154.1degree,37.2°C,12.1%,5.5km/h,91.3kPa
14:20                                                     1405/05/08,376.8mm,527W/m2,100.6degree,30.6°C,27.3%,17.0km/h,91.6kPa
14:20                                                     1405/05/09,376.8mm,402W/m2,45.4degree,26.2°C,30.3%,28.4km/h,91.6kPa
14:20                                                     1405/05/10,378.4mm,588W/m2,103.0degree,24.8°C,44.6%,8.4km/h,91.7kPa
14:20                                                     1405/05/11,378.4mm,600W/m2,104.8degree,27.9°C,31.9%,13.1km/h,91.5kPa
14:30                                                     1405/03/21,290.2mm,486W/m2,243.3degree,24.8°C,27.6%,14.5km/h,91.4kPa
14:30                                                     1405/03/22,290.6mm,227W/m2,60.7degree,21.3°C,41.2%,6.3km/h,91.8kPa
14:30                                                     1405/03/23,290.6mm,453W/m2,177.3degree,26.7°C,26.8%,18.0km/h,92.0kPa
14:30                                                     1405/03/25,294.2mm,153W/m2,140.9degree,18.0°C,79.4%,10.8km/h,90.8kPa
14:30                                                     1405/03/26,295.0mm,236W/m2,218.8degree,24.3°C,40.5%,11.1km/h,91.3kPa
14:30                                                     1405/03/27,295.0mm,306W/m2,216.6degree,23.5°C,48.7%,30.9km/h,90.9kPa
14:30                                                     1405/03/29,304.2mm,229W/m2,315.0degree,18.9°C,37.3%,9.2km/h,90.8kPa
14:30                                                     1405/03/31,325.8mm,513W/m2,209.1degree,27.0°C,17.0%,13.8km/h,90.8kPa
14:30                                                     1405/04/01,349.4mm,197W/m2,333.4degree,12.5°C,81.7%,6.6km/h,91.3kPa
14:30                                                     1405/04/02,350.6mm,333W/m2,139.9degree,14.4°C,67.3%,8.3km/h,91.8kPa
14:30                                                     1405/04/03,350.6mm,506W/m2,191.0degree,21.0°C,38.2%,7.2km/h,91.3kPa
14:30                                                     1405/04/04,350.6mm,573W/m2,187.0degree,25.1°C,29.4%,24.3km/h,90.9kPa
14:30                                                     1405/04/08,406.4mm,104W/m2,186.2degree,17.9°C,50.0%,13.3km/h,91.2kPa
14:30                                                     1405/04/09,406.4mm,105W/m2,126.6degree,21.1°C,44.3%,8.9km/h,91.4kPa
14:30                                                     1405/04/10,406.6mm,25W/m2,193.2degree,14.9°C,64.2%,17.1km/h,92.0kPa
14:30                                                     1405/04/11,406.8mm,541W/m2,55.1degree,24.7°C,24.6%,5.1km/h,92.3kPa
14:30                                                     1405/04/12,355.2mm,539W/m2,143.4degree,25.7°C,25.0%,7.6km/h,91.8kPa
14:30                                                     1405/04/13,355.2mm,526W/m2,140.7degree,28.8°C,20.9%,14.6km/h,91.4kPa
14:30                                                     1405/04/14,355.2mm,522W/m2,298.0degree,29.2°C,20.7%,12.4km/h,91.3kPa
14:30                                                     1405/04/16,355.2mm,468W/m2,92.8degree,13.7°C,57.3%,17.2km/h,91.9kPa
14:30                                                     1405/04/17,355.2mm,527W/m2,77.4degree,17.1°C,37.9%,19.6km/h,92.1kPa
14:30                                                     1405/04/18,355.2mm,539W/m2,92.5degree,21.3°C,28.1%,5.4km/h,91.7kPa
14:30                                                     1405/04/20,355.2mm,484W/m2,118.1degree,29.5°C,27.5%,5.2km/h,91.2kPa
14:30                                                     1405/04/21,355.2mm,352W/m2,140.0degree,26.1°C,32.0%,11.6km/h,90.9kPa
14:30                                                     1405/04/22,358.4mm,118W/m2,143.4degree,25.7°C,42.7%,8.4km/h,91.0kPa
14:30                                                     1405/04/24,369.0mm,40W/m2,49.7degree,25.9°C,31.3%,13.5km/h,91.3kPa
14:30                                                     1405/04/26,376.8mm,509W/m2,58.0degree,20.9°C,46.5%,13.0km/h,92.0kPa
14:30                                                     1405/04/27,376.8mm,631W/m2,108.4degree,24.8°C,37.6%,8.0km/h,91.3kPa
14:30                                                     1405/04/29,376.8mm,556W/m2,99.9degree,27.5°C,30.0%,18.8km/h,91.3kPa
14:30                                                     1405/04/30,376.8mm,683W/m2,84.8degree,23.9°C,39.8%,15.2km/h,91.2kPa
14:30                                                     1405/05/01,376.8mm,123W/m2,81.7degree,17.8°C,57.4%,21.4km/h,91.7kPa
14:30                                                     1405/05/03,376.8mm,574W/m2,102.2degree,27.1°C,26.9%,18.7km/h,91.8kPa
14:30                                                     1405/05/05,376.8mm,553W/m2,157.5degree,34.6°C,15.5%,15.6km/h,91.6kPa
14:30                                                     1405/05/07,376.8mm,542W/m2,110.9degree,32.3°C,28.8%,12.2km/h,91.4kPa
14:30                                                     1405/05/08,376.8mm,503W/m2,114.4degree,30.5°C,27.2%,13.7km/h,91.6kPa
14:30                                                     1405/05/09,376.8mm,308W/m2,78.1degree,25.9°C,31.1%,20.0km/h,91.6kPa
14:30                                                     1405/05/10,378.4mm,566W/m2,99.8degree,24.8°C,44.7%,19.8km/h,91.7kPa
14:30                                                     1405/05/11,378.4mm,582W/m2,123.5degree,28.1°C,31.5%,11.2km/h,91.5kPa
14:40                                                     1405/03/21,290.2mm,462W/m2,239.2degree,24.7°C,26.5%,8.4km/h,91.4kPa
14:40                                                     1405/03/22,290.6mm,152W/m2,60.5degree,21.1°C,41.3%,7.1km/h,91.8kPa
14:40                                                     1405/03/23,290.6mm,474W/m2,181.1degree,26.9°C,27.0%,16.4km/h,92.0kPa
14:40                                                     1405/03/24,290.6mm,354W/m2,184.1degree,27.5°C,21.7%,8.8km/h,91.5kPa
14:40                                                     1405/03/25,294.2mm,90W/m2,135.5degree,17.5°C,80.8%,7.1km/h,90.8kPa
14:40                                                     1405/03/26,295.0mm,443W/m2,197.9degree,24.8°C,40.6%,8.9km/h,91.4kPa
14:40                                                     1405/03/27,295.0mm,323W/m2,201.5degree,23.0°C,51.8%,33.9km/h,90.9kPa
14:40                                                     1405/03/28,304.2mm,556W/m2,149.8degree,22.6°C,49.0%,13.8km/h,90.8kPa
14:40                                                     1405/03/29,304.2mm,339W/m2,327.5degree,19.6°C,37.5%,6.4km/h,90.8kPa
14:40                                                     1405/03/30,325.8mm,373W/m2,220.3degree,25.1°C,18.8%,13.2km/h,90.9kPa
14:40                                                     1405/03/31,325.8mm,490W/m2,206.0degree,26.8°C,16.1%,12.8km/h,90.8kPa
14:40                                                     1405/04/01,349.4mm,138W/m2,350.8degree,12.5°C,80.6%,6.7km/h,91.4kPa
14:40                                                     1405/04/02,350.6mm,270W/m2,86.8degree,14.1°C,64.1%,6.5km/h,91.8kPa
14:40                                                     1405/04/03,350.6mm,483W/m2,146.9degree,21.2°C,39.4%,5.8km/h,91.3kPa
14:40                                                     1405/04/04,350.6mm,406W/m2,181.3degree,24.4°C,29.7%,19.1km/h,90.9kPa
14:40                                                     1405/04/08,406.4mm,67W/m2,136.8degree,17.6°C,51.2%,5.5km/h,91.2kPa
14:40                                                     1405/04/09,406.4mm,61W/m2,124.0degree,20.4°C,47.7%,6.5km/h,91.4kPa
14:40                                                     1405/04/10,406.6mm,33W/m2,239.3degree,15.9°C,57.0%,9.6km/h,92.0kPa
14:40                                                     1405/04/11,406.8mm,515W/m2,183.7degree,25.0°C,24.0%,10.9km/h,92.3kPa
14:40                                                     1405/04/12,355.2mm,514W/m2,112.9degree,25.9°C,25.5%,4.4km/h,91.8kPa
14:40                                                     1405/04/13,355.2mm,495W/m2,148.5degree,28.8°C,19.3%,10.1km/h,91.4kPa
14:40                                                     1405/04/14,355.2mm,499W/m2,253.4degree,29.3°C,20.4%,9.7km/h,91.4kPa
14:40                                                     1405/04/15,355.2mm,514W/m2,88.8degree,20.1°C,37.5%,13.0km/h,91.6kPa
14:40                                                     1405/04/16,355.2mm,439W/m2,111.1degree,13.5°C,57.5%,10.7km/h,91.9kPa
14:40                                                     1405/04/17,355.2mm,490W/m2,90.6degree,16.9°C,37.6%,10.8km/h,92.1kPa
14:40                                                     1405/04/18,355.2mm,512W/m2,57.6degree,21.3°C,29.0%,5.5km/h,91.7kPa
14:40                                                     1405/04/19,355.2mm,496W/m2,151.2degree,28.5°C,19.1%,10.4km/h,91.3kPa
14:40                                                     1405/04/20,355.2mm,472W/m2,352.3degree,30.4°C,25.8%,2.3km/h,91.2kPa
14:40                                                     1405/04/21,355.2mm,340W/m2,99.2degree,25.9°C,31.5%,11.6km/h,90.9kPa
14:40                                                     1405/04/22,358.4mm,121W/m2,151.0degree,25.1°C,44.7%,12.6km/h,91.0kPa
14:40                                                     1405/04/23,367.4mm,520W/m2,155.1degree,25.5°C,46.2%,5.7km/h,91.4kPa
14:40                                                     1405/04/24,374.0mm,498W/m2,7.6degree,21.1°C,59.8%,6.0km/h,91.4kPa
14:40                                                     1405/04/25,376.8mm,267W/m2,150.6degree,30.9°C,25.3%,8.3km/h,91.5kPa
14:40                                                     1405/04/26,376.8mm,577W/m2,69.5degree,20.9°C,46.6%,18.8km/h,92.0kPa
14:40                                                     1405/04/27,376.8mm,172W/m2,85.1degree,25.1°C,36.9%,7.1km/h,91.2kPa
14:40                                                     1405/04/28,376.8mm,526W/m2,68.7degree,28.6°C,26.3%,8.4km/h,91.3kPa
14:40                                                     1405/04/29,376.8mm,525W/m2,95.0degree,27.9°C,28.1%,21.7km/h,91.2kPa
14:40                                                     1405/04/30,376.8mm,175W/m2,58.5degree,23.5°C,40.0%,14.4km/h,91.2kPa
14:40                                                     1405/05/02,376.8mm,536W/m2,59.9degree,23.8°C,38.9%,5.0km/h,91.8kPa
14:40                                                     1405/05/03,376.8mm,551W/m2,123.5degree,27.4°C,26.2%,10.4km/h,91.8kPa
14:40                                                     1405/05/04,376.8mm,546W/m2,5.1degree,29.3°C,22.3%,2.6km/h,91.7kPa
14:40                                                     1405/05/05,376.8mm,516W/m2,111.1degree,34.7°C,16.4%,7.2km/h,91.6kPa
14:40                                                     1405/05/06,376.8mm,526W/m2,117.8degree,37.2°C,13.0%,8.4km/h,91.3kPa
14:40                                                     1405/05/07,376.8mm,518W/m2,91.5degree,32.3°C,27.9%,15.3km/h,91.4kPa
14:40                                                     1405/05/08,376.8mm,497W/m2,67.7degree,30.7°C,27.0%,12.5km/h,91.6kPa
14:40                                                     1405/05/09,376.8mm,309W/m2,72.9degree,25.7°C,30.2%,27.8km/h,91.6kPa
14:40                                                     1405/05/10,378.4mm,541W/m2,74.3degree,24.8°C,44.6%,13.1km/h,91.7kPa
14:40                                                     1405/05/11,378.4mm,555W/m2,76.7degree,27.9°C,32.2%,13.7km/h,91.5kPa
14:50                                                     1405/03/21,290.2mm,438W/m2,217.8degree,25.0°C,23.7%,18.5km/h,91.3kPa
14:50                                                     1405/03/22,290.6mm,247W/m2,46.0degree,21.2°C,42.5%,7.0km/h,91.8kPa
14:50                                                     1405/03/23,290.6mm,407W/m2,148.1degree,26.9°C,26.4%,14.9km/h,92.0kPa
14:50                                                     1405/03/25,294.6mm,76W/m2,140.1degree,16.5°C,85.3%,11.0km/h,90.8kPa
14:50                                                     1405/03/26,295.0mm,261W/m2,211.9degree,25.2°C,38.7%,9.9km/h,91.4kPa
14:50                                                     1405/03/27,295.0mm,227W/m2,205.0degree,23.2°C,52.4%,44.2km/h,90.8kPa
14:50                                                     1405/03/29,304.2mm,348W/m2,331.6degree,21.3°C,34.3%,5.4km/h,90.8kPa
14:50                                                     1405/03/30,325.8mm,207W/m2,219.1degree,24.9°C,19.0%,11.5km/h,90.9kPa
14:50                                                     1405/03/31,325.8mm,467W/m2,206.5degree,26.6°C,16.0%,23.7km/h,90.8kPa
14:50                                                     1405/04/01,349.4mm,64W/m2,1.4degree,12.7°C,80.6%,4.1km/h,91.4kPa
14:50                                                     1405/04/02,350.6mm,231W/m2,136.5degree,14.0°C,66.9%,5.8km/h,91.8kPa
14:50                                                     1405/04/03,350.6mm,467W/m2,153.7degree,21.1°C,40.1%,5.7km/h,91.3kPa
14:50                                                     1405/04/04,350.6mm,248W/m2,182.8degree,24.1°C,32.7%,17.7km/h,90.9kPa
14:50                                                     1405/04/08,406.4mm,48W/m2,146.3degree,17.5°C,49.1%,3.8km/h,91.2kPa
14:50                                                     1405/04/09,406.4mm,48W/m2,51.0degree,19.4°C,38.4%,11.6km/h,91.3kPa
14:50                                                     1405/04/10,406.6mm,36W/m2,236.5degree,15.0°C,69.7%,10.5km/h,92.1kPa
14:50                                                     1405/04/11,406.8mm,489W/m2,184.1degree,24.9°C,26.9%,5.1km/h,92.4kPa
14:50                                                     1405/04/12,355.2mm,489W/m2,144.9degree,26.0°C,25.6%,6.0km/h,91.8kPa
14:50                                                     1405/04/13,355.2mm,467W/m2,138.2degree,28.8°C,20.7%,10.9km/h,91.4kPa
14:50                                                     1405/04/14,355.2mm,469W/m2,245.2degree,29.3°C,20.8%,11.6km/h,91.4kPa
14:50                                                     1405/04/16,355.2mm,458W/m2,130.5degree,13.5°C,58.1%,17.5km/h,91.9kPa
14:50                                                     1405/04/17,355.2mm,459W/m2,68.6degree,17.3°C,37.2%,14.0km/h,92.1kPa
14:50                                                     1405/04/18,355.2mm,489W/m2,165.9degree,21.5°C,29.1%,6.1km/h,91.7kPa
14:50                                                     1405/04/20,355.2mm,471W/m2,55.2degree,30.8°C,24.0%,6.5km/h,91.2kPa
14:50                                                     1405/04/21,355.2mm,244W/m2,94.6degree,25.7°C,32.3%,17.2km/h,90.9kPa
14:50                                                     1405/04/22,358.4mm,178W/m2,317.8degree,23.1°C,55.8%,15.4km/h,91.1kPa
14:50                                                     1405/04/24,376.6mm,543W/m2,31.5degree,21.2°C,57.7%,7.0km/h,91.3kPa
14:50                                                     1405/04/25,376.8mm,265W/m2,161.7degree,30.8°C,25.7%,6.8km/h,91.5kPa
14:50                                                     1405/04/26,376.8mm,502W/m2,65.8degree,21.7°C,44.7%,19.3km/h,92.0kPa
14:50                                                     1405/04/29,376.8mm,502W/m2,86.1degree,27.7°C,29.3%,9.6km/h,91.3kPa
14:50                                                     1405/04/30,376.8mm,530W/m2,59.2degree,23.7°C,40.0%,18.9km/h,91.2kPa
14:50                                                     1405/05/01,376.8mm,109W/m2,95.8degree,17.7°C,57.5%,19.5km/h,91.7kPa
14:50                                                     1405/05/03,376.8mm,525W/m2,87.3degree,27.1°C,26.4%,13.5km/h,91.8kPa
14:50                                                     1405/05/04,376.8mm,520W/m2,75.9degree,29.6°C,22.3%,13.4km/h,91.6kPa
14:50                                                     1405/05/05,376.8mm,497W/m2,188.9degree,34.6°C,15.7%,5.7km/h,91.5kPa
14:50                                                     1405/05/07,376.8mm,493W/m2,95.8degree,32.1°C,28.7%,11.3km/h,91.4kPa
14:50                                                     1405/05/08,376.8mm,468W/m2,94.8degree,30.9°C,27.5%,13.4km/h,91.6kPa
14:50                                                     1405/05/09,376.8mm,295W/m2,49.1degree,25.7°C,30.5%,24.1km/h,91.6kPa
14:50                                                     1405/05/10,378.4mm,516W/m2,89.9degree,24.5°C,45.8%,17.5km/h,91.7kPa
15:00                                                     1405/03/21,290.2mm,415W/m2,220.2degree,24.9°C,24.9%,11.4km/h,91.4kPa
15:00                                                     1405/03/22,290.6mm,129W/m2,53.8degree,21.9°C,40.7%,8.3km/h,91.8kPa
15:00                                                     1405/03/23,290.6mm,358W/m2,193.3degree,26.8°C,26.7%,11.0km/h,92.0kPa
15:00                                                     1405/03/24,290.6mm,319W/m2,193.8degree,27.0°C,21.9%,15.3km/h,91.5kPa
15:00                                                     1405/03/25,294.6mm,74W/m2,137.4degree,16.5°C,87.4%,4.2km/h,90.9kPa
15:00                                                     1405/03/26,295.0mm,171W/m2,207.8degree,25.0°C,36.7%,14.4km/h,91.3kPa
15:00                                                     1405/03/27,295.0mm,247W/m2,208.1degree,22.8°C,53.7%,31.0km/h,90.8kPa
15:00                                                     1405/03/28,304.2mm,460W/m2,242.6degree,23.6°C,27.5%,13.2km/h,90.7kPa
15:00                                                     1405/03/29,304.2mm,210W/m2,306.9degree,20.5°C,36.1%,5.3km/h,90.8kPa
15:00                                                     1405/03/30,325.8mm,173W/m2,239.9degree,24.1°C,20.5%,13.1km/h,90.9kPa
15:00                                                     1405/03/31,325.8mm,439W/m2,219.2degree,26.9°C,15.4%,17.5km/h,90.8kPa
15:00                                                     1405/04/01,349.4mm,73W/m2,351.0degree,12.6°C,80.5%,9.2km/h,91.4kPa
15:00                                                     1405/04/02,350.6mm,260W/m2,115.0degree,14.1°C,67.0%,7.8km/h,91.8kPa
15:00                                                     1405/04/03,350.6mm,437W/m2,129.0degree,21.3°C,39.1%,4.4km/h,91.3kPa
15:00                                                     1405/04/08,406.4mm,160W/m2,314.2degree,17.3°C,52.9%,2.0km/h,91.3kPa
15:00                                                     1405/04/09,406.4mm,37W/m2,65.9degree,18.7°C,41.5%,5.7km/h,91.3kPa
15:00                                                     1405/04/10,406.6mm,41W/m2,242.7degree,15.0°C,72.3%,9.5km/h,92.1kPa
15:00                                                     1405/04/11,406.8mm,465W/m2,143.1degree,25.7°C,25.1%,8.3km/h,92.4kPa
15:00                                                     1405/04/12,355.2mm,469W/m2,118.9degree,25.9°C,23.3%,4.0km/h,91.7kPa
15:00                                                     1405/04/13,355.2mm,444W/m2,151.6degree,28.7°C,22.2%,11.9km/h,91.4kPa
15:00                                                     1405/04/14,355.2mm,437W/m2,278.5degree,29.2°C,20.8%,6.8km/h,91.4kPa
15:00                                                     1405/04/15,355.2mm,290W/m2,108.5degree,19.8°C,38.0%,9.4km/h,91.6kPa
15:00                                                     1405/04/16,355.2mm,417W/m2,85.3degree,13.5°C,57.2%,16.3km/h,91.9kPa
15:00                                                     1405/04/17,355.2mm,455W/m2,72.6degree,16.9°C,38.0%,11.2km/h,92.1kPa
15:00                                                     1405/04/18,355.2mm,461W/m2,104.6degree,21.8°C,29.7%,6.8km/h,91.7kPa
15:00                                                     1405/04/19,355.2mm,319W/m2,187.9degree,28.3°C,19.1%,12.4km/h,91.3kPa
15:00                                                     1405/04/20,355.2mm,362W/m2,125.9degree,31.0°C,22.5%,3.1km/h,91.1kPa
15:00                                                     1405/04/21,355.2mm,216W/m2,81.7degree,25.4°C,34.8%,9.3km/h,90.9kPa
15:00                                                     1405/04/22,358.4mm,135W/m2,72.5degree,23.5°C,48.6%,11.4km/h,91.1kPa
15:00                                                     1405/04/23,367.4mm,470W/m2,152.7degree,25.4°C,46.5%,5.5km/h,91.4kPa
15:00                                                     1405/04/24,376.8mm,487W/m2,78.6degree,23.3°C,48.8%,8.1km/h,91.3kPa
15:00                                                     1405/04/25,376.8mm,232W/m2,156.2degree,30.7°C,27.3%,6.4km/h,91.5kPa
15:00                                                     1405/04/26,376.8mm,543W/m2,69.2degree,21.4°C,45.5%,16.9km/h,92.0kPa
15:00                                                     1405/04/27,376.8mm,222W/m2,120.3degree,24.2°C,38.6%,5.9km/h,91.2kPa
15:00                                                     1405/04/28,376.8mm,478W/m2,83.8degree,28.6°C,25.9%,14.9km/h,91.3kPa
15:00                                                     1405/04/29,376.8mm,471W/m2,76.5degree,28.1°C,28.3%,19.5km/h,91.2kPa
15:00                                                     1405/04/30,376.8mm,154W/m2,84.2degree,23.8°C,38.9%,13.4km/h,91.2kPa
15:00                                                     1405/05/01,376.8mm,104W/m2,90.7degree,17.6°C,58.1%,18.6km/h,91.7kPa
15:00                                                     1405/05/02,376.8mm,490W/m2,47.6degree,24.6°C,38.2%,9.8km/h,91.8kPa
15:00                                                     1405/05/03,376.8mm,498W/m2,81.8degree,27.7°C,23.9%,4.2km/h,91.8kPa
15:00                                                     1405/05/04,376.8mm,492W/m2,71.0degree,29.4°C,22.6%,9.7km/h,91.6kPa
15:00                                                     1405/05/05,376.8mm,472W/m2,201.8degree,34.6°C,15.1%,13.2km/h,91.5kPa
15:00                                                     1405/05/06,376.8mm,481W/m2,134.8degree,37.1°C,12.5%,10.1km/h,91.3kPa
15:00                                                     1405/05/07,376.8mm,471W/m2,91.1degree,32.1°C,27.8%,16.6km/h,91.4kPa
15:00                                                     1405/05/08,376.8mm,457W/m2,66.7degree,30.6°C,26.7%,15.5km/h,91.6kPa
15:00                                                     1405/05/09,376.8mm,281W/m2,71.4degree,25.6°C,31.7%,19.7km/h,91.6kPa
15:00                                                     1405/05/10,378.4mm,491W/m2,123.3degree,24.2°C,45.3%,20.8km/h,91.7kPa
15:00                                                     1405/05/11,378.4mm,496W/m2,49.5degree,27.8°C,31.2%,13.5km/h,91.5kPa
15:10                                                     1405/03/21,290.2mm,388W/m2,15.9degree,25.2°C,24.4%,2.0km/h,91.4kPa
15:10                                                     1405/03/22,290.6mm,72W/m2,6.8degree,21.1°C,45.0%,4.5km/h,91.9kPa
15:10                                                     1405/03/23,290.6mm,318W/m2,104.4degree,26.6°C,27.3%,5.4km/h,91.9kPa
15:10                                                     1405/03/25,294.6mm,75W/m2,144.9degree,16.7°C,87.1%,6.0km/h,90.9kPa
15:10                                                     1405/03/26,295.0mm,408W/m2,189.2degree,25.4°C,39.0%,6.9km/h,91.3kPa
15:10                                                     1405/03/27,295.0mm,445W/m2,202.7degree,24.1°C,49.7%,39.5km/h,90.8kPa
15:10                                                     1405/03/29,304.2mm,100W/m2,304.5degree,20.3°C,34.5%,5.0km/h,90.8kPa
15:10                                                     1405/03/30,325.8mm,160W/m2,271.5degree,23.9°C,22.1%,6.3km/h,90.9kPa
15:10                                                     1405/03/31,325.8mm,415W/m2,215.1degree,26.7°C,15.8%,21.5km/h,90.8kPa
15:10                                                     1405/04/01,349.4mm,92W/m2,357.7degree,12.5°C,80.1%,3.3km/h,91.4kPa
15:10                                                     1405/04/02,350.6mm,285W/m2,72.0degree,14.2°C,66.4%,8.0km/h,91.8kPa
15:10                                                     1405/04/03,350.6mm,406W/m2,138.6degree,21.3°C,39.0%,7.0km/h,91.3kPa
15:10                                                     1405/04/04,350.6mm,238W/m2,192.6degree,24.8°C,29.3%,28.2km/h,90.9kPa
15:10                                                     1405/04/08,406.4mm,129W/m2,350.1degree,17.3°C,53.1%,1.5km/h,91.3kPa
15:10                                                     1405/04/09,406.4mm,43W/m2,56.8degree,18.2°C,43.7%,11.1km/h,91.3kPa
15:10                                                     1405/04/10,406.6mm,54W/m2,246.2degree,14.9°C,73.1%,4.9km/h,92.1kPa
15:10                                                     1405/04/11,406.8mm,437W/m2,173.1degree,25.1°C,25.8%,7.3km/h,92.4kPa
15:10                                                     1405/04/13,355.2mm,416W/m2,145.0degree,28.7°C,21.2%,5.7km/h,91.4kPa
15:10                                                     1405/04/14,355.2mm,388W/m2,261.9degree,28.8°C,20.5%,8.6km/h,91.4kPa
15:10                                                     1405/04/16,355.2mm,432W/m2,131.1degree,13.3°C,58.1%,12.9km/h,91.9kPa
15:10                                                     1405/04/17,355.2mm,392W/m2,69.6degree,16.9°C,36.7%,13.2km/h,92.1kPa
15:10                                                     1405/04/18,355.2mm,433W/m2,133.8degree,22.1°C,28.6%,8.5km/h,91.7kPa
15:10                                                     1405/04/20,355.2mm,380W/m2,93.1degree,31.2°C,24.3%,5.9km/h,91.2kPa
15:10                                                     1405/04/21,355.2mm,186W/m2,103.6degree,25.1°C,36.5%,11.1km/h,90.9kPa
15:10                                                     1405/04/22,358.4mm,136W/m2,42.8degree,24.1°C,51.5%,17.2km/h,91.1kPa
15:10                                                     1405/04/24,376.8mm,448W/m2,59.7degree,24.5°C,42.4%,7.8km/h,91.3kPa
15:10                                                     1405/04/25,376.8mm,208W/m2,163.1degree,30.3°C,28.7%,7.1km/h,91.5kPa
15:10                                                     1405/04/26,376.8mm,307W/m2,90.2degree,21.3°C,45.6%,20.3km/h,91.9kPa
15:10                                                     1405/04/27,376.8mm,3W/m2,142.6degree,24.0°C,38.8%,4.2km/h,91.2kPa
15:10                                                     1405/04/29,376.8mm,454W/m2,113.3degree,28.0°C,27.3%,14.6km/h,91.2kPa
15:10                                                     1405/04/30,376.8mm,155W/m2,82.7degree,23.5°C,39.6%,14.2km/h,91.2kPa
15:10                                                     1405/05/01,376.8mm,116W/m2,93.4degree,17.5°C,58.0%,18.9km/h,91.7kPa
15:10                                                     1405/05/03,376.8mm,479W/m2,24.1degree,28.5°C,21.4%,19.4km/h,91.8kPa
15:10                                                     1405/05/04,376.8mm,469W/m2,138.9degree,29.3°C,22.1%,4.9km/h,91.6kPa
15:10                                                     1405/05/05,376.8mm,446W/m2,107.7degree,34.5°C,15.4%,3.3km/h,91.5kPa
15:10                                                     1405/05/07,376.8mm,443W/m2,80.4degree,32.0°C,28.1%,16.7km/h,91.4kPa
15:10                                                     1405/05/08,376.8mm,440W/m2,88.6degree,30.7°C,27.4%,13.8km/h,91.6kPa
15:10                                                     1405/05/09,376.8mm,271W/m2,58.3degree,25.3°C,31.8%,26.8km/h,91.6kPa
15:10                                                     1405/05/11,378.4mm,469W/m2,90.8degree,27.6°C,32.6%,15.6km/h,91.5kPa
15:20                                                     1405/03/21,290.2mm,361W/m2,345.6degree,24.8°C,27.2%,2.2km/h,91.4kPa
15:20                                                     1405/03/22,290.6mm,107W/m2,23.8degree,20.9°C,41.9%,8.7km/h,91.8kPa
15:20                                                     1405/03/23,290.6mm,352W/m2,143.2degree,26.7°C,27.3%,10.0km/h,91.9kPa
15:20                                                     1405/03/24,290.6mm,200W/m2,195.1degree,26.5°C,25.9%,25.4km/h,91.4kPa
15:20                                                     1405/03/25,294.8mm,93W/m2,154.6degree,17.0°C,85.9%,5.8km/h,90.9kPa
15:20                                                     1405/03/26,295.0mm,362W/m2,200.7degree,26.0°C,34.8%,15.7km/h,91.3kPa
15:20                                                     1405/03/27,295.0mm,367W/m2,208.0degree,24.3°C,49.9%,39.7km/h,90.8kPa
15:20                                                     1405/03/28,304.2mm,396W/m2,272.6degree,23.4°C,30.8%,11.7km/h,90.8kPa
15:20                                                     1405/03/29,304.2mm,138W/m2,283.4degree,19.7°C,38.5%,3.3km/h,90.9kPa
15:20                                                     1405/03/30,325.8mm,165W/m2,240.1degree,23.7°C,23.0%,11.1km/h,90.9kPa
15:20                                                     1405/03/31,325.8mm,386W/m2,216.2degree,26.6°C,16.6%,12.1km/h,90.8kPa
15:20                                                     1405/04/01,349.4mm,98W/m2,6.2degree,12.5°C,81.5%,3.1km/h,91.4kPa
15:20                                                     1405/04/02,350.6mm,315W/m2,127.6degree,14.2°C,65.9%,9.9km/h,91.8kPa
15:20                                                     1405/04/03,350.6mm,384W/m2,163.5degree,20.9°C,40.4%,8.9km/h,91.3kPa
15:20                                                     1405/04/04,350.6mm,180W/m2,191.1degree,23.7°C,32.3%,21.5km/h,90.9kPa
15:20                                                     1405/04/08,406.4mm,174W/m2,339.5degree,16.7°C,57.9%,5.8km/h,91.4kPa
15:20                                                     1405/04/09,406.4mm,60W/m2,95.3degree,18.2°C,44.3%,14.4km/h,91.3kPa
15:20                                                     1405/04/10,406.8mm,77W/m2,249.4degree,15.0°C,67.2%,18.5km/h,92.1kPa
15:20                                                     1405/04/11,406.8mm,408W/m2,195.1degree,24.9°C,24.7%,7.9km/h,92.3kPa
15:20                                                     1405/04/12,355.2mm,424W/m2,159.4degree,25.9°C,24.3%,8.0km/h,91.7kPa
15:20                                                     1405/04/13,355.2mm,388W/m2,129.8degree,29.0°C,20.1%,10.4km/h,91.4kPa
15:20                                                     1405/04/14,355.2mm,355W/m2,249.5degree,28.9°C,20.2%,11.3km/h,91.4kPa
15:20                                                     1405/04/15,355.2mm,308W/m2,81.6degree,19.9°C,40.1%,14.2km/h,91.6kPa
15:20                                                     1405/04/16,355.2mm,298W/m2,93.1degree,13.1°C,58.3%,14.9km/h,91.9kPa
15:20                                                     1405/04/17,355.2mm,407W/m2,94.4degree,16.9°C,38.0%,15.9km/h,92.1kPa
15:20                                                     1405/04/18,355.2mm,403W/m2,95.4degree,21.8°C,30.0%,10.9km/h,91.7kPa
15:20                                                     1405/04/19,355.2mm,348W/m2,165.4degree,28.2°C,20.0%,14.3km/h,91.3kPa
15:20                                                     1405/04/20,355.2mm,314W/m2,133.6degree,31.2°C,22.5%,6.1km/h,91.1kPa
15:20                                                     1405/04/21,355.2mm,169W/m2,92.2degree,24.8°C,37.5%,10.4km/h,90.9kPa
15:20                                                     1405/04/22,358.4mm,119W/m2,45.9degree,22.7°C,53.5%,8.5km/h,91.1kPa
15:20                                                     1405/04/23,367.4mm,417W/m2,139.5degree,25.4°C,45.5%,7.0km/h,91.4kPa
15:20                                                     1405/04/24,376.8mm,388W/m2,56.1degree,25.6°C,36.6%,18.2km/h,91.3kPa
15:20                                                     1405/04/25,376.8mm,209W/m2,132.8degree,30.2°C,26.6%,6.4km/h,91.5kPa
15:20                                                     1405/04/26,376.8mm,255W/m2,78.2degree,21.1°C,44.8%,17.2km/h,91.9kPa
15:20                                                     1405/04/27,376.8mm,523W/m2,94.1degree,24.6°C,38.1%,11.1km/h,91.2kPa
15:20                                                     1405/04/28,376.8mm,416W/m2,90.0degree,28.4°C,25.4%,17.9km/h,91.3kPa
15:20                                                     1405/04/29,376.8mm,428W/m2,95.9degree,28.1°C,27.4%,21.7km/h,91.2kPa
15:20                                                     1405/04/30,376.8mm,166W/m2,102.6degree,23.4°C,40.2%,13.5km/h,91.2kPa
15:20                                                     1405/05/01,376.8mm,125W/m2,99.0degree,17.5°C,58.4%,17.6km/h,91.7kPa
15:20                                                     1405/05/02,376.8mm,436W/m2,70.3degree,24.1°C,38.2%,5.2km/h,91.8kPa
15:20                                                     1405/05/03,376.8mm,446W/m2,59.9degree,28.3°C,23.0%,7.9km/h,91.8kPa
15:20                                                     1405/05/04,376.8mm,442W/m2,60.0degree,29.3°C,22.5%,8.1km/h,91.6kPa
15:20                                                     1405/05/05,376.8mm,419W/m2,165.7degree,34.7°C,15.0%,9.7km/h,91.5kPa
15:20                                                     1405/05/06,376.8mm,427W/m2,139.1degree,37.3°C,12.8%,7.9km/h,91.3kPa
15:20                                                     1405/05/07,376.8mm,416W/m2,84.9degree,32.1°C,27.7%,13.0km/h,91.4kPa
15:20                                                     1405/05/08,376.8mm,400W/m2,97.0degree,30.4°C,27.3%,10.3km/h,91.6kPa
15:20                                                     1405/05/09,376.8mm,229W/m2,68.7degree,25.1°C,32.3%,20.2km/h,91.6kPa
15:20                                                     1405/05/10,378.4mm,441W/m2,77.1degree,24.3°C,45.3%,19.2km/h,91.7kPa
15:20                                                     1405/05/11,378.4mm,435W/m2,80.2degree,27.6°C,32.4%,17.0km/h,91.5kPa
15:30                                                     1405/03/21,290.2mm,341W/m2,317.3degree,25.1°C,26.2%,11.4km/h,91.4kPa
15:30                                                     1405/03/22,290.6mm,112W/m2,23.7degree,20.5°C,39.3%,9.1km/h,91.8kPa
15:30                                                     1405/03/23,290.6mm,318W/m2,181.4degree,26.9°C,27.7%,9.0km/h,91.9kPa
15:30                                                     1405/03/25,294.8mm,163W/m2,167.6degree,16.8°C,80.7%,10.3km/h,90.8kPa
15:30                                                     1405/03/26,295.0mm,292W/m2,211.9degree,26.3°C,35.1%,20.1km/h,91.3kPa
15:30                                                     1405/03/27,296.0mm,322W/m2,208.8degree,24.3°C,49.3%,35.9km/h,90.8kPa
15:30                                                     1405/03/29,304.2mm,133W/m2,295.7degree,19.8°C,38.6%,3.7km/h,90.9kPa
15:30                                                     1405/03/30,325.8mm,185W/m2,284.7degree,23.8°C,23.1%,10.2km/h,90.9kPa
15:30                                                     1405/03/31,325.8mm,359W/m2,232.6degree,26.9°C,15.1%,9.8km/h,90.8kPa
15:30                                                     1405/04/01,349.6mm,96W/m2,25.3degree,12.5°C,81.7%,3.5km/h,91.4kPa
15:30                                                     1405/04/02,350.6mm,338W/m2,140.4degree,14.5°C,65.2%,7.2km/h,91.8kPa
15:30                                                     1405/04/03,350.6mm,351W/m2,199.1degree,20.9°C,38.7%,8.5km/h,91.3kPa
15:30                                                     1405/04/04,350.6mm,234W/m2,191.9degree,23.5°C,33.7%,20.0km/h,90.9kPa
15:30                                                     1405/04/08,406.4mm,100W/m2,23.2degree,16.2°C,60.0%,13.3km/h,91.4kPa
15:30                                                     1405/04/09,406.4mm,404W/m2,326.6degree,18.4°C,45.7%,3.1km/h,91.4kPa
15:30                                                     1405/04/10,406.8mm,96W/m2,246.7degree,15.1°C,72.4%,6.0km/h,92.1kPa
15:30                                                     1405/04/11,406.8mm,380W/m2,161.1degree,24.7°C,25.5%,5.0km/h,92.3kPa
15:30                                                     1405/04/12,355.2mm,403W/m2,139.4degree,26.1°C,22.9%,4.3km/h,91.7kPa
15:30                                                     1405/04/13,355.2mm,351W/m2,123.9degree,28.9°C,22.0%,3.5km/h,91.4kPa
15:30                                                     1405/04/14,355.2mm,312W/m2,274.2degree,28.4°C,19.9%,4.6km/h,91.4kPa
15:30                                                     1405/04/16,355.2mm,368W/m2,94.0degree,13.5°C,57.2%,11.7km/h,91.9kPa
15:30                                                     1405/04/17,355.2mm,361W/m2,56.6degree,16.5°C,37.5%,17.5km/h,92.1kPa
15:30                                                     1405/04/18,355.2mm,373W/m2,101.7degree,21.8°C,30.5%,8.9km/h,91.7kPa
15:30                                                     1405/04/20,355.2mm,217W/m2,135.8degree,31.2°C,22.2%,3.9km/h,91.1kPa
15:30                                                     1405/04/21,355.2mm,183W/m2,114.9degree,24.5°C,38.0%,11.6km/h,90.9kPa
15:30                                                     1405/04/22,358.4mm,94W/m2,63.7degree,20.9°C,63.3%,15.2km/h,91.1kPa
15:30                                                     1405/04/24,376.8mm,131W/m2,72.5degree,25.2°C,39.1%,7.7km/h,91.3kPa
15:30                                                     1405/04/25,376.8mm,201W/m2,158.6degree,30.1°C,28.3%,8.1km/h,91.5kPa
15:30                                                     1405/04/26,376.8mm,165W/m2,77.1degree,20.6°C,46.0%,12.9km/h,91.9kPa
15:30                                                     1405/04/27,376.8mm,405W/m2,94.5degree,25.1°C,36.3%,14.2km/h,91.2kPa
15:30                                                     1405/04/29,376.8mm,392W/m2,79.3degree,27.8°C,27.1%,13.0km/h,91.2kPa
15:30                                                     1405/04/30,376.8mm,108W/m2,83.5degree,23.1°C,41.3%,11.6km/h,91.2kPa
15:30                                                     1405/05/01,376.8mm,125W/m2,77.2degree,17.4°C,58.6%,16.5km/h,91.7kPa
15:30                                                     1405/05/03,376.8mm,414W/m2,53.1degree,27.8°C,23.8%,9.3km/h,91.8kPa
15:30                                                     1405/05/04,376.8mm,412W/m2,99.4degree,29.4°C,22.2%,10.2km/h,91.6kPa
15:30                                                     1405/05/05,376.8mm,395W/m2,142.5degree,34.5°C,16.8%,4.8km/h,91.5kPa
15:30                                                     1405/05/07,376.8mm,380W/m2,82.3degree,32.2°C,27.4%,25.4km/h,91.4kPa
15:30                                                     1405/05/08,376.8mm,394W/m2,71.6degree,30.3°C,26.9%,17.6km/h,91.5kPa
15:30                                                     1405/05/09,376.8mm,199W/m2,41.8degree,25.1°C,32.5%,17.1km/h,91.6kPa
15:30                                                     1405/05/11,378.4mm,407W/m2,77.1degree,27.5°C,33.4%,10.7km/h,91.6kPa
15:40                                                     1405/03/21,290.2mm,309W/m2,83.0degree,25.3°C,23.8%,1.6km/h,91.3kPa
15:40                                                     1405/03/22,290.6mm,105W/m2,346.5degree,19.9°C,39.6%,4.4km/h,91.7kPa
15:40                                                     1405/03/23,290.6mm,288W/m2,178.8degree,26.9°C,26.6%,6.4km/h,91.9kPa
15:40                                                     1405/03/24,290.6mm,148W/m2,204.6degree,25.6°C,25.8%,22.1km/h,91.4kPa
15:40                                                     1405/03/25,294.8mm,204W/m2,149.0degree,17.3°C,81.2%,7.1km/h,90.8kPa
15:40                                                     1405/03/26,295.0mm,206W/m2,207.7degree,25.4°C,36.8%,20.4km/h,91.3kPa
15:40                                                     1405/03/27,296.0mm,289W/m2,199.8degree,24.1°C,50.5%,32.1km/h,90.8kPa
15:40                                                     1405/03/28,304.2mm,240W/m2,288.4degree,22.8°C,30.8%,7.0km/h,90.7kPa
15:40                                                     1405/03/29,304.2mm,95W/m2,241.1degree,20.0°C,38.4%,4.6km/h,90.9kPa
15:40                                                     1405/03/30,325.8mm,191W/m2,296.5degree,23.8°C,22.7%,1.4km/h,90.9kPa
15:40                                                     1405/03/31,325.8mm,327W/m2,227.5degree,26.6°C,14.9%,7.4km/h,90.7kPa
15:40                                                     1405/04/01,349.8mm,94W/m2,91.9degree,12.3°C,83.5%,2.5km/h,91.4kPa
15:40                                                     1405/04/02,350.6mm,183W/m2,134.4degree,14.2°C,67.8%,11.0km/h,91.8kPa
15:40                                                     1405/04/03,350.6mm,312W/m2,121.1degree,20.8°C,39.6%,7.9km/h,91.3kPa
15:40                                                     1405/04/04,350.6mm,179W/m2,190.7degree,23.2°C,33.5%,20.7km/h,90.9kPa
15:40                                                     1405/04/08,406.4mm,70W/m2,37.3degree,15.4°C,61.5%,6.4km/h,91.4kPa
15:40                                                     1405/04/09,406.4mm,155W/m2,50.4degree,19.0°C,42.1%,13.1km/h,91.4kPa
15:40                                                     1405/04/10,406.8mm,97W/m2,263.2degree,15.2°C,68.3%,1.3km/h,92.1kPa
15:40                                                     1405/04/11,406.8mm,350W/m2,113.2degree,25.1°C,25.5%,7.8km/h,92.3kPa
15:40                                                     1405/04/12,355.2mm,377W/m2,138.7degree,26.1°C,23.3%,7.7km/h,91.7kPa
15:40                                                     1405/04/13,355.2mm,333W/m2,116.9degree,28.7°C,21.7%,4.7km/h,91.4kPa
15:40                                                     1405/04/14,355.2mm,299W/m2,319.0degree,28.0°C,21.6%,12.0km/h,91.4kPa
15:40                                                     1405/04/15,355.2mm,256W/m2,102.9degree,19.2°C,43.3%,11.0km/h,91.6kPa
15:40                                                     1405/04/16,355.2mm,287W/m2,111.8degree,13.1°C,57.8%,12.3km/h,91.9kPa
15:40                                                     1405/04/17,355.2mm,332W/m2,50.5degree,16.5°C,37.5%,19.0km/h,92.1kPa
15:40                                                     1405/04/18,355.2mm,344W/m2,128.9degree,21.7°C,30.4%,9.7km/h,91.7kPa
15:40                                                     1405/04/19,355.2mm,196W/m2,173.8degree,27.8°C,21.1%,7.7km/h,91.3kPa
15:40                                                     1405/04/20,355.2mm,192W/m2,174.2degree,30.9°C,23.6%,4.3km/h,91.1kPa
15:40                                                     1405/04/21,355.2mm,193W/m2,108.7degree,24.5°C,39.0%,8.0km/h,91.0kPa
15:40                                                     1405/04/22,358.4mm,107W/m2,67.8degree,20.7°C,66.4%,17.4km/h,91.1kPa
15:40                                                     1405/04/23,367.4mm,364W/m2,122.8degree,25.7°C,44.6%,8.6km/h,91.3kPa
15:40                                                     1405/04/24,376.8mm,430W/m2,74.5degree,25.3°C,40.0%,7.3km/h,91.3kPa
15:40                                                     1405/04/25,376.8mm,198W/m2,162.5degree,30.1°C,29.6%,5.4km/h,91.5kPa
15:40                                                     1405/04/26,376.8mm,197W/m2,45.1degree,20.7°C,46.0%,13.6km/h,91.9kPa
15:40                                                     1405/04/27,376.8mm,109W/m2,96.1degree,24.9°C,36.9%,11.8km/h,91.2kPa
15:40                                                     1405/04/28,376.8mm,342W/m2,72.0degree,28.0°C,26.1%,14.0km/h,91.3kPa
15:40                                                     1405/04/29,376.8mm,383W/m2,77.7degree,27.7°C,28.0%,14.8km/h,91.2kPa
15:40                                                     1405/04/30,376.8mm,131W/m2,79.8degree,23.1°C,40.9%,14.5km/h,91.3kPa
15:40                                                     1405/05/01,376.8mm,115W/m2,89.0degree,17.4°C,59.4%,14.8km/h,91.7kPa
15:40                                                     1405/05/02,376.8mm,378W/m2,101.8degree,24.6°C,37.4%,8.5km/h,91.8kPa
15:40                                                     1405/05/03,376.8mm,389W/m2,69.8degree,27.4°C,25.7%,12.0km/h,91.8kPa
15:40                                                     1405/05/04,376.8mm,381W/m2,112.9degree,29.4°C,22.7%,4.5km/h,91.6kPa
15:40                                                     1405/05/05,376.8mm,370W/m2,191.8degree,34.6°C,15.1%,6.8km/h,91.5kPa
15:40                                                     1405/05/06,376.8mm,262W/m2,152.7degree,37.3°C,12.9%,4.0km/h,91.3kPa
15:40                                                     1405/05/07,376.8mm,352W/m2,101.3degree,31.9°C,27.9%,28.6km/h,91.4kPa
15:40                                                     1405/05/08,376.8mm,361W/m2,76.4degree,30.2°C,26.5%,17.0km/h,91.5kPa
15:40                                                     1405/05/10,378.4mm,385W/m2,74.3degree,23.9°C,46.5%,18.2km/h,91.8kPa
15:40                                                     1405/05/11,378.4mm,377W/m2,71.5degree,27.5°C,33.1%,19.7km/h,91.5kPa
15:50                                                     1405/03/21,290.2mm,283W/m2,273.4degree,25.3°C,25.0%,1.3km/h,91.4kPa
15:50                                                     1405/03/22,290.6mm,220W/m2,14.5degree,20.2°C,40.7%,5.0km/h,91.8kPa
15:50                                                     1405/03/23,290.6mm,252W/m2,165.5degree,26.8°C,27.4%,9.4km/h,91.9kPa
15:50                                                     1405/03/25,294.8mm,203W/m2,143.8degree,17.6°C,78.4%,8.0km/h,90.8kPa
15:50                                                     1405/03/26,295.0mm,346W/m2,195.4degree,25.6°C,36.6%,20.7km/h,91.3kPa
15:50                                                     1405/03/27,296.0mm,258W/m2,203.8degree,24.1°C,51.4%,22.7km/h,90.8kPa
15:50                                                     1405/03/29,304.2mm,330W/m2,241.9degree,20.6°C,35.1%,6.9km/h,90.8kPa
15:50                                                     1405/03/31,325.8mm,297W/m2,193.8degree,26.5°C,16.7%,15.0km/h,90.8kPa
15:50                                                     1405/04/01,350.0mm,104W/m2,88.9degree,12.2°C,85.0%,4.1km/h,91.4kPa
15:50                                                     1405/04/02,350.6mm,211W/m2,107.2degree,13.8°C,67.6%,10.7km/h,91.8kPa
15:50                                                     1405/04/03,350.6mm,295W/m2,138.1degree,21.0°C,41.9%,6.5km/h,91.3kPa
15:50                                                     1405/04/04,350.6mm,132W/m2,177.8degree,22.9°C,35.4%,12.3km/h,90.9kPa
15:50                                                     1405/04/08,406.4mm,91W/m2,43.0degree,15.4°C,58.2%,9.5km/h,91.3kPa
15:50                                                     1405/04/09,406.4mm,84W/m2,63.4degree,17.7°C,44.7%,14.7km/h,91.3kPa
15:50                                                     1405/04/10,406.8mm,103W/m2,243.3degree,16.0°C,64.0%,3.6km/h,92.0kPa
15:50                                                     1405/04/11,406.8mm,320W/m2,98.3degree,25.0°C,24.5%,4.5km/h,92.3kPa
15:50                                                     1405/04/12,355.2mm,346W/m2,163.1degree,26.1°C,25.2%,6.6km/h,91.7kPa
15:50                                                     1405/04/13,355.2mm,307W/m2,149.7degree,28.7°C,21.1%,9.1km/h,91.3kPa
15:50                                                     1405/04/14,355.2mm,277W/m2,280.1degree,27.7°C,18.2%,5.7km/h,91.3kPa
15:50                                                     1405/04/16,355.2mm,335W/m2,114.8degree,13.1°C,58.1%,16.1km/h,91.9kPa
15:50                                                     1405/04/17,355.2mm,316W/m2,65.9degree,16.7°C,38.9%,10.3km/h,92.1kPa
15:50                                                     1405/04/18,355.2mm,314W/m2,76.7degree,21.8°C,29.9%,12.6km/h,91.7kPa
15:50                                                     1405/04/20,355.2mm,118W/m2,158.1degree,30.2°C,23.9%,4.3km/h,91.1kPa
15:50                                                     1405/04/21,355.2mm,214W/m2,102.6degree,24.6°C,39.1%,12.5km/h,90.9kPa
15:50                                                     1405/04/22,358.4mm,110W/m2,31.8degree,21.0°C,65.9%,9.3km/h,91.1kPa
15:50                                                     1405/04/24,376.8mm,327W/m2,99.4degree,26.2°C,38.8%,6.3km/h,91.3kPa
15:50                                                     1405/04/25,376.8mm,206W/m2,177.2degree,30.1°C,28.1%,8.4km/h,91.5kPa
15:50                                                     1405/04/26,376.8mm,177W/m2,57.8degree,20.7°C,45.7%,19.2km/h,91.9kPa
15:50                                                     1405/04/27,376.8mm,129W/m2,124.7degree,23.8°C,38.5%,8.1km/h,91.2kPa
15:50                                                     1405/04/29,376.8mm,356W/m2,80.1degree,27.6°C,29.6%,9.8km/h,91.2kPa
15:50                                                     1405/04/30,376.8mm,113W/m2,75.7degree,23.0°C,41.4%,13.0km/h,91.3kPa
15:50                                                     1405/05/01,376.8mm,117W/m2,83.6degree,17.3°C,59.0%,18.4km/h,91.7kPa
15:50                                                     1405/05/03,376.8mm,360W/m2,75.6degree,27.0°C,27.7%,13.9km/h,91.8kPa
15:50                                                     1405/05/04,376.8mm,353W/m2,87.1degree,29.2°C,23.0%,7.6km/h,91.6kPa
15:50                                                     1405/05/05,376.8mm,340W/m2,145.5degree,34.6°C,15.5%,4.8km/h,91.5kPa
15:50                                                     1405/05/07,376.8mm,328W/m2,67.5degree,31.7°C,28.0%,22.3km/h,91.4kPa
15:50                                                     1405/05/08,376.8mm,256W/m2,65.3degree,30.0°C,27.4%,14.8km/h,91.5kPa
15:50                                                     1405/05/09,376.8mm,208W/m2,51.2degree,24.9°C,32.9%,17.1km/h,91.6kPa
15:50                                                     1405/05/10,378.4mm,354W/m2,90.7degree,23.8°C,46.6%,17.0km/h,91.8kPa
15:50                                                     1405/05/11,378.4mm,348W/m2,82.9degree,27.5°C,31.6%,16.1km/h,91.5kPa
16:00                                                     1405/03/21,290.2mm,253W/m2,283.7degree,25.0°C,23.7%,6.9km/h,91.3kPa
16:00                                                     1405/03/22,290.6mm,61W/m2,21.1degree,19.8°C,39.6%,8.6km/h,91.7kPa
16:00                                                     1405/03/23,290.6mm,224W/m2,184.3degree,26.9°C,26.9%,5.6km/h,91.9kPa
16:00                                                     1405/03/24,290.6mm,96W/m2,215.7degree,25.2°C,26.2%,14.8km/h,91.4kPa
16:00                                                     1405/03/25,294.8mm,296W/m2,151.6degree,18.1°C,76.7%,6.2km/h,90.8kPa
16:00                                                     1405/03/26,295.0mm,318W/m2,198.2degree,25.8°C,36.7%,23.1km/h,91.3kPa
16:00                                                     1405/03/27,296.0mm,234W/m2,199.4degree,24.2°C,49.6%,33.7km/h,90.8kPa
16:00                                                     1405/03/28,304.2mm,300W/m2,279.4degree,23.4°C,26.1%,11.1km/h,90.7kPa
16:00                                                     1405/03/29,304.2mm,256W/m2,215.7degree,21.7°C,28.0%,2.2km/h,90.7kPa
16:00                                                     1405/03/30,325.8mm,158W/m2,236.3degree,23.9°C,23.4%,3.9km/h,91.0kPa
16:00                                                     1405/03/31,325.8mm,269W/m2,188.9degree,26.6°C,15.9%,9.5km/h,90.8kPa
16:00                                                     1405/04/01,350.2mm,76W/m2,111.7degree,12.2°C,86.0%,4.6km/h,91.4kPa
16:00                                                     1405/04/02,350.6mm,203W/m2,101.8degree,13.9°C,68.2%,8.6km/h,91.8kPa
16:00                                                     1405/04/03,350.6mm,268W/m2,109.3degree,21.2°C,42.0%,7.6km/h,91.3kPa
16:00                                                     1405/04/04,350.6mm,117W/m2,174.1degree,23.0°C,36.2%,14.2km/h,90.9kPa
16:00                                                     1405/04/08,406.4mm,133W/m2,75.4degree,15.2°C,60.8%,3.6km/h,91.3kPa
16:00                                                     1405/04/09,406.4mm,66W/m2,60.3degree,17.1°C,49.2%,4.8km/h,91.4kPa
16:00                                                     1405/04/10,406.8mm,103W/m2,272.1degree,16.3°C,63.7%,2.9km/h,92.0kPa
16:00                                                     1405/04/11,406.8mm,289W/m2,176.0degree,24.8°C,27.5%,7.8km/h,92.3kPa
16:00                                                     1405/04/12,355.2mm,302W/m2,162.0degree,25.7°C,24.5%,6.4km/h,91.7kPa
16:00                                                     1405/04/13,355.2mm,279W/m2,153.5degree,28.4°C,21.9%,8.2km/h,91.3kPa
16:00                                                     1405/04/14,355.2mm,249W/m2,287.0degree,27.5°C,18.5%,18.9km/h,91.3kPa
16:00                                                     1405/04/15,355.2mm,294W/m2,90.3degree,19.1°C,44.0%,17.9km/h,91.6kPa
16:00                                                     1405/04/16,355.2mm,301W/m2,109.8degree,13.3°C,57.8%,14.0km/h,91.9kPa
16:00                                                     1405/04/17,355.2mm,161W/m2,50.6degree,16.2°C,38.0%,23.6km/h,92.1kPa
16:00                                                     1405/04/18,355.2mm,284W/m2,153.9degree,21.8°C,30.1%,5.3km/h,91.7kPa
16:00                                                     1405/04/19,355.2mm,170W/m2,150.8degree,27.1°C,23.3%,8.2km/h,91.3kPa
16:00                                                     1405/04/20,355.2mm,146W/m2,162.8degree,30.1°C,23.9%,4.4km/h,91.1kPa
16:00                                                     1405/04/21,355.2mm,149W/m2,77.3degree,24.6°C,39.7%,8.1km/h,91.0kPa
16:00                                                     1405/04/22,358.4mm,73W/m2,82.1degree,21.2°C,66.6%,11.4km/h,91.1kPa
16:00                                                     1405/04/23,367.4mm,304W/m2,122.9degree,25.6°C,44.2%,7.7km/h,91.3kPa
16:00                                                     1405/04/24,376.8mm,177W/m2,76.5degree,26.4°C,37.7%,7.5km/h,91.3kPa
16:00                                                     1405/04/25,376.8mm,169W/m2,165.9degree,30.0°C,29.3%,6.0km/h,91.5kPa
16:00                                                     1405/04/26,376.8mm,188W/m2,77.9degree,20.7°C,45.0%,14.7km/h,91.9kPa
16:00                                                     1405/04/27,376.8mm,325W/m2,67.7degree,24.3°C,38.0%,9.2km/h,91.2kPa
16:00                                                     1405/04/28,376.8mm,300W/m2,78.2degree,27.9°C,25.6%,16.4km/h,91.3kPa
16:00                                                     1405/04/29,376.8mm,321W/m2,74.3degree,27.5°C,28.7%,19.0km/h,91.2kPa
16:00                                                     1405/04/30,376.8mm,110W/m2,64.2degree,22.7°C,43.2%,11.0km/h,91.3kPa
16:00                                                     1405/05/01,376.8mm,93W/m2,79.8degree,17.2°C,59.3%,15.3km/h,91.7kPa
16:00                                                     1405/05/02,376.8mm,316W/m2,73.8degree,24.3°C,38.1%,6.2km/h,91.8kPa
16:00                                                     1405/05/03,376.8mm,328W/m2,50.6degree,26.8°C,26.6%,13.6km/h,91.8kPa
16:00                                                     1405/05/04,376.8mm,324W/m2,142.2degree,29.6°C,21.8%,7.5km/h,91.6kPa
16:00                                                     1405/05/05,376.8mm,310W/m2,148.3degree,34.7°C,15.4%,9.6km/h,91.5kPa
16:00                                                     1405/05/06,376.8mm,248W/m2,125.6degree,36.6°C,12.9%,6.7km/h,91.2kPa
16:00                                                     1405/05/07,376.8mm,272W/m2,91.7degree,31.4°C,29.7%,10.0km/h,91.4kPa
16:00                                                     1405/05/08,376.8mm,297W/m2,86.1degree,30.0°C,26.8%,21.4km/h,91.5kPa
16:00                                                     1405/05/09,376.8mm,192W/m2,66.3degree,24.5°C,32.7%,21.7km/h,91.6kPa
16:00                                                     1405/05/10,378.4mm,318W/m2,68.5degree,23.4°C,48.2%,22.1km/h,91.8kPa
16:00                                                     1405/05/11,378.4mm,325W/m2,75.5degree,27.5°C,31.4%,13.4km/h,91.5kPa
16:10                                                     1405/03/21,290.2mm,223W/m2,314.5degree,24.7°C,22.0%,23.5km/h,91.3kPa
16:10                                                     1405/03/22,290.6mm,66W/m2,299.4degree,19.4°C,42.9%,4.1km/h,91.8kPa
16:10                                                     1405/03/23,290.6mm,197W/m2,137.2degree,26.8°C,26.5%,6.5km/h,91.9kPa
16:10                                                     1405/03/25,295.0mm,285W/m2,139.0degree,18.8°C,76.5%,10.6km/h,90.8kPa
16:10                                                     1405/03/26,295.0mm,233W/m2,184.2degree,25.8°C,36.3%,21.2km/h,91.2kPa
16:10                                                     1405/03/27,296.0mm,207W/m2,202.6degree,24.3°C,48.7%,26.1km/h,90.8kPa
16:10                                                     1405/03/29,304.2mm,93W/m2,126.5degree,21.8°C,29.7%,2.6km/h,90.7kPa
16:10                                                     1405/03/30,325.8mm,153W/m2,197.4degree,23.7°C,25.4%,3.2km/h,91.0kPa
16:10                                                     1405/04/01,350.2mm,25W/m2,277.2degree,12.0°C,86.5%,2.3km/h,91.5kPa
16:10                                                     1405/04/02,350.6mm,151W/m2,95.9degree,13.6°C,66.2%,11.9km/h,91.8kPa
16:10                                                     1405/04/03,350.6mm,227W/m2,145.0degree,21.0°C,40.0%,7.5km/h,91.3kPa
16:10                                                     1405/04/04,350.6mm,295W/m2,199.5degree,23.4°C,35.2%,13.9km/h,90.9kPa
16:10                                                     1405/04/08,406.4mm,127W/m2,45.1degree,15.2°C,63.9%,0.6km/h,91.3kPa
16:10                                                     1405/04/09,406.4mm,67W/m2,24.1degree,16.4°C,52.5%,6.9km/h,91.4kPa
16:10                                                     1405/04/10,406.8mm,97W/m2,247.5degree,16.8°C,65.0%,1.7km/h,92.0kPa
16:10                                                     1405/04/11,406.8mm,260W/m2,173.1degree,24.7°C,25.1%,4.0km/h,92.3kPa
16:10                                                     1405/04/12,355.2mm,270W/m2,118.5degree,25.8°C,26.8%,3.8km/h,91.7kPa
16:10                                                     1405/04/13,355.2mm,238W/m2,138.3degree,28.4°C,21.6%,11.2km/h,91.3kPa
16:10                                                     1405/04/14,355.2mm,237W/m2,284.2degree,27.3°C,18.9%,14.1km/h,91.3kPa
16:10                                                     1405/04/16,355.2mm,269W/m2,86.5degree,13.2°C,56.8%,14.4km/h,91.8kPa
16:10                                                     1405/04/17,355.2mm,268W/m2,76.3degree,16.3°C,38.6%,16.2km/h,92.1kPa
16:10                                                     1405/04/18,355.2mm,256W/m2,133.7degree,22.0°C,29.5%,6.0km/h,91.7kPa
16:10                                                     1405/04/20,355.2mm,98W/m2,107.2degree,29.4°C,28.9%,5.1km/h,91.1kPa
16:10                                                     1405/04/21,355.2mm,199W/m2,94.6degree,24.6°C,39.7%,14.5km/h,91.0kPa
16:10                                                     1405/04/22,358.4mm,110W/m2,78.6degree,21.0°C,64.2%,13.2km/h,91.1kPa
16:10                                                     1405/04/24,376.8mm,70W/m2,357.6degree,25.8°C,45.4%,5.2km/h,91.4kPa
16:10                                                     1405/04/25,376.8mm,147W/m2,155.0degree,29.7°C,30.8%,6.4km/h,91.5kPa
16:10                                                     1405/04/26,376.8mm,206W/m2,71.4degree,20.6°C,45.7%,14.4km/h,91.9kPa
16:10                                                     1405/04/27,376.8mm,294W/m2,116.3degree,24.8°C,37.0%,5.8km/h,91.2kPa
16:10                                                     1405/04/29,376.8mm,295W/m2,68.2degree,27.6°C,28.2%,15.7km/h,91.2kPa
16:10                                                     1405/04/30,376.8mm,72W/m2,59.2degree,22.4°C,43.6%,8.0km/h,91.3kPa
16:10                                                     1405/05/01,376.8mm,84W/m2,75.5degree,17.2°C,59.3%,14.5km/h,91.7kPa
16:10                                                     1405/05/03,376.8mm,303W/m2,81.2degree,26.7°C,27.8%,15.8km/h,91.8kPa
16:10                                                     1405/05/04,376.8mm,295W/m2,62.7degree,29.2°C,21.5%,13.8km/h,91.6kPa
16:10                                                     1405/05/05,376.8mm,278W/m2,134.0degree,34.4°C,16.2%,5.1km/h,91.5kPa
16:10                                                     1405/05/07,376.8mm,207W/m2,59.3degree,30.8°C,30.0%,20.3km/h,91.4kPa
16:10                                                     1405/05/08,376.8mm,211W/m2,88.6degree,29.7°C,27.2%,18.5km/h,91.5kPa
16:10                                                     1405/05/09,376.8mm,138W/m2,62.5degree,24.3°C,33.4%,10.8km/h,91.6kPa
16:10                                                     1405/05/10,378.4mm,289W/m2,66.5degree,23.2°C,49.0%,20.7km/h,91.8kPa
16:10                                                     1405/05/11,378.4mm,291W/m2,73.9degree,27.2°C,31.4%,13.1km/h,91.5kPa
16:20                                                     1405/03/21,290.2mm,189W/m2,299.1degree,24.5°C,22.7%,9.1km/h,91.3kPa
16:20                                                     1405/03/22,290.6mm,45W/m2,43.4degree,19.0°C,45.8%,3.9km/h,91.9kPa
16:20                                                     1405/03/23,290.6mm,171W/m2,165.8degree,26.7°C,26.3%,7.5km/h,91.9kPa
16:20                                                     1405/03/24,290.6mm,55W/m2,218.2degree,24.6°C,26.8%,17.1km/h,91.4kPa
16:20                                                     1405/03/25,295.0mm,246W/m2,174.4degree,19.2°C,76.4%,4.1km/h,90.8kPa
16:20                                                     1405/03/26,295.0mm,189W/m2,171.8degree,25.6°C,37.5%,17.9km/h,91.2kPa
16:20                                                     1405/03/27,296.0mm,178W/m2,210.3degree,24.5°C,46.7%,34.0km/h,90.7kPa
16:20                                                     1405/03/28,304.2mm,205W/m2,292.1degree,22.9°C,26.4%,8.7km/h,90.7kPa
16:20                                                     1405/03/29,304.2mm,221W/m2,63.5degree,22.0°C,27.2%,3.4km/h,90.7kPa
16:20                                                     1405/03/30,325.8mm,166W/m2,241.5degree,23.6°C,23.6%,12.1km/h,90.9kPa
16:20                                                     1405/03/31,325.8mm,213W/m2,213.0degree,26.4°C,16.3%,9.7km/h,90.8kPa
16:20                                                     1405/04/02,350.6mm,126W/m2,100.3degree,13.5°C,66.5%,8.7km/h,91.8kPa
16:20                                                     1405/04/03,350.6mm,207W/m2,187.9degree,20.7°C,41.8%,3.6km/h,91.3kPa
16:20                                                     1405/04/04,350.6mm,178W/m2,213.7degree,24.1°C,32.1%,19.5km/h,90.9kPa
16:20                                                     1405/04/08,406.4mm,206W/m2,45.8degree,15.8°C,57.3%,0.8km/h,91.3kPa
16:20                                                     1405/04/09,406.4mm,21W/m2,324.9degree,15.9°C,60.2%,12.3km/h,91.6kPa
16:20                                                     1405/04/10,406.8mm,98W/m2,235.1degree,17.3°C,63.1%,2.4km/h,92.0kPa
16:20                                                     1405/04/11,406.8mm,232W/m2,149.4degree,24.9°C,26.5%,7.7km/h,92.3kPa
16:20                                                     1405/04/12,355.2mm,240W/m2,186.7degree,25.7°C,25.9%,4.9km/h,91.7kPa
16:20                                                     1405/04/13,355.2mm,210W/m2,146.8degree,28.2°C,23.8%,6.9km/h,91.3kPa
16:20                                                     1405/04/14,355.2mm,214W/m2,275.7degree,27.1°C,18.1%,18.2km/h,91.3kPa
16:20                                                     1405/04/15,355.2mm,216W/m2,81.6degree,19.1°C,44.8%,15.4km/h,91.6kPa
16:20                                                     1405/04/16,355.2mm,233W/m2,105.6degree,13.2°C,57.1%,16.8km/h,91.9kPa
16:20                                                     1405/04/17,355.2mm,105W/m2,88.8degree,15.9°C,40.0%,16.9km/h,92.1kPa
16:20                                                     1405/04/18,355.2mm,227W/m2,123.0degree,21.8°C,30.3%,9.9km/h,91.7kPa
16:20                                                     1405/04/19,355.2mm,136W/m2,169.8degree,26.4°C,26.6%,4.5km/h,91.3kPa
16:20                                                     1405/04/20,355.2mm,166W/m2,159.1degree,29.4°C,27.2%,5.1km/h,91.1kPa
16:20                                                     1405/04/21,355.2mm,293W/m2,82.9degree,25.0°C,38.7%,9.8km/h,91.0kPa
16:20                                                     1405/04/22,358.8mm,173W/m2,74.2degree,21.2°C,67.8%,13.5km/h,91.1kPa
16:20                                                     1405/04/23,367.4mm,248W/m2,98.3degree,25.2°C,45.6%,10.4km/h,91.3kPa
16:20                                                     1405/04/24,376.8mm,113W/m2,319.9degree,23.6°C,54.4%,10.6km/h,91.4kPa
16:20                                                     1405/04/25,376.8mm,132W/m2,157.6degree,29.3°C,33.1%,3.2km/h,91.5kPa
16:20                                                     1405/04/26,376.8mm,145W/m2,93.9degree,20.6°C,46.2%,14.2km/h,91.9kPa
16:20                                                     1405/04/27,376.8mm,138W/m2,112.8degree,24.7°C,37.6%,12.9km/h,91.2kPa
16:20                                                     1405/04/28,376.8mm,240W/m2,66.8degree,27.5°C,26.6%,17.0km/h,91.3kPa
16:20                                                     1405/04/29,376.8mm,261W/m2,86.5degree,27.5°C,28.6%,21.1km/h,91.2kPa
16:20                                                     1405/05/01,376.8mm,51W/m2,95.9degree,17.2°C,59.2%,11.8km/h,91.7kPa
16:20                                                     1405/05/02,376.8mm,265W/m2,68.0degree,24.5°C,38.4%,11.2km/h,91.8kPa
16:20                                                     1405/05/03,376.8mm,268W/m2,54.1degree,26.4°C,27.3%,22.9km/h,91.7kPa
16:20                                                     1405/05/04,376.8mm,266W/m2,122.6degree,29.1°C,22.5%,6.5km/h,91.6kPa
16:20                                                     1405/05/05,376.8mm,248W/m2,107.0degree,34.2°C,16.1%,5.8km/h,91.5kPa
16:20                                                     1405/05/06,376.8mm,248W/m2,142.7degree,36.5°C,13.6%,3.3km/h,91.2kPa
16:20                                                     1405/05/07,376.8mm,131W/m2,81.0degree,30.2°C,31.2%,17.6km/h,91.4kPa
16:20                                                     1405/05/08,376.8mm,268W/m2,55.6degree,29.4°C,26.9%,24.3km/h,91.5kPa
16:20                                                     1405/05/09,376.8mm,114W/m2,58.4degree,24.1°C,33.5%,12.7km/h,91.6kPa
16:20                                                     1405/05/10,378.4mm,293W/m2,68.6degree,22.6°C,50.1%,28.0km/h,91.9kPa
16:20                                                     1405/05/11,378.4mm,268W/m2,52.7degree,27.3°C,31.1%,12.1km/h,91.5kPa
16:30                                                     1405/03/21,290.2mm,159W/m2,291.7degree,24.3°C,24.2%,5.8km/h,91.3kPa
16:30                                                     1405/03/22,290.6mm,15W/m2,327.4degree,18.5°C,50.9%,8.4km/h,92.0kPa
16:30                                                     1405/03/23,290.6mm,145W/m2,143.4degree,26.8°C,26.5%,6.2km/h,91.9kPa
16:30                                                     1405/03/25,295.0mm,61W/m2,150.4degree,18.4°C,78.4%,8.4km/h,90.8kPa
16:30                                                     1405/03/26,295.0mm,157W/m2,183.7degree,25.3°C,38.9%,14.0km/h,91.2kPa
16:30                                                     1405/03/27,296.0mm,154W/m2,208.8degree,24.5°C,45.8%,32.4km/h,90.7kPa
16:30                                                     1405/03/29,304.2mm,149W/m2,358.5degree,22.2°C,27.4%,3.3km/h,90.7kPa
16:30                                                     1405/03/30,325.8mm,100W/m2,209.5degree,23.4°C,25.1%,8.7km/h,91.0kPa
16:30                                                     1405/03/31,325.8mm,184W/m2,197.4degree,26.3°C,18.6%,8.1km/h,90.8kPa
16:30                                                     1405/04/01,350.4mm,48W/m2,18.6degree,11.8°C,84.6%,5.8km/h,91.5kPa
16:30                                                     1405/04/02,350.6mm,59W/m2,103.7degree,13.1°C,66.1%,11.2km/h,91.8kPa
16:30                                                     1405/04/03,350.6mm,180W/m2,174.6degree,20.7°C,42.0%,6.6km/h,91.3kPa
16:30                                                     1405/04/04,350.6mm,171W/m2,208.6degree,23.9°C,32.3%,17.3km/h,90.9kPa
16:30                                                     1405/04/08,406.4mm,123W/m2,23.8degree,16.0°C,59.1%,2.1km/h,91.3kPa
16:30                                                     1405/04/09,406.4mm,74W/m2,348.1degree,16.4°C,55.7%,5.2km/h,91.6kPa
16:30                                                     1405/04/10,406.8mm,79W/m2,246.0degree,17.6°C,61.3%,0.2km/h,92.1kPa
16:30                                                     1405/04/11,406.8mm,205W/m2,142.2degree,24.7°C,25.5%,7.8km/h,92.3kPa
16:30                                                     1405/04/12,355.2mm,216W/m2,153.6degree,25.7°C,26.0%,8.5km/h,91.7kPa
16:30                                                     1405/04/13,355.2mm,179W/m2,134.4degree,27.8°C,26.0%,8.8km/h,91.4kPa
16:30                                                     1405/04/14,355.2mm,189W/m2,279.3degree,26.9°C,19.2%,19.0km/h,91.3kPa
16:30                                                     1405/04/16,355.2mm,201W/m2,77.8degree,13.0°C,57.9%,12.3km/h,91.9kPa
16:30                                                     1405/04/17,355.2mm,153W/m2,67.9degree,15.5°C,40.8%,13.0km/h,92.1kPa
16:30                                                     1405/04/18,355.2mm,199W/m2,86.5degree,21.6°C,32.1%,6.8km/h,91.7kPa
16:30                                                     1405/04/20,355.2mm,120W/m2,151.4degree,29.2°C,29.9%,7.0km/h,91.1kPa
16:30                                                     1405/04/21,355.2mm,121W/m2,76.9degree,25.1°C,39.0%,9.9km/h,91.0kPa
16:30                                                     1405/04/22,358.8mm,233W/m2,62.6degree,21.3°C,69.4%,5.8km/h,91.1kPa
16:30                                                     1405/04/24,376.8mm,103W/m2,38.2degree,23.8°C,44.6%,11.7km/h,91.3kPa
16:30                                                     1405/04/25,376.8mm,108W/m2,140.8degree,29.1°C,34.9%,3.7km/h,91.6kPa
16:30                                                     1405/04/26,376.8mm,133W/m2,65.3degree,20.6°C,45.4%,18.7km/h,91.9kPa
16:30                                                     1405/04/27,376.8mm,217W/m2,119.3degree,24.8°C,36.7%,9.1km/h,91.2kPa
16:30                                                     1405/04/29,376.8mm,235W/m2,117.5degree,27.6°C,28.4%,7.8km/h,91.2kPa
16:30                                                     1405/04/30,376.8mm,54W/m2,83.7degree,21.9°C,45.0%,14.4km/h,91.3kPa
16:30                                                     1405/05/01,376.8mm,68W/m2,61.2degree,17.1°C,59.4%,11.8km/h,91.7kPa
16:30                                                     1405/05/03,376.8mm,239W/m2,57.4degree,26.2°C,28.1%,12.3km/h,91.8kPa
16:30                                                     1405/05/04,376.8mm,237W/m2,90.4degree,29.2°C,21.5%,8.0km/h,91.6kPa
16:30                                                     1405/05/05,376.8mm,105W/m2,164.3degree,34.2°C,15.4%,10.5km/h,91.5kPa
16:30                                                     1405/05/07,376.8mm,119W/m2,80.4degree,30.1°C,31.9%,8.2km/h,91.4kPa
16:30                                                     1405/05/08,376.8mm,228W/m2,75.0degree,29.4°C,27.1%,17.2km/h,91.5kPa
16:30                                                     1405/05/09,376.8mm,78W/m2,47.3degree,23.8°C,33.4%,21.5km/h,91.5kPa
16:30                                                     1405/05/10,378.4mm,284W/m2,54.3degree,22.2°C,51.5%,21.0km/h,91.9kPa
16:40                                                     1405/03/21,290.2mm,129W/m2,260.4degree,24.1°C,24.7%,5.5km/h,91.3kPa
16:40                                                     1405/03/22,290.6mm,21W/m2,17.9degree,17.8°C,45.9%,10.9km/h,91.8kPa
16:40                                                     1405/03/23,290.6mm,118W/m2,132.9degree,26.6°C,26.9%,7.7km/h,91.9kPa
16:40                                                     1405/03/24,290.6mm,28W/m2,212.3degree,24.0°C,28.1%,13.4km/h,91.4kPa
16:40                                                     1405/03/25,295.0mm,36W/m2,134.3degree,18.0°C,80.7%,7.5km/h,90.8kPa
16:40                                                     1405/03/26,295.0mm,131W/m2,182.4degree,24.9°C,39.2%,12.5km/h,91.2kPa
16:40                                                     1405/03/27,297.2mm,116W/m2,204.4degree,24.2°C,46.0%,39.9km/h,90.7kPa
16:40                                                     1405/03/28,304.2mm,152W/m2,266.2degree,22.5°C,27.5%,7.5km/h,90.7kPa
16:40                                                     1405/03/29,304.2mm,135W/m2,317.9degree,21.9°C,30.9%,6.1km/h,90.7kPa
16:40                                                     1405/03/30,325.8mm,56W/m2,253.3degree,23.1°C,25.9%,5.1km/h,91.0kPa
16:40                                                     1405/04/01,350.4mm,43W/m2,353.3degree,11.6°C,81.9%,5.1km/h,91.5kPa
16:40                                                     1405/04/02,350.6mm,37W/m2,113.5degree,12.9°C,67.1%,9.0km/h,91.7kPa
16:40                                                     1405/04/03,350.6mm,158W/m2,146.1degree,20.4°C,43.0%,8.2km/h,91.3kPa
16:40                                                     1405/04/08,406.4mm,130W/m2,35.0degree,16.1°C,59.7%,1.9km/h,91.3kPa
16:40                                                     1405/04/09,406.4mm,36W/m2,346.0degree,16.3°C,57.8%,7.2km/h,91.6kPa
16:40                                                     1405/04/10,406.8mm,105W/m2,63.3degree,17.8°C,63.8%,2.5km/h,92.1kPa
16:40                                                     1405/04/11,406.8mm,178W/m2,130.5degree,24.7°C,27.5%,8.4km/h,92.3kPa
16:40                                                     1405/04/12,355.2mm,195W/m2,156.9degree,25.4°C,27.0%,7.0km/h,91.7kPa
16:40                                                     1405/04/13,355.2mm,149W/m2,143.8degree,27.6°C,27.1%,6.6km/h,91.4kPa
16:40                                                     1405/04/14,355.2mm,166W/m2,271.0degree,26.7°C,18.2%,16.3km/h,91.4kPa
16:40                                                     1405/04/15,355.2mm,140W/m2,86.0degree,18.8°C,46.3%,13.1km/h,91.6kPa
16:40                                                     1405/04/16,355.2mm,170W/m2,72.4degree,13.1°C,57.8%,14.6km/h,91.9kPa
16:40                                                     1405/04/17,355.2mm,138W/m2,80.0degree,15.5°C,40.7%,16.1km/h,92.1kPa
16:40                                                     1405/04/18,355.2mm,170W/m2,107.7degree,21.5°C,31.9%,11.1km/h,91.7kPa
16:40                                                     1405/04/19,355.2mm,106W/m2,164.5degree,25.7°C,29.2%,5.3km/h,91.3kPa
16:40                                                     1405/04/20,355.2mm,112W/m2,212.9degree,29.5°C,23.9%,5.5km/h,91.0kPa
16:40                                                     1405/04/21,355.2mm,91W/m2,114.5degree,24.1°C,41.0%,9.6km/h,90.9kPa
16:40                                                     1405/04/22,358.8mm,184W/m2,54.3degree,21.5°C,66.0%,10.6km/h,91.2kPa
16:40                                                     1405/04/23,367.4mm,190W/m2,102.5degree,25.2°C,45.9%,12.4km/h,91.3kPa
16:40                                                     1405/04/24,376.8mm,57W/m2,58.6degree,24.1°C,40.8%,4.9km/h,91.4kPa
16:40                                                     1405/04/25,376.8mm,81W/m2,154.1degree,28.6°C,36.1%,3.4km/h,91.5kPa
16:40                                                     1405/04/26,376.8mm,149W/m2,68.6degree,20.6°C,46.5%,12.1km/h,91.9kPa
16:40                                                     1405/04/27,376.8mm,60W/m2,60.0degree,24.5°C,36.8%,8.7km/h,91.2kPa
16:40                                                     1405/04/28,376.8mm,184W/m2,54.9degree,27.0°C,27.3%,18.6km/h,91.3kPa
16:40                                                     1405/04/29,376.8mm,200W/m2,99.8degree,27.5°C,27.6%,16.7km/h,91.2kPa
16:40                                                     1405/04/30,376.8mm,84W/m2,59.9degree,22.0°C,45.2%,12.5km/h,91.4kPa
16:40                                                     1405/05/02,376.8mm,210W/m2,113.8degree,24.4°C,37.8%,8.7km/h,91.7kPa
16:40                                                     1405/05/03,376.8mm,216W/m2,78.9degree,26.3°C,27.9%,18.5km/h,91.8kPa
16:40                                                     1405/05/04,376.8mm,208W/m2,77.9degree,29.3°C,22.1%,7.3km/h,91.6kPa
16:40                                                     1405/05/05,376.8mm,192W/m2,135.9degree,34.2°C,15.9%,7.8km/h,91.5kPa
16:40                                                     1405/05/06,376.8mm,102W/m2,138.8degree,35.7°C,14.2%,6.0km/h,91.2kPa
16:40                                                     1405/05/07,376.8mm,77W/m2,52.9degree,29.7°C,32.0%,14.6km/h,91.4kPa
16:40                                                     1405/05/08,376.8mm,198W/m2,69.5degree,29.3°C,27.5%,21.5km/h,91.5kPa
16:40                                                     1405/05/09,376.8mm,68W/m2,61.4degree,23.6°C,33.8%,19.5km/h,91.5kPa
16:40                                                     1405/05/10,378.4mm,108W/m2,58.8degree,21.8°C,52.0%,20.8km/h,92.0kPa
16:40                                                     1405/05/11,378.4mm,219W/m2,70.2degree,27.1°C,29.5%,17.2km/h,91.4kPa
16:50                                                     1405/03/21,290.2mm,108W/m2,260.1degree,23.9°C,26.2%,3.0km/h,91.3kPa
16:50                                                     1405/03/22,290.6mm,60W/m2,336.8degree,16.3°C,56.7%,4.3km/h,91.8kPa
16:50                                                     1405/03/23,290.6mm,91W/m2,157.8degree,26.3°C,28.2%,2.5km/h,91.9kPa
16:50                                                     1405/03/25,295.0mm,13W/m2,138.7degree,17.6°C,81.4%,10.4km/h,90.8kPa
16:50                                                     1405/03/26,295.0mm,105W/m2,178.2degree,24.6°C,40.0%,11.9km/h,91.2kPa
16:50                                                     1405/03/27,297.2mm,84W/m2,189.0degree,23.5°C,48.6%,32.4km/h,90.6kPa
16:50                                                     1405/03/29,304.2mm,30W/m2,295.2degree,20.0°C,39.4%,3.2km/h,90.8kPa
16:50                                                     1405/03/30,325.8mm,31W/m2,48.9degree,22.6°C,24.1%,6.8km/h,90.9kPa
16:50                                                     1405/03/31,325.8mm,131W/m2,173.9degree,25.8°C,20.1%,14.0km/h,90.8kPa
16:50                                                     1405/04/01,350.4mm,25W/m2,349.0degree,11.4°C,82.4%,4.6km/h,91.5kPa
16:50                                                     1405/04/02,350.6mm,44W/m2,110.8degree,12.7°C,68.6%,8.0km/h,91.7kPa
16:50                                                     1405/04/03,350.6mm,131W/m2,148.3degree,20.4°C,42.5%,6.4km/h,91.3kPa
16:50                                                     1405/04/04,350.6mm,76W/m2,201.0degree,23.5°C,33.3%,15.7km/h,90.9kPa
16:50                                                     1405/04/08,406.4mm,80W/m2,67.0degree,16.2°C,59.4%,3.4km/h,91.3kPa
16:50                                                     1405/04/09,406.4mm,37W/m2,41.8degree,15.8°C,59.3%,6.6km/h,91.6kPa
16:50                                                     1405/04/11,406.8mm,152W/m2,161.5degree,24.7°C,28.3%,7.4km/h,92.3kPa
16:50                                                     1405/04/12,355.2mm,175W/m2,162.4degree,25.8°C,27.0%,3.3km/h,91.7kPa
16:50                                                     1405/04/13,355.2mm,123W/m2,149.3degree,26.9°C,29.5%,7.9km/h,91.3kPa
16:50                                                     1405/04/14,355.2mm,131W/m2,327.5degree,26.2°C,20.3%,4.7km/h,91.4kPa
16:50                                                     1405/04/15,355.2mm,65W/m2,63.5degree,18.1°C,48.2%,14.3km/h,91.6kPa
16:50                                                     1405/04/16,355.2mm,141W/m2,90.6degree,13.1°C,57.5%,6.3km/h,91.9kPa
16:50                                                     1405/04/17,355.2mm,94W/m2,63.6degree,15.1°C,42.3%,15.2km/h,92.1kPa
16:50                                                     1405/04/18,355.2mm,142W/m2,81.3degree,21.4°C,31.7%,8.4km/h,91.7kPa
16:50                                                     1405/04/19,355.2mm,90W/m2,158.7degree,25.4°C,30.4%,6.2km/h,91.3kPa
16:50                                                     1405/04/20,355.2mm,115W/m2,210.7degree,29.5°C,24.9%,4.3km/h,91.0kPa
16:50                                                     1405/04/21,355.2mm,129W/m2,88.9degree,23.8°C,42.4%,9.9km/h,90.9kPa
16:50                                                     1405/04/22,358.8mm,40W/m2,120.6degree,20.4°C,68.1%,14.1km/h,91.1kPa
16:50                                                     1405/04/24,376.8mm,49W/m2,24.8degree,23.5°C,42.7%,8.1km/h,91.3kPa
16:50                                                     1405/04/26,376.8mm,159W/m2,83.6degree,20.8°C,45.2%,10.2km/h,91.9kPa
16:50                                                     1405/04/27,376.8mm,152W/m2,67.0degree,24.6°C,37.8%,5.4km/h,91.2kPa
16:50                                                     1405/04/29,376.8mm,176W/m2,83.9degree,27.2°C,29.3%,19.2km/h,91.2kPa
16:50                                                     1405/04/30,376.8mm,66W/m2,59.4degree,22.0°C,44.5%,17.8km/h,91.3kPa
16:50                                                     1405/05/01,376.8mm,41W/m2,76.8degree,16.9°C,59.8%,19.8km/h,91.7kPa
16:50                                                     1405/05/03,376.8mm,188W/m2,62.5degree,25.9°C,29.3%,12.3km/h,91.8kPa
16:50                                                     1405/05/04,376.8mm,182W/m2,85.9degree,29.4°C,21.5%,7.8km/h,91.6kPa
16:50                                                     1405/05/05,376.8mm,157W/m2,135.0degree,34.1°C,16.2%,5.8km/h,91.5kPa
16:50                                                     1405/05/07,376.8mm,101W/m2,81.1degree,29.5°C,32.4%,14.7km/h,91.4kPa
16:50                                                     1405/05/08,376.8mm,168W/m2,64.3degree,29.1°C,27.8%,19.4km/h,91.5kPa
16:50                                                     1405/05/09,376.8mm,26W/m2,53.8degree,23.7°C,34.3%,8.4km/h,91.6kPa
16:50                                                     1405/05/10,378.4mm,192W/m2,67.6degree,21.7°C,52.3%,31.7km/h,91.9kPa
16:50                                                     1405/05/11,378.4mm,194W/m2,93.4degree,27.0°C,29.7%,15.4km/h,91.5kPa
17:00                                                     1405/03/21,290.2mm,77W/m2,290.9degree,23.5°C,27.1%,4.1km/h,91.3kPa
17:00                                                     1405/03/22,290.6mm,47W/m2,305.4degree,15.9°C,57.2%,8.1km/h,91.8kPa
17:00                                                     1405/03/23,290.6mm,64W/m2,138.2degree,25.9°C,28.8%,4.4km/h,91.8kPa
17:00                                                     1405/03/24,290.6mm,21W/m2,214.1degree,23.4°C,29.6%,10.6km/h,91.4kPa
17:00                                                     1405/03/25,295.0mm,10W/m2,144.2degree,17.1°C,82.6%,5.3km/h,90.8kPa
17:00                                                     1405/03/26,295.0mm,76W/m2,184.8degree,24.2°C,42.3%,10.1km/h,91.2kPa
17:00                                                     1405/03/27,297.2mm,72W/m2,192.9degree,23.5°C,49.2%,27.5km/h,90.7kPa
17:00                                                     1405/03/28,304.2mm,98W/m2,255.2degree,21.8°C,28.7%,7.7km/h,90.7kPa
17:00                                                     1405/03/29,304.2mm,17W/m2,315.2degree,18.7°C,43.6%,2.6km/h,90.8kPa
17:00                                                     1405/03/30,325.8mm,15W/m2,124.4degree,22.4°C,24.3%,3.1km/h,90.9kPa
17:00                                                     1405/03/31,325.8mm,105W/m2,200.6degree,25.7°C,19.0%,5.4km/h,90.8kPa
17:00                                                     1405/04/01,350.4mm,24W/m2,29.9degree,11.3°C,82.2%,6.9km/h,91.5kPa
17:00                                                     1405/04/02,350.6mm,60W/m2,83.1degree,12.8°C,68.5%,9.1km/h,91.8kPa
17:00                                                     1405/04/03,350.6mm,105W/m2,146.2degree,20.4°C,44.3%,6.6km/h,91.3kPa
17:00                                                     1405/04/04,350.6mm,35W/m2,206.0degree,22.4°C,36.2%,17.5km/h,90.8kPa
17:00                                                     1405/04/08,406.4mm,48W/m2,52.6degree,15.7°C,61.4%,5.0km/h,91.3kPa
17:00                                                     1405/04/09,406.4mm,44W/m2,7.6degree,15.8°C,59.2%,3.8km/h,91.5kPa
17:00                                                     1405/04/10,406.8mm,90W/m2,204.1degree,18.8°C,58.5%,0.7km/h,92.1kPa
17:00                                                     1405/04/11,406.8mm,127W/m2,145.4degree,24.7°C,28.2%,5.7km/h,92.3kPa
17:00                                                     1405/04/12,355.2mm,154W/m2,169.2degree,25.7°C,27.3%,5.3km/h,91.7kPa
17:00                                                     1405/04/13,355.2mm,95W/m2,164.8degree,26.4°C,33.2%,4.8km/h,91.4kPa
17:00                                                     1405/04/14,355.2mm,101W/m2,307.3degree,25.5°C,22.1%,5.9km/h,91.4kPa
17:00                                                     1405/04/15,355.2mm,84W/m2,74.7degree,17.7°C,48.8%,15.6km/h,91.6kPa
17:00                                                     1405/04/16,355.2mm,113W/m2,87.1degree,12.7°C,58.7%,10.6km/h,91.9kPa
17:00                                                     1405/04/17,355.2mm,102W/m2,96.2degree,15.0°C,42.6%,13.7km/h,92.1kPa
17:00                                                     1405/04/18,355.2mm,116W/m2,94.1degree,21.2°C,33.0%,10.7km/h,91.7kPa
17:00                                                     1405/04/19,355.2mm,223W/m2,143.6degree,25.7°C,31.1%,4.6km/h,91.3kPa
17:00                                                     1405/04/20,355.2mm,82W/m2,236.6degree,29.3°C,26.3%,7.1km/h,91.0kPa
17:00                                                     1405/04/21,355.2mm,76W/m2,80.9degree,23.9°C,41.0%,9.2km/h,90.9kPa
17:00                                                     1405/04/22,358.8mm,16W/m2,62.6degree,19.5°C,72.8%,15.3km/h,91.1kPa
17:00                                                     1405/04/23,367.4mm,138W/m2,121.0degree,25.4°C,45.6%,5.6km/h,91.4kPa
17:00                                                     1405/04/24,376.8mm,40W/m2,333.5degree,22.7°C,53.6%,3.3km/h,91.4kPa
17:00                                                     1405/04/25,376.8mm,68W/m2,129.8degree,28.0°C,40.1%,1.9km/h,91.5kPa
17:00                                                     1405/04/26,376.8mm,96W/m2,75.6degree,20.5°C,44.7%,15.6km/h,91.9kPa
17:00                                                     1405/04/27,376.8mm,90W/m2,85.7degree,24.6°C,37.5%,9.7km/h,91.2kPa
17:00                                                     1405/04/28,376.8mm,129W/m2,74.5degree,26.7°C,28.5%,13.9km/h,91.3kPa
17:00                                                     1405/04/29,376.8mm,149W/m2,68.7degree,27.1°C,30.1%,9.9km/h,91.2kPa
17:00                                                     1405/04/30,376.8mm,39W/m2,73.3degree,21.9°C,44.7%,13.8km/h,91.4kPa
17:00                                                     1405/05/01,376.8mm,48W/m2,72.3degree,16.9°C,60.5%,18.3km/h,91.8kPa
17:00                                                     1405/05/02,376.8mm,155W/m2,102.8degree,24.3°C,38.6%,10.6km/h,91.7kPa
17:00                                                     1405/05/03,376.8mm,128W/m2,62.3degree,25.6°C,30.5%,17.4km/h,91.8kPa
17:00                                                     1405/05/04,376.8mm,153W/m2,131.4degree,29.3°C,21.4%,3.6km/h,91.6kPa
17:00                                                     1405/05/05,376.8mm,140W/m2,145.1degree,33.8°C,16.3%,8.8km/h,91.5kPa
17:00                                                     1405/05/06,376.8mm,64W/m2,140.8degree,34.8°C,15.9%,5.1km/h,91.2kPa
17:00                                                     1405/05/07,376.8mm,67W/m2,71.2degree,29.3°C,32.4%,18.3km/h,91.4kPa
17:00                                                     1405/05/08,376.8mm,139W/m2,63.0degree,28.9°C,28.7%,14.4km/h,91.5kPa
17:00                                                     1405/05/09,376.8mm,51W/m2,37.7degree,23.5°C,34.5%,13.5km/h,91.6kPa
17:00                                                     1405/05/10,378.4mm,161W/m2,82.1degree,21.7°C,51.8%,18.8km/h,91.9kPa
17:00                                                     1405/05/11,378.4mm,163W/m2,88.3degree,26.4°C,30.2%,16.6km/h,91.5kPa
17:10                                                     1405/03/21,290.2mm,51W/m2,284.9degree,22.7°C,28.4%,1.4km/h,91.3kPa
17:10                                                     1405/03/22,290.6mm,60W/m2,308.8degree,16.4°C,58.1%,7.1km/h,91.9kPa
17:10                                                     1405/03/23,290.6mm,41W/m2,138.2degree,25.0°C,30.6%,6.7km/h,91.8kPa
17:10                                                     1405/03/25,295.0mm,11W/m2,123.4degree,16.9°C,83.5%,5.8km/h,90.8kPa
17:10                                                     1405/03/26,295.0mm,54W/m2,202.8degree,23.6°C,44.4%,14.5km/h,91.2kPa
17:10                                                     1405/03/27,297.2mm,20W/m2,195.2degree,22.9°C,50.2%,26.7km/h,90.7kPa
17:10                                                     1405/03/29,304.2mm,11W/m2,306.1degree,17.9°C,43.7%,3.8km/h,90.8kPa
17:10                                                     1405/03/30,325.8mm,8W/m2,207.9degree,22.3°C,25.0%,5.2km/h,91.0kPa
17:10                                                     1405/03/31,325.8mm,78W/m2,182.4degree,24.9°C,22.2%,7.7km/h,90.8kPa
17:10                                                     1405/04/01,350.4mm,18W/m2,328.9degree,11.2°C,81.5%,2.0km/h,91.5kPa
17:10                                                     1405/04/02,350.6mm,37W/m2,116.9degree,12.9°C,69.1%,9.3km/h,91.8kPa
17:10                                                     1405/04/03,350.6mm,81W/m2,157.3degree,19.9°C,48.0%,5.9km/h,91.3kPa
17:10                                                     1405/04/04,350.6mm,24W/m2,203.6degree,21.8°C,36.6%,17.4km/h,90.8kPa
17:10                                                     1405/04/08,406.4mm,50W/m2,88.7degree,15.6°C,63.8%,2.3km/h,91.4kPa
17:10                                                     1405/04/09,406.4mm,48W/m2,334.2degree,16.3°C,52.7%,8.0km/h,91.5kPa
17:10                                                     1405/04/11,406.8mm,101W/m2,160.0degree,24.2°C,31.5%,5.6km/h,92.3kPa
17:10                                                     1405/04/12,355.2mm,122W/m2,173.4degree,24.9°C,30.3%,3.8km/h,91.7kPa
17:10                                                     1405/04/13,355.2mm,72W/m2,161.9degree,25.4°C,36.1%,8.0km/h,91.3kPa
17:10                                                     1405/04/14,355.2mm,79W/m2,310.1degree,25.1°C,22.9%,11.8km/h,91.4kPa
17:10                                                     1405/04/15,355.2mm,40W/m2,91.9degree,17.4°C,50.5%,11.2km/h,91.6kPa
17:10                                                     1405/04/16,355.2mm,91W/m2,93.6degree,12.5°C,59.8%,9.8km/h,91.9kPa
17:10                                                     1405/04/17,355.2mm,58W/m2,79.7degree,14.7°C,43.1%,21.6km/h,92.1kPa
17:10                                                     1405/04/18,355.2mm,90W/m2,97.9degree,20.7°C,34.3%,14.5km/h,91.7kPa
17:10                                                     1405/04/19,355.2mm,199W/m2,187.6degree,26.7°C,25.3%,10.6km/h,91.2kPa
17:10                                                     1405/04/20,355.2mm,65W/m2,254.1degree,28.9°C,27.0%,7.7km/h,91.0kPa
17:10                                                     1405/04/21,355.2mm,54W/m2,84.1degree,23.6°C,41.5%,5.9km/h,90.9kPa
17:10                                                     1405/04/22,358.8mm,10W/m2,47.6degree,19.2°C,78.8%,8.9km/h,91.2kPa
17:10                                                     1405/04/24,376.8mm,46W/m2,342.9degree,22.6°C,49.3%,5.5km/h,91.4kPa
17:10                                                     1405/04/25,376.8mm,60W/m2,129.7degree,27.8°C,38.9%,2.7km/h,91.5kPa
17:10                                                     1405/04/26,376.8mm,89W/m2,67.0degree,20.3°C,46.7%,8.6km/h,91.9kPa
17:10                                                     1405/04/29,376.8mm,126W/m2,73.5degree,26.9°C,30.6%,10.7km/h,91.2kPa
17:10                                                     1405/04/30,376.8mm,34W/m2,51.0degree,21.7°C,45.3%,11.0km/h,91.4kPa
17:10                                                     1405/05/01,376.8mm,34W/m2,77.4degree,16.7°C,60.8%,10.5km/h,91.8kPa
17:10                                                     1405/05/03,376.8mm,133W/m2,58.0degree,25.2°C,29.7%,18.6km/h,91.7kPa
17:10                                                     1405/05/04,376.8mm,126W/m2,106.7degree,29.2°C,21.7%,4.1km/h,91.6kPa
17:10                                                     1405/05/05,376.8mm,111W/m2,137.5degree,33.5°C,17.0%,5.7km/h,91.5kPa
17:10                                                     1405/05/07,376.8mm,68W/m2,96.9degree,28.8°C,33.0%,12.0km/h,91.4kPa
17:10                                                     1405/05/08,376.8mm,113W/m2,64.8degree,28.6°C,29.6%,17.6km/h,91.5kPa
17:10                                                     1405/05/09,376.8mm,50W/m2,68.6degree,23.5°C,34.4%,11.6km/h,91.6kPa
17:10                                                     1405/05/10,378.4mm,133W/m2,73.8degree,21.6°C,51.9%,19.8km/h,91.9kPa
17:20                                                     1405/03/21,290.2mm,31W/m2,274.7degree,22.0°C,27.9%,9.5km/h,91.2kPa
17:20                                                     1405/03/22,290.6mm,17W/m2,316.6degree,15.5°C,65.6%,11.6km/h,91.9kPa
17:20                                                     1405/03/23,290.6mm,22W/m2,135.3degree,24.2°C,32.8%,3.9km/h,91.8kPa
17:20                                                     1405/03/24,290.6mm,7W/m2,232.6degree,22.7°C,30.9%,4.8km/h,91.3kPa
17:20                                                     1405/03/25,295.0mm,14W/m2,142.3degree,16.7°C,84.2%,4.1km/h,90.8kPa
17:20                                                     1405/03/26,295.0mm,31W/m2,199.0degree,23.0°C,45.9%,10.9km/h,91.2kPa
17:20                                                     1405/03/27,297.2mm,12W/m2,190.6degree,22.5°C,50.2%,31.5km/h,90.7kPa
17:20                                                     1405/03/28,304.2mm,46W/m2,237.3degree,20.4°C,35.5%,5.0km/h,90.7kPa
17:20                                                     1405/03/29,304.2mm,8W/m2,308.2degree,18.0°C,42.5%,0.6km/h,90.8kPa
17:20                                                     1405/03/30,325.8mm,6W/m2,213.7degree,22.2°C,24.8%,8.2km/h,91.0kPa
17:20                                                     1405/03/31,325.8mm,28W/m2,186.0degree,24.1°C,23.0%,5.9km/h,90.7kPa
17:20                                                     1405/04/01,350.4mm,17W/m2,355.0degree,11.2°C,81.1%,2.5km/h,91.5kPa
17:20                                                     1405/04/03,350.6mm,60W/m2,148.9degree,19.5°C,49.5%,3.5km/h,91.3kPa
17:20                                                     1405/04/04,350.6mm,16W/m2,206.0degree,21.2°C,38.6%,15.0km/h,90.8kPa
17:20                                                     1405/04/08,406.4mm,85W/m2,158.0degree,15.8°C,63.7%,3.0km/h,91.4kPa
17:20                                                     1405/04/09,406.4mm,41W/m2,34.5degree,16.9°C,47.4%,1.2km/h,91.4kPa
17:20                                                     1405/04/10,406.8mm,40W/m2,50.2degree,17.5°C,63.5%,2.8km/h,92.1kPa
17:20                                                     1405/04/11,406.8mm,76W/m2,125.2degree,23.7°C,36.7%,3.5km/h,92.3kPa
17:20                                                     1405/04/12,355.2mm,90W/m2,187.2degree,24.0°C,34.3%,4.5km/h,91.7kPa
17:20                                                     1405/04/13,355.2mm,43W/m2,165.6degree,24.5°C,37.3%,6.4km/h,91.3kPa
17:20                                                     1405/04/14,355.2mm,56W/m2,302.9degree,24.4°C,23.8%,11.5km/h,91.4kPa
17:20                                                     1405/04/15,355.2mm,36W/m2,39.1degree,16.8°C,51.7%,16.3km/h,91.6kPa
17:20                                                     1405/04/16,355.2mm,66W/m2,80.6degree,12.0°C,60.7%,7.5km/h,91.9kPa
17:20                                                     1405/04/17,355.2mm,41W/m2,65.9degree,14.2°C,44.4%,15.7km/h,92.1kPa
17:20                                                     1405/04/18,355.2mm,66W/m2,101.7degree,20.3°C,36.3%,5.3km/h,91.7kPa
17:20                                                     1405/04/19,355.2mm,125W/m2,166.2degree,26.7°C,25.0%,7.5km/h,91.2kPa
17:20                                                     1405/04/20,355.2mm,60W/m2,243.3degree,28.4°C,30.5%,1.9km/h,91.0kPa
17:20                                                     1405/04/21,355.2mm,41W/m2,98.2degree,23.3°C,42.1%,6.1km/h,90.9kPa
17:20                                                     1405/04/22,358.8mm,7W/m2,321.6degree,19.2°C,78.3%,3.6km/h,91.3kPa
17:20                                                     1405/04/23,367.4mm,71W/m2,108.3degree,24.9°C,47.5%,6.2km/h,91.3kPa
17:20                                                     1405/04/24,376.8mm,45W/m2,3.5degree,22.5°C,53.2%,4.3km/h,91.5kPa
17:20                                                     1405/04/25,376.8mm,41W/m2,100.1degree,27.5°C,40.3%,2.9km/h,91.5kPa
17:20                                                     1405/04/27,376.8mm,25W/m2,79.4degree,23.5°C,40.9%,3.3km/h,91.2kPa
17:20                                                     1405/04/28,376.8mm,43W/m2,59.3degree,25.6°C,29.1%,14.0km/h,91.3kPa
17:20                                                     1405/04/29,376.8mm,101W/m2,83.2degree,26.4°C,32.0%,10.9km/h,91.2kPa
17:20                                                     1405/04/30,376.8mm,51W/m2,65.0degree,21.7°C,45.2%,13.8km/h,91.3kPa
17:20                                                     1405/05/01,376.8mm,13W/m2,75.4degree,16.6°C,61.5%,8.9km/h,91.8kPa
17:20                                                     1405/05/02,376.8mm,103W/m2,82.0degree,23.5°C,41.3%,7.6km/h,91.7kPa
17:20                                                     1405/05/03,376.8mm,102W/m2,76.5degree,24.8°C,31.8%,15.4km/h,91.7kPa
17:20                                                     1405/05/04,376.8mm,98W/m2,94.2degree,28.5°C,22.1%,4.1km/h,91.5kPa
17:20                                                     1405/05/05,376.8mm,91W/m2,149.4degree,33.1°C,16.0%,8.4km/h,91.4kPa
17:20                                                     1405/05/06,376.8mm,80W/m2,135.2degree,34.1°C,16.6%,4.2km/h,91.2kPa
17:20                                                     1405/05/07,376.8mm,105W/m2,102.0degree,28.6°C,34.4%,13.2km/h,91.4kPa
17:20                                                     1405/05/08,376.8mm,92W/m2,73.6degree,28.2°C,30.6%,12.4km/h,91.5kPa
17:20                                                     1405/05/09,376.8mm,44W/m2,40.7degree,23.5°C,34.7%,11.3km/h,91.6kPa
17:20                                                     1405/05/10,378.4mm,106W/m2,68.7degree,21.1°C,52.5%,17.3km/h,92.0kPa
17:30                                                     1405/03/21,290.2mm,10W/m2,294.9degree,21.1°C,29.3%,7.7km/h,91.1kPa
17:30                                                     1405/03/22,290.6mm,10W/m2,294.7degree,15.3°C,63.8%,5.2km/h,91.9kPa
17:30                                                     1405/03/23,290.6mm,9W/m2,138.8degree,23.1°C,34.7%,5.0km/h,91.8kPa
17:30                                                     1405/03/25,295.0mm,20W/m2,137.7degree,16.6°C,84.7%,4.8km/h,90.8kPa
17:30                                                     1405/03/26,295.0mm,11W/m2,192.5degree,22.2°C,47.9%,12.5km/h,91.2kPa
17:30                                                     1405/03/27,297.2mm,7W/m2,195.9degree,22.3°C,50.4%,34.2km/h,90.7kPa
17:30                                                     1405/03/29,304.2mm,6W/m2,303.7degree,17.3°C,49.1%,2.8km/h,90.9kPa
17:30                                                     1405/03/30,325.8mm,9W/m2,202.2degree,21.7°C,26.5%,8.9km/h,91.0kPa
17:30                                                     1405/03/31,325.8mm,15W/m2,165.6degree,23.5°C,24.3%,6.7km/h,90.8kPa
17:30                                                     1405/04/01,350.4mm,8W/m2,22.8degree,11.1°C,80.7%,3.5km/h,91.5kPa
17:30                                                     1405/04/03,350.6mm,34W/m2,157.1degree,18.5°C,53.5%,3.6km/h,91.3kPa
17:30                                                     1405/04/04,350.6mm,12W/m2,211.4degree,20.9°C,40.4%,16.7km/h,90.8kPa
17:30                                                     1405/04/08,406.4mm,74W/m2,122.8degree,15.7°C,64.7%,3.0km/h,91.4kPa
17:30                                                     1405/04/09,406.4mm,55W/m2,77.3degree,16.5°C,55.5%,4.0km/h,91.5kPa
17:30                                                     1405/04/11,406.8mm,54W/m2,140.3degree,23.2°C,36.9%,2.8km/h,92.3kPa
17:30                                                     1405/04/12,355.2mm,68W/m2,181.2degree,23.6°C,34.7%,4.6km/h,91.7kPa
17:30                                                     1405/04/13,355.2mm,35W/m2,179.9degree,23.6°C,40.9%,7.0km/h,91.3kPa
17:30                                                     1405/04/14,355.2mm,38W/m2,282.0degree,23.8°C,23.2%,16.8km/h,91.3kPa
17:30                                                     1405/04/15,355.2mm,31W/m2,57.8degree,16.5°C,52.5%,17.8km/h,91.6kPa
17:30                                                     1405/04/16,355.2mm,46W/m2,89.5degree,11.7°C,61.8%,22.2km/h,92.0kPa
17:30                                                     1405/04/17,355.2mm,32W/m2,51.1degree,14.0°C,45.5%,12.4km/h,92.1kPa
17:30                                                     1405/04/18,355.2mm,46W/m2,100.3degree,19.7°C,36.7%,10.4km/h,91.7kPa
17:30                                                     1405/04/19,355.2mm,66W/m2,171.4degree,26.3°C,26.2%,7.6km/h,91.2kPa
17:30                                                     1405/04/20,355.2mm,36W/m2,313.1degree,27.2°C,33.0%,3.7km/h,91.0kPa
17:30                                                     1405/04/21,355.2mm,20W/m2,79.3degree,23.0°C,43.0%,4.8km/h,91.0kPa
17:30                                                     1405/04/22,362.8mm,11W/m2,131.9degree,18.7°C,82.4%,4.1km/h,91.3kPa
17:30                                                     1405/04/24,376.8mm,70W/m2,318.8degree,22.0°C,56.2%,5.8km/h,91.4kPa
17:30                                                     1405/04/25,376.8mm,33W/m2,17.4degree,27.4°C,40.4%,0.9km/h,91.5kPa
17:30                                                     1405/04/27,376.8mm,15W/m2,121.9degree,23.2°C,42.1%,3.7km/h,91.3kPa
17:30                                                     1405/04/29,376.8mm,76W/m2,86.1degree,26.1°C,32.2%,14.1km/h,91.2kPa
17:30                                                     1405/04/30,376.8mm,48W/m2,49.0degree,21.4°C,45.9%,12.5km/h,91.4kPa
17:30                                                     1405/05/01,376.8mm,7W/m2,41.1degree,16.5°C,61.3%,9.8km/h,91.8kPa
17:30                                                     1405/05/03,376.8mm,79W/m2,70.4degree,24.3°C,32.0%,12.3km/h,91.7kPa
17:30                                                     1405/05/04,376.8mm,72W/m2,113.0degree,28.3°C,22.2%,8.9km/h,91.5kPa
17:30                                                     1405/05/05,376.8mm,67W/m2,141.5degree,32.7°C,18.1%,4.1km/h,91.4kPa
17:30                                                     1405/05/07,376.8mm,80W/m2,55.6degree,28.4°C,35.1%,14.0km/h,91.4kPa
17:30                                                     1405/05/08,376.8mm,74W/m2,61.4degree,27.8°C,31.0%,13.7km/h,91.5kPa
17:30                                                     1405/05/09,376.8mm,37W/m2,52.1degree,23.3°C,35.2%,6.2km/h,91.6kPa
17:30                                                     1405/05/10,378.4mm,75W/m2,78.1degree,20.7°C,54.3%,27.7km/h,92.0kPa
17:40                                                     1405/03/21,290.2mm,5W/m2,285.7degree,20.4°C,30.3%,3.6km/h,91.1kPa
17:40                                                     1405/03/22,290.6mm,3W/m2,319.5degree,14.8°C,64.3%,1.4km/h,91.8kPa
17:40                                                     1405/03/23,290.6mm,2W/m2,154.6degree,22.2°C,37.0%,3.8km/h,91.7kPa
17:40                                                     1405/03/24,290.6mm,1W/m2,188.1degree,22.4°C,32.3%,3.0km/h,91.3kPa
17:40                                                     1405/03/25,295.0mm,13W/m2,125.7degree,16.5°C,85.0%,6.1km/h,90.8kPa
17:40                                                     1405/03/26,295.0mm,5W/m2,209.7degree,21.3°C,50.9%,9.2km/h,91.2kPa
17:40                                                     1405/03/27,297.2mm,5W/m2,193.3degree,22.0°C,51.4%,22.8km/h,90.7kPa
17:40                                                     1405/03/28,304.2mm,12W/m2,251.8degree,18.1°C,46.4%,4.0km/h,90.7kPa
17:40                                                     1405/03/29,304.2mm,4W/m2,283.6degree,16.6°C,51.3%,5.8km/h,90.9kPa
17:40                                                     1405/03/30,325.8mm,8W/m2,215.6degree,21.9°C,25.9%,12.5km/h,91.0kPa
17:40                                                     1405/03/31,325.8mm,11W/m2,175.7degree,22.8°C,25.3%,7.5km/h,90.7kPa
17:40                                                     1405/04/01,350.4mm,4W/m2,316.6degree,11.1°C,79.8%,3.0km/h,91.5kPa
17:40                                                     1405/04/02,350.6mm,13W/m2,115.0degree,12.3°C,71.8%,6.3km/h,91.7kPa
17:40                                                     1405/04/03,350.6mm,19W/m2,173.5degree,17.9°C,56.7%,3.6km/h,91.3kPa
17:40                                                     1405/04/04,350.6mm,7W/m2,202.6degree,20.9°C,39.3%,14.3km/h,90.8kPa
17:40                                                     1405/04/08,406.4mm,22W/m2,144.0degree,15.4°C,66.9%,3.2km/h,91.4kPa
17:40                                                     1405/04/09,406.4mm,30W/m2,69.3degree,15.9°C,57.9%,3.4km/h,91.5kPa
17:40                                                     1405/04/10,406.8mm,23W/m2,47.9degree,16.4°C,68.7%,1.9km/h,92.1kPa
17:40                                                     1405/04/11,406.8mm,31W/m2,145.1degree,22.2°C,41.7%,2.7km/h,92.2kPa
17:40                                                     1405/04/12,355.2mm,48W/m2,191.2degree,23.2°C,32.6%,6.2km/h,91.7kPa
17:40                                                     1405/04/13,355.2mm,21W/m2,199.6degree,22.9°C,44.5%,10.0km/h,91.3kPa
17:40                                                     1405/04/14,355.2mm,22W/m2,223.8degree,23.5°C,23.6%,5.8km/h,91.3kPa
17:40                                                     1405/04/15,355.2mm,23W/m2,64.6degree,16.2°C,53.2%,14.9km/h,91.7kPa
17:40                                                     1405/04/16,355.2mm,29W/m2,78.2degree,11.2°C,63.4%,13.4km/h,92.0kPa
17:40                                                     1405/04/17,355.2mm,23W/m2,55.3degree,13.8°C,45.3%,17.4km/h,92.1kPa
17:40                                                     1405/04/18,355.2mm,26W/m2,84.8degree,19.0°C,38.0%,5.9km/h,91.7kPa
17:40                                                     1405/04/19,355.2mm,31W/m2,175.7degree,25.2°C,28.3%,6.2km/h,91.2kPa
17:40                                                     1405/04/20,355.2mm,20W/m2,267.3degree,26.9°C,34.7%,5.2km/h,91.0kPa
17:40                                                     1405/04/21,355.2mm,10W/m2,115.7degree,22.7°C,44.2%,5.4km/h,91.0kPa
17:40                                                     1405/04/22,364.4mm,12W/m2,89.8degree,17.9°C,84.2%,12.2km/h,91.3kPa
17:40                                                     1405/04/23,367.4mm,46W/m2,102.8degree,23.9°C,49.6%,5.8km/h,91.3kPa
17:40                                                     1405/04/24,376.8mm,67W/m2,349.6degree,22.4°C,53.8%,3.9km/h,91.4kPa
17:40                                                     1405/04/25,376.8mm,20W/m2,149.9degree,27.3°C,38.0%,2.4km/h,91.5kPa
17:40                                                     1405/04/26,376.8mm,45W/m2,77.4degree,19.8°C,47.6%,12.2km/h,91.9kPa
17:40                                                     1405/04/27,376.8mm,13W/m2,104.5degree,22.8°C,42.5%,6.7km/h,91.3kPa
17:40                                                     1405/04/28,376.8mm,12W/m2,45.7degree,24.9°C,30.2%,13.4km/h,91.3kPa
17:40                                                     1405/04/29,376.8mm,52W/m2,99.4degree,25.6°C,33.9%,7.2km/h,91.2kPa
17:40                                                     1405/04/30,376.8mm,10W/m2,54.0degree,21.1°C,47.6%,5.9km/h,91.4kPa
17:40                                                     1405/05/01,376.8mm,3W/m2,48.5degree,16.7°C,60.5%,9.6km/h,91.8kPa
17:40                                                     1405/05/02,376.8mm,62W/m2,90.0degree,23.1°C,42.2%,7.8km/h,91.7kPa
17:40                                                     1405/05/03,376.8mm,60W/m2,62.0degree,24.1°C,32.0%,13.4km/h,91.7kPa
17:40                                                     1405/05/04,376.8mm,51W/m2,122.5degree,27.8°C,23.5%,3.0km/h,91.5kPa
17:40                                                     1405/05/05,376.8mm,45W/m2,136.6degree,32.0°C,18.9%,5.0km/h,91.4kPa
17:40                                                     1405/05/06,376.8mm,64W/m2,131.6degree,34.0°C,17.7%,4.0km/h,91.2kPa
17:40                                                     1405/05/07,376.8mm,59W/m2,86.7degree,28.0°C,35.5%,12.0km/h,91.4kPa
17:40                                                     1405/05/08,376.8mm,53W/m2,61.1degree,27.6°C,31.3%,19.2km/h,91.5kPa
17:40                                                     1405/05/09,376.8mm,34W/m2,47.9degree,23.2°C,35.2%,10.6km/h,91.6kPa
17:50                                                     1405/03/21,290.2mm,1W/m2,262.9degree,19.8°C,32.1%,8.1km/h,91.1kPa
17:50                                                     1405/03/22,290.6mm,1W/m2,303.6degree,14.5°C,63.8%,2.1km/h,91.8kPa
17:50                                                     1405/03/23,290.6mm,0W/m2,157.7degree,21.6°C,38.4%,2.5km/h,91.7kPa
17:50                                                     1405/03/25,295.0mm,12W/m2,160.4degree,16.4°C,84.7%,5.5km/h,90.8kPa
17:50                                                     1405/03/26,295.0mm,1W/m2,217.4degree,20.8°C,52.9%,10.2km/h,91.2kPa
17:50                                                     1405/03/27,297.2mm,1W/m2,189.1degree,21.8°C,52.0%,21.1km/h,90.7kPa
17:50                                                     1405/03/29,304.2mm,2W/m2,279.8degree,16.5°C,52.0%,5.6km/h,90.9kPa
17:50                                                     1405/03/30,325.8mm,3W/m2,265.2degree,21.8°C,28.5%,4.8km/h,91.1kPa
17:50                                                     1405/03/31,325.8mm,3W/m2,184.7degree,21.4°C,31.2%,6.7km/h,90.8kPa
17:50                                                     1405/04/01,350.4mm,1W/m2,323.7degree,11.0°C,82.0%,4.3km/h,91.5kPa
17:50                                                     1405/04/03,350.6mm,7W/m2,177.8degree,17.2°C,60.0%,3.2km/h,91.3kPa
17:50                                                     1405/04/08,406.4mm,6W/m2,164.2degree,15.0°C,66.3%,3.3km/h,91.4kPa
17:50                                                     1405/04/09,406.4mm,7W/m2,280.8degree,15.2°C,61.7%,0.5km/h,91.5kPa
17:50                                                     1405/04/11,406.8mm,11W/m2,139.5degree,21.2°C,43.7%,2.0km/h,92.2kPa
17:50                                                     1405/04/12,355.2mm,23W/m2,201.6degree,22.9°C,38.5%,2.7km/h,91.7kPa
17:50                                                     1405/04/13,355.2mm,12W/m2,184.3degree,22.6°C,42.9%,10.7km/h,91.3kPa
17:50                                                     1405/04/14,355.2mm,12W/m2,281.8degree,23.4°C,22.4%,9.3km/h,91.3kPa
17:50                                                     1405/04/15,355.2mm,19W/m2,64.5degree,16.0°C,54.2%,16.9km/h,91.6kPa
17:50                                                     1405/04/16,355.2mm,14W/m2,90.4degree,10.9°C,64.7%,11.6km/h,92.0kPa
17:50                                                     1405/04/17,355.2mm,13W/m2,52.5degree,13.7°C,45.5%,13.1km/h,92.1kPa
17:50                                                     1405/04/18,355.2mm,13W/m2,97.9degree,18.4°C,40.2%,6.7km/h,91.7kPa
17:50                                                     1405/04/19,355.2mm,23W/m2,188.3degree,24.0°C,30.7%,8.4km/h,91.2kPa
17:50                                                     1405/04/20,355.2mm,11W/m2,319.0degree,26.1°C,35.0%,2.9km/h,91.0kPa
17:50                                                     1405/04/21,355.2mm,5W/m2,113.7degree,22.5°C,43.7%,7.3km/h,90.9kPa
17:50                                                     1405/04/22,364.4mm,3W/m2,74.7degree,17.7°C,83.8%,8.2km/h,91.3kPa
17:50                                                     1405/04/24,376.8mm,32W/m2,355.1degree,22.1°C,54.8%,1.5km/h,91.4kPa
17:50                                                     1405/04/25,376.8mm,13W/m2,155.1degree,27.0°C,41.9%,1.0km/h,91.6kPa
17:50                                                     1405/04/26,376.8mm,23W/m2,76.1degree,19.3°C,49.1%,14.0km/h,91.9kPa
17:50                                                     1405/04/27,376.8mm,12W/m2,127.1degree,22.5°C,43.4%,6.3km/h,91.3kPa
17:50                                                     1405/04/29,376.8mm,33W/m2,85.6degree,25.2°C,35.0%,4.9km/h,91.2kPa
17:50                                                     1405/04/30,376.8mm,10W/m2,56.1degree,21.0°C,47.9%,4.4km/h,91.4kPa
17:50                                                     1405/05/01,376.8mm,2W/m2,51.3degree,16.6°C,61.3%,10.4km/h,91.8kPa
17:50                                                     1405/05/03,376.8mm,44W/m2,51.2degree,23.7°C,34.1%,10.7km/h,91.8kPa
17:50                                                     1405/05/04,376.8mm,35W/m2,106.4degree,27.4°C,24.0%,5.7km/h,91.5kPa
17:50                                                     1405/05/05,376.8mm,31W/m2,135.1degree,31.2°C,20.3%,3.7km/h,91.4kPa
17:50                                                     1405/05/07,376.8mm,35W/m2,77.0degree,27.6°C,36.5%,11.2km/h,91.4kPa
17:50                                                     1405/05/08,376.8mm,37W/m2,72.3degree,27.2°C,32.5%,17.2km/h,91.5kPa
17:50                                                     1405/05/09,376.8mm,23W/m2,51.8degree,22.9°C,35.6%,13.3km/h,91.6kPa
18:00                                                     1405/03/21,290.2mm,0W/m2,290.7degree,19.3°C,33.0%,3.3km/h,91.1kPa
18:00                                                     1405/03/22,290.6mm,0W/m2,272.4degree,14.1°C,65.3%,2.7km/h,91.8kPa
18:00                                                     1405/03/23,290.6mm,0W/m2,191.4degree,21.3°C,39.4%,3.6km/h,91.7kPa
18:00                                                     1405/03/24,290.6mm,0W/m2,195.2degree,22.1°C,31.1%,11.8km/h,91.3kPa
18:00                                                     1405/03/25,295.0mm,1W/m2,156.9degree,16.2°C,84.7%,5.3km/h,90.8kPa
18:00                                                     1405/03/26,295.0mm,0W/m2,218.2degree,20.6°C,52.8%,8.1km/h,91.2kPa
18:00                                                     1405/03/27,297.2mm,0W/m2,194.2degree,21.4°C,53.0%,17.4km/h,90.6kPa
18:00                                                     1405/03/28,304.2mm,0W/m2,231.3degree,16.6°C,51.5%,4.5km/h,90.7kPa
18:00                                                     1405/03/29,304.2mm,0W/m2,312.5degree,16.7°C,48.1%,4.1km/h,90.8kPa
18:00                                                     1405/03/31,325.8mm,1W/m2,216.3degree,20.6°C,30.9%,7.1km/h,90.7kPa
18:00                                                     1405/04/01,350.4mm,0W/m2,317.0degree,11.1°C,81.1%,1.8km/h,91.5kPa
18:00                                                     1405/04/02,350.6mm,2W/m2,106.2degree,12.0°C,74.8%,5.2km/h,91.7kPa
18:00                                                     1405/04/03,350.6mm,2W/m2,202.5degree,16.7°C,60.3%,4.5km/h,91.3kPa
18:00                                                     1405/04/04,350.6mm,1W/m2,196.4degree,20.6°C,40.0%,12.5km/h,90.8kPa
18:00                                                     1405/04/08,406.4mm,1W/m2,204.6degree,14.4°C,72.3%,6.7km/h,91.4kPa
18:00                                                     1405/04/09,406.4mm,1W/m2,357.1degree,14.4°C,66.6%,4.6km/h,91.6kPa
18:00                                                     1405/04/10,406.8mm,3W/m2,99.5degree,15.1°C,73.8%,1.5km/h,92.1kPa
18:00                                                     1405/04/11,406.8mm,4W/m2,118.8degree,20.2°C,47.5%,1.6km/h,92.1kPa
18:00                                                     1405/04/12,355.2mm,6W/m2,204.1degree,22.0°C,42.2%,4.2km/h,91.7kPa
18:00                                                     1405/04/13,355.2mm,4W/m2,193.5degree,21.8°C,45.8%,8.4km/h,91.3kPa
18:00                                                     1405/04/14,355.2mm,3W/m2,286.8degree,23.0°C,22.8%,9.8km/h,91.3kPa
18:00                                                     1405/04/15,355.2mm,8W/m2,56.8degree,15.7°C,55.1%,23.7km/h,91.6kPa
18:00                                                     1405/04/16,355.2mm,6W/m2,94.9degree,10.6°C,65.7%,14.7km/h,92.0kPa
18:00                                                     1405/04/17,355.2mm,6W/m2,60.6degree,13.4°C,46.2%,16.5km/h,92.1kPa
18:00                                                     1405/04/18,355.2mm,5W/m2,95.5degree,17.8°C,41.5%,6.0km/h,91.7kPa
18:00                                                     1405/04/19,355.2mm,15W/m2,190.4degree,22.9°C,32.5%,7.1km/h,91.2kPa
18:00                                                     1405/04/20,355.2mm,4W/m2,344.7degree,26.0°C,31.4%,3.9km/h,91.0kPa
18:00                                                     1405/04/21,355.2mm,1W/m2,133.9degree,22.2°C,46.3%,5.4km/h,91.0kPa
18:00                                                     1405/04/22,364.4mm,4W/m2,60.6degree,17.8°C,79.2%,14.2km/h,91.3kPa
18:00                                                     1405/04/23,367.4mm,13W/m2,103.0degree,22.8°C,52.7%,4.6km/h,91.4kPa
18:00                                                     1405/04/24,376.8mm,13W/m2,53.0degree,21.7°C,59.1%,3.4km/h,91.5kPa
18:00                                                     1405/04/25,376.8mm,5W/m2,152.6degree,26.7°C,39.5%,1.6km/h,91.5kPa
18:00                                                     1405/04/26,376.8mm,19W/m2,66.9degree,19.2°C,50.1%,12.7km/h,91.9kPa
18:00                                                     1405/04/27,376.8mm,7W/m2,132.0degree,22.2°C,44.9%,3.9km/h,91.3kPa
18:00                                                     1405/04/28,376.8mm,6W/m2,56.0degree,24.1°C,32.0%,7.8km/h,91.3kPa
18:00                                                     1405/04/29,376.8mm,16W/m2,102.6degree,24.7°C,35.4%,7.1km/h,91.2kPa
18:00                                                     1405/04/30,376.8mm,5W/m2,55.6degree,20.8°C,47.6%,5.3km/h,91.4kPa
18:00                                                     1405/05/01,376.8mm,1W/m2,27.9degree,16.5°C,61.6%,9.6km/h,91.8kPa
18:00                                                     1405/05/02,376.8mm,15W/m2,82.0degree,22.1°C,43.8%,8.3km/h,91.7kPa
18:00                                                     1405/05/03,376.8mm,22W/m2,62.9degree,23.3°C,34.6%,13.9km/h,91.7kPa
18:00                                                     1405/05/04,376.8mm,19W/m2,103.3degree,26.8°C,24.6%,5.9km/h,91.4kPa
18:00                                                     1405/05/05,376.8mm,15W/m2,122.9degree,30.5°C,20.6%,2.4km/h,91.4kPa
18:00                                                     1405/05/06,376.8mm,16W/m2,146.0degree,32.8°C,16.8%,9.1km/h,91.1kPa
18:00                                                     1405/05/07,376.8mm,19W/m2,76.6degree,27.2°C,37.1%,14.6km/h,91.4kPa
18:00                                                     1405/05/08,376.8mm,17W/m2,69.8degree,26.7°C,33.6%,11.3km/h,91.5kPa
18:00                                                     1405/05/09,376.8mm,13W/m2,56.6degree,22.7°C,36.2%,8.4km/h,91.5kPa
18:10                                                     1405/03/21,290.2mm,0W/m2,264.1degree,19.2°C,32.8%,6.4km/h,91.1kPa
18:10                                                     1405/03/22,290.6mm,0W/m2,326.5degree,13.7°C,67.2%,1.9km/h,91.8kPa
18:10                                                     1405/03/23,290.6mm,0W/m2,188.6degree,21.0°C,38.8%,5.1km/h,91.7kPa
18:10                                                     1405/03/25,295.0mm,0W/m2,155.5degree,16.1°C,84.7%,6.3km/h,90.8kPa
18:10                                                     1405/03/26,295.0mm,0W/m2,212.3degree,20.2°C,53.4%,8.9km/h,91.2kPa
18:10                                                     1405/03/27,297.2mm,0W/m2,154.7degree,21.1°C,54.2%,13.8km/h,90.6kPa
18:10                                                     1405/03/29,304.2mm,0W/m2,290.8degree,16.2°C,49.3%,2.6km/h,90.8kPa
18:10                                                     1405/03/30,325.8mm,0W/m2,228.3degree,20.2°C,34.2%,3.1km/h,91.1kPa
18:10                                                     1405/03/31,325.8mm,0W/m2,216.5degree,20.5°C,29.9%,6.7km/h,90.7kPa
18:10                                                     1405/04/01,350.4mm,0W/m2,20.0degree,10.9°C,78.1%,5.3km/h,91.5kPa
18:10                                                     1405/04/03,350.6mm,0W/m2,162.4degree,16.7°C,58.1%,5.5km/h,91.2kPa
18:10                                                     1405/04/04,350.6mm,0W/m2,192.3degree,20.1°C,41.9%,11.8km/h,90.8kPa
18:10                                                     1405/04/08,406.4mm,0W/m2,212.7degree,13.8°C,71.3%,6.5km/h,91.4kPa
18:10                                                     1405/04/09,406.4mm,0W/m2,2.9degree,13.5°C,71.6%,2.3km/h,91.6kPa
18:10                                                     1405/04/11,406.8mm,1W/m2,123.1degree,19.6°C,48.3%,2.6km/h,92.1kPa
18:10                                                     1405/04/12,355.2mm,1W/m2,205.5degree,21.4°C,44.5%,2.7km/h,91.7kPa
18:10                                                     1405/04/13,355.2mm,1W/m2,209.3degree,21.4°C,44.5%,7.1km/h,91.3kPa
18:10                                                     1405/04/14,355.2mm,1W/m2,247.6degree,22.7°C,21.7%,8.0km/h,91.3kPa
18:10                                                     1405/04/15,355.2mm,2W/m2,70.6degree,15.4°C,56.5%,11.7km/h,91.7kPa
18:10                                                     1405/04/16,355.2mm,1W/m2,96.1degree,10.4°C,66.1%,22.0km/h,92.0kPa
18:10                                                     1405/04/17,355.2mm,1W/m2,64.0degree,13.0°C,47.3%,11.0km/h,92.1kPa
18:10                                                     1405/04/18,355.2mm,1W/m2,100.5degree,17.2°C,43.7%,9.6km/h,91.7kPa
18:10                                                     1405/04/19,355.2mm,4W/m2,196.3degree,22.1°C,35.0%,7.7km/h,91.2kPa
18:10                                                     1405/04/20,355.2mm,1W/m2,324.0degree,25.8°C,34.1%,2.8km/h,91.0kPa
18:10                                                     1405/04/21,355.2mm,0W/m2,164.1degree,21.7°C,48.0%,2.7km/h,91.0kPa
18:10                                                     1405/04/22,364.4mm,0W/m2,115.7degree,17.6°C,81.0%,5.9km/h,91.4kPa
18:10                                                     1405/04/23,367.4mm,6W/m2,89.7degree,21.8°C,57.3%,3.9km/h,91.4kPa
18:10                                                     1405/04/24,376.8mm,2W/m2,321.5degree,20.9°C,62.4%,1.1km/h,91.4kPa
18:10                                                     1405/04/25,376.8mm,1W/m2,130.3degree,26.7°C,38.2%,3.3km/h,91.5kPa
18:10                                                     1405/04/26,376.8mm,9W/m2,87.2degree,19.0°C,49.4%,10.6km/h,91.9kPa
18:10                                                     1405/04/27,376.8mm,2W/m2,141.2degree,21.7°C,47.1%,3.5km/h,91.3kPa
18:10                                                     1405/04/29,376.8mm,7W/m2,89.6degree,24.2°C,36.2%,8.2km/h,91.2kPa
18:10                                                     1405/04/30,376.8mm,1W/m2,57.3degree,20.5°C,48.3%,13.8km/h,91.4kPa
18:10                                                     1405/05/01,376.8mm,0W/m2,30.8degree,16.2°C,62.3%,12.6km/h,91.9kPa
18:10                                                     1405/05/03,376.8mm,12W/m2,68.4degree,22.9°C,36.0%,12.1km/h,91.7kPa
18:10                                                     1405/05/04,376.8mm,9W/m2,89.2degree,26.0°C,27.3%,5.7km/h,91.4kPa
18:10                                                     1405/05/05,376.8mm,6W/m2,123.8degree,30.0°C,20.4%,4.6km/h,91.4kPa
18:10                                                     1405/05/07,376.8mm,10W/m2,96.7degree,26.7°C,38.3%,14.1km/h,91.4kPa
18:10                                                     1405/05/08,376.8mm,5W/m2,72.1degree,26.3°C,34.2%,9.1km/h,91.5kPa
18:10                                                     1405/05/09,376.8mm,8W/m2,72.7degree,22.5°C,37.1%,3.9km/h,91.6kPa
18:20                                                     1405/03/21,290.2mm,0W/m2,273.4degree,18.9°C,32.4%,9.1km/h,91.1kPa
18:20                                                     1405/03/22,290.6mm,0W/m2,312.1degree,13.7°C,67.1%,4.2km/h,91.8kPa
18:20                                                     1405/03/23,290.6mm,0W/m2,167.0degree,21.0°C,39.0%,3.8km/h,91.7kPa
18:20                                                     1405/03/24,290.6mm,0W/m2,162.2degree,22.2°C,30.4%,11.2km/h,91.4kPa
18:20                                                     1405/03/25,295.0mm,0W/m2,173.5degree,16.1°C,83.2%,10.3km/h,90.9kPa
18:20                                                     1405/03/26,295.0mm,0W/m2,213.6degree,19.9°C,53.8%,7.2km/h,91.2kPa
18:20                                                     1405/03/27,297.2mm,0W/m2,132.9degree,20.7°C,55.3%,6.4km/h,90.6kPa
18:20                                                     1405/03/28,304.2mm,0W/m2,236.2degree,15.6°C,54.6%,4.2km/h,90.7kPa
18:20                                                     1405/03/29,304.2mm,0W/m2,300.1degree,15.5°C,52.0%,4.8km/h,90.9kPa
18:20                                                     1405/03/30,325.8mm,0W/m2,247.4degree,19.8°C,34.3%,8.0km/h,91.1kPa
18:20                                                     1405/03/31,325.8mm,0W/m2,224.4degree,20.6°C,29.7%,7.6km/h,90.7kPa
18:20                                                     1405/04/01,350.4mm,0W/m2,338.2degree,10.7°C,78.5%,5.6km/h,91.5kPa
18:20                                                     1405/04/02,350.6mm,0W/m2,109.5degree,11.6°C,77.8%,3.5km/h,91.7kPa
18:20                                                     1405/04/04,350.6mm,0W/m2,186.4degree,19.7°C,44.2%,10.4km/h,90.8kPa
18:20                                                     1405/04/08,406.4mm,0W/m2,212.0degree,13.5°C,71.5%,9.2km/h,91.4kPa
18:20                                                     1405/04/09,406.4mm,0W/m2,297.6degree,13.0°C,74.1%,1.4km/h,91.5kPa
18:20                                                     1405/04/10,406.8mm,0W/m2,157.0degree,14.1°C,77.2%,1.8km/h,92.1kPa
18:20                                                     1405/04/11,406.8mm,0W/m2,116.9degree,19.6°C,44.3%,4.8km/h,92.1kPa
18:20                                                     1405/04/12,355.2mm,0W/m2,238.8degree,20.8°C,48.8%,3.2km/h,91.8kPa
18:20                                                     1405/04/13,355.2mm,0W/m2,203.0degree,21.4°C,44.7%,8.6km/h,91.3kPa
18:20                                                     1405/04/14,355.2mm,0W/m2,243.3degree,21.8°C,24.0%,11.4km/h,91.3kPa
18:20                                                     1405/04/15,355.2mm,0W/m2,65.3degree,15.1°C,56.9%,15.5km/h,91.7kPa
18:20                                                     1405/04/16,355.2mm,0W/m2,80.6degree,10.2°C,66.8%,15.8km/h,92.0kPa
18:20                                                     1405/04/17,355.2mm,0W/m2,62.1degree,12.8°C,47.5%,9.0km/h,92.1kPa
18:20                                                     1405/04/18,355.2mm,0W/m2,97.9degree,16.8°C,44.0%,6.2km/h,91.7kPa
18:20                                                     1405/04/19,355.2mm,1W/m2,200.9degree,21.5°C,36.3%,8.1km/h,91.2kPa
18:20                                                     1405/04/20,355.2mm,0W/m2,316.9degree,25.3°C,35.1%,3.4km/h,91.0kPa
18:20                                                     1405/04/21,355.2mm,0W/m2,145.0degree,21.3°C,49.2%,3.5km/h,91.0kPa
18:20                                                     1405/04/22,364.6mm,0W/m2,131.6degree,17.3°C,82.2%,2.9km/h,91.4kPa
18:20                                                     1405/04/23,367.4mm,1W/m2,85.1degree,21.3°C,62.0%,3.7km/h,91.4kPa
18:20                                                     1405/04/25,376.8mm,0W/m2,146.4degree,26.4°C,38.3%,1.2km/h,91.5kPa
18:20                                                     1405/04/26,376.8mm,1W/m2,73.6degree,18.7°C,50.3%,7.2km/h,91.9kPa
18:20                                                     1405/04/27,376.8mm,0W/m2,146.3degree,21.2°C,48.6%,3.9km/h,91.3kPa
18:20                                                     1405/04/28,376.8mm,1W/m2,36.1degree,23.4°C,33.4%,9.3km/h,91.4kPa
18:20                                                     1405/04/29,376.8mm,2W/m2,64.2degree,23.7°C,37.2%,7.7km/h,91.2kPa
18:20                                                     1405/04/30,376.8mm,0W/m2,83.0degree,20.2°C,48.4%,11.2km/h,91.4kPa
18:20                                                     1405/05/02,376.8mm,5W/m2,96.6degree,21.2°C,46.1%,7.8km/h,91.7kPa
18:20                                                     1405/05/03,376.8mm,6W/m2,58.2degree,22.4°C,37.8%,9.3km/h,91.8kPa
18:20                                                     1405/05/04,376.8mm,2W/m2,118.8degree,25.2°C,28.1%,5.6km/h,91.4kPa
18:20                                                     1405/05/05,376.8mm,2W/m2,142.1degree,29.6°C,20.8%,2.2km/h,91.4kPa
18:20                                                     1405/05/06,376.8mm,5W/m2,169.7degree,32.6°C,15.8%,8.3km/h,91.1kPa
18:20                                                     1405/05/07,376.8mm,3W/m2,76.8degree,26.2°C,39.3%,4.5km/h,91.4kPa
18:20                                                     1405/05/08,376.8mm,1W/m2,67.5degree,25.8°C,35.2%,10.6km/h,91.5kPa
18:20                                                     1405/05/09,376.8mm,2W/m2,6.4degree,22.2°C,38.4%,4.0km/h,91.6kPa
18:30                                                     1405/03/21,290.2mm,0W/m2,310.1degree,19.0°C,31.9%,4.9km/h,91.1kPa
18:30                                                     1405/03/22,290.6mm,0W/m2,244.3degree,12.8°C,71.5%,4.0km/h,91.8kPa
18:30                                                     1405/03/23,290.6mm,0W/m2,198.4degree,20.7°C,39.6%,3.1km/h,91.7kPa
18:30                                                     1405/03/25,295.0mm,0W/m2,185.7degree,16.4°C,81.6%,9.8km/h,90.9kPa
18:30                                                     1405/03/26,295.0mm,0W/m2,226.4degree,19.7°C,54.1%,5.4km/h,91.3kPa
18:30                                                     1405/03/27,297.2mm,0W/m2,135.7degree,20.6°C,55.6%,7.6km/h,90.6kPa
18:30                                                     1405/03/29,304.2mm,0W/m2,275.3degree,15.9°C,50.7%,5.5km/h,90.8kPa
18:30                                                     1405/03/30,325.8mm,0W/m2,263.2degree,19.6°C,35.7%,6.2km/h,91.1kPa
18:30                                                     1405/03/31,325.8mm,0W/m2,226.1degree,19.9°C,31.2%,8.4km/h,90.7kPa
18:30                                                     1405/04/03,350.6mm,0W/m2,154.5degree,16.8°C,55.1%,3.9km/h,91.2kPa
18:30                                                     1405/04/04,350.6mm,0W/m2,176.8degree,19.6°C,45.3%,2.3km/h,90.8kPa
18:30                                                     1405/04/08,406.4mm,0W/m2,209.1degree,12.8°C,76.8%,9.5km/h,91.4kPa
18:30                                                     1405/04/09,406.4mm,0W/m2,93.2degree,12.9°C,74.2%,0.9km/h,91.5kPa
18:30                                                     1405/04/11,406.8mm,0W/m2,109.7degree,19.6°C,44.2%,5.1km/h,92.1kPa
18:30                                                     1405/04/12,355.2mm,0W/m2,240.9degree,20.4°C,47.3%,3.3km/h,91.7kPa
18:30                                                     1405/04/13,355.2mm,0W/m2,222.7degree,21.0°C,47.6%,7.9km/h,91.3kPa
18:30                                                     1405/04/14,355.2mm,0W/m2,148.8degree,21.2°C,35.1%,2.1km/h,91.5kPa
18:30                                                     1405/04/15,355.2mm,0W/m2,59.9degree,15.0°C,57.3%,10.8km/h,91.7kPa
18:30                                                     1405/04/16,355.2mm,0W/m2,73.2degree,10.1°C,67.5%,18.9km/h,92.1kPa
18:30                                                     1405/04/17,355.2mm,0W/m2,50.8degree,12.6°C,48.6%,6.8km/h,92.2kPa
18:30                                                     1405/04/18,355.2mm,0W/m2,127.8degree,16.4°C,46.0%,6.7km/h,91.7kPa
18:30                                                     1405/04/19,355.2mm,0W/m2,216.4degree,21.0°C,36.5%,8.4km/h,91.2kPa
18:30                                                     1405/04/20,355.2mm,0W/m2,331.1degree,24.9°C,37.6%,1.0km/h,91.0kPa
18:30                                                     1405/04/21,355.2mm,0W/m2,189.2degree,21.2°C,49.5%,3.7km/h,91.0kPa
18:30                                                     1405/04/22,364.8mm,0W/m2,70.3degree,17.0°C,83.4%,6.7km/h,91.4kPa
18:30                                                     1405/04/23,367.4mm,0W/m2,65.4degree,20.9°C,61.3%,3.7km/h,91.4kPa
18:30                                                     1405/04/24,376.8mm,0W/m2,345.8degree,20.1°C,64.1%,1.5km/h,91.5kPa
18:30                                                     1405/04/25,376.8mm,0W/m2,214.5degree,26.1°C,41.3%,1.8km/h,91.5kPa
18:30                                                     1405/04/26,376.8mm,0W/m2,62.9degree,18.4°C,51.8%,3.3km/h,92.0kPa
18:30                                                     1405/04/28,376.8mm,0W/m2,32.7degree,22.9°C,34.6%,7.3km/h,91.4kPa
18:30                                                     1405/04/29,376.8mm,0W/m2,71.8degree,23.0°C,38.8%,5.3km/h,91.2kPa
18:30                                                     1405/04/30,376.8mm,0W/m2,77.5degree,20.1°C,48.5%,6.3km/h,91.5kPa
18:30                                                     1405/05/04,376.8mm,1W/m2,114.8degree,24.8°C,28.8%,7.0km/h,91.4kPa
18:30                                                     1405/05/05,376.8mm,0W/m2,166.5degree,29.0°C,22.1%,2.8km/h,91.3kPa
18:30                                                     1405/05/06,376.8mm,1W/m2,165.4degree,32.2°C,16.6%,2.4km/h,91.1kPa
18:30                                                     1405/05/07,376.8mm,1W/m2,75.3degree,25.9°C,40.8%,4.6km/h,91.5kPa
18:30                                                     1405/05/08,376.8mm,1W/m2,64.6degree,25.7°C,35.5%,7.6km/h,91.5kPa
18:30                                                     1405/05/09,376.8mm,0W/m2,354.5degree,21.8°C,39.4%,2.6km/h,91.6kPa
18:40                                                     1405/03/21,290.2mm,0W/m2,295.7degree,19.4°C,30.8%,3.6km/h,91.2kPa
18:40                                                     1405/03/22,290.6mm,0W/m2,261.4degree,13.1°C,69.9%,5.7km/h,91.8kPa
18:40                                                     1405/03/23,290.6mm,0W/m2,216.7degree,20.4°C,39.9%,9.1km/h,91.7kPa
18:40                                                     1405/03/24,290.6mm,0W/m2,122.8degree,22.8°C,28.9%,9.9km/h,91.4kPa
18:40                                                     1405/03/25,295.0mm,0W/m2,186.9degree,16.1°C,82.6%,10.2km/h,90.9kPa
18:40                                                     1405/03/26,295.0mm,0W/m2,214.7degree,19.5°C,55.0%,3.0km/h,91.3kPa
18:40                                                     1405/03/27,297.2mm,0W/m2,123.4degree,20.5°C,55.5%,5.9km/h,90.6kPa
18:40                                                     1405/03/28,304.2mm,0W/m2,224.1degree,15.4°C,54.6%,10.0km/h,90.7kPa
18:40                                                     1405/03/29,304.2mm,0W/m2,311.5degree,16.2°C,48.9%,6.8km/h,90.8kPa
18:40                                                     1405/03/30,325.8mm,0W/m2,265.6degree,18.8°C,38.9%,4.2km/h,91.2kPa
18:40                                                     1405/03/31,325.8mm,0W/m2,238.0degree,18.9°C,33.4%,5.9km/h,90.8kPa
18:40                                                     1405/04/02,350.6mm,0W/m2,115.6degree,11.2°C,79.8%,2.0km/h,91.7kPa
18:40                                                     1405/04/03,350.6mm,0W/m2,172.9degree,16.3°C,58.2%,2.2km/h,91.3kPa
18:40                                                     1405/04/04,350.6mm,0W/m2,171.0degree,19.2°C,47.2%,4.9km/h,90.8kPa
18:40                                                     1405/04/08,406.4mm,0W/m2,217.1degree,12.5°C,77.9%,6.4km/h,91.4kPa
18:40                                                     1405/04/09,406.4mm,0W/m2,41.9degree,12.6°C,75.4%,0.3km/h,91.5kPa
18:40                                                     1405/04/10,406.8mm,0W/m2,287.4degree,13.3°C,80.1%,1.5km/h,92.1kPa
18:40                                                     1405/04/11,406.8mm,0W/m2,131.8degree,18.9°C,47.7%,2.3km/h,92.1kPa
18:40                                                     1405/04/12,355.2mm,0W/m2,212.9degree,21.0°C,40.0%,5.0km/h,91.7kPa
18:40                                                     1405/04/13,355.2mm,0W/m2,220.9degree,20.5°C,50.8%,8.4km/h,91.4kPa
18:40                                                     1405/04/14,355.2mm,0W/m2,97.5degree,17.2°C,53.3%,15.9km/h,91.6kPa
18:40                                                     1405/04/15,355.2mm,0W/m2,70.2degree,14.8°C,57.5%,17.7km/h,91.7kPa
18:40                                                     1405/04/16,355.2mm,0W/m2,67.1degree,9.9°C,68.0%,16.3km/h,92.1kPa
18:40                                                     1405/04/17,355.2mm,0W/m2,16.9degree,12.0°C,50.9%,1.9km/h,92.2kPa
18:40                                                     1405/04/18,355.2mm,0W/m2,132.5degree,15.7°C,49.3%,4.1km/h,91.8kPa
18:40                                                     1405/04/19,355.2mm,0W/m2,220.9degree,20.0°C,39.2%,8.4km/h,91.2kPa
18:40                                                     1405/04/20,355.2mm,0W/m2,239.6degree,24.2°C,39.8%,0.8km/h,91.1kPa
18:40                                                     1405/04/21,355.2mm,0W/m2,205.1degree,20.7°C,52.0%,5.0km/h,91.0kPa
18:40                                                     1405/04/22,365.0mm,0W/m2,70.5degree,16.6°C,82.4%,4.5km/h,91.5kPa
18:40                                                     1405/04/23,367.4mm,0W/m2,112.0degree,20.7°C,60.9%,1.9km/h,91.4kPa
18:40                                                     1405/04/24,376.8mm,0W/m2,319.4degree,19.5°C,67.1%,8.4km/h,91.5kPa
18:40                                                     1405/04/25,376.8mm,0W/m2,219.3degree,25.6°C,43.4%,2.8km/h,91.6kPa
18:40                                                     1405/04/26,376.8mm,0W/m2,62.7degree,18.0°C,52.7%,3.4km/h,91.9kPa
18:40                                                     1405/04/27,376.8mm,0W/m2,136.0degree,20.5°C,50.1%,2.4km/h,91.3kPa
18:40                                                     1405/04/28,376.8mm,0W/m2,24.2degree,22.6°C,34.6%,7.7km/h,91.4kPa
18:40                                                     1405/04/29,376.8mm,0W/m2,54.7degree,22.7°C,39.3%,6.7km/h,91.2kPa
18:40                                                     1405/04/30,376.8mm,0W/m2,29.8degree,20.2°C,47.6%,2.6km/h,91.5kPa
18:40                                                     1405/05/01,376.8mm,0W/m2,2.9degree,15.7°C,64.7%,7.7km/h,91.9kPa
18:40                                                     1405/05/02,376.8mm,0W/m2,80.1degree,20.4°C,48.7%,6.6km/h,91.7kPa
18:40                                                     1405/05/04,376.8mm,0W/m2,109.0degree,24.5°C,29.4%,8.3km/h,91.4kPa
18:40                                                     1405/05/05,376.8mm,0W/m2,157.3degree,28.3°C,23.8%,2.5km/h,91.3kPa
18:40                                                     1405/05/06,376.8mm,0W/m2,238.0degree,32.3°C,16.4%,0.6km/h,91.1kPa
18:40                                                     1405/05/07,376.8mm,0W/m2,72.1degree,25.1°C,42.5%,7.7km/h,91.4kPa
18:40                                                     1405/05/08,376.8mm,0W/m2,84.3degree,25.3°C,36.0%,11.7km/h,91.5kPa
18:40                                                     1405/05/09,376.8mm,0W/m2,43.8degree,21.6°C,40.3%,5.8km/h,91.6kPa
18:50                                                     1405/03/21,290.2mm,0W/m2,288.5degree,19.5°C,31.3%,3.9km/h,91.2kPa
18:50                                                     1405/03/22,290.6mm,0W/m2,259.3degree,12.1°C,76.3%,3.3km/h,91.8kPa
18:50                                                     1405/03/23,290.6mm,0W/m2,240.1degree,19.3°C,44.0%,4.9km/h,91.7kPa
18:50                                                     1405/03/25,295.0mm,0W/m2,181.6degree,15.7°C,83.6%,10.4km/h,90.9kPa
18:50                                                     1405/03/26,295.0mm,0W/m2,215.3degree,19.5°C,55.0%,0.9km/h,91.3kPa
18:50                                                     1405/03/27,297.2mm,0W/m2,120.8degree,20.2°C,56.4%,6.0km/h,90.6kPa
18:50                                                     1405/03/28,304.2mm,0W/m2,237.5degree,15.1°C,55.4%,9.6km/h,90.7kPa
18:50                                                     1405/03/29,304.2mm,0W/m2,271.9degree,16.1°C,49.9%,3.0km/h,90.9kPa
18:50                                                     1405/03/30,325.8mm,0W/m2,271.1degree,18.7°C,39.0%,5.0km/h,91.1kPa
18:50                                                     1405/03/31,325.8mm,0W/m2,242.4degree,18.4°C,33.2%,6.0km/h,90.7kPa
18:50                                                     1405/04/01,350.4mm,0W/m2,351.1degree,10.6°C,77.8%,6.7km/h,91.5kPa
18:50                                                     1405/04/03,350.6mm,0W/m2,162.6degree,16.2°C,58.8%,2.9km/h,91.3kPa
18:50                                                     1405/04/04,350.6mm,0W/m2,147.9degree,18.9°C,48.7%,4.0km/h,90.9kPa
18:50                                                     1405/04/08,406.4mm,0W/m2,242.1degree,12.4°C,77.5%,2.9km/h,91.4kPa
18:50                                                     1405/04/09,406.4mm,0W/m2,358.4degree,12.7°C,74.4%,1.7km/h,91.5kPa
18:50                                                     1405/04/11,406.8mm,0W/m2,119.7degree,18.6°C,47.6%,3.7km/h,92.1kPa
18:50                                                     1405/04/12,355.2mm,0W/m2,129.5degree,20.7°C,39.7%,3.6km/h,91.6kPa
18:50                                                     1405/04/13,355.2mm,0W/m2,222.8degree,20.0°C,52.2%,6.4km/h,91.4kPa
18:50                                                     1405/04/14,355.2mm,0W/m2,123.7degree,15.9°C,56.8%,10.7km/h,91.6kPa
18:50                                                     1405/04/15,355.2mm,0W/m2,64.4degree,14.6°C,58.3%,13.0km/h,91.7kPa
18:50                                                     1405/04/16,355.2mm,0W/m2,83.2degree,9.8°C,68.1%,14.4km/h,92.1kPa
18:50                                                     1405/04/17,355.2mm,0W/m2,53.7degree,11.6°C,52.3%,4.9km/h,92.2kPa
18:50                                                     1405/04/18,355.2mm,0W/m2,94.5degree,15.8°C,47.6%,6.0km/h,91.7kPa
18:50                                                     1405/04/19,355.2mm,0W/m2,221.2degree,19.6°C,39.7%,8.7km/h,91.2kPa
18:50                                                     1405/04/20,355.2mm,0W/m2,160.5degree,23.8°C,41.7%,3.1km/h,91.1kPa
18:50                                                     1405/04/21,355.2mm,0W/m2,195.2degree,20.3°C,54.1%,8.9km/h,91.0kPa
18:50                                                     1405/04/22,365.2mm,0W/m2,334.7degree,16.2°C,83.8%,1.1km/h,91.5kPa
18:50                                                     1405/04/23,367.4mm,0W/m2,75.1degree,20.7°C,60.1%,2.7km/h,91.4kPa
18:50                                                     1405/04/24,376.8mm,0W/m2,337.6degree,19.6°C,66.0%,2.9km/h,91.5kPa
18:50                                                     1405/04/25,376.8mm,0W/m2,229.9degree,25.5°C,41.5%,6.4km/h,91.5kPa
18:50                                                     1405/04/26,376.8mm,0W/m2,9.7degree,18.1°C,52.4%,1.1km/h,92.0kPa
18:50                                                     1405/04/27,376.8mm,0W/m2,119.7degree,20.5°C,49.9%,3.4km/h,91.3kPa
18:50                                                     1405/04/28,376.8mm,0W/m2,24.8degree,22.5°C,34.3%,11.5km/h,91.4kPa
18:50                                                     1405/04/29,376.8mm,0W/m2,57.3degree,22.2°C,42.4%,0.5km/h,91.3kPa
18:50                                                     1405/04/30,376.8mm,0W/m2,322.1degree,19.8°C,52.9%,4.5km/h,91.6kPa
18:50                                                     1405/05/01,376.8mm,0W/m2,324.3degree,15.7°C,66.0%,3.6km/h,92.0kPa
18:50                                                     1405/05/03,376.8mm,0W/m2,63.8degree,21.1°C,42.0%,4.5km/h,91.8kPa
18:50                                                     1405/05/04,376.8mm,0W/m2,122.8degree,24.1°C,29.8%,5.5km/h,91.4kPa
18:50                                                     1405/05/05,376.8mm,0W/m2,148.0degree,27.7°C,24.0%,0.9km/h,91.3kPa
18:50                                                     1405/05/06,376.8mm,0W/m2,296.9degree,31.9°C,16.0%,2.2km/h,91.1kPa
18:50                                                     1405/05/07,376.8mm,0W/m2,68.0degree,25.2°C,41.0%,8.4km/h,91.5kPa
18:50                                                     1405/05/08,376.8mm,0W/m2,57.0degree,24.9°C,36.8%,8.2km/h,91.5kPa
18:50                                                     1405/05/09,376.8mm,0W/m2,50.7degree,21.7°C,39.0%,4.3km/h,91.6kPa
19:00                                                     1405/03/21,290.2mm,0W/m2,277.2degree,19.1°C,32.1%,3.0km/h,91.2kPa
19:00                                                     1405/03/22,290.6mm,0W/m2,236.5degree,12.4°C,75.5%,7.3km/h,91.8kPa
19:00                                                     1405/03/23,290.6mm,0W/m2,232.0degree,19.3°C,41.4%,8.0km/h,91.7kPa
19:00                                                     1405/03/24,290.6mm,0W/m2,109.3degree,22.6°C,30.2%,12.4km/h,91.5kPa
19:00                                                     1405/03/25,295.0mm,0W/m2,191.3degree,15.2°C,82.6%,8.0km/h,90.9kPa
19:00                                                     1405/03/26,295.0mm,0W/m2,214.7degree,20.0°C,52.7%,3.9km/h,91.3kPa
19:00                                                     1405/03/27,297.2mm,0W/m2,141.5degree,19.5°C,58.9%,6.6km/h,90.5kPa
19:00                                                     1405/03/28,304.2mm,0W/m2,244.3degree,14.8°C,56.9%,10.6km/h,90.7kPa
19:00                                                     1405/03/29,304.2mm,0W/m2,309.8degree,15.8°C,52.0%,7.6km/h,90.9kPa
19:00                                                     1405/03/30,325.8mm,0W/m2,274.2degree,18.7°C,39.8%,0.0km/h,91.2kPa
19:00                                                     1405/03/31,325.8mm,0W/m2,241.1degree,18.4°C,33.2%,4.9km/h,90.7kPa
19:00                                                     1405/04/01,350.4mm,0W/m2,358.3degree,10.6°C,78.7%,3.9km/h,91.6kPa
19:00                                                     1405/04/02,350.6mm,0W/m2,136.7degree,10.9°C,81.4%,1.0km/h,91.7kPa
19:00                                                     1405/04/03,350.6mm,0W/m2,144.5degree,15.7°C,59.8%,2.3km/h,91.3kPa
19:00                                                     1405/04/04,350.6mm,0W/m2,188.3degree,18.5°C,50.7%,2.1km/h,90.9kPa
19:00                                                     1405/04/08,406.4mm,0W/m2,225.5degree,12.0°C,79.5%,6.9km/h,91.4kPa
19:00                                                     1405/04/09,406.4mm,0W/m2,280.5degree,12.5°C,75.5%,1.7km/h,91.6kPa
19:00                                                     1405/04/10,406.8mm,0W/m2,306.1degree,12.9°C,81.2%,2.4km/h,92.1kPa
19:00                                                     1405/04/11,406.8mm,0W/m2,24.9degree,18.7°C,47.0%,1.0km/h,92.1kPa
19:00                                                     1405/04/12,355.2mm,0W/m2,188.5degree,20.1°C,45.0%,2.6km/h,91.7kPa
19:00                                                     1405/04/13,355.2mm,0W/m2,226.2degree,20.0°C,51.5%,7.6km/h,91.4kPa
19:00                                                     1405/04/14,355.2mm,0W/m2,132.3degree,15.3°C,57.6%,8.5km/h,91.7kPa
19:00                                                     1405/04/15,355.2mm,0W/m2,69.4degree,14.5°C,58.6%,13.1km/h,91.7kPa
19:00                                                     1405/04/16,355.2mm,0W/m2,74.5degree,9.8°C,68.6%,11.8km/h,92.1kPa
19:00                                                     1405/04/17,355.2mm,0W/m2,36.6degree,11.3°C,53.1%,5.5km/h,92.2kPa
19:00                                                     1405/04/18,355.2mm,0W/m2,122.5degree,15.7°C,48.3%,3.6km/h,91.8kPa
19:00                                                     1405/04/19,355.2mm,0W/m2,225.2degree,19.2°C,39.6%,7.5km/h,91.2kPa
19:00                                                     1405/04/20,355.2mm,0W/m2,135.0degree,24.3°C,35.8%,8.5km/h,91.0kPa
19:00                                                     1405/04/21,355.2mm,0W/m2,176.2degree,20.0°C,54.1%,5.5km/h,91.0kPa
19:00                                                     1405/04/22,365.2mm,0W/m2,174.6degree,16.1°C,84.3%,3.0km/h,91.6kPa
19:00                                                     1405/04/23,367.4mm,0W/m2,101.8degree,20.7°C,59.4%,0.9km/h,91.4kPa
19:00                                                     1405/04/24,376.8mm,0W/m2,51.1degree,19.5°C,67.2%,1.0km/h,91.5kPa
19:00                                                     1405/04/25,376.8mm,0W/m2,237.3degree,25.3°C,46.1%,4.5km/h,91.6kPa
19:00                                                     1405/04/26,376.8mm,0W/m2,253.8degree,17.7°C,58.6%,0.3km/h,92.1kPa
19:00                                                     1405/04/27,376.8mm,0W/m2,132.9degree,20.4°C,50.1%,3.3km/h,91.4kPa
19:00                                                     1405/04/28,376.8mm,0W/m2,34.1degree,22.3°C,35.1%,5.5km/h,91.4kPa
19:00                                                     1405/04/29,376.8mm,0W/m2,299.9degree,21.5°C,44.4%,0.2km/h,91.3kPa
19:00                                                     1405/04/30,376.8mm,0W/m2,355.6degree,19.5°C,52.9%,5.3km/h,91.6kPa
19:00                                                     1405/05/01,376.8mm,0W/m2,315.0degree,15.4°C,67.7%,10.7km/h,92.1kPa
19:00                                                     1405/05/02,376.8mm,0W/m2,78.1degree,20.0°C,49.4%,4.1km/h,91.7kPa
19:00                                                     1405/05/03,376.8mm,0W/m2,51.8degree,20.7°C,42.8%,8.1km/h,91.8kPa
19:00                                                     1405/05/04,376.8mm,0W/m2,173.5degree,23.7°C,30.5%,2.9km/h,91.4kPa
19:00                                                     1405/05/05,376.8mm,0W/m2,209.7degree,27.6°C,24.3%,1.0km/h,91.3kPa
19:00                                                     1405/05/06,376.8mm,0W/m2,242.2degree,32.1°C,15.7%,3.9km/h,91.1kPa
19:00                                                     1405/05/08,376.8mm,0W/m2,42.5degree,24.5°C,37.5%,2.4km/h,91.5kPa
19:00                                                     1405/05/09,376.8mm,0W/m2,32.1degree,21.5°C,39.1%,5.5km/h,91.6kPa
19:10                                                     1405/03/21,290.2mm,0W/m2,286.7degree,18.8°C,32.7%,5.1km/h,91.2kPa
19:10                                                     1405/03/22,290.6mm,0W/m2,271.0degree,12.7°C,73.5%,4.0km/h,91.9kPa
19:10                                                     1405/03/23,290.6mm,0W/m2,219.0degree,20.5°C,36.8%,5.4km/h,91.8kPa
19:10                                                     1405/03/25,295.0mm,0W/m2,166.6degree,14.8°C,82.6%,6.4km/h,90.9kPa
19:10                                                     1405/03/26,295.0mm,0W/m2,219.5degree,19.9°C,53.5%,5.2km/h,91.3kPa
19:10                                                     1405/03/27,297.2mm,0W/m2,180.0degree,19.2°C,59.1%,7.3km/h,90.6kPa
19:10                                                     1405/03/28,304.2mm,0W/m2,236.1degree,14.8°C,55.1%,7.3km/h,90.7kPa
19:10                                                     1405/03/29,304.2mm,0W/m2,50.5degree,15.9°C,51.2%,4.0km/h,90.9kPa
19:10                                                     1405/03/30,325.8mm,0W/m2,274.8degree,18.6°C,39.2%,4.5km/h,91.1kPa
19:10                                                     1405/03/31,325.8mm,0W/m2,233.5degree,18.2°C,33.7%,4.5km/h,90.7kPa
19:10                                                     1405/04/01,350.4mm,0W/m2,334.7degree,10.5°C,78.9%,5.3km/h,91.6kPa
19:10                                                     1405/04/03,350.6mm,0W/m2,143.1degree,15.3°C,61.4%,3.5km/h,91.3kPa
19:10                                                     1405/04/08,406.4mm,0W/m2,313.7degree,12.3°C,80.8%,5.0km/h,91.4kPa
19:10                                                     1405/04/09,406.4mm,0W/m2,137.7degree,12.5°C,75.2%,3.5km/h,91.6kPa
19:10                                                     1405/04/11,406.8mm,0W/m2,199.3degree,18.3°C,50.9%,1.8km/h,92.1kPa
19:10                                                     1405/04/12,355.2mm,0W/m2,150.6degree,19.9°C,43.5%,3.2km/h,91.7kPa
19:10                                                     1405/04/13,355.2mm,0W/m2,226.3degree,19.9°C,48.8%,9.5km/h,91.3kPa
19:10                                                     1405/04/14,355.2mm,0W/m2,146.0degree,14.9°C,58.6%,9.3km/h,91.7kPa
19:10                                                     1405/04/15,355.2mm,0W/m2,53.4degree,14.3°C,59.2%,15.2km/h,91.7kPa
19:10                                                     1405/04/16,355.2mm,0W/m2,81.8degree,9.7°C,68.7%,11.9km/h,92.1kPa
19:10                                                     1405/04/17,355.2mm,0W/m2,14.2degree,11.0°C,54.1%,6.1km/h,92.3kPa
19:10                                                     1405/04/18,355.2mm,0W/m2,127.1degree,15.5°C,48.6%,5.5km/h,91.8kPa
19:10                                                     1405/04/19,355.2mm,0W/m2,228.5degree,19.3°C,40.0%,6.4km/h,91.2kPa
19:10                                                     1405/04/20,355.2mm,0W/m2,129.6degree,25.0°C,35.2%,2.5km/h,91.1kPa
19:10                                                     1405/04/21,355.2mm,0W/m2,183.9degree,19.9°C,54.1%,4.4km/h,91.0kPa
19:10                                                     1405/04/22,365.2mm,0W/m2,177.0degree,15.8°C,83.6%,6.4km/h,91.6kPa
19:10                                                     1405/04/23,367.4mm,0W/m2,65.3degree,20.5°C,60.0%,1.7km/h,91.4kPa
19:10                                                     1405/04/24,376.8mm,0W/m2,54.1degree,19.4°C,64.9%,5.9km/h,91.5kPa
19:10                                                     1405/04/25,376.8mm,0W/m2,259.9degree,24.3°C,47.5%,5.6km/h,91.6kPa
19:10                                                     1405/04/26,376.8mm,0W/m2,60.6degree,17.2°C,58.5%,0.1km/h,92.0kPa
19:10                                                     1405/04/27,376.8mm,0W/m2,125.6degree,20.4°C,50.8%,3.0km/h,91.4kPa
19:10                                                     1405/04/28,376.8mm,0W/m2,51.7degree,22.0°C,36.0%,1.6km/h,91.5kPa
19:10                                                     1405/04/29,376.8mm,0W/m2,37.1degree,21.2°C,43.8%,1.8km/h,91.3kPa
19:10                                                     1405/04/30,376.8mm,0W/m2,342.5degree,19.4°C,52.7%,4.5km/h,91.6kPa
19:10                                                     1405/05/01,376.8mm,0W/m2,353.0degree,15.1°C,67.8%,0.0km/h,92.0kPa
19:10                                                     1405/05/03,376.8mm,0W/m2,60.4degree,20.6°C,42.6%,9.5km/h,91.8kPa
19:10                                                     1405/05/04,376.8mm,0W/m2,203.2degree,22.9°C,33.0%,5.1km/h,91.4kPa
19:10                                                     1405/05/05,376.8mm,0W/m2,92.2degree,27.3°C,24.0%,0.4km/h,91.3kPa
19:10                                                     1405/05/06,376.8mm,0W/m2,164.5degree,31.7°C,17.8%,5.6km/h,91.1kPa
19:10                                                     1405/05/07,376.8mm,0W/m2,87.3degree,24.6°C,42.2%,7.6km/h,91.5kPa
19:10                                                     1405/05/08,376.8mm,0W/m2,46.8degree,24.2°C,37.9%,2.1km/h,91.5kPa
19:10                                                     1405/05/09,376.8mm,0W/m2,332.0degree,21.3°C,39.3%,4.9km/h,91.6kPa
19:10                                                     1405/05/10,378.4mm,0W/m2,75.0degree,18.2°C,62.7%,4.3km/h,92.2kPa
19:20                                                     1405/03/21,290.2mm,0W/m2,274.3degree,18.5°C,33.2%,7.9km/h,91.1kPa
19:20                                                     1405/03/22,290.6mm,0W/m2,242.7degree,12.6°C,71.6%,5.4km/h,91.9kPa
19:20                                                     1405/03/23,290.6mm,0W/m2,236.4degree,20.1°C,38.0%,6.9km/h,91.7kPa
19:20                                                     1405/03/24,290.6mm,0W/m2,102.2degree,22.2°C,31.2%,2.1km/h,91.4kPa
19:20                                                     1405/03/25,295.0mm,0W/m2,151.9degree,14.5°C,84.9%,5.6km/h,91.0kPa
19:20                                                     1405/03/26,295.0mm,0W/m2,211.3degree,20.4°C,50.6%,5.2km/h,91.3kPa
19:20                                                     1405/03/27,297.2mm,0W/m2,179.2degree,19.6°C,57.8%,3.6km/h,90.6kPa
19:20                                                     1405/03/28,304.2mm,0W/m2,240.9degree,14.5°C,57.7%,10.7km/h,90.7kPa
19:20                                                     1405/03/29,325.8mm,0W/m2,28.1degree,14.5°C,57.8%,5.0km/h,91.0kPa
19:20                                                     1405/03/30,325.8mm,0W/m2,246.6degree,18.8°C,38.9%,3.0km/h,91.1kPa
19:20                                                     1405/03/31,325.8mm,0W/m2,231.6degree,18.3°C,32.4%,5.0km/h,90.7kPa
19:20                                                     1405/04/01,350.4mm,0W/m2,309.2degree,10.4°C,80.5%,2.8km/h,91.6kPa
19:20                                                     1405/04/02,350.6mm,0W/m2,112.9degree,10.6°C,82.5%,0.5km/h,91.7kPa
19:20                                                     1405/04/03,350.6mm,0W/m2,140.6degree,15.3°C,61.1%,3.6km/h,91.3kPa
19:20                                                     1405/04/04,350.6mm,0W/m2,226.0degree,18.2°C,52.3%,3.1km/h,90.9kPa
19:20                                                     1405/04/08,406.4mm,0W/m2,16.1degree,12.1°C,81.6%,2.3km/h,91.4kPa
19:20                                                     1405/04/09,406.4mm,0W/m2,333.1degree,13.0°C,72.3%,0.9km/h,91.6kPa
19:20                                                     1405/04/10,406.8mm,0W/m2,276.9degree,12.9°C,80.3%,0.8km/h,92.1kPa
19:20                                                     1405/04/11,406.8mm,0W/m2,241.0degree,18.2°C,50.7%,5.8km/h,92.1kPa
19:20                                                     1405/04/12,355.2mm,0W/m2,141.5degree,19.9°C,42.9%,3.9km/h,91.7kPa
19:20                                                     1405/04/13,355.2mm,0W/m2,226.9degree,20.2°C,45.9%,5.0km/h,91.3kPa
19:20                                                     1405/04/14,355.2mm,0W/m2,139.3degree,14.6°C,58.2%,12.9km/h,91.7kPa
19:20                                                     1405/04/15,355.2mm,0W/m2,60.2degree,14.2°C,59.2%,9.4km/h,91.7kPa
19:20                                                     1405/04/16,355.2mm,0W/m2,72.2degree,9.7°C,68.6%,11.2km/h,92.1kPa
19:20                                                     1405/04/17,355.2mm,0W/m2,55.7degree,11.1°C,53.6%,3.7km/h,92.3kPa
19:20                                                     1405/04/18,355.2mm,0W/m2,107.5degree,15.3°C,48.9%,5.1km/h,91.8kPa
19:20                                                     1405/04/19,355.2mm,0W/m2,231.7degree,18.9°C,40.7%,5.7km/h,91.2kPa
19:20                                                     1405/04/20,355.2mm,0W/m2,111.7degree,24.8°C,35.5%,1.6km/h,91.1kPa
19:20                                                     1405/04/21,355.2mm,0W/m2,172.4degree,19.7°C,55.6%,3.2km/h,91.0kPa
19:20                                                     1405/04/22,366.4mm,0W/m2,67.4degree,15.4°C,85.0%,5.8km/h,91.5kPa
19:20                                                     1405/04/23,367.4mm,0W/m2,50.0degree,20.7°C,60.9%,4.2km/h,91.4kPa
19:20                                                     1405/04/26,376.8mm,0W/m2,322.7degree,16.9°C,59.6%,0.5km/h,92.0kPa
19:20                                                     1405/04/27,376.8mm,0W/m2,178.9degree,20.2°C,51.6%,1.9km/h,91.4kPa
19:20                                                     1405/04/29,376.8mm,0W/m2,50.7degree,21.2°C,42.9%,5.9km/h,91.3kPa
19:20                                                     1405/04/30,376.8mm,0W/m2,320.6degree,19.2°C,55.0%,2.8km/h,91.6kPa
19:20                                                     1405/05/01,376.8mm,0W/m2,62.5degree,15.0°C,67.5%,4.6km/h,92.0kPa
19:20                                                     1405/05/03,376.8mm,0W/m2,68.4degree,20.7°C,42.2%,7.8km/h,91.8kPa
19:20                                                     1405/05/04,376.8mm,0W/m2,225.2degree,22.3°C,34.6%,7.4km/h,91.4kPa
19:20                                                     1405/05/06,376.8mm,0W/m2,96.6degree,29.1°C,22.2%,0.8km/h,91.1kPa
19:20                                                     1405/05/08,376.8mm,0W/m2,35.9degree,24.1°C,37.7%,3.1km/h,91.5kPa
19:20                                                     1405/05/09,376.8mm,0W/m2,24.4degree,21.1°C,39.6%,4.6km/h,91.6kPa
19:20                                                     1405/05/10,378.4mm,0W/m2,64.3degree,18.2°C,61.4%,4.3km/h,92.2kPa
19:30                                                     1405/03/21,290.2mm,0W/m2,265.9degree,17.5°C,35.7%,9.4km/h,91.1kPa
19:30                                                     1405/03/22,290.6mm,0W/m2,252.4degree,12.9°C,69.7%,4.9km/h,91.8kPa
19:30                                                     1405/03/23,290.6mm,0W/m2,240.9degree,20.4°C,36.2%,6.8km/h,91.7kPa
19:30                                                     1405/03/24,290.6mm,0W/m2,93.7degree,22.3°C,30.9%,8.0km/h,91.4kPa
19:30                                                     1405/03/25,295.0mm,0W/m2,169.4degree,14.5°C,85.1%,4.6km/h,91.0kPa
19:30                                                     1405/03/26,295.0mm,0W/m2,201.1degree,20.4°C,50.7%,3.7km/h,91.3kPa
19:30                                                     1405/03/27,297.2mm,0W/m2,158.7degree,19.3°C,58.1%,3.7km/h,90.6kPa
19:30                                                     1405/03/28,304.2mm,0W/m2,259.9degree,14.2°C,60.8%,6.0km/h,90.7kPa
19:30                                                     1405/03/30,325.8mm,0W/m2,241.6degree,18.4°C,41.2%,2.3km/h,91.2kPa
19:30                                                     1405/03/31,325.8mm,0W/m2,240.9degree,18.4°C,32.6%,5.3km/h,90.7kPa
19:30                                                     1405/04/01,350.4mm,0W/m2,320.6degree,10.4°C,82.8%,3.7km/h,91.6kPa
19:30                                                     1405/04/03,350.6mm,0W/m2,96.9degree,15.3°C,61.7%,2.4km/h,91.3kPa
19:30                                                     1405/04/04,350.6mm,0W/m2,231.1degree,18.3°C,53.6%,5.0km/h,91.0kPa
19:30                                                     1405/04/08,406.4mm,0W/m2,299.1degree,12.4°C,80.6%,3.9km/h,91.5kPa
19:30                                                     1405/04/09,406.4mm,0W/m2,330.7degree,13.6°C,69.0%,0.0km/h,91.7kPa
19:30                                                     1405/04/11,406.8mm,0W/m2,231.4degree,18.5°C,48.1%,5.4km/h,92.2kPa
19:30                                                     1405/04/12,355.2mm,0W/m2,133.6degree,19.6°C,42.1%,4.0km/h,91.7kPa
19:30                                                     1405/04/13,355.2mm,0W/m2,243.1degree,19.7°C,49.8%,6.8km/h,91.4kPa
19:30                                                     1405/04/14,355.2mm,0W/m2,112.6degree,14.3°C,58.2%,8.4km/h,91.7kPa
19:30                                                     1405/04/15,355.2mm,0W/m2,58.2degree,14.0°C,60.2%,14.1km/h,91.8kPa
19:30                                                     1405/04/16,355.2mm,0W/m2,78.2degree,9.7°C,68.8%,11.1km/h,92.1kPa
19:30                                                     1405/04/17,355.2mm,0W/m2,56.4degree,10.7°C,54.8%,2.3km/h,92.3kPa
19:30                                                     1405/04/18,355.2mm,0W/m2,110.9degree,15.1°C,49.2%,5.3km/h,91.8kPa
19:30                                                     1405/04/19,355.2mm,0W/m2,235.1degree,18.7°C,40.9%,2.7km/h,91.2kPa
19:30                                                     1405/04/20,355.2mm,0W/m2,139.3degree,24.7°C,35.2%,3.5km/h,91.1kPa
19:30                                                     1405/04/21,355.2mm,0W/m2,145.3degree,19.4°C,56.0%,4.2km/h,91.0kPa
19:30                                                     1405/04/22,366.8mm,0W/m2,126.2degree,15.3°C,86.8%,2.9km/h,91.6kPa
19:30                                                     1405/04/23,367.4mm,0W/m2,51.9degree,20.6°C,62.0%,3.2km/h,91.4kPa
19:30                                                     1405/04/24,376.8mm,0W/m2,75.8degree,20.0°C,58.9%,3.5km/h,91.6kPa
19:30                                                     1405/04/25,376.8mm,0W/m2,233.7degree,24.3°C,47.4%,3.8km/h,91.6kPa
19:30                                                     1405/04/26,376.8mm,0W/m2,53.6degree,16.7°C,59.2%,1.8km/h,92.0kPa
19:30                                                     1405/04/27,376.8mm,0W/m2,173.6degree,20.1°C,51.9%,1.7km/h,91.4kPa
19:30                                                     1405/04/28,376.8mm,0W/m2,321.3degree,20.7°C,40.7%,12.0km/h,91.5kPa
19:30                                                     1405/04/29,376.8mm,0W/m2,40.5degree,21.4°C,41.9%,5.0km/h,91.3kPa
19:30                                                     1405/04/30,376.8mm,0W/m2,64.1degree,18.8°C,57.3%,3.7km/h,91.6kPa
19:30                                                     1405/05/01,376.8mm,0W/m2,41.3degree,15.0°C,67.5%,9.5km/h,92.0kPa
19:30                                                     1405/05/02,376.8mm,0W/m2,98.7degree,19.5°C,49.0%,3.6km/h,91.7kPa
19:30                                                     1405/05/03,376.8mm,0W/m2,54.5degree,20.4°C,42.9%,4.0km/h,91.8kPa
19:30                                                     1405/05/04,376.8mm,0W/m2,220.9degree,21.9°C,35.1%,5.0km/h,91.4kPa
19:30                                                     1405/05/05,376.8mm,0W/m2,188.9degree,26.5°C,25.6%,1.7km/h,91.3kPa
19:30                                                     1405/05/06,376.8mm,0W/m2,130.1degree,28.7°C,21.4%,8.1km/h,91.1kPa
19:30                                                     1405/05/07,376.8mm,0W/m2,40.4degree,23.9°C,44.5%,4.3km/h,91.5kPa
19:30                                                     1405/05/08,376.8mm,0W/m2,43.1degree,24.0°C,38.2%,2.2km/h,91.5kPa
19:30                                                     1405/05/09,376.8mm,0W/m2,33.0degree,20.9°C,40.3%,3.6km/h,91.6kPa
19:30                                                     1405/05/10,378.4mm,0W/m2,78.9degree,18.2°C,60.8%,3.3km/h,92.2kPa
19:40                                                     1405/03/21,290.2mm,0W/m2,265.2degree,16.8°C,37.7%,5.2km/h,91.1kPa
19:40                                                     1405/03/22,290.6mm,0W/m2,20.4degree,13.1°C,66.7%,7.6km/h,91.8kPa
19:40                                                     1405/03/23,290.6mm,0W/m2,238.0degree,20.8°C,35.0%,7.8km/h,91.8kPa
19:40                                                     1405/03/24,290.6mm,0W/m2,31.4degree,21.9°C,33.3%,2.7km/h,91.4kPa
19:40                                                     1405/03/25,295.0mm,0W/m2,151.4degree,14.1°C,86.1%,6.5km/h,91.0kPa
19:40                                                     1405/03/26,295.0mm,0W/m2,215.4degree,19.6°C,53.2%,3.7km/h,91.3kPa
19:40                                                     1405/03/27,297.2mm,0W/m2,152.1degree,19.4°C,57.2%,7.6km/h,90.6kPa
19:40                                                     1405/03/28,304.2mm,0W/m2,241.9degree,14.1°C,62.0%,2.5km/h,90.8kPa
19:40                                                     1405/03/29,325.8mm,0W/m2,9.0degree,14.2°C,59.5%,4.7km/h,91.0kPa
19:40                                                     1405/03/30,325.8mm,0W/m2,223.1degree,18.0°C,43.8%,0.7km/h,91.3kPa
19:40                                                     1405/03/31,325.8mm,0W/m2,251.0degree,18.3°C,32.9%,3.6km/h,90.7kPa
19:40                                                     1405/04/01,350.4mm,0W/m2,2.2degree,10.3°C,81.4%,4.0km/h,91.6kPa
19:40                                                     1405/04/02,350.6mm,0W/m2,124.7degree,10.4°C,83.2%,2.0km/h,91.7kPa
19:40                                                     1405/04/03,350.6mm,0W/m2,151.7degree,15.0°C,62.9%,2.8km/h,91.3kPa
19:40                                                     1405/04/04,350.6mm,0W/m2,268.2degree,18.0°C,54.9%,6.3km/h,91.0kPa
19:40                                                     1405/04/08,406.4mm,0W/m2,314.8degree,13.4°C,72.1%,6.9km/h,91.5kPa
19:40                                                     1405/04/09,406.4mm,0W/m2,304.6degree,13.8°C,67.6%,0.3km/h,91.7kPa
19:40                                                     1405/04/10,406.8mm,0W/m2,289.6degree,13.1°C,78.2%,3.8km/h,92.1kPa
19:40                                                     1405/04/11,406.8mm,0W/m2,230.6degree,18.4°C,47.2%,4.6km/h,92.2kPa
19:40                                                     1405/04/12,355.2mm,0W/m2,8.5degree,19.2°C,46.7%,0.9km/h,91.7kPa
19:40                                                     1405/04/13,355.2mm,0W/m2,243.2degree,19.6°C,49.5%,6.9km/h,91.4kPa
19:40                                                     1405/04/14,355.2mm,0W/m2,108.7degree,14.0°C,59.3%,8.6km/h,91.8kPa
19:40                                                     1405/04/15,355.2mm,0W/m2,43.9degree,14.0°C,60.0%,11.1km/h,91.8kPa
19:40                                                     1405/04/16,355.2mm,0W/m2,84.8degree,9.5°C,69.3%,11.7km/h,92.1kPa
19:40                                                     1405/04/17,355.2mm,0W/m2,22.1degree,10.5°C,56.3%,1.7km/h,92.3kPa
19:40                                                     1405/04/18,355.2mm,0W/m2,94.4degree,14.9°C,50.2%,4.2km/h,91.8kPa
19:40                                                     1405/04/19,355.2mm,0W/m2,250.9degree,18.5°C,40.6%,3.3km/h,91.2kPa
19:40                                                     1405/04/20,355.2mm,0W/m2,193.9degree,24.6°C,35.8%,3.4km/h,91.1kPa
19:40                                                     1405/04/21,355.2mm,0W/m2,190.9degree,19.3°C,56.1%,3.4km/h,91.0kPa
19:40                                                     1405/04/22,366.8mm,0W/m2,73.4degree,15.0°C,86.4%,3.8km/h,91.6kPa
19:40                                                     1405/04/23,367.4mm,0W/m2,61.9degree,20.5°C,63.4%,1.9km/h,91.4kPa
19:40                                                     1405/04/24,376.8mm,0W/m2,7.9degree,19.7°C,62.2%,0.8km/h,91.6kPa
19:40                                                     1405/04/25,376.8mm,0W/m2,252.2degree,23.7°C,48.7%,6.2km/h,91.7kPa
19:40                                                     1405/04/26,376.8mm,0W/m2,349.2degree,16.5°C,59.7%,2.3km/h,92.0kPa
19:40                                                     1405/04/28,376.8mm,0W/m2,315.9degree,20.4°C,42.5%,7.5km/h,91.6kPa
19:40                                                     1405/04/29,376.8mm,0W/m2,53.3degree,21.2°C,42.8%,0.6km/h,91.3kPa
19:40                                                     1405/04/30,376.8mm,0W/m2,314.6degree,18.5°C,60.9%,1.8km/h,91.6kPa
19:40                                                     1405/05/01,376.8mm,0W/m2,21.6degree,14.8°C,68.3%,6.7km/h,92.0kPa
19:40                                                     1405/05/02,376.8mm,0W/m2,107.0degree,19.2°C,49.3%,3.6km/h,91.7kPa
19:40                                                     1405/05/03,376.8mm,0W/m2,53.3degree,19.9°C,44.3%,3.4km/h,91.8kPa
19:40                                                     1405/05/04,376.8mm,0W/m2,209.1degree,21.8°C,34.3%,5.4km/h,91.4kPa
19:40                                                     1405/05/05,376.8mm,0W/m2,192.3degree,26.1°C,26.2%,2.4km/h,91.3kPa
19:40                                                     1405/05/06,376.8mm,0W/m2,184.7degree,29.3°C,21.0%,3.0km/h,91.1kPa
19:40                                                     1405/05/07,376.8mm,0W/m2,63.0degree,23.7°C,44.7%,5.3km/h,91.5kPa
19:40                                                     1405/05/08,376.8mm,0W/m2,346.5degree,23.5°C,40.5%,1.5km/h,91.6kPa
19:40                                                     1405/05/09,376.8mm,0W/m2,5.3degree,20.7°C,40.8%,7.3km/h,91.6kPa
19:40                                                     1405/05/10,378.4mm,0W/m2,65.4degree,18.0°C,61.5%,3.0km/h,92.2kPa
19:50                                                     1405/03/21,290.2mm,0W/m2,199.5degree,16.3°C,41.4%,3.6km/h,91.2kPa
19:50                                                     1405/03/22,290.6mm,0W/m2,307.1degree,13.3°C,66.9%,1.6km/h,91.8kPa
19:50                                                     1405/03/23,290.6mm,0W/m2,14.7degree,20.0°C,39.4%,4.2km/h,91.8kPa
19:50                                                     1405/03/24,290.6mm,0W/m2,51.1degree,21.2°C,35.0%,6.6km/h,91.4kPa
19:50                                                     1405/03/25,295.0mm,0W/m2,175.9degree,14.0°C,86.3%,6.7km/h,91.0kPa
19:50                                                     1405/03/26,295.0mm,0W/m2,2.7degree,20.1°C,51.1%,3.7km/h,91.3kPa
19:50                                                     1405/03/27,297.2mm,0W/m2,93.9degree,19.2°C,58.2%,4.4km/h,90.6kPa
19:50                                                     1405/03/28,304.2mm,0W/m2,244.8degree,14.1°C,63.2%,13.8km/h,90.8kPa
19:50                                                     1405/03/30,325.8mm,0W/m2,277.0degree,17.9°C,42.7%,1.0km/h,91.2kPa
19:50                                                     1405/03/31,325.8mm,0W/m2,259.3degree,18.1°C,32.1%,5.9km/h,90.7kPa
19:50                                                     1405/04/01,350.4mm,0W/m2,318.5degree,10.3°C,81.3%,5.1km/h,91.6kPa
19:50                                                     1405/04/03,350.6mm,0W/m2,145.9degree,14.7°C,65.5%,3.5km/h,91.3kPa
19:50                                                     1405/04/04,350.6mm,0W/m2,240.6degree,17.8°C,56.8%,5.9km/h,91.0kPa
19:50                                                     1405/04/08,406.4mm,0W/m2,329.3degree,13.8°C,66.7%,6.7km/h,91.4kPa
19:50                                                     1405/04/09,406.4mm,0W/m2,253.9degree,13.8°C,67.6%,1.2km/h,91.7kPa
19:50                                                     1405/04/11,406.8mm,0W/m2,107.3degree,18.1°C,50.0%,1.0km/h,92.2kPa
19:50                                                     1405/04/12,355.2mm,0W/m2,165.4degree,19.0°C,45.3%,2.0km/h,91.7kPa
19:50                                                     1405/04/13,355.2mm,0W/m2,295.3degree,18.9°C,53.3%,2.2km/h,91.4kPa
19:50                                                     1405/04/14,355.2mm,0W/m2,116.6degree,13.9°C,58.9%,9.5km/h,91.8kPa
19:50                                                     1405/04/15,355.2mm,0W/m2,50.5degree,14.0°C,59.5%,11.1km/h,91.8kPa
19:50                                                     1405/04/16,355.2mm,0W/m2,68.7degree,9.4°C,69.6%,10.5km/h,92.2kPa
19:50                                                     1405/04/17,355.2mm,0W/m2,348.8degree,10.2°C,58.6%,1.1km/h,92.3kPa
19:50                                                     1405/04/18,355.2mm,0W/m2,95.3degree,14.7°C,50.7%,6.0km/h,91.8kPa
19:50                                                     1405/04/19,355.2mm,0W/m2,253.8degree,18.5°C,41.2%,6.3km/h,91.2kPa
19:50                                                     1405/04/20,355.2mm,0W/m2,178.4degree,24.1°C,39.0%,2.8km/h,91.1kPa
19:50                                                     1405/04/21,355.2mm,0W/m2,184.5degree,19.2°C,55.6%,4.5km/h,91.1kPa
19:50                                                     1405/04/22,366.8mm,0W/m2,140.4degree,14.7°C,86.5%,5.0km/h,91.6kPa
19:50                                                     1405/04/23,367.4mm,0W/m2,92.0degree,20.3°C,66.1%,3.0km/h,91.4kPa
19:50                                                     1405/04/25,376.8mm,0W/m2,255.1degree,23.5°C,45.4%,5.0km/h,91.6kPa
19:50                                                     1405/04/26,376.8mm,0W/m2,348.3degree,16.4°C,59.0%,2.7km/h,92.0kPa
19:50                                                     1405/04/27,376.8mm,0W/m2,222.5degree,19.9°C,53.6%,2.2km/h,91.5kPa
19:50                                                     1405/04/28,376.8mm,0W/m2,317.3degree,20.3°C,43.2%,3.4km/h,91.6kPa
19:50                                                     1405/04/29,376.8mm,0W/m2,289.3degree,20.5°C,45.9%,3.2km/h,91.3kPa
19:50                                                     1405/05/01,376.8mm,0W/m2,49.3degree,14.6°C,68.8%,6.8km/h,92.0kPa
19:50                                                     1405/05/03,376.8mm,0W/m2,43.1degree,19.5°C,44.8%,4.3km/h,91.8kPa
19:50                                                     1405/05/04,376.8mm,0W/m2,183.2degree,21.7°C,34.4%,1.4km/h,91.4kPa
19:50                                                     1405/05/05,376.8mm,0W/m2,190.8degree,25.6°C,27.2%,2.8km/h,91.3kPa
19:50                                                     1405/05/06,376.8mm,0W/m2,156.4degree,28.8°C,22.7%,2.2km/h,91.1kPa
19:50                                                     1405/05/07,376.8mm,0W/m2,103.6degree,23.7°C,44.8%,0.4km/h,91.6kPa
19:50                                                     1405/05/08,376.8mm,0W/m2,316.6degree,22.8°C,42.0%,1.9km/h,91.5kPa
19:50                                                     1405/05/09,376.8mm,0W/m2,351.9degree,20.7°C,41.0%,5.9km/h,91.7kPa
19:50                                                     1405/05/10,378.4mm,0W/m2,80.8degree,17.8°C,61.9%,1.6km/h,92.2kPa
20:00                                                     1405/03/21,290.2mm,0W/m2,256.9degree,15.8°C,43.2%,4.0km/h,91.2kPa
20:00                                                     1405/03/22,290.6mm,0W/m2,358.8degree,12.5°C,69.3%,3.7km/h,91.9kPa
20:00                                                     1405/03/23,290.6mm,0W/m2,4.4degree,18.6°C,43.1%,2.8km/h,91.7kPa
20:00                                                     1405/03/24,290.6mm,0W/m2,44.2degree,20.8°C,36.9%,2.8km/h,91.3kPa
20:00                                                     1405/03/25,295.0mm,0W/m2,203.0degree,14.1°C,85.9%,9.2km/h,91.0kPa
20:00                                                     1405/03/26,295.0mm,0W/m2,215.3degree,20.2°C,50.2%,4.6km/h,91.3kPa
20:00                                                     1405/03/27,297.2mm,0W/m2,130.0degree,18.2°C,61.8%,6.8km/h,90.6kPa
20:00                                                     1405/03/28,304.2mm,0W/m2,244.9degree,13.7°C,64.7%,6.6km/h,90.8kPa
20:00                                                     1405/03/29,325.8mm,0W/m2,175.2degree,13.6°C,62.9%,1.4km/h,91.0kPa
20:00                                                     1405/03/30,325.8mm,0W/m2,269.3degree,17.6°C,46.0%,3.9km/h,91.3kPa
20:00                                                     1405/03/31,325.8mm,0W/m2,256.2degree,18.4°C,32.3%,4.7km/h,90.7kPa
20:00                                                     1405/04/01,350.4mm,0W/m2,330.8degree,10.3°C,81.4%,1.6km/h,91.6kPa
20:00                                                     1405/04/02,350.6mm,0W/m2,192.2degree,10.4°C,84.3%,2.4km/h,91.7kPa
20:00                                                     1405/04/03,350.6mm,0W/m2,206.1degree,14.4°C,65.9%,4.3km/h,91.3kPa
20:00                                                     1405/04/04,350.6mm,0W/m2,245.8degree,17.9°C,56.8%,4.4km/h,91.0kPa
20:00                                                     1405/04/08,406.4mm,0W/m2,306.8degree,12.2°C,68.6%,11.5km/h,91.5kPa
20:00                                                     1405/04/09,406.4mm,0W/m2,269.9degree,13.6°C,68.3%,3.7km/h,91.7kPa
20:00                                                     1405/04/10,406.8mm,0W/m2,123.2degree,13.1°C,75.6%,1.4km/h,92.2kPa
20:00                                                     1405/04/11,406.8mm,0W/m2,135.1degree,17.4°C,47.6%,2.7km/h,92.1kPa
20:00                                                     1405/04/12,355.2mm,0W/m2,204.1degree,18.7°C,47.3%,3.1km/h,91.7kPa
20:00                                                     1405/04/13,355.2mm,0W/m2,307.0degree,18.4°C,53.7%,2.5km/h,91.4kPa
20:00                                                     1405/04/14,355.2mm,0W/m2,93.8degree,13.7°C,59.7%,7.6km/h,91.8kPa
20:00                                                     1405/04/15,355.2mm,0W/m2,47.9degree,13.7°C,60.8%,6.4km/h,91.8kPa
20:00                                                     1405/04/16,355.2mm,0W/m2,66.7degree,9.4°C,69.4%,13.8km/h,92.2kPa
20:00                                                     1405/04/17,355.2mm,0W/m2,197.8degree,10.0°C,60.1%,0.3km/h,92.4kPa
20:00                                                     1405/04/18,355.2mm,0W/m2,86.3degree,14.5°C,51.4%,3.8km/h,91.8kPa
20:00                                                     1405/04/19,355.2mm,0W/m2,269.4degree,18.4°C,42.5%,5.8km/h,91.2kPa
20:00                                                     1405/04/20,355.2mm,0W/m2,216.5degree,23.7°C,40.7%,4.9km/h,91.1kPa
20:00                                                     1405/04/21,355.2mm,0W/m2,83.9degree,19.0°C,57.3%,0.7km/h,91.1kPa
20:00                                                     1405/04/22,366.8mm,0W/m2,116.5degree,14.4°C,86.5%,7.2km/h,91.6kPa
20:00                                                     1405/04/23,367.4mm,0W/m2,124.2degree,20.2°C,67.4%,3.5km/h,91.5kPa
20:00                                                     1405/04/24,376.8mm,0W/m2,298.2degree,19.4°C,62.8%,0.6km/h,91.6kPa
20:00                                                     1405/04/25,376.8mm,0W/m2,255.3degree,23.8°C,45.4%,3.9km/h,91.6kPa
20:00                                                     1405/04/26,376.8mm,0W/m2,17.9degree,16.6°C,58.1%,1.8km/h,92.0kPa
20:00                                                     1405/04/27,376.8mm,0W/m2,249.4degree,19.7°C,55.2%,1.2km/h,91.5kPa
20:00                                                     1405/04/28,376.8mm,0W/m2,322.9degree,20.2°C,43.0%,5.8km/h,91.6kPa
20:00                                                     1405/04/29,376.8mm,0W/m2,305.9degree,20.4°C,46.9%,0.6km/h,91.3kPa
20:00                                                     1405/04/30,376.8mm,0W/m2,257.0degree,17.5°C,66.7%,1.5km/h,91.6kPa
20:00                                                     1405/05/01,376.8mm,0W/m2,58.0degree,14.6°C,69.2%,4.0km/h,92.0kPa
20:00                                                     1405/05/02,376.8mm,0W/m2,208.2degree,18.4°C,51.8%,2.8km/h,91.7kPa
20:00                                                     1405/05/03,376.8mm,0W/m2,47.6degree,19.4°C,45.0%,3.1km/h,91.8kPa
20:00                                                     1405/05/04,376.8mm,0W/m2,231.0degree,21.7°C,33.6%,7.6km/h,91.4kPa
20:00                                                     1405/05/05,376.8mm,0W/m2,230.5degree,25.3°C,27.3%,3.1km/h,91.3kPa
20:00                                                     1405/05/07,376.8mm,0W/m2,63.0degree,23.2°C,45.2%,5.8km/h,91.6kPa
20:00                                                     1405/05/08,376.8mm,0W/m2,319.6degree,22.4°C,43.6%,6.9km/h,91.5kPa
20:00                                                     1405/05/09,376.8mm,0W/m2,49.1degree,20.7°C,40.7%,3.2km/h,91.7kPa
20:00                                                     1405/05/10,378.4mm,0W/m2,48.9degree,17.7°C,62.0%,1.8km/h,92.2kPa
20:10                                                     1405/03/21,290.2mm,0W/m2,60.6degree,15.8°C,42.7%,1.9km/h,91.2kPa
20:10                                                     1405/03/22,290.6mm,0W/m2,307.8degree,11.6°C,73.7%,2.7km/h,91.9kPa
20:10                                                     1405/03/23,290.6mm,0W/m2,43.4degree,17.8°C,46.7%,3.7km/h,91.7kPa
20:10                                                     1405/03/24,290.6mm,0W/m2,66.3degree,20.5°C,37.8%,2.7km/h,91.4kPa
20:10                                                     1405/03/25,295.0mm,0W/m2,206.6degree,14.1°C,85.3%,7.7km/h,91.0kPa
20:10                                                     1405/03/26,295.0mm,0W/m2,225.3degree,19.3°C,53.6%,4.9km/h,91.3kPa
20:10                                                     1405/03/27,297.2mm,0W/m2,148.2degree,18.1°C,62.1%,1.8km/h,90.6kPa
20:10                                                     1405/03/28,304.2mm,0W/m2,234.7degree,13.5°C,65.8%,8.0km/h,90.8kPa
20:10                                                     1405/03/31,325.8mm,0W/m2,262.3degree,18.3°C,31.4%,6.6km/h,90.7kPa
20:10                                                     1405/04/01,350.4mm,0W/m2,331.8degree,10.4°C,81.1%,5.5km/h,91.6kPa
20:10                                                     1405/04/03,350.6mm,0W/m2,149.7degree,14.7°C,64.4%,3.7km/h,91.3kPa
20:10                                                     1405/04/04,350.6mm,0W/m2,225.1degree,19.0°C,50.0%,7.5km/h,91.0kPa
20:10                                                     1405/04/08,406.4mm,0W/m2,321.4degree,11.2°C,73.7%,11.0km/h,91.6kPa
20:10                                                     1405/04/09,406.4mm,0W/m2,263.0degree,13.1°C,74.6%,4.1km/h,91.7kPa
20:10                                                     1405/04/11,406.8mm,0W/m2,102.8degree,17.8°C,46.4%,4.2km/h,92.2kPa
20:10                                                     1405/04/12,355.2mm,0W/m2,219.0degree,18.3°C,49.7%,4.0km/h,91.8kPa
20:10                                                     1405/04/13,355.2mm,0W/m2,349.4degree,18.9°C,45.9%,2.4km/h,91.3kPa
20:10                                                     1405/04/14,355.2mm,0W/m2,136.9degree,13.7°C,59.6%,6.3km/h,91.8kPa
20:10                                                     1405/04/15,355.2mm,0W/m2,63.8degree,13.5°C,61.6%,6.8km/h,91.8kPa
20:10                                                     1405/04/16,355.2mm,0W/m2,87.5degree,9.3°C,69.4%,11.2km/h,92.2kPa
20:10                                                     1405/04/17,355.2mm,0W/m2,46.6degree,9.8°C,62.1%,0.6km/h,92.4kPa
20:10                                                     1405/04/18,355.2mm,0W/m2,90.4degree,14.5°C,51.7%,5.3km/h,91.8kPa
20:10                                                     1405/04/19,355.2mm,0W/m2,251.3degree,17.9°C,44.5%,4.4km/h,91.3kPa
20:10                                                     1405/04/20,355.2mm,0W/m2,239.3degree,22.9°C,43.6%,4.8km/h,91.1kPa
20:10                                                     1405/04/21,355.2mm,0W/m2,255.3degree,18.9°C,57.4%,3.9km/h,91.0kPa
20:10                                                     1405/04/22,366.8mm,0W/m2,172.0degree,14.4°C,87.2%,6.9km/h,91.6kPa
20:10                                                     1405/04/23,367.4mm,0W/m2,91.6degree,20.1°C,69.0%,1.5km/h,91.5kPa
20:10                                                     1405/04/24,376.8mm,0W/m2,291.5degree,19.5°C,59.7%,0.3km/h,91.6kPa
20:10                                                     1405/04/25,376.8mm,0W/m2,273.1degree,24.0°C,42.5%,3.9km/h,91.6kPa
20:10                                                     1405/04/26,376.8mm,0W/m2,32.2degree,16.6°C,57.3%,3.7km/h,92.0kPa
20:10                                                     1405/04/27,376.8mm,0W/m2,217.5degree,19.5°C,55.0%,4.5km/h,91.5kPa
20:10                                                     1405/04/28,376.8mm,0W/m2,18.8degree,20.0°C,43.0%,5.7km/h,91.6kPa
20:10                                                     1405/04/29,376.8mm,0W/m2,14.8degree,20.8°C,44.6%,1.8km/h,91.3kPa
20:10                                                     1405/04/30,376.8mm,0W/m2,314.5degree,17.3°C,66.6%,1.2km/h,91.7kPa
20:10                                                     1405/05/01,376.8mm,0W/m2,40.0degree,14.5°C,69.9%,1.1km/h,92.0kPa
20:10                                                     1405/05/02,376.8mm,0W/m2,150.8degree,18.2°C,52.4%,2.2km/h,91.8kPa
20:10                                                     1405/05/03,376.8mm,0W/m2,33.3degree,19.3°C,45.2%,5.4km/h,91.8kPa
20:10                                                     1405/05/04,376.8mm,0W/m2,236.6degree,21.5°C,33.1%,7.1km/h,91.4kPa
20:10                                                     1405/05/05,376.8mm,0W/m2,221.1degree,25.5°C,26.6%,4.1km/h,91.3kPa
20:10                                                     1405/05/06,376.8mm,0W/m2,126.4degree,27.9°C,25.1%,2.5km/h,91.1kPa
20:10                                                     1405/05/07,376.8mm,0W/m2,53.5degree,23.1°C,45.1%,4.5km/h,91.6kPa
20:10                                                     1405/05/08,376.8mm,0W/m2,356.5degree,22.6°C,43.0%,5.3km/h,91.6kPa
20:10                                                     1405/05/10,378.4mm,0W/m2,92.4degree,17.7°C,62.1%,4.5km/h,92.2kPa
20:20                                                     1405/03/21,290.2mm,0W/m2,318.9degree,16.0°C,41.2%,3.1km/h,91.2kPa
20:20                                                     1405/03/22,290.6mm,0W/m2,338.0degree,11.4°C,73.8%,2.2km/h,91.9kPa
20:20                                                     1405/03/23,290.6mm,0W/m2,355.9degree,17.2°C,49.5%,3.0km/h,91.7kPa
20:20                                                     1405/03/24,290.6mm,0W/m2,51.1degree,20.3°C,38.8%,2.1km/h,91.3kPa
20:20                                                     1405/03/25,295.0mm,0W/m2,190.4degree,13.9°C,85.1%,6.8km/h,91.0kPa
20:20                                                     1405/03/26,295.0mm,0W/m2,232.3degree,19.3°C,52.9%,4.3km/h,91.3kPa
20:20                                                     1405/03/27,297.2mm,0W/m2,185.6degree,17.7°C,63.4%,7.7km/h,90.7kPa
20:20                                                     1405/03/28,304.2mm,0W/m2,259.6degree,13.1°C,68.1%,6.4km/h,90.8kPa
20:20                                                     1405/03/29,325.8mm,0W/m2,356.5degree,13.1°C,65.3%,3.1km/h,91.0kPa
20:20                                                     1405/03/30,325.8mm,0W/m2,248.9degree,18.3°C,45.3%,1.6km/h,91.3kPa
20:20                                                     1405/03/31,325.8mm,0W/m2,237.6degree,17.9°C,33.9%,3.4km/h,90.8kPa
20:20                                                     1405/04/01,350.4mm,0W/m2,343.4degree,10.4°C,80.2%,3.1km/h,91.6kPa
20:20                                                     1405/04/02,350.6mm,0W/m2,225.2degree,10.4°C,85.0%,3.1km/h,91.7kPa
20:20                                                     1405/04/03,350.6mm,0W/m2,146.4degree,14.7°C,64.3%,4.8km/h,91.3kPa
20:20                                                     1405/04/04,350.6mm,0W/m2,216.6degree,18.2°C,53.8%,7.4km/h,91.0kPa
20:20                                                     1405/04/08,406.4mm,0W/m2,327.3degree,11.1°C,76.3%,6.5km/h,91.6kPa
20:20                                                     1405/04/09,406.4mm,0W/m2,287.7degree,13.0°C,78.4%,1.4km/h,91.6kPa
20:20                                                     1405/04/10,406.8mm,0W/m2,305.4degree,13.8°C,68.9%,4.6km/h,92.2kPa
20:20                                                     1405/04/11,406.8mm,0W/m2,120.7degree,17.8°C,46.8%,3.4km/h,92.2kPa
20:20                                                     1405/04/12,355.2mm,0W/m2,231.1degree,18.2°C,48.5%,6.0km/h,91.8kPa
20:20                                                     1405/04/13,355.2mm,0W/m2,308.5degree,19.3°C,48.5%,5.6km/h,91.4kPa
20:20                                                     1405/04/14,355.2mm,0W/m2,101.0degree,13.5°C,60.2%,8.5km/h,91.9kPa
20:20                                                     1405/04/15,355.2mm,0W/m2,46.9degree,13.4°C,61.2%,6.6km/h,91.8kPa
20:20                                                     1405/04/16,355.2mm,0W/m2,75.3degree,9.4°C,69.5%,12.3km/h,92.2kPa
20:20                                                     1405/04/17,355.2mm,0W/m2,315.5degree,9.7°C,62.9%,2.5km/h,92.4kPa
20:20                                                     1405/04/18,355.2mm,0W/m2,116.9degree,14.2°C,52.4%,4.1km/h,91.8kPa
20:20                                                     1405/04/19,355.2mm,0W/m2,237.6degree,17.5°C,45.8%,4.0km/h,91.3kPa
20:20                                                     1405/04/20,355.2mm,0W/m2,170.3degree,22.9°C,44.2%,4.6km/h,91.1kPa
20:20                                                     1405/04/21,355.2mm,0W/m2,246.0degree,18.9°C,57.8%,4.4km/h,91.1kPa
20:20                                                     1405/04/22,366.8mm,0W/m2,164.8degree,14.2°C,88.0%,6.9km/h,91.7kPa
20:20                                                     1405/04/23,367.4mm,0W/m2,0.2degree,19.8°C,70.4%,2.9km/h,91.5kPa
20:20                                                     1405/04/24,376.8mm,0W/m2,292.4degree,19.2°C,58.6%,0.2km/h,91.6kPa
20:20                                                     1405/04/25,376.8mm,0W/m2,283.1degree,24.1°C,45.2%,2.3km/h,91.7kPa
20:20                                                     1405/04/26,376.8mm,0W/m2,100.3degree,16.7°C,56.5%,2.5km/h,91.9kPa
20:20                                                     1405/04/27,376.8mm,0W/m2,215.2degree,19.4°C,56.2%,1.8km/h,91.5kPa
20:20                                                     1405/04/28,376.8mm,0W/m2,343.1degree,20.0°C,42.8%,3.5km/h,91.6kPa
20:20                                                     1405/04/29,376.8mm,0W/m2,302.3degree,20.6°C,47.2%,3.0km/h,91.4kPa
20:20                                                     1405/04/30,376.8mm,0W/m2,340.7degree,17.3°C,67.4%,3.2km/h,91.6kPa
20:20                                                     1405/05/01,376.8mm,0W/m2,29.3degree,14.3°C,70.5%,6.2km/h,92.0kPa
20:20                                                     1405/05/03,376.8mm,0W/m2,51.8degree,19.1°C,45.6%,5.1km/h,91.8kPa
20:20                                                     1405/05/04,376.8mm,0W/m2,232.0degree,22.0°C,32.0%,7.7km/h,91.4kPa
20:20                                                     1405/05/05,376.8mm,0W/m2,227.8degree,26.1°C,26.0%,5.5km/h,91.4kPa
20:20                                                     1405/05/06,376.8mm,0W/m2,164.5degree,28.6°C,24.4%,2.7km/h,91.2kPa
20:20                                                     1405/05/07,376.8mm,0W/m2,347.4degree,23.0°C,45.4%,2.3km/h,91.6kPa
20:20                                                     1405/05/08,376.8mm,0W/m2,331.6degree,22.8°C,42.2%,6.1km/h,91.6kPa
20:20                                                     1405/05/09,376.8mm,0W/m2,4.0degree,20.2°C,48.1%,17.0km/h,91.8kPa
20:20                                                     1405/05/10,378.4mm,0W/m2,64.7degree,17.6°C,62.5%,3.2km/h,92.3kPa
20:30                                                     1405/03/21,290.2mm,0W/m2,298.1degree,17.0°C,38.4%,2.9km/h,91.3kPa
20:30                                                     1405/03/22,290.6mm,0W/m2,24.0degree,11.7°C,72.0%,7.1km/h,91.9kPa
20:30                                                     1405/03/23,290.6mm,0W/m2,287.5degree,16.9°C,51.9%,3.5km/h,91.7kPa
20:30                                                     1405/03/24,290.6mm,0W/m2,318.6degree,20.3°C,40.2%,2.5km/h,91.3kPa
20:30                                                     1405/03/25,295.0mm,0W/m2,173.4degree,13.3°C,86.7%,6.6km/h,91.1kPa
20:30                                                     1405/03/26,295.0mm,0W/m2,248.6degree,19.3°C,53.2%,4.8km/h,91.3kPa
20:30                                                     1405/03/27,297.2mm,0W/m2,138.4degree,18.9°C,59.3%,2.6km/h,90.7kPa
20:30                                                     1405/03/28,304.2mm,0W/m2,244.0degree,13.1°C,67.4%,5.9km/h,90.8kPa
20:30                                                     1405/03/30,325.8mm,0W/m2,255.4degree,18.2°C,42.4%,4.2km/h,91.2kPa
20:30                                                     1405/03/31,325.8mm,0W/m2,259.4degree,17.6°C,33.2%,5.1km/h,90.7kPa
20:30                                                     1405/04/01,350.4mm,0W/m2,318.3degree,10.3°C,80.5%,3.7km/h,91.7kPa
20:30                                                     1405/04/03,350.6mm,0W/m2,151.8degree,14.2°C,65.7%,2.9km/h,91.3kPa
20:30                                                     1405/04/04,350.6mm,0W/m2,203.6degree,18.4°C,50.2%,9.8km/h,91.0kPa
20:30                                                     1405/04/08,406.4mm,0W/m2,306.7degree,11.3°C,75.7%,7.1km/h,91.6kPa
20:30                                                     1405/04/09,406.4mm,0W/m2,286.2degree,13.2°C,75.7%,6.6km/h,91.7kPa
20:30                                                     1405/04/11,406.8mm,0W/m2,92.7degree,17.5°C,48.5%,3.3km/h,92.2kPa
20:30                                                     1405/04/12,355.2mm,0W/m2,236.1degree,18.6°C,46.4%,3.7km/h,91.7kPa
20:30                                                     1405/04/13,355.2mm,0W/m2,318.7degree,18.5°C,50.3%,3.4km/h,91.4kPa
20:30                                                     1405/04/14,355.2mm,0W/m2,82.4degree,13.3°C,60.9%,2.3km/h,91.9kPa
20:30                                                     1405/04/15,355.2mm,0W/m2,37.4degree,13.2°C,62.3%,3.8km/h,91.8kPa
20:30                                                     1405/04/16,355.2mm,0W/m2,71.5degree,9.3°C,70.2%,9.6km/h,92.2kPa
20:30                                                     1405/04/17,355.2mm,0W/m2,318.2degree,9.6°C,62.5%,1.8km/h,92.4kPa
20:30                                                     1405/04/18,355.2mm,0W/m2,145.9degree,14.1°C,53.1%,2.8km/h,91.8kPa
20:30                                                     1405/04/19,355.2mm,0W/m2,234.6degree,17.5°C,44.7%,3.9km/h,91.3kPa
20:30                                                     1405/04/20,355.2mm,0W/m2,215.5degree,22.9°C,46.1%,5.1km/h,91.2kPa
20:30                                                     1405/04/21,355.2mm,0W/m2,221.9degree,18.7°C,57.9%,3.1km/h,91.1kPa
20:30                                                     1405/04/22,366.8mm,0W/m2,160.6degree,14.1°C,88.4%,5.5km/h,91.7kPa
20:30                                                     1405/04/23,367.4mm,0W/m2,239.3degree,19.5°C,71.8%,1.2km/h,91.5kPa
20:30                                                     1405/04/24,376.8mm,0W/m2,266.4degree,19.6°C,56.0%,4.4km/h,91.6kPa
20:30                                                     1405/04/25,376.8mm,0W/m2,330.9degree,22.2°C,57.1%,3.7km/h,91.7kPa
20:30                                                     1405/04/26,376.8mm,0W/m2,320.1degree,16.4°C,59.2%,1.7km/h,92.0kPa
20:30                                                     1405/04/27,376.8mm,0W/m2,230.6degree,19.0°C,57.3%,4.0km/h,91.5kPa
20:30                                                     1405/04/28,376.8mm,0W/m2,354.6degree,19.9°C,43.7%,1.9km/h,91.6kPa
20:30                                                     1405/04/29,376.8mm,0W/m2,304.7degree,20.3°C,48.7%,1.5km/h,91.4kPa
20:30                                                     1405/04/30,376.8mm,0W/m2,343.4degree,17.2°C,66.1%,0.7km/h,91.6kPa
20:30                                                     1405/05/01,376.8mm,0W/m2,16.1degree,14.3°C,70.8%,3.4km/h,92.0kPa
20:30                                                     1405/05/03,376.8mm,0W/m2,59.5degree,19.0°C,45.8%,2.8km/h,91.8kPa
20:30                                                     1405/05/04,376.8mm,0W/m2,243.6degree,20.7°C,35.2%,3.9km/h,91.4kPa
20:30                                                     1405/05/06,376.8mm,0W/m2,195.6degree,28.3°C,24.5%,3.2km/h,91.2kPa
20:30                                                     1405/05/07,376.8mm,0W/m2,54.2degree,22.7°C,46.3%,1.3km/h,91.6kPa
20:30                                                     1405/05/08,376.8mm,0W/m2,351.7degree,22.9°C,42.4%,2.7km/h,91.6kPa
20:40                                                     1405/03/21,290.2mm,0W/m2,300.7degree,18.0°C,36.1%,5.9km/h,91.3kPa
20:40                                                     1405/03/22,290.6mm,0W/m2,312.2degree,11.2°C,75.2%,5.8km/h,91.8kPa
20:40                                                     1405/03/23,290.6mm,0W/m2,298.8degree,16.4°C,55.0%,1.2km/h,91.7kPa
20:40                                                     1405/03/24,290.6mm,0W/m2,1.6degree,19.9°C,41.9%,1.2km/h,91.3kPa
20:40                                                     1405/03/25,295.0mm,0W/m2,178.0degree,13.5°C,87.0%,5.9km/h,91.1kPa
20:40                                                     1405/03/26,295.0mm,0W/m2,247.5degree,18.9°C,55.1%,5.7km/h,91.3kPa
20:40                                                     1405/03/27,297.2mm,0W/m2,201.2degree,19.4°C,57.4%,1.5km/h,90.7kPa
20:40                                                     1405/03/28,304.2mm,0W/m2,248.5degree,13.3°C,66.1%,5.7km/h,90.8kPa
20:40                                                     1405/03/29,325.8mm,0W/m2,323.9degree,12.4°C,69.8%,4.3km/h,91.0kPa
20:40                                                     1405/03/30,325.8mm,0W/m2,211.0degree,17.2°C,49.0%,1.5km/h,91.3kPa
20:40                                                     1405/04/01,350.4mm,0W/m2,316.5degree,10.3°C,81.3%,4.7km/h,91.7kPa
20:40                                                     1405/04/02,350.6mm,0W/m2,226.4degree,10.2°C,86.0%,2.9km/h,91.7kPa
20:40                                                     1405/04/03,350.6mm,0W/m2,204.0degree,13.6°C,69.2%,3.5km/h,91.4kPa
20:40                                                     1405/04/04,350.6mm,0W/m2,199.4degree,18.2°C,52.1%,9.7km/h,91.0kPa
20:40                                                     1405/04/08,406.4mm,0W/m2,40.1degree,11.7°C,71.8%,6.2km/h,91.4kPa
20:40                                                     1405/04/09,406.4mm,0W/m2,326.4degree,13.5°C,73.7%,0.9km/h,91.7kPa
20:40                                                     1405/04/10,406.8mm,0W/m2,330.5degree,13.9°C,66.1%,2.2km/h,92.2kPa
20:40                                                     1405/04/11,406.8mm,0W/m2,152.0degree,17.0°C,50.6%,2.3km/h,92.2kPa
20:40                                                     1405/04/12,355.2mm,0W/m2,250.7degree,17.9°C,49.1%,4.2km/h,91.8kPa
20:40                                                     1405/04/13,355.2mm,0W/m2,298.8degree,18.4°C,50.8%,2.2km/h,91.4kPa
20:40                                                     1405/04/14,355.2mm,0W/m2,146.9degree,13.0°C,61.7%,3.5km/h,91.9kPa
20:40                                                     1405/04/15,355.2mm,0W/m2,61.1degree,13.1°C,62.5%,3.3km/h,91.8kPa
20:40                                                     1405/04/16,355.2mm,0W/m2,61.5degree,9.3°C,69.9%,12.1km/h,92.2kPa
20:40                                                     1405/04/17,355.2mm,0W/m2,322.9degree,9.5°C,62.8%,2.4km/h,92.4kPa
20:40                                                     1405/04/18,355.2mm,0W/m2,196.0degree,13.7°C,54.7%,3.2km/h,91.8kPa
20:40                                                     1405/04/19,355.2mm,0W/m2,231.1degree,17.2°C,45.8%,4.5km/h,91.3kPa
20:40                                                     1405/04/20,355.2mm,0W/m2,206.0degree,22.2°C,47.2%,5.5km/h,91.1kPa
20:40                                                     1405/04/21,355.2mm,0W/m2,188.5degree,18.2°C,59.8%,2.8km/h,91.1kPa
20:40                                                     1405/04/22,366.8mm,0W/m2,173.4degree,13.9°C,89.0%,7.5km/h,91.7kPa
20:40                                                     1405/04/23,367.4mm,0W/m2,270.4degree,19.2°C,73.0%,2.4km/h,91.5kPa
20:40                                                     1405/04/24,376.8mm,0W/m2,267.5degree,20.2°C,53.2%,3.2km/h,91.6kPa
20:40                                                     1405/04/25,376.8mm,0W/m2,318.0degree,22.1°C,54.2%,0.8km/h,91.7kPa
20:40                                                     1405/04/26,376.8mm,0W/m2,325.4degree,16.0°C,61.8%,5.7km/h,92.0kPa
20:40                                                     1405/04/27,376.8mm,0W/m2,228.0degree,18.6°C,58.8%,5.2km/h,91.5kPa
20:40                                                     1405/04/28,376.8mm,0W/m2,317.7degree,19.7°C,43.8%,2.1km/h,91.6kPa
20:40                                                     1405/04/29,376.8mm,0W/m2,296.3degree,20.0°C,49.3%,2.7km/h,91.4kPa
20:40                                                     1405/04/30,376.8mm,0W/m2,308.1degree,16.9°C,67.0%,2.7km/h,91.6kPa
20:40                                                     1405/05/01,376.8mm,0W/m2,14.5degree,14.4°C,70.1%,0.9km/h,92.0kPa
20:40                                                     1405/05/02,376.8mm,0W/m2,224.4degree,17.4°C,55.5%,3.0km/h,91.8kPa
20:40                                                     1405/05/03,376.8mm,0W/m2,58.3degree,18.8°C,46.7%,4.1km/h,91.8kPa
20:40                                                     1405/05/04,376.8mm,0W/m2,224.3degree,20.1°C,35.3%,6.3km/h,91.3kPa
20:40                                                     1405/05/05,376.8mm,0W/m2,232.5degree,25.4°C,28.0%,6.3km/h,91.4kPa
20:40                                                     1405/05/06,376.8mm,0W/m2,32.7degree,27.8°C,28.3%,0.9km/h,91.2kPa
20:40                                                     1405/05/07,376.8mm,0W/m2,313.2degree,22.2°C,49.3%,0.1km/h,91.6kPa
20:40                                                     1405/05/08,376.8mm,0W/m2,342.7degree,23.3°C,41.7%,7.1km/h,91.6kPa
20:40                                                     1405/05/09,376.8mm,0W/m2,8.1degree,19.8°C,49.9%,7.0km/h,91.9kPa
20:40                                                     1405/05/10,378.4mm,0W/m2,69.4degree,17.5°C,62.8%,10.0km/h,92.3kPa
20:50                                                     1405/03/21,290.2mm,0W/m2,310.7degree,18.5°C,35.8%,5.8km/h,91.4kPa
20:50                                                     1405/03/22,290.6mm,0W/m2,234.1degree,10.8°C,75.2%,2.5km/h,91.9kPa
20:50                                                     1405/03/23,290.6mm,0W/m2,334.8degree,17.5°C,49.2%,1.0km/h,91.7kPa
20:50                                                     1405/03/24,290.6mm,0W/m2,346.0degree,19.6°C,44.0%,1.5km/h,91.3kPa
20:50                                                     1405/03/25,295.0mm,0W/m2,168.5degree,13.7°C,87.3%,9.6km/h,91.1kPa
20:50                                                     1405/03/26,295.0mm,0W/m2,228.4degree,18.6°C,56.0%,2.4km/h,91.3kPa
20:50                                                     1405/03/27,297.2mm,0W/m2,170.3degree,18.9°C,58.9%,2.5km/h,90.7kPa
20:50                                                     1405/03/28,304.2mm,0W/m2,240.1degree,14.0°C,60.5%,5.0km/h,90.8kPa
20:50                                                     1405/03/30,325.8mm,0W/m2,241.0degree,17.2°C,50.2%,2.3km/h,91.3kPa
20:50                                                     1405/03/31,325.8mm,0W/m2,243.6degree,17.7°C,33.8%,4.4km/h,90.7kPa
20:50                                                     1405/04/01,350.4mm,0W/m2,346.6degree,10.2°C,83.0%,5.8km/h,91.7kPa
20:50                                                     1405/04/04,350.6mm,0W/m2,184.5degree,17.2°C,56.9%,4.9km/h,91.0kPa
20:50                                                     1405/04/08,406.4mm,0W/m2,316.8degree,12.0°C,72.1%,6.0km/h,91.5kPa
20:50                                                     1405/04/09,406.4mm,0W/m2,299.7degree,13.4°C,73.1%,0.4km/h,91.7kPa
20:50                                                     1405/04/11,406.8mm,0W/m2,215.2degree,16.9°C,50.5%,3.7km/h,92.2kPa
20:50                                                     1405/04/12,355.2mm,0W/m2,240.7degree,17.4°C,52.0%,4.6km/h,91.8kPa
20:50                                                     1405/04/13,355.2mm,0W/m2,336.8degree,18.5°C,50.8%,1.7km/h,91.4kPa
20:50                                                     1405/04/14,355.2mm,0W/m2,179.7degree,12.8°C,62.1%,4.7km/h,91.9kPa
20:50                                                     1405/04/15,355.2mm,0W/m2,58.4degree,12.8°C,63.0%,5.1km/h,91.8kPa
20:50                                                     1405/04/16,355.2mm,0W/m2,100.4degree,9.3°C,69.6%,6.5km/h,92.2kPa
20:50                                                     1405/04/17,355.2mm,0W/m2,307.5degree,9.6°C,63.0%,0.2km/h,92.4kPa
20:50                                                     1405/04/18,355.2mm,0W/m2,180.0degree,13.4°C,55.2%,0.0km/h,91.8kPa
20:50                                                     1405/04/19,355.2mm,0W/m2,209.5degree,16.9°C,47.6%,6.3km/h,91.3kPa
20:50                                                     1405/04/20,355.2mm,0W/m2,236.2degree,22.4°C,47.4%,0.9km/h,91.2kPa
20:50                                                     1405/04/21,355.2mm,0W/m2,214.2degree,17.7°C,62.1%,3.4km/h,91.1kPa
20:50                                                     1405/04/22,366.8mm,0W/m2,166.7degree,13.6°C,89.7%,5.9km/h,91.7kPa
20:50                                                     1405/04/23,367.4mm,0W/m2,281.0degree,19.4°C,72.9%,3.1km/h,91.5kPa
20:50                                                     1405/04/24,376.8mm,0W/m2,277.8degree,20.4°C,54.4%,6.9km/h,91.6kPa
20:50                                                     1405/04/26,376.8mm,0W/m2,328.3degree,15.7°C,64.2%,6.8km/h,92.1kPa
20:50                                                     1405/04/27,376.8mm,0W/m2,241.9degree,18.5°C,59.3%,5.9km/h,91.5kPa
20:50                                                     1405/04/28,376.8mm,0W/m2,328.3degree,19.4°C,45.1%,2.7km/h,91.6kPa
20:50                                                     1405/04/29,376.8mm,0W/m2,303.0degree,19.9°C,49.8%,2.6km/h,91.4kPa
20:50                                                     1405/04/30,376.8mm,0W/m2,311.1degree,17.0°C,65.5%,4.9km/h,91.6kPa
20:50                                                     1405/05/01,376.8mm,0W/m2,321.8degree,14.4°C,70.0%,3.6km/h,92.0kPa
20:50                                                     1405/05/02,376.8mm,0W/m2,264.2degree,17.2°C,55.8%,0.6km/h,91.8kPa
20:50                                                     1405/05/03,376.8mm,0W/m2,71.4degree,18.7°C,47.1%,3.9km/h,91.8kPa
20:50                                                     1405/05/05,376.8mm,0W/m2,246.7degree,24.2°C,30.1%,4.7km/h,91.3kPa
20:50                                                     1405/05/06,376.8mm,0W/m2,296.1degree,27.2°C,27.0%,1.8km/h,91.1kPa
20:50                                                     1405/05/07,376.8mm,0W/m2,263.7degree,21.8°C,49.1%,1.4km/h,91.6kPa
20:50                                                     1405/05/08,376.8mm,0W/m2,332.1degree,23.1°C,42.7%,8.0km/h,91.6kPa
20:50                                                     1405/05/09,376.8mm,0W/m2,4.3degree,19.9°C,50.0%,6.8km/h,91.9kPa
20:50                                                     1405/05/10,378.4mm,0W/m2,333.1degree,17.7°C,62.1%,2.2km/h,92.2kPa
21:00                                                     1405/03/21,290.2mm,0W/m2,287.0degree,18.6°C,36.1%,4.5km/h,91.4kPa
21:00                                                     1405/03/22,290.6mm,0W/m2,271.7degree,11.0°C,75.3%,2.2km/h,91.9kPa
21:00                                                     1405/03/23,290.6mm,0W/m2,353.4degree,17.5°C,49.2%,2.4km/h,91.7kPa
21:00                                                     1405/03/24,290.6mm,0W/m2,288.6degree,19.4°C,45.6%,1.9km/h,91.3kPa
21:00                                                     1405/03/25,295.0mm,0W/m2,173.5degree,13.7°C,86.7%,9.9km/h,91.1kPa
21:00                                                     1405/03/26,295.0mm,0W/m2,253.4degree,18.5°C,56.0%,4.4km/h,91.3kPa
21:00                                                     1405/03/27,297.2mm,0W/m2,192.3degree,19.0°C,58.7%,11.4km/h,90.7kPa
21:00                                                     1405/03/28,304.2mm,0W/m2,257.6degree,13.8°C,60.5%,3.7km/h,90.9kPa
21:00                                                     1405/03/29,325.8mm,0W/m2,281.1degree,12.0°C,71.7%,4.3km/h,91.0kPa
21:00                                                     1405/03/30,325.8mm,0W/m2,251.8degree,16.7°C,50.3%,3.4km/h,91.3kPa
21:00                                                     1405/03/31,325.8mm,0W/m2,229.0degree,17.9°C,34.8%,1.8km/h,90.8kPa
21:00                                                     1405/04/01,350.4mm,0W/m2,330.2degree,10.2°C,82.0%,8.9km/h,91.6kPa
21:00                                                     1405/04/02,350.6mm,0W/m2,233.5degree,10.1°C,86.0%,3.6km/h,91.7kPa
21:00                                                     1405/04/03,350.6mm,0W/m2,188.7degree,13.9°C,67.1%,4.2km/h,91.3kPa
21:00                                                     1405/04/04,350.6mm,0W/m2,129.7degree,16.7°C,58.9%,2.7km/h,91.0kPa
21:00                                                     1405/04/08,406.4mm,0W/m2,277.9degree,11.9°C,71.9%,1.1km/h,91.5kPa
21:00                                                     1405/04/09,406.4mm,0W/m2,245.1degree,13.4°C,74.3%,2.6km/h,91.7kPa
21:00                                                     1405/04/10,406.8mm,0W/m2,287.0degree,13.0°C,69.0%,2.5km/h,92.2kPa
21:00                                                     1405/04/11,406.8mm,0W/m2,258.2degree,16.6°C,52.1%,4.4km/h,92.2kPa
21:00                                                     1405/04/12,355.2mm,0W/m2,244.1degree,17.3°C,51.6%,5.0km/h,91.8kPa
21:00                                                     1405/04/13,355.2mm,0W/m2,62.1degree,17.9°C,53.8%,5.1km/h,91.5kPa
21:00                                                     1405/04/14,355.2mm,0W/m2,146.6degree,12.4°C,63.3%,4.9km/h,91.9kPa
21:00                                                     1405/04/15,355.2mm,0W/m2,58.5degree,12.9°C,61.7%,6.5km/h,91.8kPa
21:00                                                     1405/04/16,355.2mm,0W/m2,85.9degree,9.1°C,70.4%,8.7km/h,92.2kPa
21:00                                                     1405/04/17,355.2mm,0W/m2,333.4degree,9.7°C,61.3%,2.4km/h,92.3kPa
21:00                                                     1405/04/18,355.2mm,0W/m2,221.1degree,13.7°C,53.9%,2.8km/h,91.8kPa
21:00                                                     1405/04/19,355.2mm,0W/m2,225.9degree,16.8°C,47.9%,7.2km/h,91.3kPa
21:00                                                     1405/04/20,355.2mm,0W/m2,355.4degree,22.4°C,46.2%,1.9km/h,91.2kPa
21:00                                                     1405/04/21,355.2mm,0W/m2,232.8degree,17.5°C,64.0%,5.7km/h,91.1kPa
21:00                                                     1405/04/22,366.8mm,0W/m2,346.8degree,13.5°C,90.2%,0.3km/h,91.7kPa
21:00                                                     1405/04/23,367.4mm,0W/m2,261.3degree,18.9°C,74.4%,3.1km/h,91.5kPa
21:00                                                     1405/04/24,376.8mm,0W/m2,249.9degree,18.6°C,62.5%,4.1km/h,91.6kPa
21:00                                                     1405/04/25,376.8mm,0W/m2,11.4degree,20.5°C,64.7%,0.9km/h,91.8kPa
21:00                                                     1405/04/26,376.8mm,0W/m2,321.8degree,15.7°C,64.9%,2.7km/h,92.1kPa
21:00                                                     1405/04/27,376.8mm,0W/m2,240.4degree,18.3°C,59.6%,6.4km/h,91.5kPa
21:00                                                     1405/04/28,376.8mm,0W/m2,309.1degree,19.2°C,44.3%,4.6km/h,91.6kPa
21:00                                                     1405/04/29,376.8mm,0W/m2,274.2degree,19.5°C,51.3%,2.2km/h,91.4kPa
21:00                                                     1405/04/30,376.8mm,0W/m2,206.5degree,16.6°C,67.2%,2.9km/h,91.7kPa
21:00                                                     1405/05/03,376.8mm,0W/m2,49.9degree,18.7°C,47.1%,1.8km/h,91.9kPa
21:00                                                     1405/05/04,376.8mm,0W/m2,240.6degree,20.9°C,33.1%,8.2km/h,91.4kPa
21:00                                                     1405/05/05,376.8mm,0W/m2,220.3degree,24.5°C,30.2%,7.7km/h,91.4kPa
21:00                                                     1405/05/06,376.8mm,0W/m2,283.1degree,27.4°C,26.6%,1.1km/h,91.2kPa
21:00                                                     1405/05/07,376.8mm,0W/m2,74.0degree,21.6°C,49.7%,1.0km/h,91.6kPa
21:00                                                     1405/05/08,376.8mm,0W/m2,3.5degree,23.2°C,42.8%,5.0km/h,91.6kPa
21:00                                                     1405/05/09,376.8mm,0W/m2,20.1degree,19.9°C,49.9%,12.7km/h,91.9kPa
21:00                                                     1405/05/10,378.4mm,0W/m2,218.9degree,17.2°C,63.6%,1.5km/h,92.3kPa
21:10                                                     1405/03/21,290.2mm,0W/m2,308.3degree,18.6°C,36.6%,5.5km/h,91.4kPa
21:10                                                     1405/03/22,290.6mm,0W/m2,9.0degree,11.7°C,71.1%,1.3km/h,91.9kPa
21:10                                                     1405/03/23,290.6mm,0W/m2,342.3degree,17.3°C,49.2%,1.9km/h,91.7kPa
21:10                                                     1405/03/24,290.6mm,0W/m2,277.0degree,19.0°C,45.7%,1.3km/h,91.3kPa
21:10                                                     1405/03/25,295.0mm,0W/m2,177.6degree,13.4°C,87.4%,12.8km/h,91.1kPa
21:10                                                     1405/03/26,295.0mm,0W/m2,248.7degree,18.5°C,55.2%,5.7km/h,91.3kPa
21:10                                                     1405/03/27,297.2mm,0W/m2,186.5degree,19.9°C,55.9%,8.9km/h,90.8kPa
21:10                                                     1405/03/28,304.2mm,0W/m2,226.7degree,14.1°C,60.0%,7.6km/h,90.9kPa
21:10                                                     1405/03/30,325.8mm,0W/m2,244.9degree,17.3°C,41.8%,3.5km/h,91.0kPa
21:10                                                     1405/03/31,325.8mm,0W/m2,221.5degree,17.6°C,36.6%,5.0km/h,90.9kPa
21:10                                                     1405/04/01,350.4mm,0W/m2,358.7degree,10.2°C,79.6%,8.1km/h,91.6kPa
21:10                                                     1405/04/03,350.6mm,0W/m2,186.3degree,14.0°C,65.9%,6.2km/h,91.3kPa
21:10                                                     1405/04/04,350.6mm,0W/m2,173.6degree,16.6°C,58.3%,1.8km/h,91.0kPa
21:10                                                     1405/04/08,406.4mm,0W/m2,78.3degree,11.7°C,72.9%,2.3km/h,91.5kPa
21:10                                                     1405/04/09,406.4mm,0W/m2,207.1degree,13.7°C,66.3%,6.0km/h,91.7kPa
21:10                                                     1405/04/11,406.8mm,0W/m2,258.6degree,16.4°C,51.9%,4.4km/h,92.2kPa
21:10                                                     1405/04/12,355.2mm,0W/m2,223.1degree,16.5°C,54.9%,3.9km/h,91.8kPa
21:10                                                     1405/04/13,355.2mm,0W/m2,344.6degree,18.4°C,51.7%,1.0km/h,91.5kPa
21:10                                                     1405/04/14,355.2mm,0W/m2,220.9degree,12.2°C,64.1%,1.7km/h,91.9kPa
21:10                                                     1405/04/15,355.2mm,0W/m2,48.1degree,13.1°C,60.8%,8.5km/h,91.8kPa
21:10                                                     1405/04/16,355.2mm,0W/m2,64.4degree,9.2°C,70.1%,7.7km/h,92.2kPa
21:10                                                     1405/04/17,355.2mm,0W/m2,31.2degree,9.7°C,59.4%,2.9km/h,92.3kPa
21:10                                                     1405/04/18,355.2mm,0W/m2,205.4degree,13.6°C,54.2%,4.8km/h,91.8kPa
21:10                                                     1405/04/19,355.2mm,0W/m2,228.0degree,16.7°C,47.9%,7.4km/h,91.3kPa
21:10                                                     1405/04/20,355.2mm,0W/m2,21.0degree,22.4°C,47.4%,3.5km/h,91.2kPa
21:10                                                     1405/04/21,355.2mm,0W/m2,216.7degree,17.2°C,65.3%,6.8km/h,91.0kPa
21:10                                                     1405/04/22,366.8mm,0W/m2,167.9degree,13.5°C,90.5%,5.1km/h,91.7kPa
21:10                                                     1405/04/23,367.4mm,0W/m2,261.6degree,19.2°C,74.3%,2.8km/h,91.5kPa
21:10                                                     1405/04/24,376.8mm,0W/m2,266.2degree,17.8°C,66.7%,5.8km/h,91.6kPa
21:10                                                     1405/04/25,376.8mm,0W/m2,2.1degree,19.8°C,70.4%,2.8km/h,91.8kPa
21:10                                                     1405/04/26,376.8mm,0W/m2,318.0degree,15.9°C,62.2%,4.9km/h,92.0kPa
21:10                                                     1405/04/27,376.8mm,0W/m2,232.0degree,17.7°C,62.6%,3.1km/h,91.5kPa
21:10                                                     1405/04/28,376.8mm,0W/m2,321.8degree,19.0°C,44.7%,6.3km/h,91.6kPa
21:10                                                     1405/04/29,376.8mm,0W/m2,298.9degree,19.3°C,52.0%,1.6km/h,91.4kPa
21:10                                                     1405/04/30,376.8mm,0W/m2,308.1degree,16.4°C,67.9%,4.2km/h,91.7kPa
21:10                                                     1405/05/01,376.8mm,0W/m2,318.0degree,14.5°C,69.5%,2.7km/h,92.0kPa
21:10                                                     1405/05/02,376.8mm,0W/m2,231.9degree,17.7°C,53.6%,2.9km/h,91.8kPa
21:10                                                     1405/05/03,376.8mm,0W/m2,348.7degree,18.3°C,48.8%,1.9km/h,91.8kPa
21:10                                                     1405/05/04,376.8mm,0W/m2,233.6degree,20.8°C,32.3%,7.6km/h,91.4kPa
21:10                                                     1405/05/05,376.8mm,0W/m2,217.1degree,24.3°C,30.5%,6.8km/h,91.4kPa
21:10                                                     1405/05/07,376.8mm,0W/m2,321.6degree,21.4°C,50.0%,4.3km/h,91.7kPa
21:10                                                     1405/05/08,376.8mm,0W/m2,354.1degree,23.1°C,42.6%,4.4km/h,91.6kPa
21:10                                                     1405/05/09,376.8mm,0W/m2,36.6degree,19.7°C,50.2%,1.5km/h,91.8kPa
21:10                                                     1405/05/10,378.4mm,0W/m2,241.3degree,17.0°C,63.7%,1.8km/h,92.3kPa
21:20                                                     1405/03/21,290.2mm,0W/m2,300.8degree,18.5°C,37.0%,8.6km/h,91.4kPa
21:20                                                     1405/03/22,290.6mm,0W/m2,309.5degree,10.9°C,75.8%,1.8km/h,91.9kPa
21:20                                                     1405/03/23,290.6mm,0W/m2,301.4degree,17.5°C,48.4%,2.4km/h,91.7kPa
21:20                                                     1405/03/24,290.6mm,0W/m2,282.0degree,19.0°C,45.8%,3.0km/h,91.3kPa
21:20                                                     1405/03/25,295.0mm,0W/m2,170.5degree,13.3°C,87.0%,7.8km/h,91.1kPa
21:20                                                     1405/03/26,295.0mm,0W/m2,236.2degree,17.7°C,59.0%,4.8km/h,91.3kPa
21:20                                                     1405/03/27,297.2mm,0W/m2,261.0degree,20.3°C,55.2%,7.5km/h,90.8kPa
21:20                                                     1405/03/28,304.2mm,0W/m2,337.2degree,14.7°C,54.1%,6.8km/h,90.9kPa
21:20                                                     1405/03/29,325.8mm,0W/m2,272.1degree,12.2°C,70.4%,3.2km/h,91.0kPa
21:20                                                     1405/03/30,325.8mm,0W/m2,189.8degree,17.6°C,46.2%,4.9km/h,91.3kPa
21:20                                                     1405/04/01,350.4mm,0W/m2,336.2degree,10.2°C,79.8%,7.0km/h,91.7kPa
21:20                                                     1405/04/02,350.6mm,0W/m2,229.4degree,9.7°C,86.7%,4.1km/h,91.7kPa
21:20                                                     1405/04/03,350.6mm,0W/m2,192.8degree,13.7°C,66.6%,5.7km/h,91.3kPa
21:20                                                     1405/04/04,350.6mm,0W/m2,226.6degree,16.6°C,59.5%,0.6km/h,91.0kPa
21:20                                                     1405/04/08,406.4mm,0W/m2,110.6degree,11.5°C,74.7%,7.6km/h,91.5kPa
21:20                                                     1405/04/09,406.4mm,0W/m2,104.5degree,14.0°C,70.5%,9.6km/h,91.8kPa
21:20                                                     1405/04/10,406.8mm,0W/m2,263.2degree,13.2°C,67.7%,1.7km/h,92.2kPa
21:20                                                     1405/04/11,406.8mm,0W/m2,250.7degree,16.6°C,50.7%,4.4km/h,92.2kPa
21:20                                                     1405/04/12,355.2mm,0W/m2,235.7degree,15.7°C,59.7%,4.6km/h,91.8kPa
21:20                                                     1405/04/13,355.2mm,0W/m2,335.8degree,18.9°C,48.1%,2.3km/h,91.4kPa
21:20                                                     1405/04/14,355.2mm,0W/m2,162.9degree,12.0°C,64.9%,1.6km/h,92.0kPa
21:20                                                     1405/04/15,355.2mm,0W/m2,56.5degree,13.3°C,59.7%,13.3km/h,91.8kPa
21:20                                                     1405/04/16,355.2mm,0W/m2,71.2degree,9.3°C,69.3%,10.9km/h,92.2kPa
21:20                                                     1405/04/17,355.2mm,0W/m2,339.1degree,10.0°C,60.0%,2.2km/h,92.3kPa
21:20                                                     1405/04/18,355.2mm,0W/m2,211.3degree,14.0°C,52.7%,5.7km/h,91.8kPa
21:20                                                     1405/04/19,355.2mm,0W/m2,239.3degree,17.0°C,46.1%,3.9km/h,91.3kPa
21:20                                                     1405/04/20,355.2mm,0W/m2,306.0degree,22.0°C,51.1%,5.2km/h,91.3kPa
21:20                                                     1405/04/21,355.2mm,0W/m2,224.8degree,17.1°C,64.1%,6.7km/h,91.0kPa
21:20                                                     1405/04/22,366.8mm,0W/m2,241.1degree,13.5°C,90.6%,5.5km/h,91.7kPa
21:20                                                     1405/04/23,367.4mm,0W/m2,257.8degree,18.8°C,76.0%,1.4km/h,91.5kPa
21:20                                                     1405/04/24,376.8mm,0W/m2,190.8degree,17.4°C,70.0%,0.9km/h,91.6kPa
21:20                                                     1405/04/25,376.8mm,0W/m2,309.0degree,19.4°C,73.4%,4.0km/h,91.7kPa
21:20                                                     1405/04/26,376.8mm,0W/m2,316.3degree,16.2°C,59.8%,7.1km/h,91.9kPa
21:20                                                     1405/04/27,376.8mm,0W/m2,232.0degree,17.2°C,64.7%,4.3km/h,91.5kPa
21:20                                                     1405/04/28,376.8mm,0W/m2,305.9degree,19.2°C,44.3%,4.1km/h,91.6kPa
21:20                                                     1405/04/29,376.8mm,0W/m2,307.2degree,19.1°C,52.7%,1.0km/h,91.4kPa
21:20                                                     1405/04/30,376.8mm,0W/m2,253.8degree,16.3°C,67.7%,3.0km/h,91.7kPa
21:20                                                     1405/05/01,376.8mm,0W/m2,310.6degree,14.4°C,70.6%,2.3km/h,92.1kPa
21:20                                                     1405/05/02,376.8mm,0W/m2,247.6degree,17.4°C,54.7%,5.8km/h,91.8kPa
21:20                                                     1405/05/04,376.8mm,0W/m2,252.3degree,20.5°C,33.5%,6.2km/h,91.4kPa
21:20                                                     1405/05/05,376.8mm,0W/m2,227.0degree,24.4°C,30.7%,8.2km/h,91.4kPa
21:20                                                     1405/05/06,376.8mm,0W/m2,228.1degree,28.0°C,25.0%,6.1km/h,91.2kPa
21:20                                                     1405/05/07,376.8mm,0W/m2,314.2degree,21.4°C,50.4%,3.2km/h,91.7kPa
21:20                                                     1405/05/08,376.8mm,0W/m2,324.7degree,22.8°C,43.1%,6.4km/h,91.6kPa
21:30                                                     1405/03/21,290.2mm,0W/m2,320.6degree,18.2°C,38.2%,6.7km/h,91.4kPa
21:30                                                     1405/03/22,290.6mm,0W/m2,277.7degree,11.2°C,76.8%,2.4km/h,91.9kPa
21:30                                                     1405/03/23,290.6mm,0W/m2,271.5degree,16.9°C,48.6%,3.3km/h,91.7kPa
21:30                                                     1405/03/24,290.6mm,0W/m2,335.7degree,19.1°C,44.2%,2.4km/h,91.3kPa
21:30                                                     1405/03/25,295.0mm,0W/m2,169.2degree,13.5°C,86.7%,11.0km/h,91.1kPa
21:30                                                     1405/03/26,295.0mm,0W/m2,221.9degree,16.2°C,65.0%,7.3km/h,91.3kPa
21:30                                                     1405/03/27,297.2mm,0W/m2,320.9degree,20.0°C,57.7%,9.1km/h,90.8kPa
21:30                                                     1405/03/28,304.2mm,0W/m2,213.7degree,14.0°C,59.2%,6.0km/h,90.9kPa
21:30                                                     1405/03/30,325.8mm,0W/m2,148.8degree,17.2°C,44.2%,1.0km/h,91.1kPa
21:30                                                     1405/03/31,325.8mm,0W/m2,224.0degree,17.5°C,37.7%,4.9km/h,90.9kPa
21:30                                                     1405/04/01,350.4mm,0W/m2,330.5degree,10.1°C,79.5%,4.4km/h,91.7kPa
21:30                                                     1405/04/03,350.6mm,0W/m2,155.4degree,13.5°C,67.3%,1.5km/h,91.3kPa
21:30                                                     1405/04/04,350.6mm,0W/m2,44.2degree,16.8°C,61.0%,0.5km/h,91.1kPa
21:30                                                     1405/04/08,406.4mm,0W/m2,158.9degree,11.1°C,77.1%,1.4km/h,91.5kPa
21:30                                                     1405/04/09,406.4mm,0W/m2,98.0degree,13.5°C,71.9%,4.9km/h,91.8kPa
21:30                                                     1405/04/11,406.8mm,0W/m2,236.1degree,16.0°C,52.3%,6.4km/h,92.1kPa
21:30                                                     1405/04/12,355.2mm,0W/m2,237.9degree,15.5°C,59.6%,5.1km/h,91.8kPa
21:30                                                     1405/04/13,355.2mm,0W/m2,315.1degree,19.1°C,47.9%,5.3km/h,91.4kPa
21:30                                                     1405/04/14,355.2mm,0W/m2,163.3degree,11.7°C,66.0%,3.7km/h,92.0kPa
21:30                                                     1405/04/15,355.2mm,0W/m2,54.8degree,13.3°C,59.6%,10.7km/h,91.8kPa
21:30                                                     1405/04/16,355.2mm,0W/m2,70.1degree,9.6°C,68.2%,11.2km/h,92.2kPa
21:30                                                     1405/04/17,355.2mm,0W/m2,3.3degree,9.6°C,60.9%,2.4km/h,92.3kPa
21:30                                                     1405/04/18,355.2mm,0W/m2,220.0degree,13.9°C,53.1%,3.1km/h,91.8kPa
21:30                                                     1405/04/19,355.2mm,0W/m2,56.5degree,17.3°C,44.8%,1.5km/h,91.3kPa
21:30                                                     1405/04/20,355.2mm,0W/m2,309.9degree,21.4°C,53.3%,1.6km/h,91.2kPa
21:30                                                     1405/04/21,355.2mm,0W/m2,227.5degree,16.7°C,65.0%,4.8km/h,91.1kPa
21:30                                                     1405/04/22,366.8mm,0W/m2,201.1degree,13.5°C,90.6%,8.2km/h,91.7kPa
21:30                                                     1405/04/23,367.4mm,0W/m2,40.6degree,18.9°C,77.2%,0.1km/h,91.4kPa
21:30                                                     1405/04/24,376.8mm,0W/m2,246.3degree,17.2°C,70.1%,3.6km/h,91.6kPa
21:30                                                     1405/04/25,376.8mm,0W/m2,340.2degree,19.5°C,71.8%,2.0km/h,91.7kPa
21:30                                                     1405/04/26,376.8mm,0W/m2,333.6degree,16.3°C,58.8%,8.0km/h,91.9kPa
21:30                                                     1405/04/27,376.8mm,0W/m2,233.4degree,17.0°C,65.4%,3.4km/h,91.5kPa
21:30                                                     1405/04/28,376.8mm,0W/m2,316.8degree,18.9°C,44.9%,8.2km/h,91.6kPa
21:30                                                     1405/04/29,376.8mm,0W/m2,299.4degree,19.0°C,52.1%,2.5km/h,91.4kPa
21:30                                                     1405/04/30,376.8mm,0W/m2,272.9degree,16.3°C,67.7%,2.7km/h,91.7kPa
21:30                                                     1405/05/01,376.8mm,0W/m2,346.4degree,14.1°C,72.2%,3.6km/h,92.1kPa
21:30                                                     1405/05/02,376.8mm,0W/m2,251.6degree,17.0°C,56.0%,2.9km/h,91.8kPa
21:30                                                     1405/05/03,376.8mm,0W/m2,295.0degree,17.4°C,53.3%,3.0km/h,91.8kPa
21:30                                                     1405/05/04,376.8mm,0W/m2,241.2degree,20.2°C,33.4%,6.5km/h,91.3kPa
21:30                                                     1405/05/05,376.8mm,0W/m2,223.4degree,24.3°C,31.1%,7.1km/h,91.4kPa
21:30                                                     1405/05/06,376.8mm,0W/m2,334.8degree,25.6°C,30.2%,2.7km/h,91.1kPa
21:30                                                     1405/05/07,376.8mm,0W/m2,45.6degree,21.3°C,50.4%,1.6km/h,91.7kPa
21:30                                                     1405/05/08,376.8mm,0W/m2,325.5degree,22.7°C,43.2%,8.2km/h,91.6kPa
21:30                                                     1405/05/09,376.8mm,0W/m2,10.3degree,19.6°C,50.8%,1.0km/h,91.8kPa
21:30                                                     1405/05/10,378.4mm,0W/m2,288.2degree,16.8°C,66.7%,0.0km/h,92.4kPa
21:40                                                     1405/03/21,290.2mm,0W/m2,323.7degree,18.0°C,38.9%,7.3km/h,91.4kPa
21:40                                                     1405/03/22,290.6mm,0W/m2,300.2degree,11.1°C,76.7%,2.8km/h,91.9kPa
21:40                                                     1405/03/23,290.6mm,0W/m2,283.3degree,18.1°C,43.3%,1.4km/h,91.7kPa
21:40                                                     1405/03/24,290.6mm,0W/m2,287.4degree,19.1°C,44.1%,2.1km/h,91.3kPa
21:40                                                     1405/03/25,295.0mm,0W/m2,171.9degree,13.6°C,85.6%,9.1km/h,91.1kPa
21:40                                                     1405/03/26,295.0mm,0W/m2,211.2degree,15.8°C,66.6%,6.6km/h,91.3kPa
21:40                                                     1405/03/27,297.2mm,0W/m2,320.8degree,18.7°C,65.8%,13.3km/h,90.8kPa
21:40                                                     1405/03/28,304.2mm,0W/m2,237.7degree,13.1°C,64.4%,3.9km/h,90.9kPa
21:40                                                     1405/03/29,325.8mm,0W/m2,268.5degree,12.1°C,68.7%,6.5km/h,91.0kPa
21:40                                                     1405/03/30,325.8mm,0W/m2,118.1degree,16.6°C,51.3%,6.0km/h,91.3kPa
21:40                                                     1405/03/31,325.8mm,0W/m2,214.0degree,18.3°C,36.3%,16.8km/h,90.9kPa
21:40                                                     1405/04/01,350.4mm,0W/m2,322.2degree,10.1°C,79.3%,5.5km/h,91.6kPa
21:40                                                     1405/04/03,350.6mm,0W/m2,35.2degree,12.8°C,69.5%,0.8km/h,91.4kPa
21:40                                                     1405/04/04,350.6mm,0W/m2,2.0degree,16.9°C,56.6%,0.0km/h,91.0kPa
21:40                                                     1405/04/08,406.4mm,0W/m2,159.4degree,10.9°C,80.3%,1.6km/h,91.5kPa
21:40                                                     1405/04/09,406.4mm,0W/m2,88.9degree,13.3°C,73.3%,3.9km/h,91.8kPa
21:40                                                     1405/04/10,406.8mm,0W/m2,329.7degree,12.6°C,68.1%,1.9km/h,92.2kPa
21:40                                                     1405/04/11,406.8mm,0W/m2,239.5degree,15.1°C,58.6%,5.4km/h,92.1kPa
21:40                                                     1405/04/12,355.2mm,0W/m2,230.5degree,17.2°C,47.4%,3.7km/h,91.7kPa
21:40                                                     1405/04/13,355.2mm,0W/m2,320.2degree,18.3°C,51.6%,6.9km/h,91.4kPa
21:40                                                     1405/04/14,355.2mm,0W/m2,202.1degree,11.5°C,66.2%,4.4km/h,92.0kPa
21:40                                                     1405/04/15,355.2mm,0W/m2,68.9degree,13.3°C,59.4%,10.5km/h,91.8kPa
21:40                                                     1405/04/16,355.2mm,0W/m2,69.1degree,9.6°C,68.1%,13.9km/h,92.3kPa
21:40                                                     1405/04/17,355.2mm,0W/m2,16.0degree,9.4°C,60.2%,0.8km/h,92.3kPa
21:40                                                     1405/04/18,355.2mm,0W/m2,246.9degree,14.0°C,52.4%,1.2km/h,91.8kPa
21:40                                                     1405/04/19,355.2mm,0W/m2,82.7degree,19.5°C,36.0%,1.3km/h,91.2kPa
21:40                                                     1405/04/20,355.2mm,0W/m2,349.9degree,21.6°C,52.4%,1.2km/h,91.3kPa
21:40                                                     1405/04/21,355.2mm,0W/m2,205.8degree,16.5°C,65.9%,4.5km/h,91.1kPa
21:40                                                     1405/04/22,366.8mm,0W/m2,192.5degree,13.5°C,90.5%,2.2km/h,91.7kPa
21:40                                                     1405/04/23,367.4mm,0W/m2,74.5degree,18.5°C,77.2%,2.4km/h,91.5kPa
21:40                                                     1405/04/24,376.8mm,0W/m2,236.0degree,17.2°C,70.4%,2.1km/h,91.6kPa
21:40                                                     1405/04/25,376.8mm,0W/m2,314.2degree,19.3°C,75.0%,1.9km/h,91.7kPa
21:40                                                     1405/04/26,376.8mm,0W/m2,322.1degree,16.2°C,59.1%,9.8km/h,91.9kPa
21:40                                                     1405/04/27,376.8mm,0W/m2,217.6degree,16.7°C,66.9%,2.5km/h,91.5kPa
21:40                                                     1405/04/28,376.8mm,0W/m2,313.1degree,18.7°C,45.8%,7.2km/h,91.6kPa
21:40                                                     1405/04/29,376.8mm,0W/m2,285.8degree,18.8°C,52.7%,4.1km/h,91.4kPa
21:40                                                     1405/04/30,376.8mm,0W/m2,2.4degree,16.3°C,66.9%,2.8km/h,91.7kPa
21:40                                                     1405/05/01,376.8mm,0W/m2,293.0degree,13.9°C,73.7%,3.3km/h,92.1kPa
21:40                                                     1405/05/02,376.8mm,0W/m2,242.4degree,17.3°C,55.3%,4.8km/h,91.8kPa
21:40                                                     1405/05/03,376.8mm,0W/m2,76.8degree,17.3°C,53.8%,0.0km/h,91.8kPa
21:40                                                     1405/05/04,376.8mm,0W/m2,256.2degree,19.7°C,35.1%,2.2km/h,91.3kPa
21:40                                                     1405/05/05,376.8mm,0W/m2,236.5degree,23.5°C,32.7%,4.3km/h,91.3kPa
21:40                                                     1405/05/06,376.8mm,0W/m2,278.8degree,25.5°C,30.0%,4.0km/h,91.1kPa
21:40                                                     1405/05/07,376.8mm,0W/m2,38.0degree,21.5°C,49.3%,4.9km/h,91.7kPa
21:40                                                     1405/05/08,376.8mm,0W/m2,326.5degree,22.8°C,43.2%,8.0km/h,91.6kPa
21:40                                                     1405/05/09,376.8mm,0W/m2,336.8degree,19.4°C,51.3%,3.8km/h,91.8kPa
21:40                                                     1405/05/10,378.4mm,0W/m2,302.3degree,16.9°C,66.7%,0.6km/h,92.4kPa
21:50                                                     1405/03/21,290.2mm,0W/m2,304.3degree,18.0°C,39.5%,10.3km/h,91.4kPa
21:50                                                     1405/03/22,290.6mm,0W/m2,307.9degree,11.9°C,72.7%,4.5km/h,91.9kPa
21:50                                                     1405/03/23,290.6mm,0W/m2,261.7degree,18.2°C,42.0%,1.0km/h,91.7kPa
21:50                                                     1405/03/24,290.6mm,0W/m2,299.3degree,18.7°C,47.6%,1.9km/h,91.3kPa
21:50                                                     1405/03/25,295.0mm,0W/m2,183.3degree,14.1°C,83.5%,12.3km/h,91.0kPa
21:50                                                     1405/03/26,295.0mm,0W/m2,76.4degree,15.6°C,68.6%,2.8km/h,91.3kPa
21:50                                                     1405/03/27,297.2mm,0W/m2,312.7degree,17.5°C,69.5%,4.5km/h,90.7kPa
21:50                                                     1405/03/28,304.2mm,0W/m2,215.6degree,12.2°C,68.6%,5.3km/h,90.8kPa
21:50                                                     1405/03/30,325.8mm,0W/m2,108.3degree,16.9°C,44.8%,0.8km/h,91.1kPa
21:50                                                     1405/03/31,325.8mm,0W/m2,203.5degree,19.5°C,37.7%,20.7km/h,91.0kPa
21:50                                                     1405/04/01,350.4mm,0W/m2,356.9degree,10.1°C,78.7%,4.2km/h,91.6kPa
21:50                                                     1405/04/03,350.6mm,0W/m2,89.9degree,12.4°C,71.8%,1.9km/h,91.4kPa
21:50                                                     1405/04/04,350.6mm,0W/m2,295.5degree,16.6°C,64.0%,4.5km/h,91.2kPa
21:50                                                     1405/04/08,406.4mm,0W/m2,222.2degree,10.8°C,80.9%,4.5km/h,91.5kPa
21:50                                                     1405/04/09,406.4mm,0W/m2,341.4degree,13.2°C,74.3%,4.0km/h,91.7kPa
21:50                                                     1405/04/11,406.8mm,0W/m2,253.1degree,14.6°C,58.7%,5.9km/h,92.1kPa
21:50                                                     1405/04/12,355.2mm,0W/m2,234.3degree,18.2°C,43.3%,4.1km/h,91.6kPa
21:50                                                     1405/04/13,355.2mm,0W/m2,257.1degree,17.4°C,55.2%,0.0km/h,91.5kPa
21:50                                                     1405/04/14,355.2mm,0W/m2,188.8degree,11.1°C,68.4%,4.2km/h,92.0kPa
21:50                                                     1405/04/15,355.2mm,0W/m2,46.8degree,13.2°C,61.4%,12.0km/h,91.8kPa
21:50                                                     1405/04/16,355.2mm,0W/m2,86.7degree,9.6°C,67.9%,7.6km/h,92.3kPa
21:50                                                     1405/04/17,355.2mm,0W/m2,64.3degree,9.6°C,60.5%,0.9km/h,92.3kPa
21:50                                                     1405/04/18,355.2mm,0W/m2,222.1degree,14.1°C,51.8%,3.3km/h,91.8kPa
21:50                                                     1405/04/19,355.2mm,0W/m2,26.9degree,19.4°C,32.9%,0.3km/h,91.2kPa
21:50                                                     1405/04/20,355.2mm,0W/m2,65.5degree,21.9°C,49.2%,2.6km/h,91.3kPa
21:50                                                     1405/04/21,355.2mm,0W/m2,211.3degree,16.5°C,65.2%,6.3km/h,91.1kPa
21:50                                                     1405/04/22,366.8mm,0W/m2,145.5degree,13.4°C,90.4%,1.5km/h,91.8kPa
21:50                                                     1405/04/23,367.4mm,0W/m2,232.6degree,18.5°C,77.3%,1.7km/h,91.5kPa
21:50                                                     1405/04/24,376.8mm,0W/m2,244.9degree,17.1°C,69.4%,7.0km/h,91.6kPa
21:50                                                     1405/04/25,376.8mm,0W/m2,316.5degree,19.3°C,74.7%,5.1km/h,91.7kPa
21:50                                                     1405/04/27,376.8mm,0W/m2,240.5degree,16.8°C,66.4%,3.1km/h,91.5kPa
21:50                                                     1405/04/28,376.8mm,0W/m2,320.2degree,19.3°C,44.2%,8.2km/h,91.6kPa
21:50                                                     1405/04/29,376.8mm,0W/m2,292.3degree,18.2°C,54.8%,2.2km/h,91.4kPa
21:50                                                     1405/04/30,376.8mm,0W/m2,306.4degree,16.2°C,66.8%,1.7km/h,91.7kPa
21:50                                                     1405/05/01,376.8mm,0W/m2,331.6degree,14.0°C,73.4%,3.6km/h,92.1kPa
21:50                                                     1405/05/02,376.8mm,0W/m2,255.4degree,17.7°C,55.3%,3.1km/h,91.8kPa
21:50                                                     1405/05/04,376.8mm,0W/m2,243.0degree,19.6°C,35.5%,4.8km/h,91.3kPa
21:50                                                     1405/05/05,376.8mm,0W/m2,241.7degree,23.5°C,32.5%,5.9km/h,91.4kPa
21:50                                                     1405/05/06,376.8mm,0W/m2,277.0degree,25.1°C,29.8%,7.0km/h,91.1kPa
21:50                                                     1405/05/07,376.8mm,0W/m2,263.8degree,21.4°C,50.3%,2.3km/h,91.7kPa
21:50                                                     1405/05/08,376.8mm,0W/m2,328.5degree,22.9°C,43.3%,7.8km/h,91.6kPa
21:50                                                     1405/05/09,376.8mm,0W/m2,308.8degree,19.6°C,51.1%,5.2km/h,91.9kPa
21:50                                                     1405/05/10,378.4mm,0W/m2,133.8degree,16.6°C,67.8%,0.8km/h,92.4kPa
22:00                                                     1405/03/21,290.2mm,0W/m2,300.9degree,17.9°C,39.8%,7.3km/h,91.4kPa
22:00                                                     1405/03/22,290.6mm,0W/m2,289.6degree,11.2°C,75.3%,1.7km/h,91.9kPa
22:00                                                     1405/03/23,290.6mm,0W/m2,283.4degree,17.7°C,44.0%,0.8km/h,91.7kPa
22:00                                                     1405/03/24,290.6mm,0W/m2,263.4degree,18.4°C,48.9%,4.0km/h,91.3kPa
22:00                                                     1405/03/25,295.0mm,0W/m2,179.3degree,14.0°C,83.0%,11.7km/h,91.0kPa
22:00                                                     1405/03/26,295.0mm,0W/m2,39.1degree,15.3°C,69.3%,2.9km/h,91.3kPa
22:00                                                     1405/03/27,297.2mm,0W/m2,323.8degree,17.0°C,70.3%,19.5km/h,90.7kPa
22:00                                                     1405/03/28,304.2mm,0W/m2,260.8degree,11.6°C,73.2%,3.2km/h,90.8kPa
22:00                                                     1405/03/29,325.8mm,0W/m2,251.7degree,11.8°C,71.3%,5.2km/h,91.0kPa
22:00                                                     1405/03/30,325.8mm,0W/m2,252.6degree,16.8°C,50.3%,3.5km/h,91.3kPa
22:00                                                     1405/03/31,325.8mm,0W/m2,206.3degree,19.5°C,38.5%,15.2km/h,91.0kPa
22:00                                                     1405/04/01,350.4mm,0W/m2,333.2degree,10.1°C,79.1%,4.5km/h,91.6kPa
22:00                                                     1405/04/02,350.6mm,0W/m2,242.1degree,9.0°C,87.5%,4.1km/h,91.7kPa
22:00                                                     1405/04/03,350.6mm,0W/m2,341.2degree,12.0°C,76.1%,0.9km/h,91.3kPa
22:00                                                     1405/04/04,350.6mm,0W/m2,0.3degree,16.6°C,65.9%,2.8km/h,91.2kPa
22:00                                                     1405/04/08,406.4mm,0W/m2,224.1degree,10.8°C,80.8%,6.3km/h,91.5kPa
22:00                                                     1405/04/09,406.4mm,0W/m2,330.1degree,12.5°C,80.1%,0.9km/h,91.7kPa
22:00                                                     1405/04/10,406.8mm,0W/m2,303.1degree,11.2°C,78.1%,2.0km/h,92.2kPa
22:00                                                     1405/04/11,406.8mm,0W/m2,269.9degree,15.8°C,54.4%,6.6km/h,92.2kPa
22:00                                                     1405/04/12,355.2mm,0W/m2,234.5degree,18.3°C,42.1%,3.1km/h,91.6kPa
22:00                                                     1405/04/13,355.2mm,0W/m2,312.7degree,17.5°C,55.0%,3.1km/h,91.5kPa
22:00                                                     1405/04/14,355.2mm,0W/m2,179.6degree,11.0°C,69.5%,6.0km/h,92.0kPa
22:00                                                     1405/04/15,355.2mm,0W/m2,61.1degree,12.6°C,63.5%,4.7km/h,91.8kPa
22:00                                                     1405/04/16,355.2mm,0W/m2,67.9degree,9.4°C,68.4%,7.8km/h,92.3kPa
22:00                                                     1405/04/17,355.2mm,0W/m2,332.2degree,8.9°C,63.1%,3.8km/h,92.3kPa
22:00                                                     1405/04/18,355.2mm,0W/m2,237.0degree,14.1°C,51.9%,2.5km/h,91.8kPa
22:00                                                     1405/04/19,355.2mm,0W/m2,313.3degree,19.4°C,38.6%,2.2km/h,91.3kPa
22:00                                                     1405/04/20,355.2mm,0W/m2,60.2degree,22.5°C,44.3%,9.0km/h,91.2kPa
22:00                                                     1405/04/21,355.2mm,0W/m2,201.7degree,16.3°C,65.8%,4.3km/h,91.1kPa
22:00                                                     1405/04/22,366.8mm,0W/m2,223.2degree,13.2°C,90.7%,3.1km/h,91.7kPa
22:00                                                     1405/04/23,367.4mm,0W/m2,215.7degree,18.5°C,78.2%,1.5km/h,91.5kPa
22:00                                                     1405/04/24,376.8mm,0W/m2,245.6degree,17.2°C,70.2%,1.2km/h,91.6kPa
22:00                                                     1405/04/26,376.8mm,0W/m2,333.9degree,16.1°C,57.8%,5.5km/h,91.9kPa
22:00                                                     1405/04/27,376.8mm,0W/m2,224.3degree,16.5°C,66.9%,1.8km/h,91.5kPa
22:00                                                     1405/04/28,376.8mm,0W/m2,313.9degree,19.4°C,44.3%,7.5km/h,91.6kPa
22:00                                                     1405/04/29,376.8mm,0W/m2,283.2degree,18.7°C,52.8%,3.1km/h,91.4kPa
22:00                                                     1405/04/30,376.8mm,0W/m2,5.3degree,16.2°C,67.3%,3.3km/h,91.8kPa
22:00                                                     1405/05/01,376.8mm,0W/m2,329.7degree,14.1°C,72.7%,0.8km/h,92.1kPa
22:00                                                     1405/05/02,376.8mm,0W/m2,239.6degree,17.9°C,55.6%,1.9km/h,91.8kPa
22:00                                                     1405/05/03,376.8mm,0W/m2,303.7degree,17.1°C,54.2%,3.3km/h,91.8kPa
22:00                                                     1405/05/04,376.8mm,0W/m2,248.9degree,19.8°C,35.2%,4.3km/h,91.4kPa
22:00                                                     1405/05/05,376.8mm,0W/m2,224.4degree,23.5°C,32.2%,6.0km/h,91.4kPa
22:00                                                     1405/05/06,376.8mm,0W/m2,287.2degree,25.3°C,30.3%,4.0km/h,91.1kPa
22:00                                                     1405/05/07,376.8mm,0W/m2,295.8degree,20.8°C,53.0%,1.6km/h,91.7kPa
22:00                                                     1405/05/08,376.8mm,0W/m2,322.1degree,22.9°C,42.5%,9.1km/h,91.6kPa
22:00                                                     1405/05/09,376.8mm,0W/m2,319.5degree,19.7°C,51.1%,8.3km/h,91.9kPa
22:10                                                     1405/03/21,290.2mm,0W/m2,319.4degree,17.7°C,40.5%,10.1km/h,91.4kPa
22:10                                                     1405/03/22,290.6mm,0W/m2,300.2degree,11.4°C,74.2%,4.9km/h,91.9kPa
22:10                                                     1405/03/23,290.6mm,0W/m2,52.2degree,17.7°C,42.8%,0.3km/h,91.7kPa
22:10                                                     1405/03/24,290.6mm,0W/m2,47.1degree,19.1°C,44.0%,1.9km/h,91.3kPa
22:10                                                     1405/03/25,295.0mm,0W/m2,182.1degree,13.5°C,84.4%,10.8km/h,91.1kPa
22:10                                                     1405/03/26,295.0mm,0W/m2,352.3degree,15.7°C,69.8%,2.4km/h,91.3kPa
22:10                                                     1405/03/27,297.2mm,0W/m2,320.6degree,16.4°C,73.1%,19.6km/h,90.7kPa
22:10                                                     1405/03/28,304.2mm,0W/m2,259.1degree,11.1°C,75.3%,4.0km/h,90.8kPa
22:10                                                     1405/03/30,325.8mm,0W/m2,258.7degree,17.0°C,46.2%,4.7km/h,91.2kPa
22:10                                                     1405/03/31,325.8mm,0W/m2,191.7degree,19.4°C,39.3%,22.4km/h,91.0kPa
22:10                                                     1405/04/01,350.4mm,0W/m2,357.6degree,9.9°C,79.5%,5.1km/h,91.6kPa
22:10                                                     1405/04/03,350.6mm,0W/m2,329.6degree,11.7°C,76.4%,1.2km/h,91.3kPa
22:10                                                     1405/04/04,350.6mm,0W/m2,325.2degree,16.2°C,67.7%,8.2km/h,91.1kPa
22:10                                                     1405/04/08,406.4mm,0W/m2,206.3degree,10.9°C,81.0%,9.0km/h,91.5kPa
22:10                                                     1405/04/09,406.4mm,0W/m2,90.7degree,12.7°C,77.5%,0.7km/h,91.7kPa
22:10                                                     1405/04/11,406.8mm,0W/m2,243.0degree,14.9°C,57.2%,5.6km/h,92.1kPa
22:10                                                     1405/04/12,355.2mm,0W/m2,158.3degree,18.0°C,44.1%,1.1km/h,91.6kPa
22:10                                                     1405/04/13,355.2mm,0W/m2,273.9degree,16.6°C,58.9%,3.8km/h,91.5kPa
22:10                                                     1405/04/14,355.2mm,0W/m2,129.4degree,11.0°C,68.0%,9.6km/h,91.9kPa
22:10                                                     1405/04/15,355.2mm,0W/m2,20.0degree,12.0°C,67.8%,4.0km/h,91.9kPa
22:10                                                     1405/04/16,355.2mm,0W/m2,76.6degree,9.3°C,67.6%,10.3km/h,92.2kPa
22:10                                                     1405/04/17,355.2mm,0W/m2,21.0degree,8.8°C,63.6%,5.3km/h,92.4kPa
22:10                                                     1405/04/18,355.2mm,0W/m2,222.1degree,14.0°C,52.2%,1.3km/h,91.8kPa
22:10                                                     1405/04/19,355.2mm,0W/m2,82.4degree,18.1°C,41.2%,0.8km/h,91.2kPa
22:10                                                     1405/04/20,355.2mm,0W/m2,333.1degree,22.5°C,42.8%,3.3km/h,91.2kPa
22:10                                                     1405/04/21,355.2mm,0W/m2,207.5degree,16.3°C,65.8%,6.1km/h,91.1kPa
22:10                                                     1405/04/22,366.8mm,0W/m2,184.0degree,13.1°C,91.0%,7.5km/h,91.8kPa
22:10                                                     1405/04/23,367.4mm,0W/m2,235.8degree,18.6°C,77.6%,1.8km/h,91.4kPa
22:10                                                     1405/04/24,376.8mm,0W/m2,239.7degree,17.0°C,69.1%,7.1km/h,91.6kPa
22:10                                                     1405/04/25,376.8mm,0W/m2,243.2degree,19.6°C,72.1%,5.8km/h,91.7kPa
22:10                                                     1405/04/26,376.8mm,0W/m2,339.3degree,15.9°C,58.1%,4.2km/h,91.9kPa
22:10                                                     1405/04/28,376.8mm,0W/m2,306.3degree,19.0°C,45.5%,4.3km/h,91.6kPa
22:10                                                     1405/04/29,376.8mm,0W/m2,321.1degree,18.8°C,53.4%,0.3km/h,91.4kPa
22:10                                                     1405/04/30,376.8mm,0W/m2,322.3degree,16.9°C,63.0%,16.6km/h,91.8kPa
22:10                                                     1405/05/01,376.8mm,0W/m2,292.7degree,14.1°C,72.7%,1.9km/h,92.1kPa
22:10                                                     1405/05/02,376.8mm,0W/m2,259.2degree,16.9°C,57.4%,3.1km/h,91.8kPa
22:10                                                     1405/05/03,376.8mm,0W/m2,257.0degree,16.8°C,55.8%,2.8km/h,91.8kPa
22:10                                                     1405/05/04,376.8mm,0W/m2,247.5degree,19.5°C,35.8%,2.7km/h,91.3kPa
22:10                                                     1405/05/05,376.8mm,0W/m2,244.1degree,22.9°C,33.5%,4.8km/h,91.3kPa
22:10                                                     1405/05/06,376.8mm,0W/m2,291.6degree,25.7°C,30.5%,2.4km/h,91.2kPa
22:10                                                     1405/05/07,376.8mm,0W/m2,320.4degree,20.3°C,54.3%,6.7km/h,91.7kPa
22:10                                                     1405/05/08,376.8mm,0W/m2,323.2degree,23.2°C,41.7%,11.4km/h,91.7kPa
22:10                                                     1405/05/09,376.8mm,0W/m2,346.1degree,19.8°C,49.5%,11.8km/h,91.9kPa
22:20                                                     1405/03/21,290.2mm,0W/m2,2.4degree,16.6°C,44.2%,5.1km/h,91.4kPa
22:20                                                     1405/03/22,290.6mm,0W/m2,277.1degree,11.3°C,73.3%,2.3km/h,91.9kPa
22:20                                                     1405/03/23,290.6mm,0W/m2,309.5degree,17.7°C,44.2%,5.0km/h,91.7kPa
22:20                                                     1405/03/24,290.6mm,0W/m2,359.1degree,19.2°C,44.4%,3.1km/h,91.3kPa
22:20                                                     1405/03/25,295.0mm,0W/m2,179.1degree,13.1°C,86.3%,12.2km/h,91.1kPa
22:20                                                     1405/03/26,295.0mm,0W/m2,285.4degree,15.7°C,69.4%,0.9km/h,91.3kPa
22:20                                                     1405/03/27,297.2mm,0W/m2,322.8degree,16.2°C,74.1%,10.2km/h,90.7kPa
22:20                                                     1405/03/28,304.2mm,0W/m2,253.1degree,11.2°C,75.2%,5.5km/h,90.9kPa
22:20                                                     1405/03/29,325.8mm,0W/m2,250.3degree,11.9°C,72.4%,5.2km/h,91.0kPa
22:20                                                     1405/03/30,325.8mm,0W/m2,297.0degree,16.0°C,53.0%,5.8km/h,91.2kPa
22:20                                                     1405/03/31,325.8mm,0W/m2,196.7degree,19.0°C,41.5%,19.1km/h,91.1kPa
22:20                                                     1405/04/01,350.4mm,0W/m2,355.4degree,10.0°C,78.9%,2.8km/h,91.7kPa
22:20                                                     1405/04/02,350.6mm,0W/m2,240.3degree,8.9°C,88.2%,4.3km/h,91.7kPa
22:20                                                     1405/04/03,350.6mm,0W/m2,283.7degree,11.3°C,78.7%,3.8km/h,91.3kPa
22:20                                                     1405/04/04,350.6mm,0W/m2,320.1degree,16.1°C,69.0%,6.4km/h,91.1kPa
22:20                                                     1405/04/08,406.4mm,0W/m2,219.1degree,10.8°C,81.3%,8.8km/h,91.5kPa
22:20                                                     1405/04/09,406.4mm,0W/m2,219.6degree,12.7°C,79.1%,4.5km/h,91.7kPa
22:20                                                     1405/04/10,406.8mm,0W/m2,277.0degree,10.9°C,79.9%,2.4km/h,92.2kPa
22:20                                                     1405/04/11,406.8mm,0W/m2,245.9degree,15.2°C,55.2%,7.2km/h,92.1kPa
22:20                                                     1405/04/12,355.2mm,0W/m2,256.8degree,17.4°C,46.4%,1.0km/h,91.7kPa
22:20                                                     1405/04/13,355.2mm,0W/m2,270.7degree,16.2°C,61.6%,1.6km/h,91.5kPa
22:20                                                     1405/04/14,355.2mm,0W/m2,174.9degree,11.1°C,67.4%,5.0km/h,92.0kPa
22:20                                                     1405/04/15,355.2mm,0W/m2,56.3degree,12.5°C,64.9%,4.7km/h,91.8kPa
22:20                                                     1405/04/16,355.2mm,0W/m2,59.8degree,9.3°C,67.2%,9.8km/h,92.2kPa
22:20                                                     1405/04/17,355.2mm,0W/m2,324.0degree,8.9°C,63.4%,2.5km/h,92.4kPa
22:20                                                     1405/04/18,355.2mm,0W/m2,281.7degree,13.8°C,52.1%,2.3km/h,91.8kPa
22:20                                                     1405/04/19,355.2mm,0W/m2,284.1degree,18.0°C,42.6%,0.8km/h,91.3kPa
22:20                                                     1405/04/20,355.2mm,0W/m2,81.4degree,22.7°C,41.0%,0.9km/h,91.2kPa
22:20                                                     1405/04/21,355.2mm,0W/m2,212.2degree,16.3°C,65.9%,5.4km/h,91.1kPa
22:20                                                     1405/04/22,366.8mm,0W/m2,182.7degree,13.0°C,91.0%,5.2km/h,91.8kPa
22:20                                                     1405/04/23,367.4mm,0W/m2,339.3degree,18.0°C,80.1%,0.6km/h,91.5kPa
22:20                                                     1405/04/24,376.8mm,0W/m2,203.1degree,16.9°C,69.7%,1.7km/h,91.6kPa
22:20                                                     1405/04/25,376.8mm,0W/m2,232.2degree,20.7°C,63.0%,4.1km/h,91.7kPa
22:20                                                     1405/04/26,376.8mm,0W/m2,5.3degree,15.9°C,57.5%,0.0km/h,91.8kPa
22:20                                                     1405/04/27,376.8mm,0W/m2,240.4degree,16.8°C,65.0%,3.2km/h,91.5kPa
22:20                                                     1405/04/28,376.8mm,0W/m2,313.4degree,18.8°C,46.3%,6.2km/h,91.6kPa
22:20                                                     1405/04/29,376.8mm,0W/m2,254.1degree,17.8°C,56.1%,1.6km/h,91.4kPa
22:20                                                     1405/04/30,376.8mm,0W/m2,338.1degree,17.7°C,62.2%,19.8km/h,91.9kPa
22:20                                                     1405/05/01,376.8mm,0W/m2,125.8degree,14.1°C,72.8%,0.6km/h,92.1kPa
22:20                                                     1405/05/03,376.8mm,0W/m2,350.0degree,16.3°C,57.5%,2.1km/h,91.8kPa
22:20                                                     1405/05/04,376.8mm,0W/m2,252.3degree,19.0°C,36.9%,2.7km/h,91.3kPa
22:20                                                     1405/05/05,376.8mm,0W/m2,236.0degree,23.7°C,31.4%,4.9km/h,91.4kPa
22:20                                                     1405/05/06,376.8mm,0W/m2,290.2degree,24.7°C,31.6%,1.8km/h,91.1kPa
22:20                                                     1405/05/07,376.8mm,0W/m2,315.0degree,20.0°C,55.6%,2.4km/h,91.7kPa
22:20                                                     1405/05/08,376.8mm,0W/m2,319.1degree,23.3°C,41.3%,14.0km/h,91.7kPa
22:20                                                     1405/05/09,376.8mm,0W/m2,322.7degree,20.0°C,48.1%,7.2km/h,92.0kPa
22:20                                                     1405/05/10,378.4mm,0W/m2,326.1degree,16.6°C,67.3%,8.2km/h,92.3kPa
22:30                                                     1405/03/21,290.2mm,0W/m2,335.6degree,16.0°C,46.0%,4.8km/h,91.3kPa
22:30                                                     1405/03/22,290.6mm,0W/m2,288.2degree,10.9°C,74.7%,2.3km/h,91.9kPa
22:30                                                     1405/03/23,290.6mm,0W/m2,313.9degree,17.7°C,45.4%,3.5km/h,91.7kPa
22:30                                                     1405/03/24,290.6mm,0W/m2,293.6degree,18.4°C,48.8%,2.6km/h,91.2kPa
22:30                                                     1405/03/25,295.0mm,0W/m2,172.4degree,13.3°C,85.5%,8.7km/h,91.1kPa
22:30                                                     1405/03/26,295.0mm,0W/m2,299.1degree,16.0°C,68.8%,0.8km/h,91.3kPa
22:30                                                     1405/03/27,297.2mm,0W/m2,349.5degree,16.1°C,75.5%,5.5km/h,90.7kPa
22:30                                                     1405/03/28,304.2mm,0W/m2,237.7degree,10.9°C,76.2%,0.6km/h,90.9kPa
22:30                                                     1405/04/01,350.4mm,0W/m2,31.5degree,9.9°C,78.9%,2.5km/h,91.6kPa
22:30                                                     1405/04/03,350.6mm,0W/m2,45.7degree,11.3°C,78.4%,2.6km/h,91.3kPa
22:30                                                     1405/04/04,350.6mm,0W/m2,323.6degree,16.4°C,67.7%,7.5km/h,91.2kPa
22:30                                                     1405/04/08,406.4mm,0W/m2,222.7degree,10.9°C,81.2%,3.1km/h,91.5kPa
22:30                                                     1405/04/09,406.4mm,0W/m2,328.0degree,12.8°C,78.5%,9.4km/h,91.7kPa
22:30                                                     1405/04/11,406.8mm,0W/m2,249.4degree,14.7°C,57.8%,6.0km/h,92.1kPa
22:30                                                     1405/04/12,355.2mm,0W/m2,255.6degree,17.1°C,44.6%,4.0km/h,91.6kPa
22:30                                                     1405/04/13,355.2mm,0W/m2,346.1degree,16.0°C,62.2%,2.1km/h,91.5kPa
22:30                                                     1405/04/14,355.2mm,0W/m2,150.6degree,10.8°C,68.4%,3.1km/h,92.0kPa
22:30                                                     1405/04/15,355.2mm,0W/m2,76.7degree,13.0°C,60.5%,5.6km/h,91.8kPa
22:30                                                     1405/04/16,355.2mm,0W/m2,63.4degree,9.1°C,67.5%,5.0km/h,92.2kPa
22:30                                                     1405/04/17,355.2mm,0W/m2,6.9degree,8.8°C,64.3%,0.0km/h,92.4kPa
22:30                                                     1405/04/18,355.2mm,0W/m2,214.5degree,13.7°C,55.7%,0.8km/h,91.8kPa
22:30                                                     1405/04/19,355.2mm,0W/m2,306.3degree,16.9°C,45.9%,0.6km/h,91.2kPa
22:30                                                     1405/04/20,355.2mm,0W/m2,206.7degree,22.2°C,44.4%,5.8km/h,91.2kPa
22:30                                                     1405/04/21,355.2mm,0W/m2,218.1degree,16.3°C,65.7%,4.0km/h,91.1kPa
22:30                                                     1405/04/22,366.8mm,0W/m2,173.7degree,12.9°C,91.3%,4.6km/h,91.8kPa
22:30                                                     1405/04/23,367.4mm,0W/m2,22.6degree,17.8°C,79.8%,0.8km/h,91.4kPa
22:30                                                     1405/04/24,376.8mm,0W/m2,254.8degree,16.7°C,70.8%,5.3km/h,91.6kPa
22:30                                                     1405/04/25,376.8mm,0W/m2,98.2degree,20.8°C,64.7%,0.4km/h,91.7kPa
22:30                                                     1405/04/26,376.8mm,0W/m2,332.9degree,15.9°C,57.1%,3.7km/h,91.8kPa
22:30                                                     1405/04/27,376.8mm,0W/m2,210.1degree,16.7°C,65.1%,2.4km/h,91.5kPa
22:30                                                     1405/04/28,376.8mm,0W/m2,314.4degree,18.7°C,46.1%,9.4km/h,91.6kPa
22:30                                                     1405/04/29,376.8mm,0W/m2,243.0degree,17.7°C,57.4%,3.5km/h,91.4kPa
22:30                                                     1405/04/30,376.8mm,0W/m2,339.1degree,17.1°C,60.3%,21.6km/h,91.8kPa
22:30                                                     1405/05/01,376.8mm,0W/m2,242.2degree,13.9°C,73.7%,3.0km/h,92.1kPa
22:30                                                     1405/05/02,376.8mm,0W/m2,249.9degree,16.7°C,59.6%,3.3km/h,91.8kPa
22:30                                                     1405/05/03,376.8mm,0W/m2,341.4degree,16.2°C,57.9%,0.8km/h,91.8kPa
22:30                                                     1405/05/04,376.8mm,0W/m2,255.9degree,19.0°C,36.9%,2.7km/h,91.3kPa
22:30                                                     1405/05/05,376.8mm,0W/m2,296.1degree,23.8°C,33.2%,0.7km/h,91.4kPa
22:30                                                     1405/05/06,376.8mm,0W/m2,260.5degree,24.8°C,29.4%,5.3km/h,91.1kPa
22:30                                                     1405/05/07,376.8mm,0W/m2,329.5degree,20.0°C,54.9%,8.6km/h,91.7kPa
22:30                                                     1405/05/08,376.8mm,0W/m2,328.2degree,23.5°C,40.9%,13.1km/h,91.7kPa
22:30                                                     1405/05/09,376.8mm,0W/m2,329.2degree,19.5°C,54.4%,12.1km/h,92.0kPa
22:30                                                     1405/05/10,378.4mm,0W/m2,332.7degree,16.5°C,66.8%,1.7km/h,92.2kPa
22:40                                                     1405/03/21,290.2mm,0W/m2,298.6degree,16.3°C,44.7%,5.2km/h,91.4kPa
22:40                                                     1405/03/22,290.6mm,0W/m2,264.5degree,10.6°C,75.1%,2.8km/h,91.9kPa
22:40                                                     1405/03/23,290.6mm,0W/m2,294.3degree,16.5°C,48.9%,1.6km/h,91.7kPa
22:40                                                     1405/03/24,290.6mm,0W/m2,309.8degree,18.2°C,49.0%,0.9km/h,91.2kPa
22:40                                                     1405/03/25,295.0mm,0W/m2,164.1degree,13.0°C,85.3%,8.1km/h,91.1kPa
22:40                                                     1405/03/26,295.0mm,0W/m2,270.9degree,16.3°C,66.5%,0.9km/h,91.3kPa
22:40                                                     1405/03/27,297.2mm,0W/m2,323.9degree,16.0°C,76.2%,8.8km/h,90.8kPa
22:40                                                     1405/03/28,304.2mm,0W/m2,263.5degree,10.6°C,77.5%,3.3km/h,90.8kPa
22:40                                                     1405/03/29,325.8mm,0W/m2,261.0degree,12.1°C,71.6%,4.3km/h,91.0kPa
22:40                                                     1405/03/30,325.8mm,0W/m2,259.8degree,16.0°C,55.1%,2.2km/h,91.3kPa
22:40                                                     1405/03/31,325.8mm,0W/m2,179.5degree,19.3°C,40.6%,19.5km/h,91.0kPa
22:40                                                     1405/04/01,350.4mm,0W/m2,18.6degree,9.9°C,78.8%,4.2km/h,91.6kPa
22:40                                                     1405/04/02,350.6mm,0W/m2,284.5degree,9.1°C,88.1%,2.0km/h,91.7kPa
22:40                                                     1405/04/03,350.6mm,0W/m2,296.1degree,11.5°C,79.1%,2.4km/h,91.3kPa
22:40                                                     1405/04/08,406.4mm,0W/m2,231.7degree,10.8°C,81.5%,1.8km/h,91.4kPa
22:40                                                     1405/04/09,406.4mm,0W/m2,303.5degree,13.0°C,73.2%,6.2km/h,91.8kPa
22:40                                                     1405/04/10,406.8mm,0W/m2,293.6degree,10.8°C,81.4%,4.8km/h,92.2kPa
22:40                                                     1405/04/11,406.8mm,0W/m2,238.8degree,14.7°C,58.7%,4.0km/h,92.1kPa
22:40                                                     1405/04/12,355.2mm,0W/m2,236.9degree,17.1°C,46.2%,4.2km/h,91.6kPa
22:40                                                     1405/04/13,355.2mm,0W/m2,332.3degree,16.0°C,61.7%,2.1km/h,91.5kPa
22:40                                                     1405/04/14,355.2mm,0W/m2,171.5degree,10.8°C,68.1%,3.1km/h,92.0kPa
22:40                                                     1405/04/15,355.2mm,0W/m2,153.5degree,12.6°C,62.8%,3.1km/h,91.8kPa
22:40                                                     1405/04/16,355.2mm,0W/m2,71.4degree,8.9°C,68.5%,5.1km/h,92.3kPa
22:40                                                     1405/04/17,355.2mm,0W/m2,333.7degree,8.6°C,64.6%,5.0km/h,92.4kPa
22:40                                                     1405/04/18,355.2mm,0W/m2,268.9degree,13.7°C,55.0%,2.4km/h,91.8kPa
22:40                                                     1405/04/19,355.2mm,0W/m2,114.4degree,16.8°C,45.7%,1.2km/h,91.2kPa
22:40                                                     1405/04/20,355.2mm,0W/m2,323.9degree,21.8°C,47.7%,2.5km/h,91.3kPa
22:40                                                     1405/04/21,355.2mm,0W/m2,188.8degree,16.3°C,65.9%,3.4km/h,91.1kPa
22:40                                                     1405/04/22,366.8mm,0W/m2,188.4degree,12.7°C,91.6%,6.9km/h,91.8kPa
22:40                                                     1405/04/23,367.4mm,0W/m2,29.8degree,17.5°C,81.3%,0.8km/h,91.4kPa
22:40                                                     1405/04/24,376.8mm,0W/m2,259.5degree,16.7°C,70.6%,6.4km/h,91.6kPa
22:40                                                     1405/04/25,376.8mm,0W/m2,224.7degree,21.2°C,54.0%,8.6km/h,91.6kPa
22:40                                                     1405/04/26,376.8mm,0W/m2,321.0degree,15.7°C,58.2%,8.5km/h,91.8kPa
22:40                                                     1405/04/27,376.8mm,0W/m2,253.1degree,17.0°C,64.2%,2.1km/h,91.5kPa
22:40                                                     1405/04/28,376.8mm,0W/m2,319.2degree,18.6°C,46.3%,7.5km/h,91.6kPa
22:40                                                     1405/04/29,376.8mm,0W/m2,237.5degree,17.4°C,58.3%,2.6km/h,91.4kPa
22:40                                                     1405/04/30,376.8mm,0W/m2,346.7degree,16.3°C,62.3%,11.3km/h,91.8kPa
22:40                                                     1405/05/01,376.8mm,0W/m2,160.6degree,13.8°C,73.9%,2.8km/h,92.0kPa
22:40                                                     1405/05/02,376.8mm,0W/m2,271.1degree,16.0°C,62.7%,4.6km/h,91.8kPa
22:40                                                     1405/05/03,376.8mm,0W/m2,119.7degree,16.0°C,58.9%,0.5km/h,91.8kPa
22:40                                                     1405/05/04,376.8mm,0W/m2,267.4degree,18.9°C,37.9%,3.2km/h,91.3kPa
22:40                                                     1405/05/05,376.8mm,0W/m2,269.7degree,23.7°C,31.4%,0.1km/h,91.3kPa
22:40                                                     1405/05/06,376.8mm,0W/m2,252.2degree,26.2°C,27.0%,5.4km/h,91.2kPa
22:40                                                     1405/05/07,376.8mm,0W/m2,317.1degree,19.9°C,56.4%,3.7km/h,91.7kPa
22:40                                                     1405/05/08,376.8mm,0W/m2,4.5degree,23.5°C,40.9%,4.2km/h,91.7kPa
22:40                                                     1405/05/09,376.8mm,0W/m2,328.5degree,17.8°C,65.4%,4.5km/h,92.0kPa
22:50                                                     1405/03/21,290.2mm,0W/m2,316.9degree,16.2°C,44.9%,5.2km/h,91.4kPa
22:50                                                     1405/03/22,290.6mm,0W/m2,299.1degree,10.7°C,74.8%,1.8km/h,91.9kPa
22:50                                                     1405/03/23,290.6mm,0W/m2,340.1degree,16.7°C,49.2%,0.9km/h,91.7kPa
22:50                                                     1405/03/24,290.6mm,0W/m2,310.9degree,18.4°C,47.2%,2.1km/h,91.2kPa
22:50                                                     1405/03/25,295.0mm,0W/m2,136.6degree,12.9°C,85.7%,2.3km/h,91.1kPa
22:50                                                     1405/03/26,295.0mm,0W/m2,256.3degree,17.0°C,62.4%,3.8km/h,91.3kPa
22:50                                                     1405/03/27,297.4mm,0W/m2,319.1degree,15.9°C,78.5%,14.0km/h,90.8kPa
22:50                                                     1405/03/28,304.2mm,0W/m2,234.6degree,11.3°C,73.3%,4.1km/h,90.9kPa
22:50                                                     1405/03/30,325.8mm,0W/m2,259.4degree,15.7°C,52.6%,0.4km/h,91.2kPa
22:50                                                     1405/03/31,325.8mm,0W/m2,190.6degree,19.0°C,41.3%,21.5km/h,91.0kPa
22:50                                                     1405/04/01,350.4mm,0W/m2,354.6degree,9.9°C,78.6%,3.1km/h,91.6kPa
22:50                                                     1405/04/03,350.6mm,0W/m2,311.8degree,11.5°C,77.9%,2.5km/h,91.3kPa
22:50                                                     1405/04/08,406.4mm,0W/m2,228.8degree,10.9°C,80.9%,5.2km/h,91.5kPa
22:50                                                     1405/04/09,406.4mm,0W/m2,266.7degree,13.6°C,69.9%,1.4km/h,91.8kPa
22:50                                                     1405/04/11,406.8mm,0W/m2,251.7degree,14.2°C,61.5%,4.7km/h,92.1kPa
22:50                                                     1405/04/12,355.2mm,0W/m2,236.1degree,16.9°C,48.2%,5.7km/h,91.7kPa
22:50                                                     1405/04/13,355.2mm,0W/m2,275.2degree,16.1°C,61.5%,0.2km/h,91.4kPa
22:50                                                     1405/04/14,355.2mm,0W/m2,201.2degree,10.3°C,70.2%,6.8km/h,92.0kPa
22:50                                                     1405/04/15,355.2mm,0W/m2,56.8degree,12.0°C,65.3%,4.6km/h,91.8kPa
22:50                                                     1405/04/16,355.2mm,0W/m2,51.9degree,8.9°C,67.5%,5.3km/h,92.2kPa
22:50                                                     1405/04/17,355.2mm,0W/m2,330.3degree,8.7°C,64.3%,4.2km/h,92.4kPa
22:50                                                     1405/04/18,355.2mm,0W/m2,238.6degree,13.8°C,52.2%,3.5km/h,91.7kPa
22:50                                                     1405/04/19,355.2mm,0W/m2,267.7degree,16.9°C,43.4%,3.2km/h,91.2kPa
22:50                                                     1405/04/20,355.2mm,0W/m2,62.5degree,21.8°C,42.8%,1.0km/h,91.2kPa
22:50                                                     1405/04/21,355.2mm,0W/m2,228.7degree,16.3°C,65.9%,3.7km/h,91.1kPa
22:50                                                     1405/04/22,366.8mm,0W/m2,208.4degree,12.7°C,92.0%,6.9km/h,91.8kPa
22:50                                                     1405/04/23,367.4mm,0W/m2,261.4degree,17.4°C,81.7%,0.3km/h,91.4kPa
22:50                                                     1405/04/24,376.8mm,0W/m2,257.9degree,16.5°C,71.1%,6.9km/h,91.6kPa
22:50                                                     1405/04/25,376.8mm,0W/m2,155.7degree,23.9°C,40.4%,2.1km/h,91.5kPa
22:50                                                     1405/04/26,376.8mm,0W/m2,323.3degree,15.4°C,59.9%,2.2km/h,91.9kPa
22:50                                                     1405/04/27,376.8mm,0W/m2,226.7degree,17.0°C,63.3%,3.0km/h,91.5kPa
22:50                                                     1405/04/28,376.8mm,0W/m2,315.4degree,18.2°C,48.1%,3.2km/h,91.6kPa
22:50                                                     1405/04/29,376.8mm,0W/m2,261.7degree,18.0°C,55.1%,4.5km/h,91.4kPa
22:50                                                     1405/04/30,376.8mm,0W/m2,347.6degree,16.0°C,63.3%,22.3km/h,91.8kPa
22:50                                                     1405/05/01,376.8mm,0W/m2,168.3degree,13.8°C,73.7%,4.7km/h,92.0kPa
22:50                                                     1405/05/02,376.8mm,0W/m2,280.0degree,16.4°C,61.7%,5.3km/h,91.8kPa
22:50                                                     1405/05/03,376.8mm,0W/m2,300.5degree,15.6°C,59.6%,1.3km/h,91.8kPa
22:50                                                     1405/05/04,376.8mm,0W/m2,250.9degree,18.7°C,37.7%,4.8km/h,91.3kPa
22:50                                                     1405/05/05,376.8mm,0W/m2,245.5degree,25.0°C,28.6%,4.4km/h,91.4kPa
22:50                                                     1405/05/06,376.8mm,0W/m2,316.7degree,23.5°C,32.8%,3.0km/h,91.0kPa
22:50                                                     1405/05/07,376.8mm,0W/m2,320.1degree,19.7°C,56.4%,7.1km/h,91.7kPa
22:50                                                     1405/05/08,376.8mm,0W/m2,346.4degree,23.2°C,41.3%,3.7km/h,91.6kPa
22:50                                                     1405/05/09,376.8mm,0W/m2,318.5degree,17.3°C,68.6%,16.8km/h,92.0kPa
22:50                                                     1405/05/10,378.4mm,0W/m2,322.6degree,16.1°C,68.3%,8.3km/h,92.3kPa
23:00                                                     1405/03/21,290.2mm,0W/m2,306.1degree,16.0°C,45.5%,5.9km/h,91.4kPa
23:00                                                     1405/03/22,290.6mm,0W/m2,313.4degree,11.5°C,69.9%,6.2km/h,91.8kPa
23:00                                                     1405/03/23,290.6mm,0W/m2,293.8degree,16.8°C,46.9%,1.0km/h,91.7kPa
23:00                                                     1405/03/24,290.6mm,0W/m2,34.9degree,18.4°C,46.7%,0.6km/h,91.2kPa
23:00                                                     1405/03/25,295.0mm,0W/m2,59.7degree,12.7°C,86.0%,1.0km/h,91.1kPa
23:00                                                     1405/03/26,295.0mm,0W/m2,252.4degree,17.3°C,61.2%,4.4km/h,91.3kPa
23:00                                                     1405/03/27,297.4mm,0W/m2,286.0degree,15.5°C,81.4%,9.0km/h,90.8kPa
23:00                                                     1405/03/28,304.2mm,0W/m2,314.2degree,13.0°C,61.1%,1.6km/h,91.0kPa
23:00                                                     1405/03/29,325.8mm,0W/m2,271.9degree,12.1°C,71.7%,2.6km/h,91.0kPa
23:00                                                     1405/03/30,325.8mm,0W/m2,305.9degree,16.2°C,50.5%,0.0km/h,91.2kPa
23:00                                                     1405/03/31,325.8mm,0W/m2,183.2degree,19.2°C,40.9%,12.6km/h,91.0kPa
23:00                                                     1405/04/01,350.4mm,0W/m2,33.1degree,9.8°C,78.4%,5.0km/h,91.6kPa
23:00                                                     1405/04/02,350.6mm,0W/m2,256.8degree,9.3°C,87.3%,3.1km/h,91.7kPa
23:00                                                     1405/04/03,350.6mm,0W/m2,295.8degree,11.1°C,79.5%,1.3km/h,91.3kPa
23:00                                                     1405/04/08,406.4mm,0W/m2,38.4degree,11.0°C,80.3%,1.2km/h,91.5kPa
23:00                                                     1405/04/09,406.4mm,0W/m2,15.2degree,13.7°C,69.2%,1.5km/h,91.8kPa
23:00                                                     1405/04/10,406.8mm,0W/m2,306.6degree,10.8°C,81.2%,2.0km/h,92.2kPa
23:00                                                     1405/04/11,406.8mm,0W/m2,264.0degree,13.7°C,63.7%,4.5km/h,92.1kPa
23:00                                                     1405/04/12,355.2mm,0W/m2,239.3degree,16.3°C,51.5%,5.1km/h,91.7kPa
23:00                                                     1405/04/13,355.2mm,0W/m2,291.6degree,16.3°C,60.0%,4.0km/h,91.5kPa
23:00                                                     1405/04/14,355.2mm,0W/m2,187.5degree,10.1°C,71.5%,6.5km/h,91.9kPa
23:00                                                     1405/04/15,355.2mm,0W/m2,83.1degree,12.1°C,65.3%,6.6km/h,91.8kPa
23:00                                                     1405/04/16,355.2mm,0W/m2,22.1degree,8.5°C,69.0%,8.1km/h,92.3kPa
23:00                                                     1405/04/17,355.2mm,0W/m2,180.9degree,8.2°C,67.9%,0.0km/h,92.4kPa
23:00                                                     1405/04/18,355.2mm,0W/m2,259.1degree,13.6°C,53.3%,4.1km/h,91.8kPa
23:00                                                     1405/04/19,355.2mm,0W/m2,241.1degree,17.8°C,40.4%,2.7km/h,91.2kPa
23:00                                                     1405/04/20,355.2mm,0W/m2,319.4degree,21.8°C,45.8%,3.1km/h,91.2kPa
23:00                                                     1405/04/21,355.2mm,0W/m2,203.2degree,16.3°C,65.9%,5.3km/h,91.1kPa
23:00                                                     1405/04/22,366.8mm,0W/m2,217.5degree,12.7°C,91.9%,4.1km/h,91.8kPa
23:00                                                     1405/04/23,367.4mm,0W/m2,350.2degree,16.5°C,82.3%,1.5km/h,91.4kPa
23:00                                                     1405/04/24,376.8mm,0W/m2,261.6degree,16.6°C,68.8%,7.7km/h,91.6kPa
23:00                                                     1405/04/26,376.8mm,0W/m2,21.1degree,15.2°C,60.9%,2.1km/h,91.9kPa
23:00                                                     1405/04/27,376.8mm,0W/m2,239.9degree,17.2°C,61.9%,2.0km/h,91.5kPa
23:00                                                     1405/04/28,376.8mm,0W/m2,323.1degree,18.1°C,48.6%,1.4km/h,91.6kPa
23:00                                                     1405/04/29,376.8mm,0W/m2,264.5degree,18.2°C,54.8%,3.8km/h,91.4kPa
23:00                                                     1405/05/01,376.8mm,0W/m2,119.2degree,13.7°C,73.8%,4.7km/h,92.0kPa
23:00                                                     1405/05/02,376.8mm,0W/m2,245.6degree,16.0°C,63.2%,2.3km/h,91.8kPa
23:00                                                     1405/05/03,376.8mm,0W/m2,330.2degree,15.9°C,58.2%,0.0km/h,91.8kPa
23:00                                                     1405/05/04,376.8mm,0W/m2,256.9degree,18.7°C,37.6%,3.7km/h,91.3kPa
23:00                                                     1405/05/05,376.8mm,0W/m2,283.4degree,24.8°C,31.5%,1.4km/h,91.4kPa
23:00                                                     1405/05/06,376.8mm,0W/m2,251.4degree,24.3°C,30.1%,4.5km/h,91.1kPa
23:00                                                     1405/05/07,376.8mm,0W/m2,326.0degree,19.7°C,56.3%,2.7km/h,91.7kPa
23:00                                                     1405/05/08,376.8mm,0W/m2,323.6degree,23.1°C,40.9%,10.7km/h,91.6kPa
23:00                                                     1405/05/09,376.8mm,0W/m2,325.5degree,17.4°C,67.7%,10.7km/h,92.0kPa
23:00                                                     1405/05/10,378.4mm,0W/m2,316.3degree,16.3°C,67.0%,5.7km/h,92.2kPa
23:10                                                     1405/03/21,290.2mm,0W/m2,155.6degree,14.7°C,49.4%,5.8km/h,91.3kPa
23:10                                                     1405/03/22,290.6mm,0W/m2,294.6degree,11.0°C,71.5%,2.4km/h,91.8kPa
23:10                                                     1405/03/23,290.6mm,0W/m2,276.8degree,17.0°C,49.2%,0.2km/h,91.7kPa
23:10                                                     1405/03/24,290.6mm,0W/m2,38.3degree,19.2°C,42.5%,4.4km/h,91.2kPa
23:10                                                     1405/03/25,295.0mm,0W/m2,148.8degree,12.5°C,86.7%,4.2km/h,91.1kPa
23:10                                                     1405/03/26,295.0mm,0W/m2,229.8degree,17.1°C,60.7%,5.3km/h,91.3kPa
23:10                                                     1405/03/27,297.4mm,0W/m2,290.4degree,15.8°C,80.5%,6.0km/h,90.8kPa
23:10                                                     1405/03/28,304.2mm,0W/m2,251.8degree,11.4°C,70.5%,4.2km/h,91.0kPa
23:10                                                     1405/03/30,325.8mm,0W/m2,308.8degree,15.9°C,51.7%,0.8km/h,91.2kPa
23:10                                                     1405/03/31,325.8mm,0W/m2,189.2degree,18.9°C,41.7%,16.3km/h,91.0kPa
23:10                                                     1405/04/01,350.4mm,0W/m2,340.2degree,9.8°C,78.0%,1.0km/h,91.6kPa
23:10                                                     1405/04/03,350.6mm,0W/m2,303.2degree,11.5°C,78.1%,2.6km/h,91.3kPa
23:10                                                     1405/04/08,406.4mm,0W/m2,60.4degree,10.6°C,81.8%,1.4km/h,91.5kPa
23:10                                                     1405/04/09,406.4mm,0W/m2,196.8degree,13.9°C,66.1%,8.8km/h,91.8kPa
23:10                                                     1405/04/11,406.8mm,0W/m2,273.0degree,14.1°C,60.8%,6.6km/h,92.1kPa
23:10                                                     1405/04/12,355.2mm,0W/m2,250.5degree,16.5°C,49.6%,2.4km/h,91.7kPa
23:10                                                     1405/04/13,355.2mm,0W/m2,29.0degree,16.5°C,59.8%,4.0km/h,91.5kPa
23:10                                                     1405/04/14,355.2mm,0W/m2,199.1degree,9.9°C,72.2%,3.3km/h,91.9kPa
23:10                                                     1405/04/15,355.2mm,0W/m2,108.6degree,12.1°C,64.9%,8.3km/h,91.8kPa
23:10                                                     1405/04/16,355.2mm,0W/m2,58.1degree,8.4°C,68.8%,5.1km/h,92.3kPa
23:10                                                     1405/04/17,355.2mm,0W/m2,324.6degree,8.2°C,67.7%,4.3km/h,92.4kPa
23:10                                                     1405/04/18,355.2mm,0W/m2,244.9degree,13.7°C,53.0%,4.8km/h,91.8kPa
23:10                                                     1405/04/19,355.2mm,0W/m2,281.5degree,18.0°C,39.8%,5.2km/h,91.2kPa
23:10                                                     1405/04/20,355.2mm,0W/m2,205.7degree,22.7°C,41.3%,6.8km/h,91.2kPa
23:10                                                     1405/04/21,355.2mm,0W/m2,199.7degree,15.8°C,67.7%,8.9km/h,91.1kPa
23:10                                                     1405/04/22,366.8mm,0W/m2,204.6degree,12.4°C,92.1%,7.7km/h,91.8kPa
23:10                                                     1405/04/23,367.4mm,0W/m2,327.7degree,15.8°C,85.3%,1.4km/h,91.4kPa
23:10                                                     1405/04/24,376.8mm,0W/m2,286.5degree,17.0°C,66.3%,7.9km/h,91.6kPa
23:10                                                     1405/04/26,376.8mm,0W/m2,305.4degree,15.0°C,61.6%,1.1km/h,91.9kPa
23:10                                                     1405/04/27,376.8mm,0W/m2,286.8degree,17.2°C,62.6%,2.6km/h,91.5kPa
23:10                                                     1405/04/28,376.8mm,0W/m2,307.8degree,17.8°C,49.6%,3.9km/h,91.7kPa
23:10                                                     1405/04/29,376.8mm,0W/m2,283.6degree,18.0°C,57.0%,1.8km/h,91.4kPa
23:10                                                     1405/04/30,376.8mm,0W/m2,345.5degree,16.8°C,60.0%,15.0km/h,91.7kPa
23:10                                                     1405/05/01,376.8mm,0W/m2,111.0degree,13.4°C,75.0%,6.0km/h,91.9kPa
23:10                                                     1405/05/02,376.8mm,0W/m2,277.5degree,15.7°C,64.4%,3.2km/h,91.8kPa
23:10                                                     1405/05/03,376.8mm,0W/m2,14.5degree,15.9°C,58.9%,0.3km/h,91.8kPa
23:10                                                     1405/05/04,376.8mm,0W/m2,255.1degree,19.1°C,36.9%,6.1km/h,91.3kPa
23:10                                                     1405/05/05,376.8mm,0W/m2,306.0degree,22.9°C,35.1%,3.7km/h,91.3kPa
23:10                                                     1405/05/06,376.8mm,0W/m2,265.0degree,27.3°C,25.5%,4.9km/h,91.2kPa
23:10                                                     1405/05/07,376.8mm,0W/m2,318.1degree,19.7°C,56.2%,6.9km/h,91.7kPa
23:10                                                     1405/05/08,376.8mm,0W/m2,324.1degree,23.0°C,41.7%,11.8km/h,91.6kPa
23:10                                                     1405/05/09,376.8mm,0W/m2,331.1degree,17.4°C,66.6%,12.1km/h,92.0kPa
23:10                                                     1405/05/10,378.4mm,0W/m2,324.3degree,16.2°C,67.4%,8.3km/h,92.3kPa
23:20                                                     1405/03/21,290.2mm,0W/m2,119.2degree,13.0°C,56.6%,12.6km/h,91.3kPa
23:20                                                     1405/03/22,290.6mm,0W/m2,296.7degree,10.8°C,72.0%,3.2km/h,91.8kPa
23:20                                                     1405/03/23,290.6mm,0W/m2,45.1degree,16.7°C,47.5%,0.0km/h,91.7kPa
23:20                                                     1405/03/24,290.6mm,0W/m2,299.9degree,19.3°C,43.8%,0.8km/h,91.2kPa
23:20                                                     1405/03/25,295.0mm,0W/m2,108.2degree,12.2°C,86.8%,6.0km/h,91.1kPa
23:20                                                     1405/03/26,295.0mm,0W/m2,228.3degree,17.9°C,57.6%,5.4km/h,91.3kPa
23:20                                                     1405/03/27,297.4mm,0W/m2,318.8degree,16.0°C,79.7%,6.1km/h,90.8kPa
23:20                                                     1405/03/28,304.2mm,0W/m2,257.3degree,10.9°C,75.1%,1.3km/h,90.9kPa
23:20                                                     1405/03/29,325.8mm,0W/m2,288.6degree,11.5°C,71.0%,3.0km/h,91.0kPa
23:20                                                     1405/03/30,325.8mm,0W/m2,356.4degree,15.7°C,51.7%,3.7km/h,91.2kPa
23:20                                                     1405/03/31,325.8mm,0W/m2,188.5degree,18.6°C,42.6%,19.9km/h,91.0kPa
23:20                                                     1405/04/01,350.4mm,0W/m2,17.9degree,9.9°C,77.6%,2.7km/h,91.6kPa
23:20                                                     1405/04/02,350.6mm,0W/m2,328.0degree,9.4°C,87.0%,1.1km/h,91.6kPa
23:20                                                     1405/04/03,350.6mm,0W/m2,298.4degree,11.2°C,79.4%,1.6km/h,91.3kPa
23:20                                                     1405/04/08,406.4mm,0W/m2,320.2degree,10.8°C,80.1%,2.9km/h,91.5kPa
23:20                                                     1405/04/09,406.4mm,0W/m2,209.0degree,13.4°C,70.8%,10.1km/h,91.9kPa
23:20                                                     1405/04/10,406.8mm,0W/m2,256.5degree,10.4°C,82.2%,1.9km/h,92.2kPa
23:20                                                     1405/04/11,406.8mm,0W/m2,268.7degree,13.9°C,61.7%,5.3km/h,92.1kPa
23:20                                                     1405/04/12,355.2mm,0W/m2,115.1degree,16.3°C,52.8%,2.9km/h,91.7kPa
23:20                                                     1405/04/13,355.2mm,0W/m2,16.0degree,15.2°C,66.4%,4.8km/h,91.5kPa
23:20                                                     1405/04/14,355.2mm,0W/m2,205.1degree,9.7°C,73.1%,4.6km/h,91.9kPa
23:20                                                     1405/04/15,355.2mm,0W/m2,92.8degree,12.1°C,64.7%,9.0km/h,91.8kPa
23:20                                                     1405/04/16,355.2mm,0W/m2,342.0degree,8.4°C,69.4%,0.9km/h,92.3kPa
23:20                                                     1405/04/17,355.2mm,0W/m2,194.2degree,8.2°C,68.2%,1.7km/h,92.4kPa
23:20                                                     1405/04/18,355.2mm,0W/m2,252.2degree,13.2°C,55.1%,4.3km/h,91.8kPa
23:20                                                     1405/04/19,355.2mm,0W/m2,325.1degree,17.2°C,44.4%,2.6km/h,91.2kPa
23:20                                                     1405/04/20,355.2mm,0W/m2,161.2degree,21.7°C,47.6%,7.7km/h,91.3kPa
23:20                                                     1405/04/21,355.2mm,0W/m2,181.3degree,15.4°C,68.7%,8.7km/h,91.1kPa
23:20                                                     1405/04/22,366.8mm,0W/m2,181.4degree,12.3°C,92.3%,8.4km/h,91.8kPa
23:20                                                     1405/04/23,367.4mm,0W/m2,329.4degree,15.6°C,86.7%,1.6km/h,91.4kPa
23:20                                                     1405/04/24,376.8mm,0W/m2,269.8degree,17.4°C,64.9%,7.9km/h,91.6kPa
23:20                                                     1405/04/26,376.8mm,0W/m2,357.8degree,14.9°C,62.6%,2.1km/h,91.9kPa
23:20                                                     1405/04/27,376.8mm,0W/m2,274.9degree,17.3°C,62.6%,1.5km/h,91.5kPa
23:20                                                     1405/04/28,376.8mm,0W/m2,317.1degree,18.1°C,48.5%,6.5km/h,91.6kPa
23:20                                                     1405/04/29,376.8mm,0W/m2,291.5degree,18.1°C,55.5%,2.6km/h,91.4kPa
23:20                                                     1405/04/30,376.8mm,0W/m2,334.5degree,16.2°C,65.5%,11.5km/h,91.8kPa
23:20                                                     1405/05/01,376.8mm,0W/m2,89.1degree,13.2°C,75.7%,6.1km/h,91.9kPa
23:20                                                     1405/05/02,376.8mm,0W/m2,291.7degree,15.7°C,66.0%,0.4km/h,91.8kPa
23:20                                                     1405/05/03,376.8mm,0W/m2,345.1degree,15.9°C,58.1%,0.5km/h,91.8kPa
23:20                                                     1405/05/04,376.8mm,0W/m2,261.6degree,18.6°C,38.4%,5.4km/h,91.3kPa
23:20                                                     1405/05/05,376.8mm,0W/m2,292.0degree,22.6°C,35.0%,1.5km/h,91.3kPa
23:20                                                     1405/05/06,376.8mm,0W/m2,264.7degree,23.7°C,32.5%,3.1km/h,91.1kPa
23:20                                                     1405/05/07,376.8mm,0W/m2,311.1degree,19.5°C,56.4%,5.0km/h,91.7kPa
23:20                                                     1405/05/08,376.8mm,0W/m2,323.1degree,22.7°C,42.3%,9.7km/h,91.6kPa
23:20                                                     1405/05/09,376.8mm,0W/m2,317.6degree,17.6°C,65.6%,12.1km/h,92.0kPa
23:20                                                     1405/05/10,378.4mm,0W/m2,322.8degree,16.2°C,67.6%,3.1km/h,92.2kPa
23:30                                                     1405/03/21,290.2mm,0W/m2,114.9degree,12.7°C,57.7%,5.7km/h,91.4kPa
23:30                                                     1405/03/22,290.6mm,0W/m2,291.4degree,11.0°C,72.2%,3.1km/h,91.9kPa
23:30                                                     1405/03/23,290.6mm,0W/m2,245.7degree,16.0°C,50.9%,0.0km/h,91.6kPa
23:30                                                     1405/03/24,290.6mm,0W/m2,343.6degree,19.6°C,42.8%,2.2km/h,91.2kPa
23:30                                                     1405/03/25,295.0mm,0W/m2,120.4degree,12.1°C,87.9%,8.0km/h,91.1kPa
23:30                                                     1405/03/26,295.0mm,0W/m2,224.1degree,17.7°C,58.1%,6.8km/h,91.3kPa
23:30                                                     1405/03/27,297.4mm,0W/m2,316.2degree,16.0°C,79.9%,5.4km/h,90.8kPa
23:30                                                     1405/03/28,304.2mm,0W/m2,229.7degree,11.1°C,72.8%,5.2km/h,90.9kPa
23:30                                                     1405/03/30,325.8mm,0W/m2,161.3degree,15.9°C,50.1%,2.9km/h,91.2kPa
23:30                                                     1405/03/31,325.8mm,0W/m2,217.8degree,18.7°C,42.9%,13.1km/h,91.0kPa
23:30                                                     1405/04/01,350.4mm,0W/m2,332.9degree,10.1°C,77.7%,4.7km/h,91.6kPa
23:30                                                     1405/04/03,350.6mm,0W/m2,300.0degree,11.2°C,79.3%,1.9km/h,91.3kPa
23:30                                                     1405/04/08,406.4mm,0W/m2,312.3degree,10.2°C,83.1%,1.7km/h,91.5kPa
23:30                                                     1405/04/09,406.4mm,0W/m2,201.4degree,13.0°C,73.7%,18.9km/h,91.9kPa
23:30                                                     1405/04/11,406.8mm,0W/m2,231.7degree,14.7°C,57.2%,2.6km/h,92.1kPa
23:30                                                     1405/04/12,355.2mm,0W/m2,219.9degree,16.9°C,47.1%,4.3km/h,91.6kPa
23:30                                                     1405/04/13,355.2mm,0W/m2,327.3degree,16.1°C,61.8%,4.3km/h,91.4kPa
23:30                                                     1405/04/14,355.2mm,0W/m2,185.0degree,9.7°C,73.4%,3.3km/h,91.9kPa
23:30                                                     1405/04/15,355.2mm,0W/m2,80.3degree,12.3°C,63.5%,4.8km/h,91.8kPa
23:30                                                     1405/04/16,355.2mm,0W/m2,70.0degree,7.9°C,72.3%,3.1km/h,92.3kPa
23:30                                                     1405/04/17,355.2mm,0W/m2,327.9degree,7.9°C,68.7%,3.5km/h,92.4kPa
23:30                                                     1405/04/18,355.2mm,0W/m2,242.5degree,12.9°C,56.4%,4.4km/h,91.8kPa
23:30                                                     1405/04/19,355.2mm,0W/m2,27.0degree,17.4°C,40.5%,0.6km/h,91.1kPa
23:30                                                     1405/04/20,355.2mm,0W/m2,212.3degree,22.0°C,43.0%,7.6km/h,91.2kPa
23:30                                                     1405/04/21,355.2mm,0W/m2,191.4degree,15.2°C,68.6%,9.1km/h,91.1kPa
23:30                                                     1405/04/22,366.8mm,0W/m2,198.7degree,12.3°C,92.8%,4.0km/h,91.7kPa
23:30                                                     1405/04/23,367.4mm,0W/m2,313.2degree,15.3°C,87.5%,3.0km/h,91.4kPa
23:30                                                     1405/04/24,376.8mm,0W/m2,267.6degree,17.3°C,63.7%,2.2km/h,91.6kPa
23:30                                                     1405/04/25,376.8mm,0W/m2,181.1degree,23.9°C,42.2%,5.0km/h,91.6kPa
23:30                                                     1405/04/26,376.8mm,0W/m2,327.2degree,14.4°C,63.5%,10.1km/h,91.8kPa
23:30                                                     1405/04/27,376.8mm,0W/m2,16.7degree,16.8°C,62.6%,1.0km/h,91.5kPa
23:30                                                     1405/04/29,376.8mm,0W/m2,293.8degree,18.5°C,54.5%,3.8km/h,91.4kPa
23:30                                                     1405/05/01,376.8mm,0W/m2,92.8degree,13.3°C,75.7%,4.1km/h,91.8kPa
23:30                                                     1405/05/02,376.8mm,0W/m2,274.3degree,15.8°C,65.3%,1.1km/h,91.8kPa
23:30                                                     1405/05/03,376.8mm,0W/m2,330.2degree,16.4°C,56.5%,3.3km/h,91.8kPa
23:30                                                     1405/05/05,376.8mm,0W/m2,306.6degree,21.6°C,36.8%,3.0km/h,91.3kPa
23:30                                                     1405/05/06,376.8mm,0W/m2,265.7degree,25.3°C,26.3%,5.2km/h,91.1kPa
23:30                                                     1405/05/07,376.8mm,0W/m2,313.9degree,19.5°C,56.6%,4.9km/h,91.7kPa
23:30                                                     1405/05/08,376.8mm,0W/m2,321.8degree,22.5°C,42.7%,13.0km/h,91.6kPa
23:30                                                     1405/05/09,376.8mm,0W/m2,342.5degree,17.5°C,66.3%,5.3km/h,92.0kPa
23:40                                                     1405/03/21,290.2mm,0W/m2,159.7degree,12.3°C,59.4%,4.6km/h,91.4kPa
23:40                                                     1405/03/22,290.6mm,0W/m2,301.7degree,11.0°C,70.3%,2.9km/h,91.8kPa
23:40                                                     1405/03/23,290.6mm,0W/m2,54.6degree,15.9°C,51.1%,1.8km/h,91.7kPa
23:40                                                     1405/03/24,290.6mm,0W/m2,313.5degree,18.9°C,44.2%,1.0km/h,91.2kPa
23:40                                                     1405/03/25,295.0mm,0W/m2,99.6degree,12.0°C,88.1%,5.8km/h,91.1kPa
23:40                                                     1405/03/26,295.0mm,0W/m2,244.6degree,16.8°C,61.6%,5.6km/h,91.3kPa
23:40                                                     1405/03/27,297.4mm,0W/m2,324.7degree,15.7°C,81.4%,5.5km/h,90.8kPa
23:40                                                     1405/03/28,304.2mm,0W/m2,252.9degree,10.9°C,73.5%,3.1km/h,90.9kPa
23:40                                                     1405/03/29,325.8mm,0W/m2,271.5degree,10.7°C,74.5%,2.7km/h,91.0kPa
23:40                                                     1405/03/30,325.8mm,0W/m2,223.7degree,15.6°C,49.8%,4.9km/h,91.2kPa
23:40                                                     1405/03/31,325.8mm,0W/m2,202.4degree,18.8°C,42.6%,24.8km/h,91.0kPa
23:40                                                     1405/04/01,350.4mm,0W/m2,333.5degree,10.0°C,79.4%,4.7km/h,91.6kPa
23:40                                                     1405/04/02,350.6mm,0W/m2,289.2degree,9.1°C,86.7%,1.1km/h,91.6kPa
23:40                                                     1405/04/03,350.6mm,0W/m2,290.2degree,10.8°C,80.8%,2.3km/h,91.3kPa
23:40                                                     1405/04/08,406.4mm,0W/m2,265.5degree,9.9°C,85.1%,1.3km/h,91.5kPa
23:40                                                     1405/04/09,406.4mm,0W/m2,145.0degree,13.8°C,65.3%,3.5km/h,91.8kPa
23:40                                                     1405/04/10,406.8mm,0W/m2,273.6degree,10.9°C,79.7%,2.8km/h,92.2kPa
23:40                                                     1405/04/11,406.8mm,0W/m2,303.2degree,14.1°C,60.4%,2.2km/h,92.1kPa
23:40                                                     1405/04/12,355.2mm,0W/m2,229.2degree,16.6°C,49.6%,3.6km/h,91.6kPa
23:40                                                     1405/04/13,355.2mm,0W/m2,12.4degree,15.9°C,62.5%,1.9km/h,91.4kPa
23:40                                                     1405/04/14,355.2mm,0W/m2,186.5degree,9.6°C,73.8%,5.0km/h,91.9kPa
23:40                                                     1405/04/15,355.2mm,0W/m2,66.2degree,12.1°C,63.3%,12.2km/h,91.8kPa
23:40                                                     1405/04/16,355.2mm,0W/m2,21.5degree,8.2°C,71.6%,2.3km/h,92.3kPa
23:40                                                     1405/04/17,355.2mm,0W/m2,293.9degree,7.9°C,69.3%,1.1km/h,92.4kPa
23:40                                                     1405/04/18,355.2mm,0W/m2,268.7degree,13.2°C,56.2%,5.6km/h,91.8kPa
23:40                                                     1405/04/19,355.2mm,0W/m2,270.7degree,16.9°C,45.0%,3.2km/h,91.2kPa
23:40                                                     1405/04/20,355.2mm,0W/m2,214.0degree,22.8°C,37.9%,7.4km/h,91.1kPa
23:40                                                     1405/04/21,355.2mm,0W/m2,179.7degree,14.9°C,69.6%,6.2km/h,91.1kPa
23:40                                                     1405/04/22,366.8mm,0W/m2,211.8degree,12.1°C,92.8%,6.4km/h,91.7kPa
23:40                                                     1405/04/23,367.4mm,0W/m2,329.3degree,15.3°C,87.7%,4.4km/h,91.4kPa
23:40                                                     1405/04/24,376.8mm,0W/m2,46.5degree,16.5°C,68.6%,2.6km/h,91.6kPa
23:40                                                     1405/04/25,376.8mm,0W/m2,214.6degree,24.5°C,39.4%,6.3km/h,91.6kPa
23:40                                                     1405/04/26,376.8mm,0W/m2,324.0degree,14.5°C,63.4%,8.9km/h,91.8kPa
23:40                                                     1405/04/27,376.8mm,0W/m2,308.4degree,17.1°C,62.4%,1.5km/h,91.5kPa
23:40                                                     1405/04/28,376.8mm,0W/m2,314.4degree,18.8°C,46.4%,5.1km/h,91.6kPa
23:40                                                     1405/04/30,376.8mm,0W/m2,49.8degree,16.5°C,67.5%,12.9km/h,91.8kPa
23:40                                                     1405/05/01,376.8mm,0W/m2,101.6degree,13.4°C,74.7%,4.8km/h,91.8kPa
23:40                                                     1405/05/02,376.8mm,0W/m2,295.4degree,16.0°C,64.8%,1.3km/h,91.8kPa
23:40                                                     1405/05/03,376.8mm,0W/m2,236.9degree,16.5°C,55.7%,1.7km/h,91.8kPa
23:40                                                     1405/05/04,376.8mm,0W/m2,265.0degree,17.9°C,41.0%,4.2km/h,91.3kPa
23:40                                                     1405/05/05,376.8mm,0W/m2,292.0degree,22.2°C,34.6%,3.9km/h,91.3kPa
23:40                                                     1405/05/07,376.8mm,0W/m2,314.6degree,19.5°C,56.2%,6.7km/h,91.7kPa
23:40                                                     1405/05/08,376.8mm,0W/m2,331.9degree,22.2°C,42.9%,7.9km/h,91.6kPa
23:40                                                     1405/05/09,376.8mm,0W/m2,0.5degree,17.3°C,68.2%,5.5km/h,92.1kPa
23:40                                                     1405/05/10,378.4mm,0W/m2,316.1degree,16.7°C,66.0%,9.0km/h,92.2kPa
23:50                                                     1405/03/21,290.2mm,0W/m2,131.6degree,12.1°C,60.5%,2.5km/h,91.4kPa
23:50                                                     1405/03/22,290.6mm,0W/m2,291.5degree,10.8°C,70.7%,4.6km/h,91.8kPa
23:50                                                     1405/03/23,290.6mm,0W/m2,297.3degree,15.4°C,53.1%,2.8km/h,91.6kPa
23:50                                                     1405/03/24,290.6mm,0W/m2,306.7degree,18.6°C,46.4%,1.4km/h,91.2kPa
23:50                                                     1405/03/25,295.0mm,0W/m2,111.3degree,11.9°C,88.4%,3.3km/h,91.1kPa
23:50                                                     1405/03/26,295.0mm,0W/m2,238.5degree,15.5°C,67.4%,6.4km/h,91.3kPa
23:50                                                     1405/03/27,297.4mm,0W/m2,331.7degree,15.5°C,83.0%,3.6km/h,90.8kPa
23:50                                                     1405/03/28,304.2mm,0W/m2,264.8degree,10.8°C,74.1%,3.7km/h,90.9kPa
23:50                                                     1405/03/30,325.8mm,0W/m2,185.2degree,15.6°C,50.1%,4.1km/h,91.2kPa
23:50                                                     1405/03/31,325.8mm,0W/m2,199.9degree,18.9°C,41.7%,21.3km/h,91.0kPa
23:50                                                     1405/04/01,350.4mm,0W/m2,310.4degree,10.0°C,80.2%,5.5km/h,91.6kPa
23:50                                                     1405/04/03,350.6mm,0W/m2,327.6degree,10.7°C,81.2%,1.7km/h,91.3kPa
23:50                                                     1405/04/08,406.4mm,0W/m2,322.1degree,10.1°C,83.5%,4.9km/h,91.5kPa
23:50                                                     1405/04/09,406.4mm,0W/m2,54.1degree,14.5°C,58.9%,4.6km/h,91.7kPa
23:50                                                     1405/04/11,406.8mm,0W/m2,331.6degree,14.0°C,61.1%,1.3km/h,92.1kPa
23:50                                                     1405/04/12,355.2mm,0W/m2,250.8degree,15.9°C,52.7%,4.9km/h,91.6kPa
23:50                                                     1405/04/13,355.2mm,0W/m2,328.0degree,16.1°C,61.3%,9.1km/h,91.4kPa
23:50                                                     1405/04/14,355.2mm,0W/m2,193.4degree,9.4°C,74.6%,6.6km/h,92.0kPa
23:50                                                     1405/04/15,355.2mm,0W/m2,72.5degree,12.3°C,62.7%,10.4km/h,91.8kPa
23:50                                                     1405/04/16,355.2mm,0W/m2,27.3degree,8.3°C,70.9%,1.4km/h,92.3kPa
23:50                                                     1405/04/17,355.2mm,0W/m2,329.9degree,7.7°C,70.0%,3.5km/h,92.4kPa
23:50                                                     1405/04/18,355.2mm,0W/m2,269.5degree,12.0°C,60.0%,6.6km/h,91.8kPa
23:50                                                     1405/04/19,355.2mm,0W/m2,337.1degree,16.7°C,44.0%,0.1km/h,91.2kPa
23:50                                                     1405/04/20,355.2mm,0W/m2,330.4degree,22.5°C,41.8%,2.8km/h,91.2kPa
23:50                                                     1405/04/21,355.2mm,0W/m2,204.6degree,14.7°C,70.5%,8.0km/h,91.1kPa
23:50                                                     1405/04/22,366.8mm,0W/m2,194.8degree,12.0°C,93.0%,8.4km/h,91.7kPa
23:50                                                     1405/04/23,367.4mm,0W/m2,326.3degree,15.3°C,88.9%,3.9km/h,91.4kPa
23:50                                                     1405/04/24,376.8mm,0W/m2,9.7degree,15.7°C,73.8%,4.1km/h,91.6kPa
23:50                                                     1405/04/25,376.8mm,0W/m2,217.8degree,24.2°C,38.6%,7.8km/h,91.6kPa
23:50                                                     1405/04/26,376.8mm,0W/m2,347.0degree,14.9°C,62.3%,6.0km/h,91.8kPa
23:50                                                     1405/04/27,376.8mm,0W/m2,322.3degree,16.9°C,62.9%,0.9km/h,91.5kPa
23:50                                                     1405/04/28,376.8mm,0W/m2,323.5degree,18.8°C,45.5%,5.5km/h,91.6kPa
23:50                                                     1405/04/29,376.8mm,0W/m2,346.0degree,15.9°C,63.6%,4.1km/h,91.5kPa
23:50                                                     1405/04/30,376.8mm,0W/m2,45.3degree,16.3°C,68.8%,19.8km/h,91.8kPa
23:50                                                     1405/05/01,376.8mm,0W/m2,12.3degree,13.4°C,74.7%,2.0km/h,91.8kPa
23:50                                                     1405/05/02,376.8mm,0W/m2,213.1degree,15.7°C,65.3%,2.4km/h,91.8kPa
23:50                                                     1405/05/03,376.8mm,0W/m2,313.6degree,15.9°C,58.1%,4.8km/h,91.8kPa
23:50                                                     1405/05/04,376.8mm,0W/m2,265.2degree,18.5°C,39.6%,3.9km/h,91.3kPa
23:50                                                     1405/05/05,376.8mm,0W/m2,245.6degree,20.6°C,38.2%,3.0km/h,91.2kPa
23:50                                                     1405/05/07,376.8mm,0W/m2,319.0degree,19.5°C,56.0%,8.4km/h,91.7kPa
23:50                                                     1405/05/08,376.8mm,0W/m2,326.6degree,22.0°C,43.9%,7.1km/h,91.6kPa
23:50                                                     1405/05/09,376.8mm,0W/m2,325.8degree,16.9°C,71.1%,13.1km/h,92.0kPa
