datetime,time_clean,temp_C,humidity_pct,solar_Wm2,wind_kmh,pressure_kPa,Rn_MJ_period,G_MJ_period,ETo_mm_period,Kc,ETc_mm_period,ETo_mm_h,ETc_mm_h
2026-06-11 03:40:00,03:40,13.0,61.1,0.0,8.7,91.0,-0.014115,-0.007057,0.008026,1.050007,0.008427,0.048155,0.050563
2026-06-11 03:50:00,03:50,12.6,62.7,0.0,6.2,91.0,-0.014038,-0.007019,0.005238,1.014212,0.005312,0.031428,0.031875
2026-06-11 04:00:00,04:00,12.7,62.3,0.0,6.8,91.0,-0.014057,-0.007028,0.00591,1.02287,0.006045,0.035458,0.036269
2026-06-11 04:10:00,04:10,12.2,63.6,0.0,4.4,91.0,-0.014014,-0.007007,0.003254,0.989495,0.00322,0.019525,0.01932
2026-06-11 04:20:00,04:20,13.2,59.0,0.0,6.9,91.0,-0.014255,-0.007127,0.006751,1.037858,0.007006,0.040505,0.042038
2026-06-11 04:30:00,04:30,13.0,59.5,0.0,8.8,91.0,-0.014236,-0.007118,0.008499,1.057874,0.008991,0.050995,0.053946
2026-06-11 04:40:00,04:40,12.2,63.5,0.0,3.3,91.0,-0.014021,-0.00701,0.002115,0.977113,0.002067,0.012691,0.012401
2026-06-11 04:50:00,04:50,12.2,62.8,0.0,9.2,91.0,-0.014071,-0.007035,0.007835,1.048704,0.008216,0.047008,0.049297
2026-06-11 05:00:00,05:00,11.5,67.6,0.0,1.7,91.0,-0.01381,-0.006905,0.000121,0.941318,0.000114,0.000724,0.000682
2026-06-11 05:10:00,05:10,11.5,67.8,0.0,4.5,91.1,-0.013797,-0.006899,0.002751,0.973063,0.002677,0.016505,0.01606
2026-06-11 05:20:00,05:20,11.2,69.0,0.0,1.3,91.1,-0.01375,-0.006875,0.0,0.930798,0.0,0.0,0.0
2026-06-11 05:30:00,05:30,11.0,70.1,0.0,2.3,91.1,-0.0137,-0.00685,0.000546,0.937827,0.000512,0.003273,0.00307
2026-06-11 05:40:00,05:40,10.5,72.3,3.0,3.1,91.1,-0.000829,-0.000415,0.002436,0.93792,0.002285,0.014615,0.013707
2026-06-11 05:50:00,05:50,11.4,68.0,4.0,0.8,91.1,-0.000379,-0.00019,0.000777,0.929169,0.000722,0.004659,0.004329
2026-06-11 06:00:00,06:00,11.4,66.4,23.0,2.7,91.1,0.008723,0.000872,0.004552,0.957982,0.004361,0.027314,0.026167
2026-06-11 06:10:00,06:10,10.9,69.6,49.0,1.8,91.1,0.02123,0.002123,0.006061,0.934103,0.005661,0.036364,0.033968
2026-06-11 06:20:00,06:20,11.8,68.6,82.0,4.3,91.2,0.031561,0.003156,0.010273,0.967385,0.009938,0.061641,0.05963
2026-06-11 06:30:00,06:30,12.5,67.4,105.0,1.7,91.2,0.040109,0.004011,0.010413,0.942156,0.00981,0.062476,0.058862
2026-06-11 06:40:00,06:40,12.7,65.5,102.0,3.1,91.2,0.042449,0.004245,0.012225,0.966407,0.011815,0.073352,0.070888
2026-06-11 06:50:00,06:50,12.8,66.0,87.0,1.7,91.2,0.039464,0.003946,0.010428,0.948021,0.009886,0.062567,0.059315
2026-06-11 07:00:00,07:00,12.2,68.2,117.0,1.2,91.2,0.051393,0.005139,0.012343,0.932986,0.011516,0.074058,0.069095
2026-06-11 07:10:00,07:10,13.0,67.9,196.0,0.7,91.3,0.078438,0.007844,0.01823,0.928424,0.016925,0.109381,0.101552
2026-06-11 07:20:00,07:20,13.9,64.5,232.0,5.6,91.3,0.092723,0.009272,0.024963,0.999689,0.024955,0.149777,0.14973
2026-06-11 07:30:00,07:30,15.0,60.1,251.0,2.4,91.3,0.101467,0.010147,0.025971,0.980884,0.025475,0.155826,0.152847
2026-06-11 07:40:00,07:40,15.3,59.0,283.0,7.4,91.3,0.114932,0.011493,0.032692,1.043677,0.03412,0.196155,0.204722
2026-06-11 07:50:00,07:50,16.0,56.8,131.0,3.2,91.3,0.060527,0.006053,0.018363,1.004018,0.018437,0.11018,0.110622
2026-06-11 08:00:00,08:00,16.9,56.0,382.0,0.8,91.3,0.155169,0.015517,0.038705,0.979441,0.037909,0.23223,0.227455
2026-06-11 08:10:00,08:10,17.4,54.1,158.0,1.8,91.3,0.073476,0.007348,0.020539,0.999037,0.02052,0.123236,0.123117
2026-06-11 08:20:00,08:20,16.5,57.1,127.0,4.9,91.3,0.058622,0.005862,0.019941,1.022544,0.02039,0.119645,0.122343
2026-06-11 08:30:00,08:30,16.2,56.9,171.0,1.8,91.3,0.079733,0.007973,0.021313,0.987307,0.021042,0.127878,0.126255
2026-06-11 08:40:00,08:40,17.6,55.3,459.0,1.8,91.4,0.192842,0.019284,0.049072,0.99401,0.048778,0.294432,0.292668
2026-06-11 08:50:00,08:50,18.1,52.6,262.0,11.7,91.4,0.118009,0.011801,0.040942,1.120528,0.045877,0.245654,0.275262
2026-06-11 09:00:00,09:00,18.4,53.5,535.0,8.0,91.4,0.225838,0.022584,0.061161,1.0737,0.065669,0.366968,0.394014
2026-06-11 09:10:00,09:10,19.0,50.8,493.0,3.7,91.4,0.210578,0.021058,0.0565,1.034972,0.058476,0.339001,0.350857
2026-06-11 09:20:00,09:20,19.5,49.3,524.0,5.3,91.4,0.224081,0.022408,0.061665,1.059876,0.065358,0.369993,0.392146
2026-06-11 09:30:00,09:30,20.1,48.7,327.0,11.1,91.5,0.147002,0.0147,0.050188,1.129884,0.056706,0.301127,0.340239
2026-06-11 09:40:00,09:40,19.8,51.0,560.0,8.4,91.5,0.241512,0.024151,0.067538,1.088828,0.073537,0.405226,0.441222
2026-06-11 09:50:00,09:50,20.5,49.1,445.0,8.1,91.5,0.196089,0.019609,0.058732,1.093297,0.064211,0.35239,0.385267
2026-06-11 10:00:00,10:00,21.6,42.7,557.0,9.0,91.5,0.241181,0.024118,0.073211,1.130582,0.082771,0.439265,0.496625
2026-06-11 10:10:00,10:10,21.4,39.5,349.0,12.3,91.4,0.157925,0.015793,0.059074,1.18239,0.069848,0.354443,0.419089
2026-06-11 10:20:00,10:20,21.8,38.0,445.0,15.0,91.4,0.196989,0.019699,0.071555,1.220094,0.087304,0.42933,0.523824
2026-06-11 10:30:00,10:30,21.9,38.1,347.0,21.5,91.5,0.158112,0.015811,0.070243,1.295316,0.090987,0.421458,0.545921
2026-06-11 10:40:00,10:40,21.6,38.5,282.0,19.3,91.4,0.132248,0.013225,0.062268,1.268038,0.078959,0.37361,0.473752
2026-06-11 10:50:00,10:50,20.9,40.9,166.0,17.6,91.4,0.077144,0.007714,0.047198,1.238201,0.058441,0.283189,0.350645
2026-06-11 11:00:00,11:00,19.7,48.1,192.0,8.0,91.4,0.089744,0.008974,0.034298,1.096323,0.037602,0.205788,0.22561
2026-06-11 11:10:00,11:10,20.2,45.3,232.0,15.3,91.5,0.108901,0.01089,0.047877,1.193003,0.057118,0.287265,0.342708
2026-06-11 11:20:00,11:20,20.6,41.4,296.0,21.5,91.4,0.1391,0.01391,0.062108,1.281491,0.079591,0.372647,0.477543
2026-06-11 11:30:00,11:30,21.3,40.4,377.0,17.7,91.5,0.17253,0.017253,0.067019,1.24146,0.083201,0.402113,0.499208
2026-06-11 11:40:00,11:40,21.1,41.0,310.0,25.2,91.5,0.145202,0.01452,0.067475,1.326224,0.089487,0.404849,0.53692
2026-06-11 11:50:00,11:50,21.0,42.4,164.0,13.6,91.5,0.076219,0.007622,0.041588,1.185369,0.049297,0.249525,0.295779
2026-06-11 12:00:00,12:00,19.5,46.4,176.0,18.5,91.4,0.082027,0.008203,0.044246,1.225633,0.05423,0.265477,0.325378
2026-06-11 12:10:00,12:10,19.4,48.7,176.0,16.5,91.4,0.082068,0.008207,0.041113,1.192724,0.049037,0.246678,0.294219
2026-06-11 12:20:00,12:20,19.3,46.4,142.0,8.1,91.4,0.065703,0.00657,0.029285,1.104608,0.032349,0.175712,0.194093
2026-06-11 12:30:00,12:30,20.2,42.3,354.0,13.6,91.4,0.163699,0.01637,0.058689,1.185788,0.069592,0.352131,0.417553
2026-06-11 12:40:00,12:40,22.1,37.0,901.0,17.6,91.5,0.38791,0.038791,0.113816,1.25454,0.142786,0.682894,0.856718
2026-06-11 12:50:00,12:50,23.3,32.5,724.0,16.7,91.5,0.313978,0.031398,0.103717,1.262918,0.130986,0.622302,0.785917
2026-06-11 13:00:00,13:00,23.5,30.9,684.0,7.5,91.4,0.296994,0.029699,0.091456,1.162561,0.106323,0.548736,0.637939
2026-06-11 13:10:00,13:10,23.5,29.6,655.0,9.8,91.4,0.284539,0.028454,0.091798,1.194772,0.109677,0.550787,0.658065
2026-06-11 13:20:00,13:20,23.5,28.7,464.0,23.4,91.4,0.206829,0.020683,0.091509,1.356806,0.12416,0.549056,0.744963
2026-06-11 13:30:00,13:30,23.7,28.5,422.0,19.3,91.4,0.189584,0.018958,0.08391,1.309932,0.109917,0.503462,0.659501
2026-06-11 13:40:00,13:40,22.8,30.2,255.0,8.5,91.3,0.119633,0.011963,0.050037,1.17713,0.0589,0.300224,0.353402
2026-06-11 13:50:00,13:50,23.9,28.6,711.0,4.4,91.4,0.304826,0.030483,0.090389,1.136121,0.102693,0.542333,0.616156
2026-06-11 14:00:00,14:00,24.4,28.5,594.0,12.0,91.4,0.257296,0.02573,0.090507,1.224982,0.11087,0.543044,0.665219
2026-06-11 14:10:00,14:10,24.5,28.2,531.0,15.3,91.4,0.231374,0.023137,0.08947,1.26464,0.113147,0.53682,0.678885
2026-06-11 14:20:00,14:20,24.2,28.2,506.0,6.4,91.4,0.220677,0.022068,0.072937,1.161071,0.084685,0.437619,0.508107
2026-06-11 14:30:00,14:30,24.8,27.6,486.0,14.5,91.4,0.211905,0.021191,0.084932,1.257844,0.106832,0.509593,0.640989
2026-06-11 14:40:00,14:40,24.7,26.5,462.0,8.4,91.4,0.201355,0.020136,0.072885,1.191467,0.08684,0.437308,0.521038
2026-06-11 14:50:00,14:50,25.0,23.7,438.0,18.5,91.3,0.190474,0.019047,0.08879,1.320731,0.117267,0.532737,0.703603
2026-06-11 15:00:00,15:00,24.9,24.9,415.0,11.4,91.4,0.180875,0.018088,0.074262,1.233081,0.091571,0.445574,0.549428
2026-06-11 15:10:00,15:10,25.2,24.4,388.0,2.0,91.4,0.169399,0.01694,0.052213,1.125788,0.058781,0.31328,0.352687
2026-06-11 15:20:00,15:20,24.8,27.2,361.0,2.2,91.4,0.158501,0.01585,0.049217,1.116385,0.054945,0.295301,0.32967
2026-06-11 15:30:00,15:30,25.1,26.2,341.0,11.4,91.4,0.149673,0.014967,0.066687,1.227635,0.081867,0.400122,0.491204
2026-06-11 15:40:00,15:40,25.3,23.8,309.0,1.6,91.3,0.136156,0.013616,0.042313,1.123646,0.047545,0.25388,0.285271
2026-06-11 15:50:00,15:50,25.3,25.0,283.0,1.3,91.4,0.125507,0.012551,0.038532,1.115128,0.042969,0.231195,0.257812
2026-06-11 16:00:00,16:00,25.0,23.7,253.0,6.9,91.3,0.113167,0.011317,0.049247,1.185742,0.058394,0.295481,0.350364
2026-06-11 16:10:00,16:10,24.7,22.0,223.0,23.5,91.3,0.101016,0.010102,0.078462,1.386038,0.108751,0.470773,0.652509
2026-06-11 16:20:00,16:20,24.5,22.7,189.0,9.1,91.3,0.087739,0.008774,0.047901,1.215532,0.058225,0.287404,0.349348
2026-06-11 16:30:00,16:30,24.3,24.2,159.0,5.8,91.3,0.073388,0.007339,0.035969,1.170846,0.042114,0.215811,0.252682
2026-06-11 16:40:00,16:40,24.1,24.7,129.0,5.5,91.3,0.059003,0.0059,0.031366,1.16526,0.036549,0.188196,0.219297
2026-06-11 16:50:00,16:50,23.9,26.2,108.0,3.0,91.3,0.048969,0.004897,0.02192,1.129884,0.024767,0.131521,0.148604
2026-06-11 17:00:00,17:00,23.5,27.1,77.0,4.1,91.3,0.034112,0.003411,0.020728,1.138914,0.023608,0.124371,0.141648
2026-06-11 17:10:00,17:10,22.7,28.4,51.0,1.4,91.3,0.021661,0.002166,0.009855,1.102048,0.01086,0.059128,0.065161
2026-06-11 17:20:00,17:20,22.0,27.9,31.0,9.5,91.2,0.01204,0.001204,0.027229,1.198403,0.032631,0.163374,0.195788
2026-06-11 17:30:00,17:30,21.1,29.3,10.0,7.7,91.1,0.00199,0.000199,0.020041,1.171591,0.02348,0.120245,0.140878
2026-06-11 17:40:00,17:40,20.4,30.3,5.0,3.6,91.1,-0.00039,-0.000195,0.009477,1.11969,0.010612,0.056864,0.06367
2026-06-11 17:50:00,17:50,19.8,32.1,1.0,8.1,91.1,-0.002272,-0.001136,0.018742,1.164516,0.021825,0.112449,0.130949
2026-06-11 18:00:00,18:00,19.3,33.0,0.0,3.3,91.1,-0.016415,-0.008208,0.006046,1.104888,0.00668,0.036276,0.040081
2026-06-11 18:10:00,18:10,19.2,32.8,0.0,6.4,91.1,-0.016448,-0.008224,0.013024,1.1418,0.014871,0.078146,0.089228
2026-06-11 18:20:00,18:20,18.9,32.4,0.0,9.1,91.1,-0.016517,-0.008258,0.018456,1.174896,0.021684,0.110735,0.130102
2026-06-11 18:30:00,18:30,19.0,31.9,0.0,4.9,91.1,-0.01658,-0.00829,0.009842,1.128115,0.011102,0.059049,0.066615
2026-06-11 18:40:00,18:40,19.4,30.8,0.0,3.6,91.2,-0.016716,-0.008358,0.007035,1.117595,0.007862,0.042207,0.04717
2026-06-11 18:50:00,18:50,19.5,31.3,0.0,3.9,91.2,-0.016641,-0.00832,0.007719,1.118992,0.008637,0.046314,0.051825
2026-06-11 19:00:00,19:00,19.1,32.1,0.0,3.0,91.2,-0.016548,-0.008274,0.00539,1.105167,0.005957,0.032342,0.035744
2026-06-11 19:10:00,19:10,18.8,32.7,0.0,5.1,91.2,-0.016481,-0.008241,0.010116,1.127091,0.011402,0.060697,0.068411
2026-06-11 19:20:00,19:20,18.5,33.2,0.0,7.9,91.1,-0.016429,-0.008215,0.015721,1.15758,0.018198,0.094326,0.10919
2026-06-11 19:30:00,19:30,17.5,35.7,0.0,9.4,91.1,-0.016163,-0.008082,0.017344,1.164562,0.020198,0.104061,0.121186
2026-06-11 19:40:00,19:40,16.8,37.7,0.0,5.2,91.1,-0.015965,-0.007982,0.008976,1.107308,0.009939,0.053855,0.059634
2026-06-11 19:50:00,19:50,16.3,41.4,0.0,3.6,91.2,-0.015587,-0.007794,0.005315,1.073188,0.005704,0.031889,0.034223
2026-06-11 20:00:00,20:00,15.8,43.2,0.0,4.0,91.2,-0.015433,-0.007717,0.005762,1.070302,0.006167,0.034574,0.037005
2026-06-11 20:10:00,20:10,15.8,42.7,0.0,1.9,91.2,-0.015484,-0.007742,0.001854,1.047959,0.001943,0.011127,0.01166
2026-06-11 20:20:00,20:20,16.0,41.2,0.0,3.1,91.2,-0.015627,-0.007813,0.004332,1.068208,0.004628,0.025995,0.027768
2026-06-11 20:30:00,20:30,17.0,38.4,0.0,2.9,91.3,-0.015874,-0.007937,0.004316,1.07761,0.004651,0.025898,0.027907
2026-06-11 20:40:00,20:40,18.0,36.1,0.0,5.9,91.3,-0.016088,-0.008044,0.010976,1.122157,0.012317,0.065856,0.073901
2026-06-11 20:50:00,20:50,18.5,35.8,0.0,5.8,91.4,-0.016095,-0.008048,0.010991,1.12225,0.012334,0.065943,0.074005
2026-06-11 21:00:00,21:00,18.6,36.1,0.0,4.5,91.4,-0.016051,-0.008025,0.008255,1.105865,0.009129,0.04953,0.054773
2026-06-11 21:10:00,21:10,18.6,36.6,0.0,5.5,91.4,-0.015988,-0.007994,0.010262,1.115407,0.011446,0.061571,0.068676
2026-06-11 21:20:00,21:20,18.5,37.0,0.0,8.6,91.4,-0.015945,-0.007972,0.016088,1.149806,0.018498,0.096527,0.110987
2026-06-11 21:30:00,21:30,18.2,38.2,0.0,6.7,91.4,-0.015819,-0.00791,0.012177,1.122669,0.01367,0.073059,0.082021
2026-06-11 21:40:00,21:40,18.0,38.9,0.0,7.3,91.4,-0.01575,-0.007875,0.013057,1.126719,0.014711,0.07834,0.088267
2026-06-11 21:50:00,21:50,18.0,39.5,0.0,10.3,91.4,-0.015679,-0.00784,0.018008,1.159116,0.020873,0.108048,0.125241
2026-06-11 22:00:00,22:00,17.9,39.8,0.0,7.3,91.4,-0.015652,-0.007826,0.012813,1.122948,0.014388,0.076876,0.086328
2026-06-11 22:10:00,22:10,17.7,40.5,0.0,10.1,91.4,-0.015587,-0.007793,0.017223,1.152599,0.019851,0.103336,0.119105
2026-06-11 22:20:00,22:20,16.6,44.2,0.0,5.1,91.4,-0.015271,-0.007635,0.007726,1.078914,0.008336,0.046357,0.050015
2026-06-11 22:30:00,22:30,16.0,46.0,0.0,4.8,91.3,-0.015137,-0.007568,0.006807,1.067882,0.007269,0.040842,0.043614
2026-06-11 22:40:00,22:40,16.3,44.7,0.0,5.2,91.4,-0.015243,-0.007622,0.007748,1.077983,0.008353,0.04649,0.050116
2026-06-11 22:50:00,22:50,16.2,44.9,0.0,5.2,91.4,-0.015231,-0.007615,0.007693,1.077145,0.008287,0.04616,0.049721
2026-06-11 23:00:00,23:00,16.0,45.5,0.0,5.9,91.4,-0.015187,-0.007593,0.008688,1.082777,0.009408,0.052131,0.056446
2026-06-11 23:10:00,23:10,14.7,49.4,0.0,5.8,91.3,-0.014921,-0.00746,0.007519,1.065275,0.00801,0.045112,0.048057
2026-06-11 23:20:00,23:20,13.0,56.6,0.0,12.6,91.3,-0.014459,-0.00723,0.012815,1.114244,0.014279,0.076891,0.085675
2026-06-11 23:30:00,23:30,12.7,57.7,0.0,5.7,91.4,-0.0144,-0.0072,0.005586,1.02934,0.00575,0.033518,0.034501
2026-06-11 23:40:00,23:40,12.3,59.4,0.0,4.6,91.4,-0.014308,-0.007154,0.004031,1.009417,0.004069,0.024189,0.024417
2026-06-11 23:50:00,23:50,12.1,60.5,0.0,2.5,91.4,-0.014245,-0.007123,0.001454,0.980372,0.001426,0.008725,0.008554
2026-06-12 00:00:00,00:00,12.0,60.6,0.0,1.5,91.4,-0.014247,-0.007123,0.000212,0.968316,0.000205,0.001271,0.001231
2026-06-12 00:10:00,00:10,11.6,62.4,0.0,2.3,91.4,-0.014155,-0.007077,0.001065,0.970084,0.001033,0.006389,0.006198
2026-06-12 00:20:00,00:20,11.4,63.5,0.0,2.1,91.4,-0.014096,-0.007048,0.000763,0.963149,0.000735,0.004581,0.004412
2026-06-12 00:30:00,00:30,11.0,65.4,0.0,4.2,91.4,-0.014005,-0.007002,0.002723,0.979627,0.002668,0.016339,0.016007
2026-06-12 00:40:00,00:40,10.8,66.0,0.0,3.1,91.4,-0.013983,-0.006992,0.001594,0.964312,0.001538,0.009567,0.009225
2026-06-12 00:50:00,00:50,10.9,65.3,0.0,0.6,91.5,-0.01402,-0.00701,0.0,0.938152,0.0,0.0,0.0
2026-06-12 01:00:00,01:00,11.0,64.3,0.0,2.7,91.5,-0.014078,-0.007039,0.001342,0.966779,0.001297,0.00805,0.007782
2026-06-12 01:10:00,01:10,11.2,63.8,0.0,1.9,91.5,-0.014094,-0.007047,0.000519,0.959565,0.000498,0.003116,0.00299
2026-06-12 01:20:00,01:20,10.9,65.0,0.0,3.2,91.5,-0.01404,-0.00702,0.001789,0.969665,0.001735,0.010735,0.010409
2026-06-12 01:30:00,01:30,10.8,65.2,0.0,1.7,91.4,-0.014036,-0.007018,0.000221,0.951372,0.00021,0.001324,0.001259
2026-06-12 01:40:00,01:40,11.6,62.6,0.0,3.6,91.5,-0.014141,-0.00707,0.002487,0.984375,0.002448,0.014921,0.014688
2026-06-12 01:50:00,01:50,11.5,62.2,0.0,6.4,91.5,-0.014177,-0.007089,0.005332,1.018634,0.005432,0.031994,0.03259
2026-06-12 02:00:00,02:00,10.6,64.3,0.0,4.9,91.4,-0.014111,-0.007056,0.003466,0.992381,0.003439,0.020793,0.020635
2026-06-12 02:10:00,02:10,10.5,64.2,0.0,4.4,91.4,-0.014126,-0.007063,0.002998,0.986981,0.002959,0.017988,0.017754
2026-06-12 02:20:00,02:20,10.8,62.5,0.0,2.5,91.4,-0.014214,-0.007107,0.001241,0.971993,0.001206,0.007447,0.007239
2026-06-12 02:30:00,02:30,9.8,67.5,0.0,3.3,91.5,-0.013973,-0.006987,0.001586,0.960356,0.001523,0.009516,0.009139
2026-06-12 02:40:00,02:40,9.8,67.4,0.0,3.5,91.5,-0.013979,-0.00699,0.001773,0.963102,0.001707,0.010636,0.010243
2026-06-12 02:50:00,02:50,9.0,72.6,0.0,4.1,91.4,-0.013738,-0.006869,0.001668,0.9483,0.001582,0.010007,0.009489
2026-06-12 03:00:00,03:00,8.9,72.5,0.0,4.1,91.5,-0.013752,-0.006876,0.001674,0.948719,0.001588,0.010042,0.009527
2026-06-12 03:10:00,03:10,8.5,75.4,0.0,2.8,91.4,-0.013624,-0.006812,0.000497,0.921442,0.000458,0.002982,0.002748
2026-06-12 03:20:00,03:20,8.7,74.3,0.0,2.8,91.5,-0.013668,-0.006834,0.000585,0.92605,0.000542,0.003512,0.003252
2026-06-12 03:30:00,03:30,9.1,72.9,0.0,2.0,91.5,-0.013712,-0.006856,8.9e-05,0.922605,8.2e-05,0.000531,0.00049
2026-06-12 03:40:00,03:40,9.6,71.9,0.0,3.3,91.6,-0.013726,-0.006863,0.001189,0.941923,0.00112,0.007134,0.00672
2026-06-12 03:50:00,03:50,10.0,70.2,0.0,5.5,91.6,-0.013791,-0.006896,0.003081,0.974646,0.003003,0.018485,0.018016
2026-06-12 04:00:00,04:00,10.0,70.0,0.0,3.7,91.6,-0.013803,-0.006902,0.001709,0.954537,0.001631,0.010255,0.009789
2026-06-12 04:10:00,04:10,9.9,71.4,0.0,2.4,91.6,-0.013728,-0.006864,0.000521,0.933544,0.000486,0.003127,0.002919
2026-06-12 04:20:00,04:20,10.0,71.7,0.0,3.2,91.7,-0.0137,-0.00685,0.001153,0.941597,0.001085,0.006916,0.006512
2026-06-12 04:30:00,04:30,10.2,70.2,0.0,2.8,91.7,-0.013773,-0.006886,0.000956,0.943226,0.000902,0.005735,0.00541
2026-06-12 04:40:00,04:40,10.2,70.2,0.0,2.9,91.7,-0.013773,-0.006886,0.001041,0.94439,0.000983,0.006246,0.005899
2026-06-12 04:50:00,04:50,10.3,69.5,0.0,2.2,91.6,-0.013806,-0.006903,0.000478,0.939176,0.000449,0.00287,0.002695
2026-06-12 05:00:00,05:00,10.1,69.8,0.0,4.7,91.6,-0.013806,-0.006903,0.002538,0.967012,0.002454,0.015227,0.014724
2026-06-12 05:10:00,05:10,9.6,72.5,0.0,3.5,91.7,-0.01369,-0.006845,0.001289,0.941737,0.001214,0.007732,0.007282
2026-06-12 05:20:00,05:20,10.1,70.0,0.0,7.2,91.6,-0.013794,-0.006897,0.00434,0.995267,0.004319,0.02604,0.025917
2026-06-12 05:30:00,05:30,10.2,70.0,1.0,8.6,91.7,-0.001817,-0.000909,0.006432,1.011559,0.006506,0.03859,0.039036
2026-06-12 05:40:00,05:40,10.1,70.0,2.0,6.5,91.7,-0.001339,-0.00067,0.00509,0.987121,0.005024,0.03054,0.030146
2026-06-12 05:50:00,05:50,9.9,71.7,4.0,1.3,91.7,-0.000365,-0.000182,0.001077,0.919487,0.00099,0.006462,0.005942
2026-06-12 06:00:00,06:00,10.1,70.7,11.0,4.3,91.7,0.002988,0.000299,0.004125,0.958587,0.003954,0.02475,0.023725
2026-06-12 06:10:00,06:10,9.8,71.2,44.0,3.4,91.7,0.018828,0.001883,0.006407,0.946019,0.006061,0.03844,0.036365
2026-06-12 06:20:00,06:20,10.5,70.1,68.0,5.1,91.7,0.028886,0.002889,0.009684,0.97041,0.009397,0.058102,0.056382
2026-06-12 06:30:00,06:30,10.7,71.4,81.0,0.9,91.8,0.03461,0.003461,0.008055,0.916089,0.007379,0.048328,0.044272
2026-06-12 06:40:00,06:40,11.3,70.2,106.0,3.7,91.8,0.043558,0.004356,0.011905,0.953699,0.011354,0.071431,0.068124
2026-06-12 06:50:00,06:50,12.2,68.0,134.0,5.2,91.8,0.053977,0.005398,0.015481,0.980372,0.015177,0.092888,0.091065
2026-06-12 07:00:00,07:00,13.1,65.6,161.0,8.2,91.8,0.064628,0.006463,0.020171,1.025337,0.020682,0.121024,0.12409
2026-06-12 07:10:00,07:10,14.0,62.7,189.0,5.3,91.8,0.07591,0.007591,0.021693,1.003739,0.021774,0.13016,0.130647
2026-06-12 07:20:00,07:20,14.9,58.5,215.0,4.0,91.8,0.086673,0.008667,0.024107,1.006206,0.024257,0.144642,0.14554
2026-06-12 07:30:00,07:30,16.2,52.7,236.0,4.2,91.8,0.095747,0.009575,0.027874,1.032831,0.028789,0.167242,0.172732
2026-06-12 07:40:00,07:40,16.9,48.8,265.0,0.6,91.8,0.107648,0.010765,0.027159,1.007276,0.027357,0.162954,0.16414
2026-06-12 07:50:00,07:50,17.2,48.7,292.0,2.4,91.8,0.11942,0.011942,0.03239,1.028642,0.033318,0.194342,0.199908
2026-06-12 08:00:00,08:00,17.5,49.2,319.0,2.5,91.9,0.131394,0.013139,0.035468,1.027711,0.036451,0.212806,0.218704
2026-06-12 08:10:00,08:10,17.4,50.5,350.0,2.4,91.9,0.144978,0.014498,0.038358,1.021101,0.039167,0.230147,0.235003
2026-06-12 08:20:00,08:20,18.3,49.4,376.0,2.0,91.9,0.156631,0.015663,0.041519,1.021055,0.042393,0.249113,0.254358
2026-06-12 08:30:00,08:30,19.7,45.6,419.0,1.9,92.0,0.174279,0.017428,0.047144,1.03581,0.048832,0.282862,0.292992
2026-06-12 08:40:00,08:40,20.0,45.2,481.0,12.3,92.0,0.199691,0.019969,0.063447,1.158511,0.073505,0.380685,0.441027
2026-06-12 08:50:00,08:50,20.0,45.7,548.0,11.2,92.0,0.227478,0.022748,0.068261,1.143616,0.078064,0.409566,0.468386
2026-06-12 09:00:00,09:00,20.3,45.4,631.0,9.8,92.0,0.261632,0.026163,0.075267,1.128581,0.084945,0.451603,0.509671
2026-06-12 09:10:00,09:10,20.3,45.6,249.0,17.5,92.0,0.114463,0.011446,0.051064,1.217348,0.062163,0.306387,0.372979
2026-06-12 09:20:00,09:20,19.6,46.1,197.0,4.5,92.0,0.092103,0.00921,0.030614,1.063972,0.032572,0.183683,0.195433
2026-06-12 09:30:00,09:30,20.2,45.2,618.0,9.1,92.0,0.261947,0.026195,0.074781,1.121272,0.08385,0.448685,0.503099
2026-06-12 09:40:00,09:40,21.1,43.6,596.0,14.4,92.0,0.254493,0.025449,0.078945,1.189652,0.093916,0.473667,0.563499
2026-06-12 09:50:00,09:50,21.3,42.4,593.0,16.7,92.0,0.254316,0.025432,0.081432,1.221444,0.099464,0.488591,0.596786
2026-06-12 10:00:00,10:00,21.3,41.3,608.0,21.3,92.0,0.261199,0.02612,0.086261,1.279582,0.110377,0.517563,0.662265
2026-06-12 10:10:00,10:10,21.6,39.9,629.0,15.9,92.0,0.270418,0.027042,0.086091,1.222608,0.105256,0.516546,0.631534
2026-06-12 10:20:00,10:20,21.6,40.8,645.0,15.8,92.0,0.278137,0.027814,0.087138,1.217673,0.106106,0.522829,0.636636
2026-06-12 10:30:00,10:30,21.9,41.6,663.0,13.0,92.0,0.286669,0.028667,0.087289,1.181738,0.103152,0.523731,0.618914
2026-06-12 10:40:00,10:40,22.1,40.1,678.0,6.6,92.0,0.293234,0.029323,0.084677,1.113545,0.094292,0.508062,0.56575
2026-06-12 10:50:00,10:50,22.8,39.7,688.0,9.6,92.1,0.298164,0.029816,0.089751,1.150132,0.103226,0.538509,0.619356
2026-06-12 11:00:00,11:00,23.2,36.2,711.0,16.0,92.0,0.307224,0.030722,0.099403,1.239272,0.123187,0.596418,0.739124
2026-06-12 11:10:00,11:10,23.2,38.0,592.0,6.7,92.0,0.259817,0.025982,0.079012,1.123507,0.088771,0.474073,0.532624
2026-06-12 11:20:00,11:20,23.2,36.9,846.0,11.8,92.0,0.363806,0.036381,0.108277,1.187464,0.128575,0.649663,0.771451
2026-06-12 11:30:00,11:30,23.4,36.3,790.0,11.9,92.0,0.341272,0.034127,0.103999,1.191141,0.123878,0.623994,0.743265
2026-06-12 11:40:00,11:40,23.3,38.0,427.0,6.0,92.0,0.193219,0.019322,0.061989,1.115361,0.06914,0.371936,0.414843
2026-06-12 11:50:00,11:50,22.7,39.2,233.0,5.1,91.9,0.109304,0.01093,0.039093,1.09986,0.042997,0.234561,0.257984
2026-06-12 12:00:00,12:00,22.0,40.3,108.0,6.4,91.9,0.049314,0.004931,0.026176,1.11038,0.029065,0.157057,0.174393
2026-06-12 12:10:00,12:10,21.8,40.0,55.0,10.9,91.9,0.023863,0.002386,0.028149,1.164004,0.032766,0.168894,0.196593
2026-06-12 12:20:00,12:20,21.5,40.1,35.0,11.5,91.9,0.014259,0.001426,0.026791,1.170567,0.031361,0.160745,0.188163
2026-06-12 12:30:00,12:30,21.3,40.9,23.0,6.2,91.9,0.008512,0.000851,0.015664,1.105539,0.017317,0.093981,0.1039
2026-06-12 12:40:00,12:40,21.1,43.0,26.0,6.3,91.9,0.009994,0.000999,0.015642,1.097905,0.017173,0.093851,0.103039
2026-06-12 12:50:00,12:50,20.7,44.6,24.0,5.3,91.8,0.009058,0.000906,0.013096,1.079565,0.014138,0.078577,0.084828
2026-06-12 13:00:00,13:00,20.4,47.7,22.0,3.9,91.8,0.008154,0.000815,0.009714,1.050287,0.010202,0.058284,0.061215
2026-06-12 13:10:00,13:10,20.0,49.3,22.0,5.1,91.8,0.008175,0.000817,0.011436,1.057548,0.012094,0.068614,0.072563
2026-06-12 13:20:00,13:20,19.5,50.1,26.0,3.2,91.8,0.010097,0.00101,0.008446,1.032086,0.008717,0.050677,0.052303
2026-06-12 13:30:00,13:30,19.3,40.6,43.0,6.2,91.6,0.018068,0.001807,0.017147,1.106796,0.018979,0.102885,0.113872
2026-06-12 13:40:00,13:40,19.6,39.9,65.0,5.5,91.7,0.028618,0.002862,0.018572,1.101583,0.020458,0.111431,0.12275
2026-06-12 13:50:00,13:50,19.6,42.2,110.0,3.7,91.7,0.050266,0.005027,0.020007,1.071001,0.021428,0.120043,0.128566
2026-06-12 14:00:00,14:00,19.8,42.8,158.0,1.3,91.7,0.073322,0.007332,0.021331,1.040558,0.022196,0.127983,0.133174
2026-06-12 14:10:00,14:10,21.1,37.0,195.0,5.0,91.7,0.09098,0.009098,0.033756,1.107913,0.037399,0.202535,0.224391
2026-06-12 14:20:00,14:20,21.2,37.8,178.0,6.6,91.8,0.08284,0.008284,0.034535,1.123181,0.038789,0.207212,0.232737
2026-06-12 14:30:00,14:30,21.3,41.2,227.0,6.3,91.8,0.106439,0.010644,0.038855,1.105446,0.042952,0.233128,0.257711
2026-06-12 14:40:00,14:40,21.1,41.3,152.0,7.1,91.8,0.070437,0.007044,0.031529,1.114337,0.035134,0.189175,0.210804
2026-06-12 14:50:00,14:50,21.2,42.5,247.0,7.0,91.8,0.116065,0.011607,0.041734,1.108146,0.046248,0.250406,0.277487
2026-06-12 15:00:00,15:00,21.9,40.7,129.0,8.3,91.8,0.059401,0.00594,0.03167,1.130815,0.035813,0.190021,0.214878
2026-06-12 15:10:00,15:10,21.1,45.0,72.0,4.5,91.9,0.032116,0.003212,0.017226,1.06858,0.018408,0.103357,0.110445
2026-06-12 15:20:00,15:20,20.9,41.9,107.0,8.7,91.8,0.048846,0.004885,0.028856,1.130442,0.03262,0.173135,0.195719
2026-06-12 15:30:00,15:30,20.5,39.3,112.0,9.1,91.8,0.051181,0.005118,0.030543,1.145989,0.035002,0.18326,0.210014
2026-06-12 15:40:00,15:40,19.9,39.6,105.0,4.4,91.7,0.047817,0.004782,0.021222,1.090039,0.023133,0.127331,0.138795
2026-06-12 15:50:00,15:50,20.2,40.7,220.0,5.0,91.8,0.102515,0.010252,0.035176,1.092413,0.038427,0.211059,0.230563
2026-06-12 16:00:00,16:00,19.8,39.6,61.0,8.6,91.7,0.026695,0.00267,0.023754,1.138914,0.027054,0.142525,0.162324
2026-06-12 16:10:00,16:10,19.4,42.9,66.0,4.1,91.8,0.029156,0.002916,0.015538,1.072723,0.016668,0.093231,0.100011
2026-06-12 16:20:00,16:20,19.0,45.8,45.0,3.9,91.9,0.019125,0.001912,0.012269,1.058246,0.012984,0.073617,0.077905
2026-06-12 16:30:00,16:30,18.5,50.9,15.0,8.4,92.0,0.004807,0.000481,0.014819,1.089247,0.016142,0.088916,0.096852
2026-06-12 16:40:00,16:40,17.8,45.9,21.0,10.9,91.8,0.007584,0.000758,0.020004,1.139287,0.022791,0.120027,0.136745
2026-06-12 16:50:00,16:50,16.3,56.7,60.0,4.3,91.8,0.026452,0.002645,0.012172,1.017238,0.012382,0.073035,0.074294
2026-06-12 17:00:00,17:00,15.9,57.2,47.0,8.1,91.8,0.02021,0.002021,0.014905,1.059364,0.01579,0.089431,0.09474
2026-06-12 17:10:00,17:10,16.4,58.1,60.0,7.1,91.9,0.026475,0.002648,0.015136,1.043956,0.015801,0.090817,0.094809
2026-06-12 17:20:00,17:20,15.5,65.6,17.0,11.6,91.9,0.00592,0.000592,0.012623,1.064903,0.013442,0.075739,0.080655
2026-06-12 17:30:00,17:30,15.3,63.8,10.0,5.2,91.9,0.00253,0.000253,0.006657,0.997967,0.006643,0.039942,0.039861
2026-06-12 17:40:00,17:40,14.8,64.3,3.0,1.4,91.8,-0.000835,-0.000417,0.001637,0.951651,0.001558,0.009823,0.009348
2026-06-12 17:50:00,17:50,14.5,63.8,1.0,2.1,91.8,-0.001808,-0.000904,0.002364,0.961892,0.002274,0.014185,0.013644
2026-06-12 18:00:00,18:00,14.1,65.3,0.0,2.7,91.8,-0.013667,-0.006834,0.001461,0.96259,0.001407,0.008768,0.00844
2026-06-12 18:10:00,18:10,13.7,67.2,0.0,1.9,91.8,-0.013578,-0.006789,0.000431,0.945321,0.000407,0.002585,0.002444
2026-06-12 18:20:00,18:20,13.7,67.1,0.0,4.2,91.8,-0.013585,-0.006793,0.002814,0.972505,0.002737,0.016885,0.01642
2026-06-12 18:30:00,18:30,12.8,71.5,0.0,4.0,91.8,-0.013392,-0.006696,0.002018,0.951744,0.001921,0.012108,0.011524
2026-06-12 18:40:00,18:40,13.1,69.9,0.0,5.7,91.8,-0.013463,-0.006732,0.003688,0.97823,0.003607,0.022126,0.021644
2026-06-12 18:50:00,18:50,12.1,76.3,0.0,3.3,91.8,-0.013169,-0.006584,0.000924,0.92349,0.000853,0.005544,0.00512
2026-06-12 19:00:00,19:00,12.4,75.5,0.0,7.3,91.8,-0.013178,-0.006589,0.003713,0.973389,0.003614,0.022279,0.021686
2026-06-12 19:10:00,19:10,12.7,73.5,0.0,4.0,91.9,-0.01327,-0.006635,0.00178,0.943366,0.00168,0.010682,0.010077
2026-06-12 19:20:00,19:20,12.6,71.6,0.0,5.4,91.9,-0.013412,-0.006706,0.003117,0.967617,0.003016,0.018703,0.018098
2026-06-12 19:30:00,19:30,12.9,69.7,0.0,4.9,91.8,-0.013504,-0.006752,0.003022,0.969759,0.00293,0.01813,0.017581
2026-06-12 19:40:00,19:40,13.1,66.7,0.0,7.6,91.8,-0.013691,-0.006846,0.00587,1.013746,0.00595,0.035218,0.035702
2026-06-12 19:50:00,19:50,13.3,66.9,0.0,1.6,91.8,-0.013652,-0.006826,0.000105,0.943087,9.9e-05,0.000631,0.000596
2026-06-12 20:00:00,20:00,12.5,69.3,0.0,3.7,91.9,-0.013582,-0.006791,0.001981,0.95747,0.001896,0.011884,0.011379
2026-06-12 20:10:00,20:10,11.6,73.7,0.0,2.7,91.9,-0.013401,-0.006701,0.000674,0.9274,0.000625,0.004042,0.003748
2026-06-12 20:20:00,20:20,11.4,73.8,0.0,2.2,91.9,-0.013419,-0.00671,0.000259,0.921162,0.000238,0.001553,0.00143
2026-06-12 20:30:00,20:30,11.7,72.0,0.0,7.1,91.9,-0.013499,-0.006749,0.004168,0.985725,0.004108,0.025007,0.02465
2026-06-12 20:40:00,20:40,11.2,75.2,0.0,5.8,91.8,-0.013356,-0.006678,0.002677,0.957191,0.002562,0.016062,0.015375
2026-06-12 20:50:00,20:50,10.8,75.2,0.0,2.5,91.9,-0.013404,-0.006702,0.000382,0.918788,0.000351,0.002292,0.002105
2026-06-12 21:00:00,21:00,11.0,75.3,0.0,2.2,91.9,-0.013374,-0.006687,0.000157,0.914878,0.000143,0.00094,0.00086
2026-06-12 21:10:00,21:10,11.7,71.1,0.0,1.3,91.9,-0.013557,-0.006779,0.0,0.922,0.0,0.0,0.0
2026-06-12 21:20:00,21:20,10.9,75.8,0.0,1.8,91.9,-0.013355,-0.006678,0.0,0.908129,0.0,0.0,0.0
2026-06-12 21:30:00,21:30,11.2,76.8,0.0,2.4,91.9,-0.013257,-0.006628,0.000213,0.910922,0.000194,0.001276,0.001162
2026-06-12 21:40:00,21:40,11.1,76.7,0.0,2.8,91.9,-0.013276,-0.006638,0.000497,0.915996,0.000455,0.002983,0.002733
2026-06-12 21:50:00,21:50,11.9,72.7,0.0,4.5,91.9,-0.013429,-0.006714,0.002197,0.952536,0.002093,0.013182,0.012556
2026-06-12 22:00:00,22:00,11.2,75.3,0.0,1.7,91.9,-0.01335,-0.006675,0.0,0.90906,0.0,0.0,0.0
2026-06-12 22:10:00,22:10,11.4,74.2,0.0,4.9,91.9,-0.013394,-0.006697,0.002246,0.950907,0.002136,0.013477,0.012815
2026-06-12 22:20:00,22:20,11.3,73.3,0.0,2.3,91.9,-0.013463,-0.006731,0.000368,0.924421,0.00034,0.00221,0.002043
2026-06-12 22:30:00,22:30,10.9,74.7,0.0,2.3,91.9,-0.013423,-0.006711,0.000267,0.918556,0.000245,0.001603,0.001473
2026-06-12 22:40:00,22:40,10.6,75.1,0.0,2.8,91.9,-0.013433,-0.006716,0.000603,0.922698,0.000556,0.003617,0.003337
2026-06-12 22:50:00,22:50,10.7,74.8,0.0,1.8,91.9,-0.01344,-0.00672,0.0,0.912318,0.0,0.0,0.0
2026-06-12 23:00:00,23:00,11.5,69.9,0.0,6.2,91.8,-0.013659,-0.006829,0.00386,0.984049,0.003798,0.023158,0.022789
2026-06-12 23:10:00,23:10,11.0,71.5,0.0,2.4,91.8,-0.013611,-0.006805,0.000557,0.933125,0.00052,0.003342,0.003118
2026-06-12 23:20:00,23:20,10.8,72.0,0.0,3.2,91.8,-0.013601,-0.0068,0.001173,0.94034,0.001103,0.007037,0.006617
2026-06-12 23:30:00,23:30,11.0,72.2,0.0,3.1,91.9,-0.013567,-0.006783,0.001088,0.938339,0.001021,0.006528,0.006125
2026-06-12 23:40:00,23:40,11.0,70.3,0.0,2.9,91.8,-0.013687,-0.006843,0.001076,0.943971,0.001016,0.006458,0.006096
2026-06-12 23:50:00,23:50,10.8,70.7,0.0,4.6,91.8,-0.013682,-0.006841,0.002422,0.962078,0.00233,0.014531,0.01398
2026-06-13 00:00:00,00:00,11.1,68.7,0.0,4.2,91.8,-0.013779,-0.00689,0.002364,0.965802,0.002283,0.014183,0.013698
2026-06-13 00:10:00,00:10,12.1,64.0,0.0,3.6,91.7,-0.013995,-0.006998,0.002397,0.97851,0.002346,0.014384,0.014074
2026-06-13 00:20:00,00:20,11.5,66.1,0.0,2.2,91.8,-0.013911,-0.006955,0.00073,0.95342,0.000696,0.004381,0.004177
2026-06-13 00:30:00,00:30,11.2,67.5,0.0,4.0,91.8,-0.013848,-0.006924,0.002333,0.968502,0.00226,0.014,0.013559
2026-06-13 00:40:00,00:40,11.3,67.0,0.0,0.3,91.8,-0.013871,-0.006935,0.0,0.927539,0.0,0.0,0.0
2026-06-13 00:50:00,00:50,11.4,65.3,0.0,4.1,91.8,-0.013974,-0.006987,0.002694,0.978882,0.002637,0.016162,0.015821
2026-06-13 01:00:00,01:00,11.3,64.9,0.0,3.7,91.8,-0.014011,-0.007005,0.002337,0.975903,0.002281,0.014021,0.013683
2026-06-13 01:10:00,01:10,11.5,63.4,0.0,3.0,91.7,-0.014094,-0.007047,0.001769,0.974041,0.001723,0.010611,0.010336
2026-06-13 01:20:00,01:20,11.3,64.0,0.0,3.0,91.7,-0.014071,-0.007036,0.001704,0.971527,0.001656,0.010225,0.009934
2026-06-13 01:30:00,01:30,11.4,63.7,0.0,3.5,91.8,-0.014083,-0.007041,0.002264,0.978603,0.002215,0.013582,0.013291
2026-06-13 01:40:00,01:40,10.4,66.6,0.0,0.1,91.8,-0.01398,-0.00699,0.0,0.926888,0.0,0.0,0.0
2026-06-13 01:50:00,01:50,9.1,70.4,0.0,0.8,91.8,-0.013856,-0.006928,0.0,0.919114,0.0,0.0,0.0
2026-06-13 02:00:00,02:00,8.4,74.5,0.0,3.3,91.8,-0.013682,-0.006841,0.000908,0.931031,0.000845,0.005447,0.005072
2026-06-13 02:10:00,02:10,7.3,77.3,0.0,1.1,91.8,-0.013621,-0.00681,0.0,0.893699,0.0,0.0,0.0
2026-06-13 02:20:00,02:20,7.7,81.0,0.0,1.4,91.8,-0.0134,-0.0067,0.0,0.88169,0.0,0.0,0.0
2026-06-13 02:30:00,02:30,7.3,82.2,0.0,2.1,91.8,-0.013375,-0.006688,0.0,0.884808,0.0,0.0,0.0
2026-06-13 02:40:00,02:40,6.9,83.5,0.0,0.0,91.8,-0.013346,-0.006673,0.0,0.854925,0.0,0.0,0.0
2026-06-13 02:50:00,02:50,6.7,84.4,0.0,3.1,91.8,-0.01332,-0.00666,0.0,0.887229,0.0,0.0,0.0
2026-06-13 03:00:00,03:00,6.9,85.3,0.0,1.8,91.8,-0.01326,-0.00663,0.0,0.86833,0.0,0.0,0.0
2026-06-13 03:10:00,03:10,6.7,85.4,0.0,3.9,91.8,-0.013273,-0.006637,0.000179,0.892349,0.000159,0.001072,0.000957
2026-06-13 03:20:00,03:20,6.6,85.8,0.0,1.9,91.8,-0.013263,-0.006632,0.0,0.867399,0.0,0.0,0.0
2026-06-13 03:30:00,03:30,6.5,85.3,0.0,8.4,91.8,-0.013295,-0.006647,0.001641,0.945135,0.001551,0.009847,0.009307
2026-06-13 03:40:00,03:40,6.6,85.9,0.0,5.8,91.8,-0.013258,-0.006629,0.000766,0.912365,0.000699,0.004595,0.004192
2026-06-13 03:50:00,03:50,6.6,86.0,0.0,2.2,91.8,-0.013254,-0.006627,0.0,0.870053,0.0,0.0,0.0
2026-06-13 04:00:00,04:00,7.3,84.2,0.0,2.1,91.8,-0.013277,-0.006639,0.0,0.87643,0.0,0.0,0.0
2026-06-13 04:10:00,04:10,7.8,80.5,0.0,0.6,91.8,-0.013416,-0.006708,0.0,0.874475,0.0,0.0,0.0
2026-06-13 04:20:00,04:20,8.1,79.6,0.0,2.4,91.8,-0.013436,-0.006718,0.0,0.899192,0.0,0.0,0.0
2026-06-13 04:30:00,04:30,7.9,78.1,0.0,3.3,91.8,-0.013531,-0.006766,0.000584,0.915949,0.000535,0.003505,0.00321
2026-06-13 04:40:00,04:40,8.5,75.9,0.0,2.9,91.8,-0.013597,-0.006799,0.000534,0.920511,0.000491,0.003203,0.002948
2026-06-13 04:50:00,04:50,10.1,68.5,0.0,2.1,91.8,-0.013886,-0.006943,0.000442,0.942202,0.000416,0.002651,0.002498
2026-06-13 05:00:00,05:00,8.3,72.6,0.0,6.2,91.9,-0.013794,-0.006897,0.003,0.972738,0.002918,0.018001,0.017511
2026-06-13 05:10:00,05:10,7.3,77.2,0.0,2.0,91.8,-0.013626,-0.006813,0.0,0.904591,0.0,0.0,0.0
2026-06-13 05:20:00,05:20,7.0,78.8,0.0,2.1,91.7,-0.013568,-0.006784,0.0,0.899052,0.0,0.0,0.0
2026-06-13 05:30:00,05:30,7.4,77.8,3.0,4.6,91.8,-0.000825,-0.000412,0.002529,0.932334,0.002358,0.015176,0.014149
2026-06-13 05:40:00,05:40,7.0,79.8,11.0,3.5,91.8,0.003027,0.000303,0.002365,0.911155,0.002155,0.014192,0.012931
2026-06-13 05:50:00,05:50,8.1,79.5,23.0,1.3,91.8,0.0088,0.00088,0.002464,0.88681,0.002185,0.014783,0.01311
2026-06-13 06:00:00,06:00,9.4,73.8,41.0,4.6,91.9,0.017408,0.001741,0.006494,0.949091,0.006163,0.038963,0.036979
2026-06-13 06:10:00,06:10,10.0,71.1,60.0,0.9,92.1,0.024066,0.002407,0.005744,0.917345,0.005269,0.034465,0.031616
2026-06-13 06:20:00,06:20,8.8,73.5,80.0,0.2,92.0,0.031161,0.003116,0.006487,0.899145,0.005833,0.038925,0.034999
2026-06-13 06:30:00,06:30,9.1,77.9,102.0,1.0,91.9,0.039589,0.003959,0.008583,0.890022,0.007639,0.051495,0.045832
2026-06-13 06:40:00,06:40,10.5,75.0,129.0,4.2,92.0,0.049724,0.004972,0.012511,0.939409,0.011753,0.075068,0.070519
2026-06-13 06:50:00,06:50,12.4,69.0,155.0,2.5,92.1,0.060008,0.006001,0.015026,0.944762,0.014196,0.090154,0.085174
2026-06-13 07:00:00,07:00,13.5,62.8,177.0,2.5,92.2,0.069253,0.006925,0.017936,0.970736,0.017411,0.107618,0.104469
2026-06-13 07:10:00,07:10,14.0,59.6,204.0,5.6,92.2,0.080324,0.008032,0.02332,1.020217,0.023791,0.139919,0.142748
2026-06-13 07:20:00,07:20,14.4,61.2,235.0,4.1,92.2,0.093405,0.009341,0.024938,0.996058,0.02484,0.149627,0.149037
2026-06-13 07:30:00,07:30,15.0,60.7,257.0,4.0,92.3,0.103535,0.010354,0.027475,0.996989,0.027392,0.164849,0.164353
2026-06-13 07:40:00,07:40,15.5,58.9,288.0,5.2,92.3,0.11666,0.011666,0.031745,1.018494,0.032332,0.19047,0.193992
2026-06-13 07:50:00,07:50,15.8,55.8,315.0,3.1,92.3,0.128276,0.012828,0.033376,1.007044,0.033611,0.200258,0.201669
2026-06-13 08:00:00,08:00,16.2,55.6,348.0,2.4,92.3,0.142554,0.014255,0.036373,0.999735,0.036363,0.218236,0.218178
2026-06-13 08:10:00,08:10,16.4,56.2,368.0,2.3,92.3,0.152265,0.015227,0.038634,0.996058,0.038482,0.231806,0.230893
2026-06-13 08:20:00,08:20,17.0,50.9,398.0,1.9,92.3,0.164767,0.016477,0.042122,1.013607,0.042695,0.252731,0.25617
2026-06-13 08:30:00,08:30,17.5,47.6,443.0,4.4,92.3,0.183163,0.018316,0.049408,1.056524,0.052201,0.296447,0.313204
2026-06-13 08:40:00,08:40,18.7,45.5,483.0,2.8,92.4,0.200154,0.020015,0.053421,1.046702,0.055916,0.320524,0.335493
2026-06-13 08:50:00,08:50,19.7,40.2,460.0,4.6,92.4,0.192383,0.019238,0.055367,1.089853,0.060342,0.332202,0.362051
2026-06-13 09:00:00,09:00,20.4,40.2,516.0,3.4,92.4,0.215729,0.021573,0.060305,1.075888,0.064881,0.361827,0.389286
2026-06-13 09:10:00,09:10,21.2,36.5,436.0,3.9,92.4,0.18593,0.018593,0.055093,1.097207,0.060448,0.330558,0.362691
2026-06-13 09:20:00,09:20,21.3,37.5,551.0,6.4,92.4,0.232154,0.023215,0.069396,1.12211,0.07787,0.416377,0.467221
2026-06-13 09:30:00,09:30,21.7,36.0,582.0,6.7,92.4,0.245449,0.024545,0.073816,1.131885,0.083551,0.442895,0.501306
2026-06-13 09:40:00,09:40,21.8,36.3,614.0,11.8,92.4,0.259614,0.025961,0.082481,1.189977,0.098151,0.494887,0.588905
2026-06-13 09:50:00,09:50,22.4,37.0,658.0,5.9,92.4,0.278812,0.027881,0.081687,1.118386,0.091357,0.490119,0.548143
2026-06-13 10:00:00,10:00,22.2,35.6,621.0,6.8,92.3,0.264935,0.026494,0.079413,1.134725,0.090111,0.476475,0.540668
2026-06-13 10:10:00,10:10,22.0,38.0,545.0,10.1,92.3,0.236316,0.023632,0.075352,1.163073,0.087639,0.452109,0.525836
2026-06-13 10:20:00,10:20,22.5,35.2,664.0,6.8,92.4,0.284286,0.028429,0.084587,1.136401,0.096125,0.507524,0.576751
2026-06-13 10:30:00,10:30,22.6,34.5,669.0,9.9,92.3,0.287083,0.028708,0.088945,1.175408,0.104547,0.53367,0.62728
2026-06-13 10:40:00,10:40,23.2,34.3,668.0,12.9,92.4,0.287651,0.028765,0.093348,1.211157,0.113059,0.560086,0.678352
2026-06-13 10:50:00,10:50,23.1,33.6,677.0,13.8,92.3,0.291828,0.029183,0.095256,1.224563,0.116647,0.571534,0.699879
2026-06-13 11:00:00,11:00,23.3,33.6,684.0,17.2,92.3,0.295419,0.029542,0.099591,1.264128,0.125896,0.597548,0.755377
2026-06-13 11:10:00,11:10,23.2,32.8,688.0,12.6,92.3,0.297385,0.029739,0.095886,1.21395,0.116401,0.575316,0.698405
2026-06-13 11:20:00,11:20,23.8,31.8,694.0,13.2,92.3,0.30016,0.030016,0.098871,1.225121,0.121129,0.593228,0.726777
2026-06-13 11:30:00,11:30,24.1,31.3,699.0,8.2,92.3,0.302554,0.030255,0.094498,1.169031,0.110471,0.566987,0.662826
2026-06-13 11:40:00,11:40,24.0,30.0,701.0,10.5,92.3,0.303287,0.030329,0.097749,1.201242,0.11742,0.586495,0.704523
2026-06-13 11:50:00,11:50,24.2,30.3,700.0,17.7,92.3,0.303345,0.030335,0.105889,1.283772,0.135938,0.635336,0.815627
2026-06-13 12:00:00,12:00,24.4,29.7,695.0,11.6,92.3,0.301385,0.030138,0.099567,1.2153,0.121004,0.597404,0.726025
2026-06-13 12:10:00,12:10,24.8,30.0,695.0,12.7,92.3,0.301732,0.030173,0.101671,1.226843,0.124734,0.610025,0.748406
2026-06-13 12:20:00,12:20,25.1,30.0,704.0,10.5,92.2,0.305542,0.030554,0.100471,1.201242,0.12069,0.602824,0.724138
2026-06-13 12:30:00,12:30,25.2,27.9,669.0,9.8,92.2,0.290618,0.029062,0.096977,1.201894,0.116556,0.581863,0.699337
2026-06-13 12:40:00,12:40,25.3,26.2,666.0,13.6,92.2,0.288758,0.028876,0.102773,1.253236,0.128799,0.616639,0.772794
2026-06-13 12:50:00,12:50,25.4,27.4,501.0,11.2,92.2,0.22233,0.022233,0.083428,1.22028,0.101805,0.500568,0.610833
2026-06-13 13:00:00,13:00,25.8,26.8,635.0,13.4,92.2,0.27619,0.027619,0.100374,1.248395,0.125307,0.602247,0.751842
2026-06-13 13:10:00,13:10,25.8,26.8,626.0,8.8,92.1,0.272287,0.027229,0.092475,1.194865,0.110495,0.55485,0.662971
2026-06-13 13:20:00,13:20,25.9,25.8,609.0,14.2,92.1,0.264784,0.026478,0.099624,1.261894,0.125715,0.597744,0.75429
2026-06-13 13:30:00,13:30,26.4,24.4,596.0,17.5,92.1,0.258756,0.025876,0.104963,1.306161,0.137099,0.629779,0.822593
2026-06-13 13:40:00,13:40,26.6,26.3,577.0,8.5,92.1,0.251321,0.025132,0.088233,1.193468,0.105303,0.529397,0.631819
2026-06-13 13:50:00,13:50,26.4,27.1,518.0,15.4,92.1,0.227353,0.022735,0.093176,1.270412,0.118372,0.559058,0.710235
2026-06-13 14:00:00,14:00,26.4,27.8,534.0,11.0,92.1,0.233398,0.02334,0.08724,1.216277,0.106108,0.523439,0.636646
2026-06-13 14:10:00,14:10,26.7,27.3,433.0,6.4,92.1,0.192356,0.019236,0.069034,1.164841,0.080414,0.414205,0.482483
2026-06-13 14:20:00,14:20,26.6,27.7,354.0,9.6,92.0,0.160391,0.016039,0.067219,1.200404,0.080689,0.403311,0.484136
2026-06-13 14:30:00,14:30,26.7,26.8,453.0,18.0,92.0,0.198917,0.019892,0.091537,1.301925,0.119174,0.549221,0.715045
2026-06-13 14:40:00,14:40,26.9,27.0,474.0,16.4,92.0,0.206492,0.020649,0.091021,1.282468,0.116731,0.546125,0.700388
2026-06-13 14:50:00,14:50,26.9,26.4,407.0,14.9,92.0,0.17918,0.017918,0.082613,1.267526,0.104714,0.495676,0.628282
2026-06-13 15:00:00,15:00,26.8,26.7,358.0,11.0,92.0,0.159263,0.015926,0.070375,1.220885,0.08592,0.422253,0.515522
2026-06-13 15:10:00,15:10,26.6,27.3,318.0,5.4,91.9,0.142977,0.014298,0.053928,1.153204,0.06219,0.323566,0.373138
2026-06-13 15:20:00,15:20,26.7,27.3,352.0,10.0,91.9,0.155262,0.015526,0.067028,1.206735,0.080885,0.402168,0.48531
2026-06-13 15:30:00,15:30,26.9,27.7,318.0,9.0,91.9,0.141307,0.014131,0.061605,1.193422,0.07352,0.369627,0.441121
2026-06-13 15:40:00,15:40,26.9,26.6,288.0,6.4,91.9,0.128762,0.012876,0.052992,1.167774,0.061882,0.317951,0.371295
2026-06-13 15:50:00,15:50,26.8,27.4,252.0,9.4,91.9,0.114286,0.011429,0.055735,1.199334,0.066845,0.33441,0.401069
2026-06-13 16:00:00,16:00,26.9,26.9,224.0,5.6,91.9,0.102842,0.010284,0.044243,1.157208,0.051198,0.265458,0.30719
2026-06-13 16:10:00,16:10,26.8,26.5,197.0,6.5,91.9,0.091739,0.009174,0.04361,1.169357,0.050995,0.261657,0.30597
2026-06-13 16:20:00,16:20,26.7,26.3,171.0,7.5,91.9,0.07925,0.007925,0.042846,1.181831,0.050637,0.257075,0.303819
2026-06-13 16:30:00,16:30,26.8,26.5,145.0,6.2,91.9,0.066779,0.006678,0.036399,1.165865,0.042437,0.218396,0.25462
2026-06-13 16:40:00,16:40,26.6,26.9,118.0,7.7,91.9,0.053829,0.005383,0.036633,1.181645,0.043287,0.219796,0.25972
2026-06-13 16:50:00,16:50,26.3,28.2,91.0,2.5,91.9,0.040908,0.004091,0.01896,1.115687,0.021154,0.113762,0.126922
2026-06-13 17:00:00,17:00,25.9,28.8,64.0,4.4,91.8,0.02796,0.002796,0.020566,1.135283,0.023349,0.123398,0.140092
2026-06-13 17:10:00,17:10,25.0,30.6,41.0,6.7,91.8,0.01696,0.001696,0.022888,1.154508,0.026424,0.137326,0.158544
2026-06-13 17:20:00,17:20,24.2,32.8,22.0,3.9,91.8,0.007889,0.000789,0.012822,1.112708,0.014268,0.076935,0.085606
2026-06-13 17:30:00,17:30,23.1,34.7,9.0,5.0,91.8,0.001679,0.000168,0.013329,1.117549,0.014896,0.079976,0.089377
2026-06-13 17:40:00,17:40,22.2,37.0,2.0,3.8,91.7,-0.00164,-0.00082,0.009239,1.093949,0.010107,0.055434,0.060642
2026-06-13 17:50:00,17:50,21.6,38.4,0.0,2.5,91.7,-0.015471,-0.007736,0.003975,1.072956,0.004265,0.023849,0.025589
2026-06-13 18:00:00,18:00,21.3,39.4,0.0,3.6,91.7,-0.015369,-0.007685,0.006382,1.081567,0.006902,0.03829,0.041413
2026-06-13 18:10:00,18:10,21.0,38.8,0.0,5.1,91.7,-0.015486,-0.007743,0.009695,1.101536,0.010679,0.058169,0.064075
2026-06-13 18:20:00,18:20,21.0,39.0,0.0,3.8,91.7,-0.015458,-0.007729,0.006828,1.08557,0.007412,0.040966,0.044472
2026-06-13 18:30:00,18:30,20.7,39.6,0.0,3.1,91.7,-0.015412,-0.007706,0.005145,1.074911,0.00553,0.03087,0.033183
2026-06-13 18:40:00,18:40,20.4,39.9,0.0,9.1,91.7,-0.015406,-0.007703,0.017075,1.143476,0.019525,0.102449,0.117149
2026-06-13 18:50:00,18:50,19.3,44.0,0.0,4.9,91.7,-0.015024,-0.007512,0.008021,1.077424,0.008642,0.048126,0.051852
2026-06-13 19:00:00,19:00,19.3,41.4,0.0,8.0,91.7,-0.015335,-0.007668,0.014223,1.124391,0.015993,0.085341,0.095957
2026-06-13 19:10:00,19:10,20.5,36.8,0.0,5.4,91.8,-0.015809,-0.007904,0.010575,1.113406,0.011774,0.063449,0.070645
2026-06-13 19:20:00,19:20,20.1,38.0,0.0,6.9,91.7,-0.015686,-0.007843,0.013296,1.125834,0.014969,0.079774,0.089812
2026-06-13 19:30:00,19:30,20.4,36.2,0.0,6.8,91.7,-0.0159,-0.00795,0.013611,1.132211,0.01541,0.081665,0.092462
2026-06-13 19:40:00,19:40,20.8,35.0,0.0,7.8,91.8,-0.016031,-0.008016,0.016134,1.148875,0.018536,0.096803,0.111215
2026-06-13 19:50:00,19:50,20.0,39.4,0.0,4.2,91.8,-0.015514,-0.007757,0.007467,1.088549,0.008128,0.044801,0.048768
2026-06-13 20:00:00,20:00,18.6,43.1,0.0,2.8,91.7,-0.015206,-0.007603,0.003904,1.056757,0.004125,0.023423,0.024752
2026-06-13 20:10:00,20:10,17.8,46.7,0.0,3.7,91.7,-0.014891,-0.007446,0.005151,1.052149,0.00542,0.030906,0.032518
2026-06-13 20:20:00,20:20,17.2,49.5,0.0,3.0,91.7,-0.014667,-0.007334,0.003536,1.032273,0.00365,0.021214,0.021899
2026-06-13 20:30:00,20:30,16.9,51.9,0.0,3.5,91.7,-0.014465,-0.007232,0.004088,1.028037,0.004203,0.024529,0.025217
2026-06-13 20:40:00,20:40,16.4,55.0,0.0,1.2,91.7,-0.014232,-0.007116,0.0001,0.988285,9.9e-05,0.000598,0.000591
2026-06-13 20:50:00,20:50,17.5,49.2,0.0,1.0,91.7,-0.014663,-0.007332,0.0,1.010255,0.0,0.0,0.0
2026-06-13 21:00:00,21:00,17.5,49.2,0.0,2.4,91.7,-0.014663,-0.007332,0.00253,1.026547,0.002597,0.015182,0.015585
2026-06-13 21:10:00,21:10,17.3,49.2,0.0,1.9,91.7,-0.014686,-0.007343,0.001608,1.020729,0.001641,0.009647,0.009847
2026-06-13 21:20:00,21:20,17.5,48.4,0.0,2.4,91.7,-0.014746,-0.007373,0.00259,1.029899,0.002667,0.015537,0.016002
2026-06-13 21:30:00,21:30,16.9,48.6,0.0,3.3,91.7,-0.014792,-0.007396,0.004108,1.039534,0.004271,0.024651,0.025625
2026-06-13 21:40:00,21:40,18.1,43.3,0.0,1.4,91.7,-0.015234,-0.007617,0.000941,1.039627,0.000979,0.005648,0.005872
2026-06-13 21:50:00,21:50,18.2,42.0,0.0,1.0,91.7,-0.015372,-0.007686,0.000117,1.040418,0.000122,0.000703,0.000731
2026-06-13 22:00:00,22:00,17.7,44.0,0.0,0.8,91.7,-0.015194,-0.007597,0.0,1.029712,0.0,0.0,0.0
2026-06-13 22:10:00,22:10,17.7,42.8,0.0,0.3,91.7,-0.015327,-0.007663,0.0,1.028921,0.0,0.0,0.0
2026-06-13 22:20:00,22:20,17.7,44.2,0.0,5.0,91.7,-0.015172,-0.007586,0.007819,1.07775,0.008427,0.046914,0.050561
2026-06-13 22:30:00,22:30,17.7,45.4,0.0,3.5,91.7,-0.015042,-0.007521,0.00492,1.055267,0.005191,0.029517,0.031149
2026-06-13 22:40:00,22:40,16.5,48.9,0.0,1.6,91.7,-0.014803,-0.007402,0.001031,1.018494,0.00105,0.006184,0.006298
2026-06-13 22:50:00,22:50,16.7,49.2,0.0,0.9,91.7,-0.014753,-0.007376,0.0,1.009092,0.0,0.0,0.0
2026-06-13 23:00:00,23:00,16.8,46.9,0.0,1.0,91.7,-0.014974,-0.007487,0.0,1.019891,0.0,0.0,0.0
2026-06-13 23:10:00,23:10,17.0,49.2,0.0,0.2,91.7,-0.01472,-0.00736,0.0,1.000946,0.0,0.0,0.0
2026-06-13 23:20:00,23:20,16.7,47.5,0.0,0.0,91.7,-0.014923,-0.007462,0.0,1.00574,0.0,0.0,0.0
2026-06-13 23:30:00,23:30,16.0,50.9,0.0,0.0,91.6,-0.014662,-0.007331,0.0,0.991496,0.0,0.0,0.0
2026-06-13 23:40:00,23:40,15.9,51.1,0.0,1.8,91.7,-0.014654,-0.007327,0.001247,1.011605,0.001262,0.007484,0.007571
2026-06-13 23:50:00,23:50,15.4,53.1,0.0,2.8,91.6,-0.014522,-0.007261,0.002698,1.014864,0.002738,0.016188,0.016428
2026-06-14 00:00:00,00:00,15.5,53.7,0.0,1.3,91.6,-0.014457,-0.007229,0.000279,0.994894,0.000278,0.001674,0.001665
2026-06-14 00:10:00,00:10,15.9,50.8,0.0,6.6,91.7,-0.014682,-0.007341,0.008724,1.06872,0.009324,0.052346,0.055943
2026-06-14 00:20:00,00:20,15.7,51.3,0.0,6.5,91.6,-0.014656,-0.007328,0.008425,1.065461,0.008976,0.05055,0.053859
2026-06-14 00:30:00,00:30,15.3,53.8,0.0,2.4,91.6,-0.01447,-0.007235,0.002016,1.007276,0.00203,0.012094,0.012182
2026-06-14 00:40:00,00:40,15.3,53.5,0.0,7.4,91.6,-0.014497,-0.007248,0.009048,1.066718,0.009651,0.054285,0.057907
2026-06-14 00:50:00,00:50,14.6,56.7,0.0,0.5,91.6,-0.014295,-0.007147,0.0,0.973017,0.0,0.0,0.0
2026-06-14 01:00:00,01:00,14.2,59.4,0.0,4.5,91.6,-0.014117,-0.007059,0.004193,1.008254,0.004227,0.025156,0.025363
2026-06-14 01:10:00,01:10,14.2,61.5,0.0,0.6,91.6,-0.01395,-0.006975,0.0,0.954072,0.0,0.0,0.0
2026-06-14 01:20:00,01:20,14.3,60.8,0.0,7.1,91.6,-0.013993,-0.006997,0.006888,1.032645,0.007113,0.041331,0.04268
2026-06-14 01:30:00,01:30,14.8,57.6,0.0,0.8,91.6,-0.014197,-0.007098,0.0,0.972738,0.0,0.0,0.0
2026-06-14 01:40:00,01:40,14.0,60.8,0.0,3.3,91.6,-0.014029,-0.007014,0.002552,0.988424,0.002522,0.01531,0.015133
2026-06-14 01:50:00,01:50,14.2,58.6,0.0,3.0,91.6,-0.014182,-0.007091,0.002396,0.99415,0.002382,0.014378,0.014294
2026-06-14 02:00:00,02:00,14.3,57.7,0.0,0.4,91.6,-0.014244,-0.007122,0.0,0.967664,0.0,0.0,0.0
2026-06-14 02:10:00,02:10,15.1,54.4,0.0,2.1,91.6,-0.014438,-0.007219,0.001499,1.001272,0.001501,0.008992,0.009004
2026-06-14 02:20:00,02:20,14.8,55.9,0.0,2.3,91.6,-0.014341,-0.00717,0.001683,0.997315,0.001679,0.0101,0.010072
2026-06-14 02:30:00,02:30,13.7,59.2,0.0,3.9,91.5,-0.014188,-0.007094,0.00342,1.002109,0.003427,0.020521,0.020564
2026-06-14 02:40:00,02:40,15.0,53.8,0.0,1.7,91.6,-0.014502,-0.007251,0.000901,0.99913,0.0009,0.005407,0.005402
2026-06-14 02:50:00,02:50,15.0,54.0,0.0,3.1,91.6,-0.014484,-0.007242,0.003033,1.014584,0.003077,0.018198,0.018464
2026-06-14 03:00:00,03:00,15.4,52.7,0.0,1.0,91.6,-0.014558,-0.007279,0.0,0.995593,0.0,0.0,0.0
2026-06-14 03:10:00,03:10,15.5,53.5,0.0,0.9,91.6,-0.014475,-0.007238,0.0,0.991078,0.0,0.0,0.0
2026-06-14 03:20:00,03:20,15.1,53.4,0.0,0.5,91.6,-0.014527,-0.007263,0.0,0.986842,0.0,0.0,0.0
2026-06-14 03:30:00,03:30,14.7,57.0,0.0,0.9,91.6,-0.014259,-0.007129,0.0,0.976415,0.0,0.0,0.0
2026-06-14 03:40:00,03:40,14.6,55.0,0.0,0.1,91.6,-0.014439,-0.007219,0.0,0.975484,0.0,0.0,0.0
2026-06-14 03:50:00,03:50,13.5,59.9,0.0,3.8,91.5,-0.014154,-0.007077,0.003196,0.998013,0.00319,0.019179,0.019141
2026-06-14 04:00:00,04:00,11.3,70.3,0.0,4.1,91.4,-0.013655,-0.006827,0.002102,0.957935,0.002014,0.012612,0.012081
2026-06-14 04:10:00,04:10,11.5,72.4,0.0,5.4,91.4,-0.013497,-0.006748,0.002853,0.964266,0.002751,0.01712,0.016508
2026-06-14 04:20:00,04:20,11.7,72.2,0.0,4.9,91.4,-0.013486,-0.006743,0.002533,0.959285,0.002429,0.015196,0.014577
2026-06-14 04:30:00,04:30,11.3,73.0,0.0,3.0,91.4,-0.013482,-0.006741,0.000944,0.933823,0.000881,0.005664,0.005289
2026-06-14 04:40:00,04:40,11.1,72.7,0.0,5.5,91.4,-0.013524,-0.006762,0.002836,0.964173,0.002734,0.017014,0.016404
2026-06-14 04:50:00,04:50,11.0,72.5,0.0,4.2,91.4,-0.013548,-0.006774,0.001904,0.949883,0.001808,0.011422,0.01085
2026-06-14 05:00:00,05:00,10.7,73.2,0.0,2.8,91.4,-0.013537,-0.006769,0.000743,0.930658,0.000691,0.004457,0.004148
2026-06-14 05:10:00,05:10,10.3,76.8,0.0,3.4,91.4,-0.013365,-0.006683,0.00085,0.922559,0.000784,0.005099,0.004704
2026-06-14 05:20:00,05:20,10.7,75.9,0.0,2.3,91.4,-0.013373,-0.006686,0.000177,0.913529,0.000162,0.001063,0.000971
2026-06-14 05:30:00,05:30,10.7,75.3,1.0,5.6,91.5,-0.001755,-0.000877,0.003678,0.954444,0.003511,0.022069,0.021063
2026-06-14 05:40:00,05:40,10.9,73.4,7.0,2.6,91.5,0.00111,0.000111,0.002316,0.927493,0.002148,0.013894,0.012886
2026-06-14 05:50:00,05:50,11.0,72.4,17.0,3.0,91.6,0.005901,0.00059,0.003668,0.936337,0.003434,0.022007,0.020606
2026-06-14 06:00:00,06:00,11.5,70.9,30.0,3.1,91.6,0.012134,0.001213,0.005198,0.943785,0.004905,0.031186,0.029433
2026-06-14 06:10:00,06:10,12.1,70.3,38.0,2.8,91.7,0.01598,0.001598,0.0059,0.942807,0.005562,0.035399,0.033375
2026-06-14 06:20:00,06:20,12.4,68.8,39.0,2.3,91.7,0.016449,0.001645,0.005756,0.943273,0.00543,0.034538,0.032579
2026-06-14 06:30:00,06:30,12.9,66.0,43.0,5.1,91.7,0.018346,0.001835,0.008923,0.987586,0.008812,0.053537,0.052873
2026-06-14 06:40:00,06:40,13.5,64.2,92.0,4.2,91.8,0.039826,0.003983,0.012982,0.984654,0.012783,0.077892,0.076697
2026-06-14 06:50:00,06:50,14.6,60.4,107.0,1.4,91.8,0.046187,0.004619,0.012382,0.96799,0.011985,0.074289,0.071911
2026-06-14 07:00:00,07:00,15.5,56.5,167.0,2.7,91.9,0.065956,0.006596,0.018835,0.999456,0.018825,0.113012,0.11295
2026-06-14 07:10:00,07:10,16.7,53.7,229.0,3.4,91.9,0.087821,0.008782,0.025421,1.019332,0.025912,0.152524,0.155473
2026-06-14 07:20:00,07:20,17.6,50.8,259.0,8.7,91.9,0.100363,0.010036,0.03481,1.093157,0.038053,0.208859,0.228316
2026-06-14 07:30:00,07:30,18.4,52.0,312.0,3.2,91.9,0.12151,0.012151,0.034267,1.024127,0.035094,0.205603,0.210563
2026-06-14 07:40:00,07:40,18.8,48.6,179.0,3.0,91.9,0.078382,0.007838,0.024423,1.036043,0.025303,0.146538,0.15182
2026-06-14 07:50:00,07:50,19.3,47.4,329.0,4.4,91.9,0.132524,0.013252,0.039546,1.057362,0.041814,0.237273,0.250884
2026-06-14 08:00:00,08:00,19.9,44.6,366.0,3.9,91.9,0.147776,0.014778,0.043473,1.063274,0.046223,0.260836,0.27734
2026-06-14 08:10:00,08:10,20.5,41.8,401.0,5.2,92.0,0.162371,0.016237,0.04964,1.090132,0.054114,0.297838,0.324682
2026-06-14 08:20:00,08:20,21.0,40.9,377.0,3.3,92.0,0.155865,0.015587,0.04605,1.071792,0.049356,0.276298,0.296134
2026-06-14 08:30:00,08:30,21.0,41.1,376.0,2.4,92.0,0.157527,0.015753,0.045097,1.060481,0.047824,0.27058,0.286945
2026-06-14 08:40:00,08:40,21.5,39.6,420.0,5.1,92.0,0.175623,0.017562,0.054121,1.098185,0.059435,0.324725,0.356608
2026-06-14 08:50:00,08:50,22.3,36.3,450.0,1.5,92.0,0.188125,0.018812,0.052912,1.070116,0.056622,0.31747,0.33973
2026-06-14 09:00:00,09:00,22.9,33.0,470.0,6.1,92.0,0.196698,0.01967,0.063699,1.137471,0.072456,0.382196,0.434737
2026-06-14 09:20:00,09:20,22.6,31.6,358.0,12.8,92.0,0.156501,0.01565,0.064583,1.221304,0.078875,0.387497,0.473251
2026-06-14 09:40:00,09:40,23.4,32.0,523.0,9.6,92.0,0.222978,0.022298,0.076126,1.18239,0.09001,0.456754,0.540061
2026-06-14 10:00:00,10:00,24.2,29.2,574.0,10.2,92.0,0.244695,0.02447,0.084394,1.201102,0.101366,0.506365,0.608196
2026-06-14 10:20:00,10:20,24.5,25.9,536.0,14.4,91.9,0.230871,0.023087,0.089332,1.263803,0.112898,0.535991,0.677387
2026-06-14 10:40:00,10:40,25.0,25.4,545.0,10.8,91.9,0.235998,0.0236,0.086154,1.224004,0.105453,0.516926,0.632719
2026-06-14 11:00:00,11:00,25.5,24.4,588.0,13.8,91.9,0.254187,0.025419,0.096493,1.263104,0.121881,0.578961,0.731288
2026-06-14 11:20:00,11:20,25.5,24.5,486.0,14.0,91.8,0.214565,0.021457,0.087701,1.265013,0.110943,0.526208,0.66566
2026-06-14 11:40:00,11:40,26.0,24.9,404.0,4.7,91.9,0.182422,0.018242,0.062597,1.155113,0.072307,0.375582,0.433839
2026-06-14 12:00:00,12:00,26.4,24.1,484.0,7.7,91.8,0.214809,0.021481,0.077979,1.193375,0.093058,0.467874,0.558349
2026-06-14 12:20:00,12:20,27.4,22.8,582.0,5.3,91.8,0.254089,0.025409,0.084818,1.170893,0.099313,0.508909,0.595878
2026-06-14 12:40:00,12:40,27.5,23.6,508.0,8.6,91.8,0.224584,0.022458,0.083976,1.205943,0.101271,0.503859,0.607625
2026-06-14 13:00:00,13:00,27.9,22.1,504.0,10.7,91.7,0.222356,0.022236,0.088874,1.236665,0.109908,0.533246,0.659447
2026-06-14 13:20:00,13:20,27.6,23.4,502.0,9.6,91.7,0.221361,0.022136,0.085408,1.218418,0.104063,0.512449,0.624378
2026-06-14 13:40:00,13:40,28.0,22.5,558.0,9.2,91.6,0.242674,0.024267,0.090933,1.217534,0.110714,0.545597,0.664283
2026-06-14 14:00:00,14:00,28.3,22.8,466.0,6.4,91.6,0.205206,0.020521,0.075447,1.183693,0.089306,0.452683,0.535837
2026-06-14 14:20:00,14:20,28.2,21.9,478.0,10.4,91.5,0.20841,0.020841,0.08531,1.234012,0.105274,0.51186,0.631641
2026-06-14 14:40:00,14:40,27.5,21.7,354.0,8.8,91.5,0.158472,0.015847,0.068318,1.21623,0.083091,0.409909,0.498544
2026-06-14 15:00:00,15:00,27.0,21.9,319.0,15.3,91.5,0.143517,0.014352,0.077737,1.291033,0.100362,0.466424,0.602169
2026-06-14 15:20:00,15:20,26.5,25.9,200.0,25.4,91.4,0.093153,0.009315,0.080554,1.39181,0.112116,0.483327,0.672699
2026-06-14 15:40:00,15:40,25.6,25.8,148.0,22.1,91.4,0.068176,0.006818,0.068496,1.353827,0.092732,0.410978,0.556393
2026-06-14 16:00:00,16:00,25.2,26.2,96.0,14.8,91.4,0.043224,0.004322,0.048946,1.267201,0.062025,0.293679,0.37215
2026-06-14 16:20:00,16:20,24.6,26.8,55.0,17.1,91.4,0.023556,0.002356,0.048063,1.291452,0.062071,0.288377,0.372425
2026-06-14 16:40:00,16:40,24.0,28.1,28.0,13.4,91.4,0.010628,0.001063,0.036609,1.242949,0.045503,0.219655,0.273019
2026-06-14 17:00:00,17:00,23.4,29.6,21.0,10.6,91.4,0.007304,0.00073,0.028867,1.204081,0.034758,0.173202,0.20855
2026-06-14 17:20:00,17:20,22.7,30.9,7.0,4.8,91.3,0.000611,6.1e-05,0.013151,1.131141,0.014875,0.078904,0.089252
2026-06-14 17:40:00,17:40,22.4,32.3,1.0,3.0,91.3,-0.002236,-0.001118,0.007835,1.104329,0.008652,0.047009,0.051913
2026-06-14 18:00:00,18:00,22.1,31.1,0.0,11.8,91.3,-0.016509,-0.008255,0.02614,1.211762,0.031675,0.15684,0.190053
2026-06-14 18:20:00,18:20,22.2,30.4,0.0,11.2,91.4,-0.016614,-0.008307,0.025277,1.207712,0.030527,0.151662,0.183163
2026-06-14 18:40:00,18:40,22.8,28.9,0.0,9.9,91.4,-0.016819,-0.00841,0.023397,1.198868,0.02805,0.14038,0.168298
2026-06-14 19:00:00,19:00,22.6,30.2,0.0,12.4,91.5,-0.016616,-0.008308,0.028101,1.222514,0.034354,0.168604,0.206121
2026-06-14 19:20:00,19:20,22.2,31.2,0.0,2.1,91.4,-0.016486,-0.008243,0.00351,1.098464,0.003856,0.02106,0.023134
2026-06-14 19:30:00,19:30,22.3,30.9,0.0,8.0,91.4,-0.016526,-0.008263,0.018261,1.168379,0.021336,0.109567,0.128015
2026-06-14 19:40:00,19:40,21.9,33.3,0.0,2.7,91.4,-0.016184,-0.008092,0.004915,1.096649,0.005389,0.029487,0.032337
2026-06-14 19:50:00,19:50,21.2,35.0,0.0,6.6,91.4,-0.015996,-0.007998,0.013704,1.134911,0.015553,0.082226,0.093319
2026-06-14 20:00:00,20:00,20.8,36.9,0.0,2.8,91.3,-0.015766,-0.007883,0.004701,1.082731,0.00509,0.028204,0.030538
2026-06-14 20:10:00,20:10,20.5,37.8,0.0,2.7,91.4,-0.015673,-0.007837,0.004355,1.077797,0.004694,0.026133,0.028166
2026-06-14 20:20:00,20:20,20.3,38.8,0.0,2.1,91.3,-0.015561,-0.00778,0.002855,1.066625,0.003045,0.017131,0.018273
2026-06-14 20:30:00,20:30,20.3,40.2,0.0,2.5,91.3,-0.015379,-0.007689,0.003672,1.065415,0.003912,0.022029,0.02347
2026-06-14 20:40:00,20:40,19.9,41.9,0.0,1.2,91.3,-0.015208,-0.007604,0.000612,1.043165,0.000638,0.003669,0.003828
2026-06-14 20:50:00,20:50,19.6,44.0,0.0,1.5,91.3,-0.014988,-0.007494,0.001187,1.037858,0.001232,0.007121,0.007391
2026-06-14 21:00:00,21:00,19.4,45.6,0.0,1.9,91.3,-0.014824,-0.007412,0.001937,1.03581,0.002006,0.01162,0.012036
2026-06-14 21:10:00,21:10,19.0,45.7,0.0,1.3,91.3,-0.014863,-0.007431,0.000671,1.028409,0.000691,0.004029,0.004143
2026-06-14 21:20:00,21:20,19.0,45.8,0.0,3.0,91.3,-0.014851,-0.007426,0.004078,1.047773,0.004273,0.02447,0.025639
2026-06-14 21:30:00,21:30,19.1,44.2,0.0,2.4,91.3,-0.015024,-0.007512,0.00303,1.047494,0.003174,0.018178,0.019042
2026-06-14 21:40:00,21:40,19.1,44.1,0.0,2.1,91.3,-0.015036,-0.007518,0.002418,1.044422,0.002525,0.014507,0.015152
2026-06-14 21:50:00,21:50,18.7,47.6,0.0,1.9,91.3,-0.014687,-0.007343,0.001775,1.027432,0.001824,0.010651,0.010943
2026-06-14 22:00:00,22:00,18.4,48.9,0.0,4.0,91.3,-0.014584,-0.007292,0.005478,1.046423,0.005733,0.03287,0.034396
2026-06-14 22:10:00,22:10,19.1,44.0,0.0,1.9,91.3,-0.015047,-0.007524,0.002007,1.042513,0.002092,0.012039,0.012551
2026-06-14 22:20:00,22:20,19.2,44.4,0.0,3.1,91.3,-0.014989,-0.007494,0.004437,1.054802,0.004681,0.026624,0.028083
2026-06-14 22:30:00,22:30,18.4,48.8,0.0,2.6,91.2,-0.014594,-0.007297,0.002986,1.03055,0.003078,0.017918,0.018465
2026-06-14 22:40:00,22:40,18.2,49.0,0.0,0.9,91.2,-0.014598,-0.007299,0.0,1.00993,0.0,0.0,0.0
2026-06-14 22:50:00,22:50,18.4,47.2,0.0,2.1,91.2,-0.014768,-0.007384,0.002162,1.031435,0.00223,0.012972,0.01338
2026-06-14 23:00:00,23:00,18.4,46.7,0.0,0.6,91.2,-0.014823,-0.007411,0.0,1.016074,0.0,0.0,0.0
2026-06-14 23:10:00,23:10,19.2,42.5,0.0,4.4,91.2,-0.015213,-0.007607,0.007232,1.07789,0.007796,0.043395,0.046775
2026-06-14 23:20:00,23:20,19.3,43.8,0.0,0.8,91.2,-0.015048,-0.007524,0.0,1.03055,0.0,0.0,0.0
2026-06-14 23:30:00,23:30,19.6,42.8,0.0,2.2,91.2,-0.015133,-0.007566,0.002751,1.051031,0.002892,0.016508,0.017351
2026-06-14 23:40:00,23:40,18.9,44.2,0.0,1.0,91.2,-0.015047,-0.007523,7.4e-05,1.031202,7.6e-05,0.000441,0.000455
2026-06-14 23:50:00,23:50,18.6,46.4,0.0,1.4,91.2,-0.014832,-0.007416,0.000831,1.02664,0.000854,0.004989,0.005121
2026-06-15 00:00:00,00:00,18.4,47.7,0.0,2.1,91.2,-0.014713,-0.007357,0.00213,1.02934,0.002193,0.01278,0.013155
2026-06-15 00:10:00,00:10,18.0,49.0,0.0,3.9,91.2,-0.014624,-0.007312,0.005225,1.044841,0.005459,0.031347,0.032753
2026-06-15 00:20:00,00:20,18.1,49.2,0.0,4.0,91.2,-0.01459,-0.007295,0.005386,1.045166,0.005629,0.032316,0.033776
2026-06-15 00:30:00,00:30,18.0,48.6,0.0,0.9,91.2,-0.014666,-0.007333,0.0,1.011605,0.0,0.0,0.0
2026-06-15 00:40:00,00:40,18.4,45.8,0.0,1.5,91.2,-0.014922,-0.007461,0.001049,1.030318,0.001081,0.006292,0.006483
2026-06-15 00:50:00,00:50,18.6,45.7,0.0,1.1,91.2,-0.01491,-0.007455,0.000239,1.026082,0.000246,0.001436,0.001474
2026-06-15 01:00:00,01:00,18.2,48.4,0.0,3.2,91.2,-0.014663,-0.007331,0.004091,1.039208,0.004251,0.024544,0.025506
2026-06-15 01:10:00,01:10,18.1,47.8,0.0,27.3,91.2,-0.014739,-0.007369,0.033707,1.322174,0.044566,0.202242,0.267398
2026-06-15 01:20:00,01:20,17.8,54.7,0.0,6.6,91.2,-0.014069,-0.007034,0.008377,1.052381,0.008816,0.050264,0.052897
2026-06-15 01:30:00,01:30,17.0,61.9,0.0,4.5,91.1,-0.013516,-0.006758,0.004214,0.99778,0.004204,0.025282,0.025226
2026-06-15 01:40:00,01:40,16.7,63.4,0.0,3.8,91.1,-0.013433,-0.006717,0.003129,0.983351,0.003077,0.018774,0.018461
2026-06-15 01:50:00,01:50,16.8,62.5,0.0,5.3,91.1,-0.013496,-0.006748,0.005045,1.004576,0.005068,0.03027,0.030408
2026-06-15 02:00:00,02:00,17.0,62.7,0.0,6.2,91.1,-0.013445,-0.006722,0.006072,1.014212,0.006158,0.036431,0.036949
2026-06-15 02:10:00,02:10,16.4,68.6,0.0,4.1,91.1,-0.013043,-0.006521,0.002779,0.965057,0.002682,0.016673,0.01609
2026-06-15 02:20:00,02:20,15.8,71.7,0.0,4.9,91.1,-0.012902,-0.006451,0.00303,0.96138,0.002913,0.01818,0.017478
2026-06-15 02:30:00,02:30,15.7,73.1,0.0,7.3,91.0,-0.012811,-0.006405,0.004693,0.983444,0.004616,0.02816,0.027694
2026-06-15 02:40:00,02:40,15.3,75.8,0.0,3.5,91.0,-0.01268,-0.00634,0.001289,0.927912,0.001196,0.007736,0.007178
2026-06-15 02:50:00,02:50,15.1,76.2,0.0,4.8,91.0,-0.012687,-0.006344,0.002203,0.941364,0.002073,0.013216,0.012441
2026-06-15 03:00:00,03:00,15.0,78.0,0.0,4.4,91.0,-0.012574,-0.006287,0.001659,0.929169,0.001542,0.009956,0.009251
2026-06-15 03:10:00,03:10,15.0,78.2,0.0,2.9,91.0,-0.01256,-0.00628,0.000585,0.910875,0.000533,0.003508,0.003195
2026-06-15 03:20:00,03:20,14.8,79.1,0.0,4.1,91.0,-0.012533,-0.006266,0.001302,0.921069,0.001199,0.00781,0.007194
2026-06-15 03:30:00,03:30,14.4,82.3,0.0,5.3,91.0,-0.012385,-0.006193,0.001524,0.921628,0.001404,0.009143,0.008426
2026-06-15 03:40:00,03:40,14.2,85.3,0.0,1.0,91.0,-0.01222,-0.00611,0.0,0.859021,0.0,0.0,0.0
2026-06-15 03:50:00,03:50,14.1,86.8,0.0,3.6,90.9,-0.012141,-0.00607,9.5e-05,0.882993,8.4e-05,0.000573,0.000506
2026-06-15 04:00:00,04:00,14.0,87.6,0.0,2.9,90.9,-0.012108,-0.006054,0.0,0.871496,0.0,0.0,0.0
2026-06-15 04:10:00,04:10,14.0,88.3,0.0,1.5,90.9,-0.012062,-0.006031,0.0,0.852271,0.0,0.0,0.0
2026-06-15 04:20:00,04:20,14.0,88.4,0.0,3.3,91.0,-0.012056,-0.006028,0.0,0.872799,0.0,0.0,0.0
2026-06-15 04:30:00,04:30,14.0,88.3,0.0,2.6,91.0,-0.012062,-0.006031,0.0,0.865072,0.0,0.0,0.0
2026-06-15 04:40:00,04:40,14.0,88.0,0.0,6.4,91.0,-0.012082,-0.006041,0.000986,0.910549,0.000898,0.005915,0.005386
2026-06-15 04:50:00,04:50,14.0,89.0,0.0,3.5,91.0,-0.012017,-0.006008,0.0,0.872613,0.0,0.0,0.0
2026-06-15 05:00:00,05:00,14.0,89.4,0.0,1.6,91.0,-0.011991,-0.005995,0.0,0.848827,0.0,0.0,0.0
2026-06-15 05:10:00,05:10,13.9,89.6,0.0,3.7,91.0,-0.011999,-0.005999,0.0,0.872427,0.0,0.0,0.0
2026-06-15 05:20:00,05:20,13.8,89.6,0.0,6.2,91.0,-0.012019,-0.00601,0.000616,0.901519,0.000556,0.003699,0.003335
2026-06-15 05:30:00,05:30,13.9,89.5,0.0,2.9,91.0,-0.012005,-0.006003,0.0,0.863536,0.0,0.0,0.0
2026-06-15 05:40:00,05:40,14.0,88.8,1.0,5.1,90.9,-0.001525,-0.000762,0.001607,0.89207,0.001434,0.009643,0.008602
2026-06-15 05:50:00,05:50,14.2,88.3,6.0,6.6,90.9,0.000877,8.8e-05,0.002523,0.91162,0.0023,0.015137,0.013799
2026-06-15 06:00:00,06:00,14.2,87.5,11.0,5.2,90.9,0.003268,0.000327,0.002711,0.89868,0.002436,0.016266,0.014618
2026-06-15 06:10:00,06:10,14.3,86.9,15.0,1.2,91.0,0.005185,0.000518,0.001716,0.854645,0.001467,0.010298,0.008802
2026-06-15 06:20:00,06:20,14.4,87.1,16.0,1.0,91.0,0.00567,0.000567,0.001742,0.85148,0.001483,0.01045,0.008898
2026-06-15 06:30:00,06:30,14.3,87.2,25.0,2.6,91.0,0.009988,0.000999,0.003301,0.86968,0.00287,0.019803,0.017223
2026-06-15 06:40:00,06:40,14.4,87.2,20.0,0.9,91.0,0.007591,0.000759,0.002138,0.849897,0.001817,0.012826,0.010901
2026-06-15 06:50:00,06:50,14.4,87.2,21.0,2.1,91.0,0.008071,0.000807,0.002704,0.863862,0.002336,0.016224,0.014016
2026-06-15 07:00:00,07:00,14.5,86.5,47.0,2.3,91.0,0.020547,0.002055,0.005609,0.869122,0.004875,0.033653,0.029248
2026-06-15 07:10:00,07:10,14.7,85.8,44.0,3.2,91.0,0.019106,0.001911,0.005685,0.882527,0.005017,0.034109,0.030103
2026-06-15 07:20:00,07:20,15.0,84.6,47.0,0.5,91.0,0.020543,0.002054,0.005081,0.856135,0.00435,0.030484,0.026099
2026-06-15 07:30:00,07:30,15.1,84.5,43.0,2.1,91.0,0.018625,0.001863,0.005329,0.875173,0.004664,0.031976,0.027985
2026-06-15 07:40:00,07:40,15.2,84.2,66.0,0.6,91.0,0.029665,0.002967,0.007292,0.858974,0.006263,0.04375,0.03758
2026-06-15 07:50:00,07:50,15.4,84.5,85.0,0.3,91.0,0.038796,0.00388,0.009362,0.854226,0.007997,0.056172,0.047983
2026-06-15 08:00:00,08:00,15.6,84.2,66.0,1.4,91.0,0.02968,0.002968,0.00767,0.868284,0.00666,0.046021,0.039959
2026-06-15 08:10:00,08:10,15.8,83.7,71.0,0.1,91.0,0.032081,0.003208,0.007758,0.85525,0.006635,0.046548,0.03981
2026-06-15 08:20:00,08:20,16.0,82.6,77.0,0.7,91.0,0.034955,0.003496,0.008749,0.866841,0.007584,0.052495,0.045505
2026-06-15 08:30:00,08:30,16.0,80.9,50.0,0.5,91.0,0.021974,0.002197,0.005594,0.871635,0.004876,0.033563,0.029255
2026-06-15 08:40:00,08:40,16.0,79.9,47.0,1.4,91.0,0.020522,0.002052,0.005807,0.886298,0.005147,0.034843,0.030882
2026-06-15 08:50:00,08:50,16.1,81.7,74.0,1.4,91.0,0.033508,0.003351,0.008774,0.878757,0.00771,0.052642,0.046259
2026-06-15 09:00:00,09:00,16.4,80.6,107.0,5.5,91.1,0.049345,0.004935,0.014216,0.931077,0.013236,0.085297,0.079418
2026-06-15 09:10:00,09:10,16.4,80.5,86.0,6.2,91.1,0.039264,0.003926,0.012333,0.939642,0.011588,0.073995,0.069529
2026-06-15 09:20:00,09:20,16.3,80.6,104.0,7.2,91.1,0.047902,0.00479,0.014467,0.95086,0.013756,0.086799,0.082534
2026-06-15 09:30:00,09:30,16.1,81.3,123.0,5.7,91.0,0.057023,0.005702,0.0157,0.930472,0.014608,0.094198,0.087649
2026-06-15 09:40:00,09:40,16.0,83.8,104.0,7.4,91.1,0.04793,0.004793,0.01368,0.939782,0.012857,0.082083,0.07714
2026-06-15 09:50:00,09:50,15.8,84.2,92.0,4.7,91.0,0.042167,0.004217,0.011613,0.906686,0.010529,0.069677,0.063176
2026-06-15 10:00:00,10:00,15.8,82.8,95.0,6.0,91.1,0.04359,0.004359,0.01254,0.927679,0.011633,0.07524,0.069799
2026-06-15 10:10:00,10:10,16.1,81.7,194.0,7.4,91.0,0.091108,0.009111,0.02315,0.948579,0.021959,0.138899,0.131756
2026-06-15 10:20:00,10:20,16.2,80.1,229.0,9.8,91.0,0.107892,0.010789,0.027311,0.983211,0.026853,0.163867,0.161115
2026-06-15 10:30:00,10:30,16.6,79.6,275.0,11.1,91.0,0.129673,0.012967,0.032164,1.000434,0.032178,0.192984,0.193067
2026-06-15 10:40:00,10:40,16.8,77.9,236.0,11.0,91.0,0.111245,0.011125,0.029267,1.006392,0.029454,0.175601,0.176723
2026-06-15 10:50:00,10:50,17.0,76.2,255.0,12.8,91.0,0.12035,0.012035,0.032075,1.03446,0.033181,0.192451,0.199083
2026-06-15 11:00:00,11:00,17.1,74.5,248.0,15.3,91.0,0.116971,0.011697,0.032644,1.070675,0.034951,0.195861,0.209704
2026-06-15 11:10:00,11:10,17.1,74.5,187.0,13.3,91.0,0.087691,0.008769,0.02667,1.047401,0.027934,0.16002,0.167605
2026-06-15 11:20:00,11:20,17.0,75.6,135.0,7.5,91.0,0.062742,0.006274,0.019179,0.975298,0.018705,0.115075,0.112233
2026-06-15 11:30:00,11:30,16.9,75.5,298.0,14.9,91.0,0.140643,0.014064,0.036331,1.061831,0.038578,0.217989,0.231467
2026-06-15 11:40:00,11:40,17.2,76.7,254.0,17.8,91.0,0.119884,0.011988,0.032641,1.090551,0.035597,0.195845,0.213579
2026-06-15 11:50:00,11:50,17.2,78.1,219.0,13.2,91.0,0.103103,0.01031,0.028271,1.031155,0.029151,0.169624,0.174909
2026-06-15 12:00:00,12:00,17.2,77.5,276.0,8.9,91.0,0.130455,0.013045,0.033327,0.98363,0.032782,0.199963,0.19669
2026-06-15 12:10:00,12:10,17.3,77.6,185.0,6.0,91.0,0.08678,0.008678,0.023506,0.949464,0.022318,0.141034,0.133906
2026-06-15 12:20:00,12:20,17.5,77.0,278.0,12.5,91.0,0.13142,0.013142,0.034333,1.027618,0.035282,0.206001,0.21169
2026-06-15 12:30:00,12:30,17.5,77.6,141.0,13.7,91.0,0.065668,0.006567,0.021622,1.039069,0.022467,0.129732,0.1348
2026-06-15 12:40:00,12:40,17.5,79.3,260.0,8.3,91.0,0.122811,0.012281,0.031416,0.969107,0.030446,0.188497,0.182674
2026-06-15 12:50:00,12:50,17.8,79.6,319.0,9.0,91.0,0.150037,0.015004,0.037328,0.975996,0.036432,0.223968,0.218592
2026-06-15 13:00:00,13:00,17.9,78.7,187.0,11.2,90.9,0.087779,0.008778,0.025149,1.005368,0.025284,0.150892,0.151702
2026-06-15 13:10:00,13:10,17.7,78.2,247.0,9.1,90.9,0.116564,0.011656,0.030674,0.983025,0.030153,0.184044,0.18092
2026-06-15 13:20:00,13:20,17.2,82.2,194.0,8.4,90.9,0.091157,0.009116,0.023816,0.958122,0.022819,0.142897,0.136913
2026-06-15 13:30:00,13:30,17.5,80.9,277.0,8.7,90.9,0.130993,0.013099,0.032726,0.967059,0.031648,0.196355,0.189887
2026-06-15 13:40:00,13:40,17.8,79.7,263.0,4.8,90.9,0.124269,0.012427,0.031537,0.926702,0.029226,0.189224,0.175355
2026-06-15 13:50:00,13:50,17.8,80.8,242.0,11.2,90.9,0.114204,0.01142,0.029679,0.99657,0.029577,0.178071,0.177461
2026-06-15 14:00:00,14:00,18.1,79.9,201.0,9.8,90.9,0.094524,0.009452,0.025969,0.984049,0.025555,0.155815,0.15333
2026-06-15 14:10:00,14:10,18.0,80.0,264.0,15.1,90.9,0.124761,0.012476,0.032511,1.045306,0.033984,0.195065,0.203903
2026-06-15 14:20:00,14:20,18.0,79.0,227.0,13.2,90.8,0.106987,0.010699,0.029311,1.027385,0.030114,0.175868,0.180684
2026-06-15 14:30:00,14:30,18.0,79.4,153.0,10.8,90.8,0.071473,0.007147,0.021561,0.99778,0.021513,0.129368,0.12908
2026-06-15 14:40:00,14:40,17.5,80.8,90.0,7.1,90.8,0.041231,0.004123,0.01339,0.948858,0.012705,0.08034,0.076231
2026-06-15 14:50:00,14:50,16.5,85.3,76.0,11.0,90.8,0.034528,0.003453,0.011594,0.975391,0.011309,0.069565,0.067853
2026-06-15 15:00:00,15:00,16.5,87.4,74.0,4.2,90.9,0.033594,0.003359,0.009291,0.887462,0.008245,0.055746,0.049473
2026-06-15 15:10:00,15:10,16.7,87.1,75.0,6.0,90.9,0.034079,0.003408,0.009918,0.909665,0.009022,0.059506,0.05413
2026-06-15 15:20:00,15:20,17.0,85.9,93.0,5.8,90.9,0.042717,0.004272,0.01206,0.912365,0.011003,0.072359,0.066018
2026-06-15 15:30:00,15:30,16.8,80.7,163.0,10.3,90.8,0.076242,0.007624,0.021304,0.986516,0.021017,0.127824,0.126101
2026-06-15 15:40:00,15:40,17.3,81.2,204.0,7.1,90.8,0.095948,0.009595,0.024966,0.947183,0.023647,0.149793,0.141882
2026-06-15 15:50:00,15:50,17.6,78.4,203.0,8.0,90.8,0.095443,0.009544,0.025903,0.969386,0.02511,0.15542,0.150662
2026-06-15 16:00:00,16:00,18.1,76.7,296.0,6.2,90.8,0.133218,0.013322,0.034516,0.955561,0.032982,0.207093,0.19789
2026-06-15 16:10:00,16:10,18.8,76.5,285.0,10.6,90.8,0.128005,0.0128,0.034734,1.007602,0.034998,0.208403,0.209987
2026-06-15 16:20:00,16:20,19.2,76.4,246.0,4.1,90.8,0.111573,0.011157,0.029888,0.93238,0.027867,0.179329,0.167203
2026-06-15 16:30:00,16:30,18.4,78.4,61.0,8.4,90.8,0.027316,0.002732,0.01187,0.974041,0.011562,0.071222,0.069373
2026-06-15 16:40:00,16:40,18.0,80.7,36.0,7.5,90.8,0.015331,0.001533,0.008132,0.953932,0.007757,0.048789,0.046542
2026-06-15 16:50:00,16:50,17.6,81.4,13.0,10.4,90.8,0.004283,0.000428,0.006913,0.984747,0.006807,0.041477,0.040845
2026-06-15 17:00:00,17:00,17.1,82.6,10.0,5.3,90.8,0.002838,0.000284,0.00375,0.920371,0.003451,0.022498,0.020706
2026-06-15 17:10:00,17:10,16.9,83.5,11.0,5.8,90.8,0.003322,0.000332,0.003915,0.922419,0.003611,0.023491,0.021669
2026-06-15 17:20:00,17:20,16.7,84.2,14.0,4.1,90.8,0.004763,0.000476,0.003292,0.899704,0.002962,0.01975,0.017769
2026-06-15 17:30:00,17:30,16.6,84.7,20.0,4.8,90.8,0.007645,0.000764,0.004166,0.905755,0.003773,0.024995,0.022639
2026-06-15 17:40:00,17:40,16.5,85.0,13.0,6.1,90.8,0.004285,0.000428,0.00392,0.919626,0.003605,0.02352,0.02163
2026-06-15 17:50:00,17:50,16.4,84.7,12.0,5.5,90.8,0.003797,0.00038,0.003608,0.913901,0.003297,0.021646,0.019782
2026-06-15 18:00:00,18:00,16.2,84.7,1.0,5.3,90.8,-0.001491,-0.000746,0.0025,0.911573,0.002279,0.015002,0.013675
2026-06-15 18:10:00,18:10,16.1,84.7,0.0,6.3,90.8,-0.01185,-0.005925,0.001719,0.92321,0.001587,0.010316,0.009524
2026-06-15 18:20:00,18:20,16.1,83.2,0.0,10.3,90.9,-0.011961,-0.00598,0.003878,0.976043,0.003785,0.023268,0.02271
2026-06-15 18:30:00,18:30,16.4,81.6,0.0,9.8,90.9,-0.012012,-0.006006,0.004167,0.976927,0.004071,0.025005,0.024428
2026-06-15 18:40:00,18:40,16.1,82.6,0.0,10.2,90.9,-0.012005,-0.006003,0.004013,0.977392,0.003923,0.02408,0.023536
2026-06-15 18:50:00,18:50,15.7,83.6,0.0,10.4,90.9,-0.012021,-0.006011,0.003741,0.975531,0.00365,0.022449,0.021899
2026-06-15 19:00:00,19:00,15.2,82.6,0.0,8.0,90.9,-0.012202,-0.006101,0.002881,0.951791,0.002742,0.017284,0.016451
2026-06-15 19:10:00,19:10,14.8,82.6,0.0,6.4,90.9,-0.012285,-0.006142,0.002063,0.933172,0.001925,0.012379,0.011552
2026-06-15 19:20:00,19:20,14.5,84.9,0.0,5.6,91.0,-0.012187,-0.006093,0.001252,0.914227,0.001145,0.007512,0.006868
2026-06-15 19:30:00,19:30,14.5,85.1,0.0,4.6,91.0,-0.012173,-0.006086,0.000768,0.901752,0.000692,0.004607,0.004155
2026-06-15 19:40:00,19:40,14.1,86.1,0.0,6.5,91.0,-0.012187,-0.006094,0.001387,0.919673,0.001276,0.008324,0.007655
2026-06-15 19:50:00,19:50,14.0,86.3,0.0,6.7,91.0,-0.012194,-0.006097,0.001419,0.921162,0.001307,0.008516,0.007844
2026-06-15 20:00:00,20:00,14.1,85.9,0.0,9.2,91.0,-0.0122,-0.0061,0.002443,0.951931,0.002325,0.014656,0.013952
2026-06-15 20:10:00,20:10,14.1,85.3,0.0,7.7,91.0,-0.01224,-0.00612,0.002024,0.936989,0.001896,0.012144,0.011379
2026-06-15 20:20:00,20:20,13.9,85.1,0.0,6.8,91.0,-0.012293,-0.006147,0.001686,0.927353,0.001564,0.010118,0.009383
2026-06-15 20:30:00,20:30,13.3,86.7,0.0,6.6,91.1,-0.012305,-0.006152,0.001259,0.918323,0.001156,0.007556,0.006939
2026-06-15 20:40:00,20:40,13.5,87.0,0.0,5.9,91.1,-0.012247,-0.006123,0.000959,0.90892,0.000872,0.005755,0.005231
2026-06-15 20:50:00,20:50,13.7,87.3,0.0,9.6,91.1,-0.012188,-0.006094,0.002174,0.95072,0.002067,0.013045,0.012402
2026-06-15 21:00:00,21:00,13.7,86.7,0.0,9.9,91.1,-0.012227,-0.006114,0.00243,0.956725,0.002325,0.014581,0.01395
2026-06-15 21:10:00,21:10,13.4,87.4,0.0,12.8,91.1,-0.012241,-0.00612,0.003046,0.98754,0.003008,0.018278,0.01805
2026-06-15 21:20:00,21:20,13.3,87.0,0.0,7.8,91.1,-0.012285,-0.006143,0.001622,0.931031,0.001511,0.009735,0.009063
2026-06-15 21:30:00,21:30,13.5,86.7,0.0,11.0,91.1,-0.012266,-0.006133,0.002755,0.969526,0.002671,0.016531,0.016027
2026-06-15 21:40:00,21:40,13.6,85.6,0.0,9.1,91.1,-0.012318,-0.006159,0.002434,0.952024,0.002317,0.014601,0.013901
2026-06-15 21:50:00,21:50,14.1,83.5,0.0,12.3,91.0,-0.012361,-0.006181,0.004266,0.99806,0.004258,0.025599,0.025549
2026-06-15 22:00:00,22:00,14.0,83.0,0.0,11.7,91.0,-0.012414,-0.006207,0.004184,0.993172,0.004156,0.025106,0.024935
2026-06-15 22:10:00,22:10,13.5,84.4,0.0,10.8,91.1,-0.012416,-0.006208,0.003357,0.976834,0.003279,0.020142,0.019675
2026-06-15 22:20:00,22:20,13.1,86.3,0.0,12.2,91.1,-0.012368,-0.006184,0.003189,0.985166,0.003142,0.019137,0.018853
2026-06-15 22:30:00,22:30,13.3,85.5,0.0,8.7,91.1,-0.012382,-0.006191,0.002283,0.947788,0.002164,0.013698,0.012983
2026-06-15 22:40:00,22:40,13.0,85.3,0.0,8.1,91.1,-0.012449,-0.006225,0.00208,0.941644,0.001958,0.012477,0.011749
2026-06-15 22:50:00,22:50,12.9,85.7,0.0,2.3,91.1,-0.012442,-0.006221,0.0,0.872473,0.0,0.0,0.0
2026-06-15 23:00:00,23:00,12.7,86.0,0.0,1.0,91.1,-0.012459,-0.006229,0.0,0.856088,0.0,0.0,0.0
2026-06-15 23:10:00,23:10,12.5,86.7,0.0,4.2,91.1,-0.012451,-0.006225,0.000302,0.890394,0.000269,0.001815,0.001616
2026-06-15 23:20:00,23:20,12.2,86.8,0.0,6.0,91.1,-0.012497,-0.006249,0.000957,0.910922,0.000872,0.005741,0.00523
2026-06-15 23:30:00,23:30,12.1,87.9,0.0,8.0,91.1,-0.012448,-0.006224,0.001403,0.929588,0.001304,0.008418,0.007825
2026-06-15 23:40:00,23:40,12.0,88.1,0.0,5.8,91.1,-0.012453,-0.006227,0.000664,0.903148,0.0006,0.003985,0.003599
2026-06-15 23:50:00,23:50,11.9,88.4,0.0,3.3,91.1,-0.012452,-0.006226,0.0,0.872799,0.0,0.0,0.0
2026-06-16 00:00:00,00:00,11.8,87.4,0.0,3.2,91.1,-0.012529,-0.006264,0.0,0.875825,0.0,0.0,0.0
2026-06-16 00:10:00,00:10,11.8,87.3,0.0,4.4,91.1,-0.012535,-0.006267,0.000282,0.890208,0.000251,0.00169,0.001505
2026-06-16 00:20:00,00:20,11.8,87.9,0.0,2.4,91.1,-0.012499,-0.00625,0.0,0.86442,0.0,0.0,0.0
2026-06-16 00:30:00,00:30,11.7,87.6,0.0,1.9,91.1,-0.012533,-0.006267,0.0,0.859859,0.0,0.0,0.0
2026-06-16 00:40:00,00:40,11.4,87.7,0.0,2.4,91.1,-0.012577,-0.006288,0.0,0.865258,0.0,0.0,0.0
2026-06-16 00:50:00,00:50,12.0,87.5,0.0,2.9,91.1,-0.012489,-0.006244,0.0,0.871915,0.0,0.0,0.0
2026-06-16 01:00:00,01:00,11.7,87.7,0.0,2.6,91.1,-0.012528,-0.006264,0.0,0.867586,0.0,0.0,0.0
2026-06-16 01:10:00,01:10,11.8,87.9,0.0,4.9,91.1,-0.012499,-0.00625,0.000382,0.893513,0.000342,0.002294,0.00205
2026-06-16 01:20:00,01:20,12.0,87.9,0.0,4.7,91.1,-0.012465,-0.006233,0.00032,0.891185,0.000285,0.001918,0.001709
2026-06-16 01:30:00,01:30,12.0,87.2,0.0,4.4,91.1,-0.012507,-0.006253,0.000301,0.890627,0.000268,0.001805,0.001608
2026-06-16 01:40:00,01:40,11.9,87.4,0.0,1.4,91.1,-0.012512,-0.006256,0.0,0.854878,0.0,0.0,0.0
2026-06-16 01:50:00,01:50,11.5,86.7,0.0,1.7,91.1,-0.012619,-0.006309,0.0,0.861302,0.0,0.0,0.0
2026-06-16 02:00:00,02:00,11.2,89.5,0.0,4.3,91.1,-0.012505,-0.006253,0.0,0.879828,0.0,0.0,0.0
2026-06-16 02:10:00,02:10,11.5,89.8,0.0,1.7,91.1,-0.012438,-0.006219,0.0,0.848315,0.0,0.0,0.0
2026-06-16 02:20:00,02:20,11.7,89.7,0.0,2.3,91.1,-0.01241,-0.006205,0.0,0.855716,0.0,0.0,0.0
2026-06-16 02:30:00,02:30,11.2,88.4,0.0,1.8,91.1,-0.012568,-0.006284,0.0,0.855343,0.0,0.0,0.0
2026-06-16 02:40:00,02:40,11.3,90.4,0.0,0.9,91.1,-0.012438,-0.006219,0.0,0.836491,0.0,0.0,0.0
2026-06-16 02:50:00,02:50,11.0,89.7,0.0,1.2,91.1,-0.012526,-0.006263,0.0,0.842915,0.0,0.0,0.0
2026-06-16 03:00:00,03:00,10.8,90.1,0.0,1.9,91.1,-0.012536,-0.006268,0.0,0.849385,0.0,0.0,0.0
2026-06-16 03:10:00,03:10,10.7,91.0,0.0,0.0,91.1,-0.012501,-0.006251,0.0,0.823505,0.0,0.0,0.0
2026-06-16 03:20:00,03:20,11.2,91.5,0.0,2.9,91.1,-0.012392,-0.006196,0.0,0.855157,0.0,0.0,0.0
2026-06-16 03:30:00,03:30,11.2,90.3,0.0,1.9,91.1,-0.01246,-0.00623,0.0,0.848547,0.0,0.0,0.0
2026-06-16 03:40:00,03:40,10.8,90.7,0.0,5.9,91.1,-0.012502,-0.006251,0.000233,0.89342,0.000208,0.001396,0.001247
2026-06-16 03:50:00,03:50,10.7,90.6,0.0,4.1,91.1,-0.012524,-0.006262,0.0,0.872892,0.0,0.0,0.0
2026-06-16 04:00:00,04:00,10.6,91.2,0.0,0.8,91.1,-0.012506,-0.006253,0.0,0.831976,0.0,0.0,0.0
2026-06-16 04:10:00,04:10,10.8,91.4,0.0,3.3,91.1,-0.012463,-0.006232,0.0,0.860231,0.0,0.0,0.0
2026-06-16 04:20:00,04:20,11.2,91.3,0.0,4.2,91.1,-0.012403,-0.006202,0.0,0.871123,0.0,0.0,0.0
2026-06-16 04:30:00,04:30,11.3,90.9,0.0,5.8,91.2,-0.012409,-0.006205,0.000192,0.891418,0.000171,0.001154,0.001029
2026-06-16 04:40:00,04:40,11.4,90.6,0.0,1.0,91.1,-0.012409,-0.006205,0.0,0.836817,0.0,0.0,0.0
2026-06-16 04:50:00,04:50,11.2,90.7,0.0,1.4,91.1,-0.012437,-0.006219,0.0,0.841053,0.0,0.0,0.0
2026-06-16 05:00:00,05:00,11.2,91.4,0.0,2.2,91.2,-0.012398,-0.006199,0.0,0.84743,0.0,0.0,0.0
2026-06-16 05:10:00,05:10,11.1,91.1,0.0,0.2,91.2,-0.012431,-0.006216,0.0,0.825413,0.0,0.0,0.0
2026-06-16 05:20:00,05:20,11.2,91.6,0.0,3.4,91.2,-0.012386,-0.006193,0.0,0.860557,0.0,0.0,0.0
2026-06-16 05:30:00,05:30,11.1,91.0,1.0,0.5,91.2,-0.001593,-0.000796,0.0,0.829323,0.0,0.0,0.0
2026-06-16 05:40:00,05:40,10.8,90.8,7.0,2.0,91.2,0.001277,0.000128,0.000824,0.847616,0.000698,0.004942,0.004189
2026-06-16 05:50:00,05:50,11.0,91.0,13.0,1.9,91.2,0.004164,0.000416,0.001385,0.845615,0.001171,0.008311,0.007028
2026-06-16 06:00:00,06:00,11.3,90.9,37.0,2.4,91.2,0.015692,0.001569,0.003886,0.851852,0.003311,0.023319,0.019864
2026-06-16 06:10:00,06:10,11.9,90.1,69.0,3.9,91.2,0.025964,0.002596,0.006372,0.872659,0.00556,0.038231,0.033363
2026-06-16 06:20:00,06:20,12.3,88.7,75.0,1.4,91.2,0.030697,0.00307,0.007127,0.849432,0.006054,0.042761,0.036323
2026-06-16 06:30:00,06:30,12.8,87.2,76.0,2.2,91.2,0.033664,0.003366,0.008105,0.865025,0.007011,0.048629,0.042066
2026-06-16 06:40:00,06:40,12.9,87.5,132.0,0.3,91.2,0.051494,0.005149,0.011693,0.841658,0.009842,0.070161,0.059051
2026-06-16 06:50:00,06:50,13.6,86.0,207.0,1.2,91.2,0.077076,0.007708,0.017765,0.858416,0.01525,0.106592,0.0915
2026-06-16 07:00:00,07:00,14.5,84.3,231.0,1.9,91.2,0.088424,0.008842,0.020814,0.873683,0.018185,0.124886,0.109111
2026-06-16 07:10:00,07:10,15.2,79.3,129.0,0.0,91.2,0.057401,0.00574,0.013634,0.87252,0.011896,0.081801,0.071373
2026-06-16 07:20:00,07:20,15.7,75.0,143.0,4.7,91.2,0.063656,0.006366,0.01766,0.945228,0.016693,0.105959,0.100156
2026-06-16 07:30:00,07:30,15.6,76.2,83.0,5.8,91.2,0.037741,0.003774,0.012416,0.953001,0.011832,0.074494,0.070992
2026-06-16 07:40:00,07:40,15.3,77.5,69.0,8.2,91.2,0.031028,0.003103,0.011814,0.975484,0.011525,0.070886,0.069148
2026-06-16 07:50:00,07:50,15.3,77.3,73.0,10.6,91.3,0.032945,0.003295,0.013281,1.004251,0.013337,0.079683,0.080022
2026-06-16 08:00:00,08:00,15.2,79.7,73.0,8.7,91.3,0.032971,0.003297,0.011812,0.972086,0.011482,0.070872,0.068894
2026-06-16 08:10:00,08:10,15.2,81.0,122.0,11.2,91.3,0.056507,0.005651,0.016721,0.995732,0.01665,0.100327,0.099899
2026-06-16 08:20:00,08:20,15.7,79.6,159.0,9.5,91.3,0.074267,0.007427,0.020431,0.981814,0.020059,0.122585,0.120356
2026-06-16 08:30:00,08:30,16.0,79.0,158.0,8.2,91.3,0.07379,0.007379,0.020345,0.9692,0.019718,0.122069,0.118309
2026-06-16 08:40:00,08:40,16.3,78.2,177.0,7.2,91.3,0.082911,0.008291,0.022318,0.960914,0.021445,0.133907,0.128673
2026-06-16 08:50:00,08:50,16.7,75.7,198.0,7.9,91.3,0.092972,0.009297,0.025451,0.979534,0.024931,0.152709,0.149583
2026-06-16 09:00:00,09:00,17.2,74.9,403.0,4.6,91.3,0.176472,0.017647,0.043531,0.944483,0.041114,0.261186,0.246686
2026-06-16 09:10:00,09:10,18.0,71.5,257.0,3.8,91.3,0.118425,0.011843,0.031293,0.949417,0.02971,0.18776,0.178262
2026-06-16 09:20:00,09:20,18.3,69.3,489.0,3.9,91.4,0.213189,0.021319,0.053851,0.959797,0.051686,0.323105,0.310115
2026-06-16 09:30:00,09:30,18.5,70.7,237.0,5.1,91.4,0.111469,0.011147,0.030704,0.967897,0.029719,0.184226,0.178312
2026-06-16 09:40:00,09:40,18.3,72.1,331.0,8.0,91.4,0.150646,0.015065,0.03987,0.995779,0.039701,0.239217,0.238207
2026-06-16 09:50:00,09:50,19.0,70.0,353.0,4.8,91.3,0.160316,0.016032,0.042339,0.967338,0.040956,0.254032,0.245735
2026-06-16 10:00:00,10:00,20.0,66.6,655.0,11.3,91.3,0.285973,0.028597,0.072978,1.057222,0.077154,0.43787,0.462926
2026-06-16 10:10:00,10:10,20.7,65.3,662.0,10.6,91.3,0.289933,0.028993,0.075544,1.054523,0.079662,0.453261,0.477974
2026-06-16 10:20:00,10:20,21.3,59.0,421.0,15.4,91.3,0.18971,0.018971,0.059162,1.136773,0.067254,0.354971,0.403522
2026-06-16 10:30:00,10:30,20.8,61.5,327.0,8.6,91.3,0.151203,0.01512,0.045689,1.047168,0.047844,0.274131,0.287061
2026-06-16 10:40:00,10:40,21.7,56.3,904.0,14.4,91.3,0.391408,0.039141,0.102877,1.136447,0.116915,0.617264,0.701488
2026-06-16 10:50:00,10:50,22.6,51.3,765.0,18.0,91.4,0.333322,0.033332,0.09606,1.199287,0.115204,0.576361,0.691222
2026-06-16 11:00:00,11:00,21.9,55.1,287.0,17.8,91.4,0.135279,0.013528,0.052432,1.18104,0.061925,0.314595,0.371549
2026-06-16 11:10:00,11:10,22.2,54.2,285.0,20.2,91.4,0.13458,0.013458,0.054914,1.212739,0.066597,0.329485,0.39958
2026-06-16 11:20:00,11:20,22.5,54.0,755.0,22.7,91.4,0.331688,0.033169,0.09483,1.24267,0.117842,0.568978,0.707052
2026-06-16 11:30:00,11:30,23.3,50.9,713.0,14.8,91.4,0.314049,0.031405,0.092746,1.163724,0.107931,0.556476,0.647585
2026-06-16 11:40:00,11:40,23.3,50.5,711.0,16.5,91.4,0.313441,0.031344,0.093504,1.185183,0.110819,0.561022,0.664914
2026-06-16 11:50:00,11:50,23.7,47.7,723.0,22.4,91.4,0.318131,0.031813,0.099551,1.265571,0.125988,0.597303,0.75593
2026-06-16 12:00:00,12:00,24.1,47.8,754.0,21.1,91.4,0.33152,0.033152,0.102656,1.250024,0.128323,0.615936,0.769935
2026-06-16 12:10:00,12:10,23.3,45.7,343.0,23.2,91.4,0.159453,0.015945,0.069525,1.28326,0.089219,0.417151,0.535313
2026-06-16 12:20:00,12:20,24.0,45.3,785.0,27.6,91.4,0.343862,0.034386,0.109176,1.336138,0.145874,0.655053,0.875242
2026-06-16 12:30:00,12:30,24.2,44.4,709.0,32.6,91.4,0.312,0.0312,0.106726,1.398094,0.149213,0.640355,0.895276
2026-06-16 12:40:00,12:40,23.6,45.0,736.0,19.8,91.4,0.323134,0.032313,0.100952,1.246626,0.12585,0.605714,0.755099
2026-06-16 12:50:00,12:50,24.4,46.4,676.0,22.0,91.4,0.298705,0.029871,0.098166,1.266363,0.124314,0.588995,0.745881
2026-06-16 13:00:00,13:00,24.7,43.0,681.0,32.3,91.4,0.29979,0.029979,0.107238,1.400468,0.150183,0.643426,0.901097
2026-06-16 13:10:00,13:10,24.6,41.9,551.0,32.3,91.4,0.245307,0.024531,0.098129,1.405076,0.137879,0.588776,0.827275
2026-06-16 13:20:00,13:20,24.9,40.1,572.0,26.5,91.4,0.253425,0.025343,0.098148,1.345122,0.13202,0.588885,0.792122
2026-06-16 13:30:00,13:30,24.8,41.4,538.0,24.3,91.4,0.239315,0.023932,0.092446,1.314074,0.121481,0.554678,0.728888
2026-06-16 13:40:00,13:40,24.8,40.3,370.0,24.3,91.3,0.169539,0.016954,0.07945,1.318683,0.104769,0.4767,0.628616
2026-06-16 13:50:00,13:50,24.3,41.2,327.0,26.7,91.3,0.151589,0.015159,0.07642,1.342841,0.10262,0.458519,0.615719
2026-06-16 14:00:00,14:00,24.2,41.3,337.0,19.2,91.3,0.155392,0.015539,0.069597,1.255145,0.087354,0.417581,0.524125
2026-06-16 14:10:00,14:10,24.3,40.6,236.0,18.3,91.3,0.110821,0.011082,0.059828,1.247604,0.074642,0.358968,0.44785
2026-06-16 14:20:00,14:20,24.1,40.6,215.0,14.4,91.3,0.100735,0.010073,0.052308,1.20222,0.062886,0.313847,0.377314
2026-06-16 14:30:00,14:30,24.3,40.5,236.0,11.1,91.3,0.110818,0.011082,0.050136,1.164236,0.058371,0.300819,0.350224
2026-06-16 14:40:00,14:40,24.8,40.6,443.0,8.9,91.4,0.196664,0.019666,0.067945,1.138216,0.077336,0.40767,0.464017
2026-06-16 14:50:00,14:50,25.2,38.7,261.0,9.9,91.4,0.122423,0.012242,0.05268,1.157813,0.060994,0.316081,0.365962
2026-06-16 15:00:00,15:00,25.0,36.7,171.0,14.4,91.3,0.079536,0.007954,0.05064,1.218558,0.061707,0.303838,0.370245
2026-06-16 15:10:00,15:10,25.4,39.0,408.0,6.9,91.3,0.180071,0.018007,0.062195,1.121645,0.069761,0.37317,0.418565
2026-06-16 15:20:00,15:20,26.0,34.8,362.0,15.7,91.3,0.160358,0.016036,0.073263,1.241646,0.090967,0.439578,0.545801
2026-06-16 15:30:00,15:30,26.3,35.1,292.0,20.1,91.3,0.132114,0.013211,0.073542,1.291592,0.094987,0.441253,0.569919
2026-06-16 15:40:00,15:40,25.4,36.8,206.0,20.4,91.3,0.09635,0.009635,0.063654,1.287961,0.081984,0.381923,0.491901
2026-06-16 15:50:00,15:50,25.6,36.6,346.0,20.7,91.3,0.151256,0.015126,0.076094,1.29229,0.098335,0.456562,0.590011
2026-06-16 16:00:00,16:00,25.8,36.7,318.0,23.1,91.3,0.139359,0.013936,0.076835,1.3198,0.101407,0.461009,0.60844
2026-06-16 16:10:00,16:10,25.8,36.3,233.0,21.2,91.2,0.105875,0.010587,0.067728,1.299365,0.088003,0.406366,0.528018
2026-06-16 16:20:00,16:20,25.6,37.5,189.0,17.9,91.2,0.088215,0.008822,0.058212,1.255936,0.07311,0.34927,0.43866
2026-06-16 16:30:00,16:30,25.3,38.9,157.0,14.0,91.2,0.072885,0.007289,0.047684,1.204687,0.057444,0.286103,0.344665
2026-06-16 16:40:00,16:40,24.9,39.2,131.0,12.5,91.2,0.060402,0.00604,0.041832,1.185974,0.049611,0.250991,0.297668
2026-06-16 16:50:00,16:50,24.6,40.0,105.0,11.9,91.2,0.047934,0.004793,0.037323,1.175641,0.043879,0.223939,0.263272
2026-06-16 17:00:00,17:00,24.2,42.3,76.0,10.1,91.2,0.034061,0.003406,0.029777,1.145059,0.034096,0.178662,0.204578
2026-06-16 17:10:00,17:10,23.6,44.4,54.0,14.5,91.2,0.023533,0.002353,0.03304,1.187464,0.039234,0.19824,0.235403
2026-06-16 17:20:00,17:20,23.0,45.9,31.0,10.9,91.2,0.012509,0.001251,0.023997,1.139287,0.02734,0.143985,0.16404
2026-06-16 17:30:00,17:30,22.2,47.9,11.0,12.5,91.2,0.002929,0.000293,0.023004,1.149527,0.026443,0.138022,0.158661
2026-06-16 17:40:00,17:40,21.3,50.9,5.0,9.2,91.2,8.3e-05,4.2e-05,0.015959,1.098557,0.017532,0.095753,0.10519
2026-06-16 17:50:00,17:50,20.8,52.9,1.0,10.2,91.2,-0.001813,-0.000907,0.01626,1.101815,0.017916,0.097562,0.107495
2026-06-16 18:00:00,18:00,20.6,52.8,0.0,8.1,91.2,-0.013808,-0.006904,0.01177,1.077797,0.012685,0.070617,0.076111
2026-06-16 18:10:00,18:10,20.2,53.4,0.0,8.9,91.2,-0.013813,-0.006907,0.012611,1.084593,0.013678,0.075667,0.082068
2026-06-16 18:20:00,18:20,19.9,53.8,0.0,7.2,91.2,-0.013823,-0.006911,0.009985,1.063134,0.010615,0.059908,0.06369
2026-06-16 18:30:00,18:30,19.7,54.1,0.0,5.4,91.3,-0.013825,-0.006913,0.007192,1.040931,0.007487,0.043153,0.044919
2026-06-16 18:40:00,18:40,19.5,55.0,0.0,3.0,91.3,-0.013763,-0.006882,0.003236,1.009231,0.003266,0.019418,0.019597
2026-06-16 18:50:00,18:50,19.5,55.0,0.0,0.9,91.3,-0.013763,-0.006882,0.0,0.984794,0.0,0.0,0.0
2026-06-16 19:00:00,19:00,20.0,52.7,0.0,3.9,91.3,-0.013927,-0.006963,0.005056,1.02934,0.005204,0.030336,0.031226
2026-06-16 19:10:00,19:10,19.9,53.5,0.0,5.2,91.3,-0.013856,-0.006928,0.007029,1.041117,0.007318,0.042176,0.04391
2026-06-16 19:20:00,19:20,20.4,50.6,0.0,5.2,91.3,-0.014096,-0.007048,0.007643,1.053266,0.00805,0.045858,0.048301
2026-06-16 19:30:00,19:30,20.4,50.7,0.0,3.7,91.3,-0.014085,-0.007042,0.005025,1.035391,0.005203,0.030148,0.031215
2026-06-16 19:40:00,19:40,19.6,53.2,0.0,3.7,91.3,-0.01394,-0.00697,0.004601,1.024918,0.004716,0.027607,0.028295
2026-06-16 19:50:00,19:50,20.1,51.1,0.0,3.7,91.3,-0.014089,-0.007045,0.004932,1.033716,0.005098,0.02959,0.030587
2026-06-16 20:00:00,20:00,20.2,50.2,0.0,4.6,91.3,-0.014176,-0.007088,0.006643,1.047959,0.006962,0.039858,0.041769
2026-06-16 20:10:00,20:10,19.3,53.6,0.0,4.9,91.3,-0.013947,-0.006974,0.006427,1.037207,0.006666,0.038561,0.039995
2026-06-16 20:20:00,20:20,19.3,52.9,0.0,4.3,91.3,-0.014022,-0.007011,0.00558,1.033157,0.005765,0.033479,0.034589
2026-06-16 20:30:00,20:30,19.3,53.2,0.0,4.8,91.3,-0.01399,-0.006995,0.006334,1.037719,0.006573,0.038007,0.03944
2026-06-16 20:40:00,20:40,18.9,55.1,0.0,5.7,91.3,-0.013856,-0.006928,0.007288,1.040232,0.007581,0.043728,0.045487
2026-06-16 20:50:00,20:50,18.6,56.0,0.0,2.4,91.3,-0.013813,-0.006907,0.002095,0.99806,0.002091,0.012571,0.012546
2026-06-16 21:00:00,21:00,18.5,56.0,0.0,4.4,91.3,-0.01383,-0.006915,0.005161,1.021334,0.005271,0.030963,0.031624
2026-06-16 21:10:00,21:10,18.5,55.2,0.0,5.7,91.3,-0.013911,-0.006955,0.007185,1.039813,0.007471,0.043108,0.044824
2026-06-16 21:20:00,21:20,17.7,59.0,0.0,4.8,91.3,-0.013668,-0.006834,0.005144,1.013421,0.005213,0.030867,0.031281
2026-06-16 21:30:00,21:30,16.2,65.0,0.0,7.3,91.3,-0.013379,-0.006689,0.006597,1.017377,0.006712,0.039583,0.040271
2026-06-16 21:40:00,21:40,15.8,66.6,0.0,6.6,91.3,-0.013311,-0.006656,0.005498,1.002528,0.005512,0.032988,0.033071
2026-06-16 21:50:00,21:50,15.6,68.6,0.0,2.8,91.3,-0.013183,-0.006592,0.001377,0.949929,0.001308,0.008264,0.00785
2026-06-16 22:00:00,22:00,15.3,69.3,0.0,2.9,91.3,-0.013178,-0.006589,0.0014,0.94816,0.001327,0.008399,0.007963
2026-06-16 22:10:00,22:10,15.7,69.8,0.0,2.4,91.3,-0.01307,-0.006535,0.000871,0.940247,0.000819,0.005227,0.004914
2026-06-16 22:20:00,22:20,15.7,69.4,0.0,0.9,91.3,-0.013102,-0.006551,0.0,0.924467,0.0,0.0,0.0
2026-06-16 22:30:00,22:30,16.0,68.8,0.0,0.8,91.3,-0.013098,-0.006549,0.0,0.925817,0.0,0.0,0.0
2026-06-16 22:40:00,22:40,16.3,66.5,0.0,0.9,91.3,-0.013236,-0.006618,0.0,0.936616,0.0,0.0,0.0
2026-06-16 22:50:00,22:50,17.0,62.4,0.0,3.8,91.3,-0.013471,-0.006736,0.003291,0.98754,0.00325,0.019748,0.019502
2026-06-16 23:00:00,23:00,17.3,61.2,0.0,4.4,91.3,-0.01353,-0.006765,0.00424,0.999549,0.004238,0.025439,0.025427
2026-06-16 23:10:00,23:10,17.1,60.7,0.0,5.3,91.3,-0.013608,-0.006804,0.005408,1.012117,0.005474,0.03245,0.032843
2026-06-16 23:20:00,23:20,17.9,57.6,0.0,5.4,91.3,-0.013769,-0.006885,0.006214,1.026268,0.006377,0.037283,0.038262
2026-06-16 23:30:00,23:30,17.7,58.1,0.0,6.8,91.3,-0.013754,-0.006877,0.007897,1.040465,0.008216,0.04738,0.049297
2026-06-16 23:40:00,23:40,16.8,61.6,0.0,5.6,91.3,-0.013576,-0.006788,0.005561,1.011838,0.005627,0.033367,0.033762
2026-06-16 23:50:00,23:50,15.5,67.4,0.0,6.4,91.3,-0.013296,-0.006648,0.005097,0.99685,0.005081,0.030585,0.030488
2026-06-17 00:00:00,00:00,15.3,68.4,0.0,1.8,91.2,-0.013249,-0.006624,0.000302,0.93913,0.000284,0.001812,0.001702
2026-06-17 00:10:00,00:10,14.8,70.7,0.0,3.5,91.2,-0.013152,-0.006576,0.001807,0.949277,0.001716,0.010845,0.010295
2026-06-17 00:20:00,00:20,14.5,73.3,0.0,2.1,91.2,-0.013008,-0.006504,0.00029,0.922093,0.000268,0.001741,0.001606
2026-06-17 00:30:00,00:30,14.7,72.8,0.0,2.3,91.2,-0.013011,-0.006506,0.000512,0.926515,0.000474,0.00307,0.002844
2026-06-17 00:40:00,00:40,14.5,73.8,0.0,2.8,91.2,-0.012971,-0.006486,0.000867,0.928145,0.000805,0.005202,0.004828
2026-06-17 00:50:00,00:50,14.5,74.4,0.0,1.0,91.2,-0.012927,-0.006464,0.0,0.904684,0.0,0.0,0.0
2026-06-17 01:00:00,01:00,14.6,74.3,0.0,5.1,91.2,-0.012917,-0.006459,0.002669,0.952815,0.002543,0.016013,0.015258
2026-06-17 01:10:00,01:10,14.1,75.7,0.0,3.3,91.2,-0.012902,-0.006451,0.001076,0.926003,0.000996,0.006457,0.005979
2026-06-17 01:20:00,01:20,14.0,76.4,0.0,2.8,91.2,-0.012869,-0.006435,0.000624,0.917252,0.000573,0.003746,0.003436
2026-06-17 01:30:00,01:30,14.1,75.4,0.0,4.8,91.2,-0.012923,-0.006461,0.002234,0.944716,0.00211,0.013403,0.012662
2026-06-17 01:40:00,01:40,13.9,75.7,0.0,2.6,91.2,-0.012935,-0.006468,0.000521,0.917857,0.000478,0.003127,0.00287
2026-06-17 01:50:00,01:50,14.0,75.6,0.0,2.1,91.2,-0.012925,-0.006463,0.000131,0.912458,0.00012,0.000788,0.000719
2026-06-17 02:00:00,02:00,14.3,74.1,0.0,1.4,91.2,-0.012983,-0.006491,0.0,0.910596,0.0,0.0,0.0
2026-06-17 02:10:00,02:10,16.0,66.7,0.0,4.4,91.4,-0.01327,-0.006635,0.00331,0.976508,0.003232,0.01986,0.019393
2026-06-17 02:20:00,02:20,16.7,63.2,0.0,1.9,91.5,-0.013451,-0.006725,0.000774,0.962078,0.000744,0.004642,0.004466
2026-06-17 02:30:00,02:30,16.7,62.5,0.0,3.3,91.4,-0.013512,-0.006756,0.002627,0.981302,0.002577,0.015759,0.015465
2026-06-17 02:40:00,02:40,17.1,61.2,0.0,2.1,91.5,-0.013563,-0.006781,0.001186,0.972784,0.001154,0.007117,0.006923
2026-06-17 02:50:00,02:50,16.8,62.2,0.0,1.1,91.5,-0.013522,-0.006761,0.0,0.956958,0.0,0.0,0.0
2026-06-17 03:00:00,03:00,17.3,60.6,0.0,1.6,91.5,-0.013585,-0.006792,0.000523,0.969479,0.000507,0.00314,0.003045
2026-06-17 03:10:00,03:10,16.9,63.4,0.0,1.9,91.4,-0.013399,-0.0067,0.000769,0.96124,0.00074,0.004617,0.004438
2026-06-17 03:20:00,03:20,15.6,67.2,0.0,3.4,91.4,-0.013295,-0.006648,0.00215,0.962776,0.00207,0.0129,0.012419
2026-06-17 03:30:00,03:30,15.1,69.5,0.0,4.6,91.3,-0.013195,-0.006598,0.003011,0.967105,0.002912,0.018067,0.017473
2026-06-17 03:40:00,03:40,15.8,66.8,0.0,3.5,91.3,-0.013295,-0.006648,0.002314,0.965616,0.002235,0.013886,0.013409
2026-06-17 03:50:00,03:50,16.5,65.0,0.0,3.8,91.4,-0.013328,-0.006664,0.002926,0.976648,0.002858,0.017559,0.017149
2026-06-17 04:00:00,04:00,16.4,65.5,0.0,3.3,91.3,-0.013303,-0.006651,0.002283,0.968734,0.002212,0.013697,0.013269
2026-06-17 04:10:00,04:10,16.1,66.3,0.0,3.2,91.3,-0.013286,-0.006643,0.002062,0.964219,0.001988,0.012374,0.011931
2026-06-17 04:20:00,04:20,16.0,67.3,0.0,3.9,91.3,-0.013221,-0.00661,0.002702,0.968176,0.002616,0.016214,0.015698
2026-06-17 04:30:00,04:30,15.9,67.9,0.0,4.5,91.3,-0.013189,-0.006594,0.00323,0.972645,0.003142,0.019381,0.018851
2026-06-17 04:40:00,04:40,15.7,69.8,0.0,4.5,91.3,-0.01307,-0.006535,0.002941,0.964685,0.002837,0.017648,0.017024
2026-06-17 04:50:00,04:50,15.7,68.6,0.0,7.0,91.3,-0.013166,-0.006583,0.005434,0.998805,0.005428,0.032606,0.032567
2026-06-17 05:00:00,05:00,15.5,69.6,0.0,8.3,91.2,-0.013121,-0.00656,0.006259,1.009743,0.00632,0.037557,0.037923
2026-06-17 05:10:00,05:10,15.5,69.7,0.0,6.3,91.2,-0.013113,-0.006556,0.004559,0.98605,0.004495,0.027354,0.026973
2026-06-17 05:20:00,05:20,14.6,73.2,4.0,6.1,91.2,-0.002026,-0.001013,0.00486,0.96906,0.00471,0.029161,0.028259
2026-06-17 05:30:00,05:30,14.3,74.6,4.0,1.8,91.2,-0.000238,-0.000119,0.001523,0.913156,0.001391,0.009137,0.008344
2026-06-17 05:40:00,05:40,14.2,75.3,10.0,4.5,91.2,0.002648,0.000265,0.004096,0.941644,0.003857,0.024574,0.02314
2026-06-17 05:50:00,05:50,14.3,75.3,20.0,6.0,91.2,0.007451,0.000745,0.0061,0.959099,0.00585,0.036599,0.035102
2026-06-17 06:00:00,06:00,14.2,76.5,34.0,6.2,91.2,0.014182,0.001418,0.00734,0.956399,0.00702,0.044042,0.042122
2026-06-17 06:10:00,06:10,14.3,76.8,48.0,4.2,91.2,0.020909,0.002091,0.007557,0.931868,0.007043,0.045345,0.042255
2026-06-17 06:20:00,06:20,14.4,77.2,68.0,8.7,91.2,0.029035,0.002903,0.011424,0.982559,0.011225,0.068545,0.06735
2026-06-17 06:30:00,06:30,14.7,76.8,91.0,6.1,91.2,0.037245,0.003725,0.01206,0.953979,0.011505,0.07236,0.06903
2026-06-17 06:40:00,06:40,15.2,76.5,97.0,5.7,91.2,0.041496,0.00415,0.01297,0.950581,0.012329,0.077818,0.073973
2026-06-17 06:50:00,06:50,15.5,76.9,82.0,4.8,91.2,0.037267,0.003727,0.01165,0.938432,0.010932,0.069897,0.065594
2026-06-17 07:00:00,07:00,15.9,78.5,74.0,1.0,91.2,0.033461,0.003346,0.008651,0.887508,0.007678,0.051906,0.046067
2026-06-17 07:10:00,07:10,17.6,72.8,68.0,5.2,91.2,0.030565,0.003056,0.011705,0.960263,0.01124,0.07023,0.067439
2026-06-17 07:20:00,07:20,17.8,72.9,74.0,5.1,91.2,0.033454,0.003345,0.01232,0.95868,0.011811,0.073919,0.070865
2026-06-17 07:30:00,07:30,17.2,75.8,79.0,3.3,91.2,0.035872,0.003587,0.011084,0.925584,0.010259,0.066504,0.061555
2026-06-17 07:40:00,07:40,17.2,77.2,89.0,16.5,91.2,0.040691,0.004069,0.017877,1.073328,0.019188,0.107262,0.115128
2026-06-17 07:50:00,07:50,18.7,69.7,95.0,14.3,91.3,0.04352,0.004352,0.02164,1.079146,0.023352,0.129837,0.140113
2026-06-17 08:00:00,08:00,18.2,74.9,139.0,5.4,91.2,0.064698,0.00647,0.019315,0.953793,0.018423,0.115891,0.110536
2026-06-17 08:10:00,08:10,18.4,76.1,168.0,11.2,91.2,0.078643,0.007864,0.024518,1.01626,0.024917,0.147108,0.1495
2026-06-17 08:20:00,08:20,18.7,74.2,174.0,10.4,91.2,0.081508,0.008151,0.025662,1.01491,0.026045,0.153973,0.156269
2026-06-17 08:30:00,08:30,18.8,74.5,172.0,11.9,91.2,0.080556,0.008056,0.026004,1.031109,0.026813,0.156026,0.16088
2026-06-17 08:40:00,08:40,19.2,72.2,200.0,14.1,91.2,0.093583,0.009358,0.03068,1.066346,0.032716,0.184081,0.196294
2026-06-17 08:50:00,08:50,19.5,70.2,192.0,10.1,91.3,0.090119,0.009012,0.029227,1.028176,0.03005,0.17536,0.180301
2026-06-17 09:00:00,09:00,19.7,68.2,183.0,15.4,91.3,0.085776,0.008578,0.031934,1.098231,0.035071,0.191603,0.210424
2026-06-17 09:10:00,09:10,19.9,67.1,206.0,18.1,91.3,0.096806,0.009681,0.036081,1.134259,0.040925,0.216487,0.245552
2026-06-17 09:20:00,09:20,20.2,66.1,218.0,14.4,91.3,0.102561,0.010256,0.036211,1.095392,0.039666,0.217268,0.237993
2026-06-17 09:30:00,09:30,20.5,63.2,218.0,16.1,91.3,0.102524,0.010252,0.038817,1.127324,0.043759,0.232901,0.262554
2026-06-17 09:40:00,09:40,20.7,62.3,208.0,18.6,91.3,0.097716,0.009772,0.04,1.160187,0.046407,0.239997,0.278442
2026-06-17 09:50:00,09:50,20.8,61.7,181.0,15.2,91.3,0.084749,0.008475,0.035713,1.123134,0.04011,0.214275,0.24066
2026-06-17 10:00:00,10:00,20.8,61.1,155.0,21.2,91.3,0.072258,0.007226,0.03755,1.19547,0.04489,0.225302,0.269341
2026-06-17 10:10:00,10:10,20.8,61.2,160.0,16.6,91.2,0.07466,0.007466,0.034904,1.141521,0.039844,0.209427,0.239065
2026-06-17 10:20:00,10:20,21.0,60.9,169.0,17.5,91.2,0.078982,0.007898,0.036739,1.153251,0.042369,0.220435,0.254216
2026-06-17 10:30:00,10:30,21.1,60.1,168.0,23.3,91.2,0.078492,0.007849,0.040977,1.224097,0.05016,0.245865,0.300962
2026-06-17 10:40:00,10:40,21.1,59.5,192.0,23.3,91.2,0.090001,0.009,0.043483,1.226611,0.053336,0.260895,0.320017
2026-06-17 10:50:00,10:50,20.9,59.1,203.0,36.9,91.2,0.095266,0.009527,0.051117,1.38655,0.070877,0.306703,0.42526
2026-06-17 11:00:00,11:00,20.8,60.4,175.0,30.0,91.2,0.081846,0.008185,0.044601,1.300808,0.058017,0.267604,0.348102
2026-06-17 11:10:00,11:10,20.9,58.1,185.0,40.6,91.1,0.086608,0.008661,0.052244,1.433796,0.074908,0.313465,0.449446
2026-06-17 11:20:00,11:20,20.9,57.9,203.0,40.7,91.1,0.095244,0.009524,0.053752,1.435798,0.077177,0.322514,0.463065
2026-06-17 11:30:00,11:30,21.0,56.3,174.0,41.7,91.1,0.081298,0.00813,0.053822,1.454138,0.078265,0.322934,0.46959
2026-06-17 11:40:00,11:40,21.0,57.2,165.0,30.6,91.1,0.076995,0.007699,0.04692,1.321196,0.06199,0.281518,0.371941
2026-06-17 11:50:00,11:50,21.1,56.7,176.0,40.6,91.1,0.082269,0.008227,0.053293,1.439661,0.076723,0.319756,0.46034
2026-06-17 12:00:00,12:00,21.1,58.1,188.0,27.9,91.1,0.088055,0.008805,0.046754,1.286006,0.060126,0.280523,0.360754
2026-06-17 12:10:00,12:10,21.2,58.3,178.0,30.1,91.0,0.083262,0.008326,0.047118,1.31077,0.061761,0.28271,0.370568
2026-06-17 12:20:00,12:20,21.0,59.0,159.0,18.4,91.0,0.074148,0.007415,0.037461,1.171684,0.043892,0.224765,0.263353
2026-06-17 12:30:00,12:30,21.0,58.2,148.0,18.6,90.9,0.068853,0.006885,0.03702,1.177363,0.043586,0.222121,0.261518
2026-06-17 12:40:00,12:40,21.2,56.8,231.0,22.5,90.8,0.108674,0.010867,0.048337,1.228612,0.059387,0.290021,0.356323
2026-06-17 12:50:00,12:50,21.4,56.4,174.0,29.9,90.9,0.081314,0.008131,0.048482,1.316402,0.063822,0.290893,0.382932
2026-06-17 13:00:00,13:00,21.8,55.3,260.0,23.1,91.0,0.122587,0.012259,0.053184,1.241878,0.066049,0.319106,0.396291
2026-06-17 13:10:00,13:10,22.1,55.3,265.0,19.5,91.1,0.124998,0.0125,0.051718,1.199985,0.062061,0.310309,0.372366
2026-06-17 13:20:00,13:20,22.4,54.6,432.0,24.0,91.0,0.196802,0.01968,0.069106,1.255284,0.086748,0.414636,0.520486
2026-06-17 13:30:00,13:30,23.5,53.3,494.0,31.5,91.0,0.222678,0.022268,0.080509,1.348008,0.108527,0.483054,0.651161
2026-06-17 13:40:00,13:40,23.6,50.7,678.0,35.4,91.0,0.298871,0.029887,0.097716,1.404285,0.137221,0.586298,0.823329
2026-06-17 13:50:00,13:50,22.8,52.0,344.0,33.3,90.9,0.15912,0.015912,0.069864,1.374401,0.096021,0.419184,0.576127
2026-06-17 14:00:00,14:00,23.3,50.3,365.0,38.7,90.9,0.167507,0.016751,0.076692,1.444362,0.110771,0.460153,0.664627
2026-06-17 14:10:00,14:10,23.2,50.2,265.0,45.0,90.9,0.124932,0.012493,0.07289,1.518095,0.110653,0.437338,0.66392
2026-06-17 14:20:00,14:20,23.8,49.7,671.0,46.6,90.9,0.293348,0.029335,0.101506,1.538808,0.156198,0.609036,0.93719
2026-06-17 14:30:00,14:30,23.5,48.7,306.0,30.9,90.9,0.141929,0.014193,0.069865,1.360297,0.095037,0.419189,0.570222
2026-06-17 14:40:00,14:40,23.0,51.8,323.0,33.9,90.9,0.148621,0.014862,0.069001,1.382221,0.095375,0.414006,0.572247
2026-06-17 14:50:00,14:50,23.2,52.4,227.0,44.2,90.8,0.106739,0.010674,0.067334,1.499568,0.100972,0.404003,0.605831
2026-06-17 15:00:00,15:00,22.8,53.7,247.0,31.0,90.8,0.116352,0.011635,0.059736,1.340514,0.080077,0.358417,0.480463
2026-06-17 15:10:00,15:10,24.1,49.7,445.0,39.5,90.8,0.196546,0.019655,0.084485,1.456186,0.123026,0.506912,0.738158
2026-06-17 15:20:00,15:20,24.3,49.9,367.0,39.7,90.8,0.164157,0.016416,0.079519,1.457675,0.115913,0.477115,0.695479
2026-06-17 15:30:00,15:30,24.3,49.3,322.0,35.9,90.8,0.145153,0.014515,0.07477,1.415968,0.105873,0.448622,0.635235
2026-06-17 15:40:00,15:40,24.1,50.5,289.0,32.1,90.8,0.131218,0.013122,0.068365,1.36672,0.093436,0.410189,0.560614
2026-06-17 15:50:00,15:50,24.1,51.4,258.0,22.7,90.8,0.118143,0.011814,0.058266,1.253562,0.07304,0.349598,0.438243
2026-06-17 16:00:00,16:00,24.2,49.6,234.0,33.7,90.8,0.107789,0.010779,0.066317,1.38911,0.092122,0.397902,0.552729
2026-06-17 16:10:00,16:10,24.3,48.7,207.0,26.1,90.8,0.096414,0.009641,0.059255,1.304439,0.077294,0.355527,0.463763
2026-06-17 16:20:00,16:20,24.5,46.7,178.0,34.0,90.7,0.083138,0.008314,0.065508,1.40475,0.092022,0.393048,0.552134
2026-06-17 16:30:00,16:30,24.5,45.8,154.0,32.4,90.7,0.071596,0.00716,0.062953,1.389901,0.087498,0.377718,0.52499
2026-06-17 16:40:00,16:40,24.2,46.0,116.0,39.9,90.7,0.053351,0.005335,0.065093,1.476341,0.096099,0.390558,0.576597
2026-06-17 16:50:00,16:50,23.5,48.6,84.0,32.4,90.6,0.038027,0.003803,0.05265,1.378171,0.07256,0.315898,0.435362
2026-06-17 17:00:00,17:00,23.5,49.2,72.0,27.5,90.7,0.03228,0.003228,0.046774,1.318636,0.061678,0.280642,0.370065
2026-06-17 17:10:00,17:10,22.9,50.2,20.0,26.7,90.7,0.007321,0.000732,0.039827,1.305137,0.051979,0.23896,0.311876
2026-06-17 17:20:00,17:20,22.5,50.2,12.0,31.5,90.7,0.003467,0.000347,0.042981,1.360995,0.058497,0.257887,0.350982
2026-06-17 17:30:00,17:30,22.3,50.4,7.0,34.2,90.7,0.001065,0.000106,0.044344,1.391577,0.061708,0.266065,0.37025
2026-06-17 17:40:00,17:40,22.0,51.4,5.0,22.8,90.7,0.000116,5.8e-05,0.032755,1.254726,0.041098,0.196529,0.24659
2026-06-17 17:50:00,17:50,21.8,52.0,1.0,21.1,90.7,-0.001799,-0.000899,0.030222,1.232429,0.037247,0.181333,0.22348
2026-06-17 18:00:00,18:00,21.4,53.0,0.0,17.4,90.6,-0.013633,-0.006816,0.023995,1.185183,0.028438,0.143967,0.170628
2026-06-17 18:10:00,18:10,21.1,54.2,0.0,13.8,90.6,-0.013552,-0.006776,0.019019,1.138262,0.021649,0.114115,0.129893
2026-06-17 18:20:00,18:20,20.7,55.3,0.0,6.4,90.6,-0.013507,-0.006753,0.008627,1.04754,0.009037,0.051761,0.054221
2026-06-17 18:30:00,18:30,20.6,55.6,0.0,7.6,90.6,-0.013493,-0.006746,0.010256,1.060248,0.010874,0.061538,0.065245
2026-06-17 18:40:00,18:40,20.5,55.5,0.0,5.9,90.6,-0.013524,-0.006762,0.007799,1.040884,0.008118,0.046793,0.048706
2026-06-17 18:50:00,18:50,20.2,56.4,0.0,6.0,90.6,-0.013483,-0.006742,0.007698,1.038277,0.007993,0.046189,0.047957
2026-06-17 19:00:00,19:00,19.5,58.9,0.0,6.6,90.5,-0.013355,-0.006678,0.007831,1.034786,0.008103,0.046983,0.048618
2026-06-17 19:10:00,19:10,19.2,59.1,0.0,7.3,90.6,-0.013392,-0.006696,0.008616,1.042094,0.008979,0.051696,0.053872
2026-06-17 19:20:00,19:20,19.6,57.8,0.0,3.6,90.6,-0.01345,-0.006725,0.003849,1.004483,0.003866,0.023091,0.023195
2026-06-17 19:30:00,19:30,19.3,58.1,0.0,3.7,90.6,-0.013476,-0.006738,0.003923,1.00439,0.003941,0.023541,0.023644
2026-06-17 19:40:00,19:40,19.4,57.2,0.0,7.6,90.6,-0.01355,-0.006775,0.009516,1.053545,0.010026,0.057098,0.060155
2026-06-17 19:50:00,19:50,19.2,58.2,0.0,4.4,90.6,-0.013484,-0.006742,0.004909,1.012117,0.004969,0.029456,0.029813
2026-06-17 20:00:00,20:00,18.2,61.8,0.0,6.8,90.6,-0.013315,-0.006658,0.007159,1.024965,0.007338,0.042955,0.044028
2026-06-17 20:10:00,20:10,18.1,62.1,0.0,1.8,90.6,-0.013305,-0.006653,0.000746,0.965523,0.00072,0.004477,0.004323
2026-06-17 20:20:00,20:20,17.7,63.4,0.0,7.7,90.7,-0.013258,-0.006629,0.007682,1.028735,0.007903,0.046093,0.047418
2026-06-17 20:30:00,20:30,18.9,59.3,0.0,2.6,90.7,-0.013429,-0.006714,0.002142,0.986562,0.002114,0.012855,0.012682
2026-06-17 20:40:00,20:40,19.4,57.4,0.0,1.5,90.7,-0.013529,-0.006765,0.000589,0.981721,0.000578,0.003532,0.003467
2026-06-17 20:50:00,20:50,18.9,58.9,0.0,2.5,90.7,-0.013469,-0.006734,0.002027,0.987074,0.002,0.012159,0.012002
2026-06-17 21:00:00,21:00,19.0,58.7,0.0,11.4,90.7,-0.01347,-0.006735,0.013489,1.091482,0.014723,0.080935,0.088339
2026-06-17 21:10:00,21:10,19.9,55.9,0.0,8.9,90.8,-0.013595,-0.006797,0.011738,1.074119,0.012608,0.070427,0.075647
2026-06-17 21:20:00,21:20,20.3,55.2,0.0,7.5,90.8,-0.013595,-0.006798,0.010149,1.06076,0.010766,0.060895,0.064595
2026-06-17 21:30:00,21:30,20.0,57.7,0.0,9.1,90.8,-0.013383,-0.006691,0.011498,1.068906,0.01229,0.068987,0.073741
2026-06-17 21:40:00,21:40,18.7,65.8,0.0,13.3,90.8,-0.012839,-0.00642,0.012551,1.083848,0.013603,0.075307,0.081621
2026-06-17 21:50:00,21:50,17.5,69.5,0.0,4.5,90.7,-0.012754,-0.006377,0.003161,0.965942,0.003054,0.018968,0.018322
2026-06-17 22:00:00,22:00,17.0,70.3,0.0,19.5,90.7,-0.012787,-0.006393,0.014052,1.137145,0.015979,0.084313,0.095876
2026-06-17 22:10:00,22:10,16.4,73.1,0.0,19.6,90.7,-0.012676,-0.006338,0.012413,1.126579,0.013985,0.07448,0.083907
2026-06-17 22:20:00,22:20,16.2,74.1,0.0,10.2,90.7,-0.012636,-0.006318,0.006555,1.013002,0.00664,0.039329,0.039841
2026-06-17 22:30:00,22:30,16.1,75.5,0.0,5.5,90.7,-0.012546,-0.006273,0.002919,0.952443,0.002781,0.017516,0.016683
2026-06-17 22:40:00,22:40,16.0,76.2,0.0,8.8,90.8,-0.012512,-0.006256,0.005027,0.987912,0.004966,0.030162,0.029797
2026-06-17 22:50:00,22:50,15.9,78.5,0.0,14.0,90.8,-0.012357,-0.006178,0.007124,1.038789,0.0074,0.042744,0.044402
2026-06-17 23:00:00,23:00,15.5,81.4,0.0,9.0,90.8,-0.012225,-0.006113,0.003696,0.968455,0.003579,0.022175,0.021476
2026-06-17 23:10:00,23:10,15.8,80.5,0.0,6.0,90.8,-0.012228,-0.006114,0.002333,0.937315,0.002187,0.013998,0.01312
2026-06-17 23:20:00,23:20,16.0,79.7,0.0,6.1,90.8,-0.012245,-0.006122,0.002562,0.94183,0.002413,0.015369,0.014475
2026-06-17 23:30:00,23:30,16.0,79.9,0.0,5.4,90.8,-0.01223,-0.006115,0.002098,0.932846,0.001957,0.01259,0.011744
2026-06-17 23:40:00,23:40,15.7,81.4,0.0,5.5,90.8,-0.012183,-0.006091,0.001878,0.927726,0.001742,0.011266,0.010452
2026-06-17 23:50:00,23:50,15.5,83.0,0.0,3.6,90.8,-0.012109,-0.006054,0.00057,0.898912,0.000513,0.003422,0.003076
2026-06-18 00:00:00,00:00,15.3,84.2,0.0,2.8,90.8,-0.012066,-0.006033,5e-06,0.884576,4e-06,2.7e-05,2.4e-05
2026-06-18 00:10:00,00:10,15.3,84.6,0.0,5.9,90.8,-0.012038,-0.006019,0.001492,0.918975,0.001371,0.008949,0.008224
2026-06-18 00:20:00,00:20,15.3,84.4,0.0,3.0,90.8,-0.012052,-0.006026,9.3e-05,0.886065,8.2e-05,0.000557,0.000494
2026-06-18 00:30:00,00:30,15.3,84.8,0.0,4.5,90.8,-0.012024,-0.006012,0.000801,0.901845,0.000723,0.004808,0.004336
2026-06-18 00:40:00,00:40,15.2,85.2,0.0,9.3,90.7,-0.012017,-0.006009,0.002776,0.956027,0.002654,0.016656,0.015924
2026-06-18 00:50:00,00:50,15.2,85.6,0.0,5.2,90.8,-0.011989,-0.005995,0.001,0.906639,0.000906,0.005997,0.005437
2026-06-18 01:00:00,01:00,15.1,86.1,0.0,2.3,90.8,-0.011976,-0.005988,0.0,0.870797,0.0,0.0,0.0
2026-06-18 01:10:00,01:10,15.1,85.0,0.0,7.3,90.7,-0.012053,-0.006027,0.002009,0.933591,0.001876,0.012054,0.011253
2026-06-18 01:20:00,01:20,14.9,85.5,0.0,13.2,90.6,-0.012061,-0.006031,0.004015,1.000154,0.004015,0.024088,0.024092
2026-06-18 01:30:00,01:30,15.0,80.7,0.0,10.3,90.7,-0.012379,-0.006189,0.004434,0.986516,0.004375,0.026606,0.026247
2026-06-18 01:40:00,01:40,15.0,79.6,0.0,9.2,90.6,-0.012458,-0.006229,0.004189,0.978323,0.004098,0.025131,0.024587
2026-06-18 01:50:00,01:50,14.6,79.7,0.0,3.3,90.6,-0.012528,-0.006264,0.00069,0.909246,0.000628,0.004142,0.003766
2026-06-18 02:00:00,02:00,14.4,80.3,0.0,5.9,90.7,-0.012524,-0.006262,0.002176,0.936989,0.002039,0.013056,0.012233
2026-06-18 02:10:00,02:10,14.3,78.6,0.0,11.6,90.7,-0.012662,-0.006331,0.00556,1.010442,0.005618,0.033361,0.033709
2026-06-18 02:20:00,02:20,13.8,81.7,0.0,5.1,90.8,-0.012539,-0.00627,0.001462,0.921814,0.001348,0.008775,0.008089
2026-06-18 02:30:00,02:30,13.7,81.9,0.0,6.1,90.7,-0.012544,-0.006272,0.001939,0.932613,0.001809,0.011636,0.010852
2026-06-18 02:40:00,02:40,13.4,84.0,0.0,6.5,90.7,-0.01246,-0.00623,0.001722,0.92847,0.001599,0.010333,0.009594
2026-06-18 02:50:00,02:50,13.2,85.1,0.0,1.9,90.7,-0.012426,-0.006213,0.0,0.870332,0.0,0.0,0.0
2026-06-18 03:00:00,03:00,13.2,84.3,0.0,1.2,90.8,-0.012477,-0.006239,0.0,0.865537,0.0,0.0,0.0
2026-06-18 03:10:00,03:10,13.3,82.5,0.0,0.8,90.8,-0.012576,-0.006288,0.0,0.868423,0.0,0.0,0.0
2026-06-18 03:20:00,03:20,13.1,84.1,0.0,3.2,90.7,-0.012508,-0.006254,0.000147,0.889649,0.000131,0.000885,0.000787
2026-06-18 03:30:00,03:30,12.9,86.0,0.0,7.5,90.8,-0.012423,-0.006212,0.001691,0.931729,0.001576,0.010147,0.009454
2026-06-18 03:40:00,03:40,12.8,88.5,0.0,6.6,90.9,-0.012286,-0.006143,0.000889,0.910782,0.000809,0.005332,0.004856
2026-06-18 03:50:00,03:50,12.7,89.1,0.0,4.1,90.9,-0.012267,-0.006134,0.0,0.879176,0.0,0.0,0.0
2026-06-18 04:00:00,04:00,12.6,89.3,0.0,4.8,90.8,-0.012274,-0.006137,0.000179,0.886484,0.000159,0.001074,0.000952
2026-06-18 04:10:00,04:10,12.3,90.0,0.0,9.1,90.7,-0.012286,-0.006143,0.001231,0.933591,0.001149,0.007388,0.006897
2026-06-18 04:20:00,04:20,12.3,90.4,0.0,5.2,90.7,-0.012263,-0.006131,0.000131,0.886531,0.000116,0.000786,0.000697
2026-06-18 04:30:00,04:30,12.2,88.4,0.0,2.2,90.8,-0.0124,-0.0062,0.0,0.859998,0.0,0.0,0.0
2026-06-18 04:40:00,04:40,12.3,87.6,0.0,3.2,90.8,-0.012431,-0.006216,0.0,0.874987,0.0,0.0,0.0
2026-06-18 04:50:00,04:50,12.1,88.5,0.0,2.4,90.8,-0.012412,-0.006206,0.0,0.861907,0.0,0.0,0.0
2026-06-18 05:00:00,05:00,11.8,89.4,0.0,6.1,90.8,-0.012411,-0.006205,0.000529,0.901193,0.000477,0.003175,0.002861
2026-06-18 05:10:00,05:10,11.6,90.7,0.0,8.7,90.8,-0.012369,-0.006185,0.000933,0.926003,0.000864,0.005598,0.005184
2026-06-18 05:20:00,05:20,11.8,91.1,1.0,15.2,90.9,-0.001572,-0.000786,0.003055,0.999968,0.003054,0.018327,0.018327
2026-06-18 05:30:00,05:30,11.7,91.1,2.0,14.8,90.9,-0.001095,-0.000547,0.003024,0.995313,0.00301,0.018143,0.018058
2026-06-18 05:40:00,05:40,11.7,91.3,5.0,11.5,90.9,0.000347,0.000174,0.002562,0.956073,0.002449,0.015371,0.014696
2026-06-18 05:50:00,05:50,11.6,91.7,7.0,7.6,90.9,0.001308,0.000131,0.001966,0.909013,0.001787,0.011795,0.010722
2026-06-18 06:00:00,06:00,11.6,91.8,16.0,10.3,90.9,0.005629,0.000563,0.003152,0.940014,0.002963,0.018914,0.01778
2026-06-18 06:10:00,06:10,11.6,92.0,36.0,8.7,90.9,0.015231,0.001523,0.004579,0.920557,0.004215,0.027475,0.025292
2026-06-18 06:20:00,06:20,11.8,92.2,68.0,5.5,90.9,0.029133,0.002913,0.00686,0.882481,0.006054,0.04116,0.036323
2026-06-18 06:30:00,06:30,12.2,92.1,108.0,7.8,90.9,0.04182,0.004182,0.009462,0.909665,0.008608,0.056774,0.051645
2026-06-18 06:40:00,06:40,12.8,91.5,159.0,10.9,90.9,0.059293,0.005929,0.012946,0.948253,0.012276,0.077673,0.073654
2026-06-18 06:50:00,06:50,13.2,90.7,154.0,8.4,90.9,0.061159,0.006116,0.013726,0.922512,0.012662,0.082354,0.075973
2026-06-18 07:00:00,07:00,13.3,89.6,247.0,9.8,90.9,0.093664,0.009366,0.019995,0.943412,0.018864,0.119971,0.113183
2026-06-18 07:10:00,07:10,13.8,87.2,229.0,7.8,90.8,0.090967,0.009097,0.020553,0.930193,0.019118,0.123316,0.114707
2026-06-18 07:20:00,07:20,13.7,84.8,133.0,8.5,90.8,0.060281,0.006028,0.0152,0.948393,0.014415,0.091198,0.086492
2026-06-18 07:30:00,07:30,14.0,82.3,293.0,11.4,90.8,0.118178,0.011818,0.026971,0.992614,0.026772,0.161826,0.160631
2026-06-18 07:40:00,07:40,14.2,79.8,187.0,11.1,90.8,0.082204,0.00822,0.021308,0.999596,0.0213,0.12785,0.127798
2026-06-18 07:50:00,07:50,14.4,78.2,201.0,15.8,90.8,0.088709,0.008871,0.023857,1.060993,0.025312,0.143143,0.151874
2026-06-18 08:00:00,08:00,14.4,79.1,172.0,9.4,90.9,0.07918,0.007918,0.02077,0.982745,0.020411,0.124619,0.122468
2026-06-18 08:10:00,08:10,14.4,80.3,167.0,10.2,90.9,0.078073,0.007807,0.020367,0.987028,0.020103,0.122202,0.120617
2026-06-18 08:20:00,08:20,14.5,81.0,216.0,8.6,90.9,0.098043,0.009804,0.023852,0.965476,0.023028,0.143109,0.138168
2026-06-18 08:40:00,08:40,14.8,79.5,245.0,10.2,90.9,0.111248,0.011125,0.027133,0.990379,0.026872,0.162798,0.161232
2026-06-18 08:50:00,08:50,15.4,77.9,550.0,9.7,90.9,0.23349,0.023349,0.05181,0.991264,0.051358,0.310863,0.308147
2026-06-18 09:00:00,09:00,15.8,77.0,583.0,9.0,90.9,0.248465,0.024846,0.055828,0.986888,0.055096,0.334967,0.330575
2026-06-18 09:20:00,09:20,16.1,73.2,574.0,9.2,90.9,0.247364,0.024736,0.057042,1.005135,0.057335,0.342251,0.344008
2026-06-18 09:40:00,09:40,16.8,69.8,607.0,10.4,90.9,0.263066,0.026307,0.062012,1.033343,0.06408,0.372073,0.384479
2026-06-18 10:00:00,10:00,17.5,70.0,731.0,7.3,90.9,0.316774,0.031677,0.075178,0.996431,0.07491,0.451071,0.449461
2026-06-18 10:20:00,10:20,17.9,65.0,690.0,9.1,90.8,0.300972,0.030097,0.073368,1.038324,0.07618,0.440208,0.457078
2026-06-18 10:40:00,10:40,18.4,65.2,630.0,7.9,90.9,0.277836,0.027784,0.06936,1.023522,0.070991,0.416159,0.425948
2026-06-18 11:00:00,11:00,18.3,63.9,502.0,11.1,90.9,0.225213,0.022521,0.058647,1.066206,0.062529,0.35188,0.375177
2026-06-18 11:20:00,11:20,18.8,63.5,696.0,7.2,90.9,0.307457,0.030746,0.077015,1.022497,0.078748,0.46209,0.472485
2026-06-18 11:40:00,11:40,19.2,62.8,710.0,10.2,90.9,0.314086,0.031409,0.079019,1.060341,0.083787,0.474112,0.50272
2026-06-18 12:00:00,12:00,19.6,60.5,574.0,6.1,90.9,0.256998,0.0257,0.067551,1.022265,0.069055,0.405304,0.414328
2026-06-18 12:20:00,12:20,20.5,59.5,698.0,11.6,90.9,0.309572,0.030957,0.081676,1.090458,0.089064,0.490053,0.534382
2026-06-18 12:40:00,12:40,20.9,58.6,666.0,7.0,90.9,0.296034,0.029603,0.079138,1.040698,0.082359,0.47483,0.494154
2026-06-18 13:00:00,13:00,21.0,57.1,646.0,10.6,90.8,0.287106,0.028711,0.078506,1.088875,0.085484,0.471039,0.512902
2026-06-18 13:20:00,13:20,21.4,55.3,616.0,11.8,90.8,0.273837,0.027384,0.077344,1.11038,0.085882,0.464066,0.51529
2026-06-18 13:40:00,13:40,21.7,53.0,350.0,8.6,90.8,0.161831,0.016183,0.051679,1.082777,0.055957,0.310074,0.335741
2026-06-18 14:00:00,14:00,21.1,55.0,387.0,7.4,90.8,0.176732,0.017673,0.052908,1.060434,0.056106,0.317449,0.336633
2026-06-18 14:20:00,14:20,21.4,53.6,318.0,8.3,90.8,0.147338,0.014734,0.04759,1.076773,0.051243,0.285538,0.30746
2026-06-18 14:40:00,14:40,22.6,49.0,556.0,13.8,90.8,0.243792,0.024379,0.076668,1.160047,0.088938,0.460007,0.533629
2026-06-18 15:00:00,15:00,23.6,27.5,460.0,13.2,90.7,0.19899,0.019899,0.077986,1.243135,0.096947,0.467915,0.581682
2026-06-18 15:20:00,15:20,23.4,30.8,396.0,11.7,90.8,0.172695,0.01727,0.06808,1.211855,0.082503,0.408478,0.495017
2026-06-18 15:40:00,15:40,22.8,30.8,240.0,7.0,90.7,0.110793,0.011079,0.044948,1.157161,0.052012,0.269689,0.312074
2026-06-18 16:00:00,16:00,23.4,26.1,300.0,11.1,90.7,0.130894,0.013089,0.059483,1.224563,0.072841,0.356899,0.437046
2026-06-18 16:20:00,16:20,22.9,26.4,205.0,8.7,90.7,0.093876,0.009388,0.045648,1.195377,0.054566,0.273887,0.327399
2026-06-18 16:40:00,16:40,22.5,27.5,152.0,7.5,90.7,0.070114,0.007011,0.036876,1.176804,0.043396,0.221258,0.260378
2026-06-18 17:00:00,17:00,21.8,28.7,98.0,7.7,90.7,0.044221,0.004422,0.030357,1.174105,0.035642,0.18214,0.213851
2026-06-18 17:20:00,17:20,20.4,35.5,46.0,5.0,90.7,0.019414,0.001941,0.01653,1.114197,0.018418,0.099183,0.110509
2026-06-18 17:40:00,17:40,18.1,46.4,12.0,4.0,90.7,0.003278,0.000328,0.008393,1.056897,0.00887,0.050357,0.053222
2026-06-18 18:00:00,18:00,16.6,51.5,0.0,4.5,90.7,-0.014539,-0.007269,0.00561,1.041349,0.005842,0.033659,0.035051
2026-06-18 18:20:00,18:20,15.6,54.6,0.0,4.2,90.7,-0.014365,-0.007183,0.004592,1.024871,0.004707,0.027554,0.02824
2026-06-18 18:40:00,18:40,15.4,54.6,0.0,10.0,90.7,-0.014388,-0.007194,0.011813,1.092366,0.012905,0.07088,0.077427
2026-06-18 18:50:00,18:50,15.1,55.4,0.0,9.6,90.7,-0.014351,-0.007176,0.011036,1.08436,0.011967,0.066216,0.071802
2026-06-18 19:00:00,19:00,14.8,56.9,0.0,10.6,90.7,-0.014256,-0.007128,0.011553,1.089713,0.012589,0.069316,0.075534
2026-06-18 19:10:00,19:10,14.8,55.1,0.0,7.3,90.7,-0.014409,-0.007205,0.008376,1.058852,0.008869,0.050255,0.053212
2026-06-18 19:20:00,19:20,14.5,57.7,0.0,10.7,90.7,-0.014223,-0.007111,0.011301,1.087525,0.012291,0.067808,0.073743
2026-06-18 19:30:00,19:30,14.2,60.8,0.0,6.0,90.7,-0.014005,-0.007003,0.005647,1.019844,0.005759,0.033883,0.034556
2026-06-18 19:40:00,19:40,14.1,62.0,0.0,2.5,90.8,-0.013923,-0.006961,0.001453,0.974088,0.001415,0.008716,0.00849
2026-06-18 19:50:00,19:50,14.1,63.2,0.0,13.8,90.8,-0.013829,-0.006914,0.012019,1.100559,0.013227,0.072112,0.079363
2026-06-18 20:00:00,20:00,13.7,64.7,0.0,6.6,90.8,-0.013764,-0.006882,0.005454,1.010488,0.005511,0.032721,0.033064
2026-06-18 20:10:00,20:10,13.5,65.8,0.0,8.0,90.8,-0.013707,-0.006854,0.006439,1.022172,0.006582,0.038636,0.039492
2026-06-18 20:20:00,20:20,13.1,68.1,0.0,6.4,90.8,-0.013591,-0.006795,0.004541,0.993917,0.004513,0.027247,0.027081
2026-06-18 20:30:00,20:30,13.1,67.4,0.0,5.9,90.8,-0.013641,-0.00682,0.004233,0.991031,0.004195,0.025399,0.025171
2026-06-18 20:40:00,20:40,13.3,66.1,0.0,5.7,90.8,-0.01371,-0.006855,0.004299,0.99415,0.004273,0.025791,0.025641
2026-06-18 20:50:00,20:50,14.0,60.5,0.0,5.0,90.8,-0.014052,-0.007026,0.004557,1.009464,0.0046,0.02734,0.027598
2026-06-18 21:00:00,21:00,13.8,60.5,0.0,3.7,90.9,-0.014075,-0.007038,0.003021,0.994336,0.003004,0.018125,0.018022
2026-06-18 21:10:00,21:10,14.1,60.0,0.0,7.6,90.9,-0.014081,-0.00704,0.007487,1.041815,0.0078,0.044924,0.046803
2026-06-18 21:20:00,21:20,14.7,54.1,0.0,6.8,90.9,-0.014506,-0.007253,0.007958,1.057222,0.008413,0.047747,0.05048
2026-06-18 21:30:00,21:30,14.0,59.2,0.0,6.0,90.9,-0.014156,-0.007078,0.005899,1.026547,0.006056,0.035395,0.036335
2026-06-18 21:40:00,21:40,13.1,64.4,0.0,3.9,90.9,-0.013859,-0.006929,0.002738,0.980325,0.002684,0.016429,0.016105
2026-06-18 21:50:00,21:50,12.2,68.6,0.0,5.3,90.8,-0.013666,-0.006833,0.003402,0.979022,0.00333,0.02041,0.019981
2026-06-18 22:00:00,22:00,11.6,73.2,0.0,3.2,90.8,-0.013433,-0.006717,0.001086,0.935313,0.001016,0.006518,0.006097
2026-06-18 22:10:00,22:10,11.1,75.3,0.0,4.0,90.8,-0.013362,-0.006681,0.001435,0.935825,0.001343,0.00861,0.008057
2026-06-18 22:20:00,22:20,11.2,75.2,0.0,5.5,90.9,-0.013356,-0.006678,0.002458,0.953699,0.002344,0.014747,0.014064
2026-06-18 22:30:00,22:30,10.9,76.2,0.0,0.6,90.9,-0.013331,-0.006665,0.0,0.892489,0.0,0.0,0.0
2026-06-18 22:40:00,22:40,10.6,77.5,0.0,3.3,90.8,-0.013289,-0.006644,0.000722,0.918463,0.000663,0.004333,0.00398
2026-06-18 22:50:00,22:50,11.3,73.3,0.0,4.1,90.9,-0.013463,-0.006731,0.001747,0.945367,0.001652,0.010482,0.009909
2026-06-18 23:00:00,23:00,13.0,61.1,0.0,1.6,91.0,-0.014115,-0.007057,0.000336,0.967385,0.000325,0.002018,0.001952
2026-06-18 23:10:00,23:10,11.4,70.5,0.0,4.2,91.0,-0.013631,-0.006815,0.002158,0.958261,0.002068,0.012948,0.012408
2026-06-18 23:20:00,23:20,10.9,75.1,0.0,1.3,90.9,-0.013398,-0.006699,0.0,0.905243,0.0,0.0,0.0
2026-06-18 23:30:00,23:30,11.1,72.8,0.0,5.2,90.9,-0.013518,-0.006759,0.002593,0.960263,0.00249,0.015557,0.014939
2026-06-18 23:40:00,23:40,10.9,73.5,0.0,3.1,90.9,-0.013497,-0.006748,0.000949,0.932892,0.000885,0.005693,0.005311
2026-06-18 23:50:00,23:50,10.8,74.1,0.0,3.7,90.9,-0.013471,-0.006735,0.001334,0.937361,0.00125,0.008002,0.007501
2026-06-19 00:00:00,00:00,11.2,70.0,0.0,4.5,90.9,-0.013685,-0.006842,0.002441,0.963847,0.002353,0.014646,0.014116
2026-06-19 00:10:00,00:10,11.7,69.8,0.0,2.7,90.9,-0.013643,-0.006821,0.000952,0.943738,0.000899,0.005714,0.005392
2026-06-19 00:20:00,00:20,11.9,65.6,0.0,3.2,90.9,-0.013904,-0.006952,0.001792,0.967152,0.001733,0.010751,0.010398
2026-06-19 00:30:00,00:30,12.0,66.7,0.0,4.1,90.9,-0.013818,-0.006909,0.002564,0.973017,0.002495,0.015383,0.014968
2026-06-19 00:40:00,00:40,11.3,70.2,0.0,1.2,90.9,-0.013661,-0.006831,0.0,0.924607,0.0,0.0,0.0
2026-06-19 00:50:00,00:50,11.2,68.1,0.0,2.6,90.9,-0.013808,-0.006904,0.000961,0.949696,0.000912,0.005765,0.005475
2026-06-19 01:00:00,01:00,11.1,68.6,0.0,1.9,90.9,-0.013786,-0.006893,0.000258,0.939456,0.000243,0.001549,0.001456
2026-06-19 01:10:00,01:10,10.1,72.2,0.0,3.5,90.9,-0.013661,-0.00683,0.001328,0.942993,0.001252,0.007967,0.007513
2026-06-19 01:20:00,01:20,9.4,75.2,0.0,4.6,90.8,-0.013553,-0.006777,0.001723,0.943226,0.001625,0.010339,0.009752
2026-06-19 01:30:00,01:30,9.7,75.7,0.0,2.5,90.8,-0.013495,-0.006747,0.000296,0.916694,0.000271,0.001773,0.001625
2026-06-19 01:40:00,01:40,11.1,67.7,0.0,2.5,90.9,-0.013844,-0.006922,0.000889,0.950208,0.000845,0.005333,0.005068
2026-06-19 01:50:00,01:50,9.2,74.7,0.0,2.9,90.9,-0.013601,-0.0068,0.000632,0.925538,0.000585,0.003794,0.003512
2026-06-19 02:00:00,02:00,8.9,77.4,0.0,5.0,90.8,-0.013478,-0.006739,0.001652,0.938664,0.001551,0.009914,0.009306
2026-06-19 02:10:00,02:10,8.9,77.8,0.0,3.5,90.8,-0.013456,-0.006728,0.000747,0.919533,0.000687,0.00448,0.00412
2026-06-19 02:20:00,02:20,9.0,77.1,0.0,4.1,90.8,-0.013485,-0.006743,0.001176,0.929448,0.001093,0.007058,0.00656
2026-06-19 02:30:00,02:30,8.7,76.9,0.0,3.8,90.8,-0.013525,-0.006762,0.001001,0.926795,0.000928,0.006009,0.005569
2026-06-19 02:40:00,02:40,9.1,74.4,0.0,2.4,90.9,-0.013627,-0.006813,0.000294,0.920976,0.000271,0.001764,0.001624
2026-06-19 02:50:00,02:50,8.9,74.9,0.0,0.6,90.9,-0.013617,-0.006808,0.0,0.897935,0.0,0.0,0.0
2026-06-19 03:00:00,03:00,7.7,77.7,0.0,4.4,90.8,-0.013569,-0.006784,0.001208,0.930425,0.001124,0.007249,0.006745
2026-06-19 03:10:00,03:10,7.2,82.2,0.0,4.1,90.8,-0.013384,-0.006692,0.000568,0.908082,0.000516,0.00341,0.003097
2026-06-19 03:20:00,03:20,7.4,82.9,0.0,7.1,90.8,-0.013332,-0.006666,0.001688,0.940061,0.001587,0.010127,0.00952
2026-06-19 03:30:00,03:30,7.3,83.2,0.0,5.9,90.8,-0.013326,-0.006663,0.001189,0.92484,0.0011,0.007133,0.006597
2026-06-19 03:40:00,03:40,7.3,83.3,0.0,4.1,90.8,-0.013321,-0.006661,0.000461,0.903474,0.000417,0.002768,0.002501
2026-06-19 03:50:00,03:50,7.3,82.3,0.0,10.1,90.9,-0.01337,-0.006685,0.002826,0.977486,0.002762,0.016955,0.016573
2026-06-19 04:00:00,04:00,7.1,83.6,0.0,4.0,90.9,-0.013324,-0.006662,0.000386,0.901054,0.000348,0.002317,0.002088
2026-06-19 04:10:00,04:10,7.3,82.6,0.0,3.1,90.9,-0.013355,-0.006678,8.9e-05,0.89477,8e-05,0.000535,0.000478
2026-06-19 04:20:00,04:20,7.3,81.9,0.0,6.3,90.9,-0.01339,-0.006695,0.001534,0.934941,0.001434,0.009203,0.008604
2026-06-19 04:30:00,04:30,7.6,80.1,0.0,4.4,90.9,-0.013454,-0.006727,0.000945,0.920371,0.000869,0.005668,0.005217
2026-06-19 04:40:00,04:40,7.5,79.8,0.0,1.0,90.9,-0.013478,-0.006739,0.0,0.882062,0.0,0.0,0.0
2026-06-19 04:50:00,04:50,7.7,79.1,0.0,8.0,90.9,-0.013497,-0.006748,0.002738,0.966454,0.002646,0.016425,0.015874
2026-06-19 05:00:00,05:00,7.6,78.4,0.0,2.4,90.9,-0.013541,-0.00677,1.7e-05,0.904219,1.6e-05,0.000105,9.5e-05
2026-06-19 05:10:00,05:10,7.7,78.9,0.0,0.0,90.9,-0.013507,-0.006753,0.0,0.874195,0.0,0.0,0.0
2026-06-19 05:20:00,05:20,7.0,78.0,1.0,1.7,91.0,-0.001788,-0.000894,0.000834,0.897749,0.000748,0.005002,0.004491
2026-06-19 05:30:00,05:30,7.5,79.3,4.0,4.1,91.0,-0.000331,-0.000165,0.002164,0.920231,0.001991,0.012983,0.011947
2026-06-19 05:40:00,05:40,7.1,78.8,5.0,5.5,91.0,0.00014,7e-05,0.002876,0.938618,0.0027,0.017258,0.016199
2026-06-19 05:50:00,05:50,6.7,81.7,11.0,8.5,90.9,0.003038,0.000304,0.003945,0.96138,0.003793,0.023671,0.022757
2026-06-19 06:00:00,06:00,7.0,82.1,51.0,6.4,91.0,0.018579,0.001858,0.005763,0.935266,0.00539,0.034579,0.03234
2026-06-19 06:10:00,06:10,7.8,81.2,72.0,1.0,91.0,0.02559,0.002559,0.005498,0.876197,0.004818,0.03299,0.028906
2026-06-19 06:20:00,06:20,8.7,79.5,98.0,1.1,91.0,0.034552,0.003455,0.007511,0.884483,0.006643,0.045064,0.039858
2026-06-19 06:30:00,06:30,9.4,79.0,126.0,5.8,91.0,0.045011,0.004501,0.011264,0.941271,0.010603,0.067586,0.063616
2026-06-19 06:40:00,06:40,10.5,72.6,159.0,6.2,91.1,0.057118,0.005712,0.015066,0.972738,0.014655,0.090393,0.087929
2026-06-19 06:50:00,06:50,11.5,70.6,190.0,5.5,91.1,0.069662,0.006966,0.017947,0.97297,0.017462,0.107681,0.104771
2026-06-19 07:00:00,07:00,12.5,69.5,224.0,3.8,91.1,0.083652,0.008365,0.020656,0.957796,0.019784,0.123935,0.118705
2026-06-19 07:10:00,07:10,13.3,66.9,279.0,1.7,91.0,0.104479,0.010448,0.024756,0.94425,0.023376,0.148537,0.140256
2026-06-19 07:20:00,07:20,14.1,61.0,246.0,3.0,90.9,0.096685,0.009668,0.024781,0.984095,0.024387,0.148686,0.146321
2026-06-19 07:30:00,07:30,15.1,59.3,312.0,7.2,91.0,0.121734,0.012173,0.033727,1.040093,0.03508,0.202364,0.210477
2026-06-19 07:40:00,07:40,15.4,56.7,336.0,4.9,91.0,0.13271,0.013271,0.035344,1.02422,0.0362,0.212061,0.217197
2026-06-19 07:50:00,07:50,15.6,53.4,218.0,9.9,90.9,0.093552,0.009355,0.031945,1.09623,0.035019,0.19167,0.210114
2026-06-19 08:00:00,08:00,15.5,57.0,389.0,2.2,91.1,0.157232,0.015723,0.039034,0.991543,0.038704,0.234204,0.232223
2026-06-19 08:10:00,08:10,16.3,54.1,410.0,1.1,91.0,0.167106,0.016711,0.041424,0.990891,0.041047,0.248545,0.246281
2026-06-19 08:20:00,08:20,16.6,52.3,432.0,4.5,91.0,0.177353,0.017735,0.046651,1.037998,0.048424,0.279906,0.290542
2026-06-19 08:30:00,08:30,17.1,47.9,449.0,5.8,90.9,0.18517,0.018517,0.050645,1.071559,0.054269,0.303871,0.325616
2026-06-19 08:40:00,08:40,17.6,46.9,482.0,3.7,90.9,0.199629,0.019963,0.052963,1.051311,0.055681,0.317778,0.334084
2026-06-19 08:50:00,08:50,17.7,47.4,486.0,2.7,91.0,0.203283,0.020328,0.053023,1.037579,0.055015,0.318135,0.330091
2026-06-19 09:00:00,09:00,18.1,45.0,504.0,1.7,91.0,0.211595,0.021159,0.05474,1.035996,0.05671,0.328439,0.340262
2026-06-19 09:10:00,09:10,18.3,43.2,562.0,8.1,90.9,0.235402,0.02354,0.065962,1.118014,0.073746,0.395771,0.442478
2026-06-19 09:20:00,09:20,18.9,42.8,570.0,4.5,91.0,0.240274,0.024027,0.065231,1.077797,0.070305,0.391384,0.421832
2026-06-19 09:30:00,09:30,19.4,42.0,591.0,6.0,91.0,0.250002,0.025,0.069568,1.098604,0.076428,0.417409,0.458567
2026-06-19 09:40:00,09:40,19.6,42.8,611.0,5.8,91.0,0.25964,0.025964,0.071755,1.092925,0.078423,0.430529,0.470536
2026-06-19 09:50:00,09:50,20.1,42.4,628.0,1.4,91.0,0.267787,0.026779,0.070774,1.043398,0.073845,0.424641,0.443069
2026-06-19 10:00:00,10:00,20.8,39.5,650.0,2.7,91.0,0.277189,0.027719,0.075489,1.070675,0.080824,0.452932,0.484943
2026-06-19 10:10:00,10:10,21.4,36.6,666.0,3.5,90.9,0.284035,0.028403,0.079208,1.092133,0.086506,0.47525,0.519037
2026-06-19 10:20:00,10:20,21.6,34.5,682.0,3.8,90.9,0.290917,0.029092,0.081833,1.104422,0.090378,0.490997,0.542267
2026-06-19 10:30:00,10:30,22.1,33.4,694.0,0.1,90.9,0.2965,0.02965,0.079433,1.065973,0.084674,0.476601,0.508044
2026-06-19 10:40:00,10:40,22.6,32.5,705.0,10.5,90.9,0.30166,0.030166,0.093761,1.190769,0.111647,0.562563,0.669883
2026-06-19 10:50:00,10:50,22.5,33.4,717.0,3.9,90.9,0.307654,0.030765,0.08763,1.110194,0.097287,0.525782,0.58372
2026-06-19 11:00:00,11:00,22.5,33.0,722.0,6.0,90.9,0.310305,0.03103,0.090738,1.136307,0.103106,0.544429,0.618639
2026-06-19 11:10:00,11:10,22.4,31.5,729.0,12.3,90.9,0.313268,0.031327,0.098072,1.215905,0.119246,0.588431,0.715476
2026-06-19 11:20:00,11:20,22.4,31.9,731.0,11.9,90.9,0.314821,0.031482,0.097877,1.209574,0.118389,0.587261,0.710335
2026-06-19 11:30:00,11:30,22.7,34.2,734.0,14.9,91.0,0.317403,0.03174,0.100637,1.23485,0.124271,0.60382,0.745627
2026-06-19 11:40:00,11:40,22.9,34.3,739.0,11.6,91.0,0.319939,0.031994,0.098829,1.196029,0.118202,0.592971,0.70921
2026-06-19 11:50:00,11:50,22.9,34.6,740.0,12.0,91.0,0.320785,0.032078,0.099241,1.199427,0.119033,0.595448,0.714196
2026-06-19 12:00:00,12:00,22.8,33.6,742.0,16.0,90.9,0.321495,0.03215,0.102936,1.250164,0.128687,0.617618,0.772124
2026-06-19 12:10:00,12:10,23.3,34.2,740.0,11.3,91.0,0.321178,0.032118,0.099731,1.192956,0.118975,0.598386,0.713849
2026-06-19 12:20:00,12:20,23.3,31.5,731.0,16.6,90.9,0.316674,0.031667,0.104798,1.265944,0.132668,0.628787,0.796009
2026-06-19 12:30:00,12:30,23.2,28.8,733.0,14.7,90.8,0.316531,0.031653,0.104187,1.255145,0.130769,0.625121,0.784617
2026-06-19 12:40:00,12:40,23.4,25.5,741.0,9.3,90.8,0.318475,0.031847,0.100422,1.20613,0.121122,0.602534,0.726734
2026-06-19 12:50:00,12:50,23.8,28.2,697.0,3.2,90.9,0.301647,0.030165,0.087776,1.123833,0.098645,0.526654,0.591871
2026-06-19 13:00:00,13:00,24.0,27.3,719.0,1.7,90.9,0.310025,0.031002,0.087969,1.110147,0.097659,0.527817,0.585954
2026-06-19 13:10:00,13:10,24.4,27.1,636.0,0.9,90.9,0.276251,0.027625,0.077952,1.101676,0.085878,0.467712,0.515266
2026-06-19 13:20:00,13:20,23.8,26.2,319.0,8.0,90.8,0.148229,0.014823,0.058222,1.188069,0.069171,0.349331,0.415029
2026-06-19 13:30:00,13:30,23.1,27.0,286.0,4.8,90.8,0.134425,0.013442,0.047459,1.147479,0.054458,0.284755,0.326751
2026-06-19 13:40:00,13:40,23.2,23.8,207.0,4.2,90.7,0.096407,0.009641,0.037166,1.153903,0.042886,0.222999,0.257319
2026-06-19 13:50:00,13:50,22.7,24.0,166.0,6.3,90.7,0.076731,0.007673,0.036872,1.177503,0.043416,0.22123,0.260498
2026-06-19 14:00:00,14:00,22.6,23.9,140.0,3.5,90.7,0.064247,0.006425,0.026899,1.145338,0.030809,0.161394,0.184851
2026-06-19 14:10:00,14:10,21.7,26.6,118.0,11.6,90.7,0.053762,0.005376,0.04095,1.228286,0.050299,0.245703,0.301794
2026-06-19 14:20:00,14:20,20.5,32.4,113.0,7.9,90.8,0.051502,0.00515,0.030503,1.160931,0.035412,0.183019,0.212473
2026-06-19 14:30:00,14:30,18.9,37.3,229.0,9.2,90.8,0.107274,0.010727,0.042059,1.155532,0.0486,0.252352,0.2916
2026-06-19 14:40:00,14:40,19.6,37.5,339.0,6.4,90.8,0.153914,0.015391,0.049297,1.12211,0.055316,0.295779,0.331897
2026-06-19 14:50:00,14:50,21.3,34.3,348.0,5.4,90.8,0.156711,0.015671,0.050937,1.123879,0.057247,0.305623,0.343484
2026-06-19 15:00:00,15:00,20.5,36.1,210.0,5.3,90.8,0.098149,0.009815,0.035744,1.115175,0.039861,0.214462,0.239163
2026-06-19 15:10:00,15:10,20.3,34.5,100.0,5.0,90.8,0.04531,0.004531,0.022831,1.118386,0.025534,0.136988,0.153205
2026-06-19 15:20:00,15:20,19.7,38.5,138.0,3.3,90.9,0.06363,0.006363,0.023013,1.081846,0.024896,0.138077,0.149378
2026-06-19 15:30:00,15:30,19.8,38.6,133.0,3.7,90.9,0.061234,0.006123,0.023217,1.086082,0.025216,0.139302,0.151293
2026-06-19 15:40:00,15:40,20.0,38.4,95.0,4.6,90.9,0.042993,0.004299,0.020673,1.097393,0.022686,0.124035,0.136116
2026-06-19 15:50:00,15:50,20.6,35.1,330.0,6.9,90.8,0.14441,0.014441,0.049457,1.137983,0.056281,0.296742,0.337688
2026-06-19 16:00:00,16:00,21.7,28.0,256.0,2.2,90.7,0.11479,0.011479,0.035679,1.113033,0.039712,0.214073,0.238271
2026-06-19 16:10:00,16:10,21.8,29.7,93.0,2.6,90.7,0.041848,0.004185,0.017906,1.110566,0.019886,0.107435,0.119314
2026-06-19 16:20:00,16:20,22.0,27.2,221.0,3.4,90.7,0.099693,0.009969,0.034831,1.130349,0.039372,0.208988,0.23623
2026-06-19 16:30:00,16:30,22.2,27.4,149.0,3.3,90.7,0.068668,0.006867,0.026853,1.128348,0.0303,0.16112,0.181799
2026-06-19 16:40:00,16:40,21.9,30.9,135.0,6.1,90.7,0.062041,0.006204,0.030717,1.146269,0.03521,0.184301,0.211259
2026-06-19 16:50:00,16:50,20.0,39.4,30.0,3.2,90.8,0.011814,0.001181,0.010217,1.076912,0.011003,0.061304,0.066019
2026-06-19 17:00:00,17:00,18.7,43.6,17.0,2.6,90.8,0.005637,0.000564,0.006804,1.052335,0.00716,0.040825,0.042961
2026-06-19 17:10:00,17:10,17.9,43.7,11.0,3.8,90.8,0.002745,0.000275,0.00825,1.06588,0.008793,0.0495,0.052761
2026-06-19 17:20:00,17:20,18.0,42.5,8.0,0.6,90.8,0.001284,0.000128,0.001631,1.033669,0.001686,0.009787,0.010116
2026-06-19 17:30:00,17:30,17.3,49.1,6.0,2.8,90.9,0.000431,4.3e-05,0.005203,1.031621,0.005368,0.031219,0.032206
2026-06-19 17:40:00,17:40,16.6,51.3,4.0,5.8,90.9,-0.000506,-0.000253,0.009288,1.057315,0.009821,0.05573,0.058924
2026-06-19 17:50:00,17:50,16.5,52.0,2.0,5.6,90.9,-0.001457,-0.000729,0.008733,1.052056,0.009187,0.052396,0.055123
2026-06-19 18:00:00,18:00,16.7,48.1,0.0,4.1,90.8,-0.014863,-0.007431,0.005449,1.050938,0.005727,0.032696,0.034361
2026-06-19 18:10:00,18:10,16.2,49.3,0.0,2.6,90.8,-0.014795,-0.007397,0.002725,1.028456,0.002802,0.016349,0.016814
2026-06-19 18:20:00,18:20,15.5,52.0,0.0,4.8,90.9,-0.014611,-0.007306,0.005804,1.042746,0.006052,0.034822,0.036311
2026-06-19 18:30:00,18:30,15.9,50.7,0.0,5.5,90.8,-0.014691,-0.007346,0.007103,1.056338,0.007503,0.042615,0.045016
2026-06-19 18:40:00,18:40,16.2,48.9,0.0,6.8,90.8,-0.014834,-0.007417,0.009413,1.079007,0.010157,0.056478,0.06094
2026-06-19 18:50:00,18:50,16.1,49.9,0.0,3.0,90.9,-0.014747,-0.007373,0.003343,1.030597,0.003445,0.020058,0.020672
2026-06-19 19:00:00,19:00,15.8,52.0,0.0,7.6,90.9,-0.01458,-0.00729,0.009735,1.07533,0.010468,0.058409,0.062809
2026-06-19 19:10:00,19:10,15.9,51.2,0.0,4.0,90.9,-0.014644,-0.007322,0.00478,1.036788,0.004956,0.028678,0.029733
2026-06-19 19:20:00,19:20,14.5,57.8,0.0,5.0,91.0,-0.014214,-0.007107,0.005046,1.020775,0.005151,0.030277,0.030906
2026-06-19 19:40:00,19:40,14.2,59.5,0.0,4.7,91.0,-0.014109,-0.007055,0.004391,1.010162,0.004436,0.026347,0.026615
2026-06-19 20:00:00,20:00,13.6,62.9,0.0,1.4,91.0,-0.013913,-0.006956,2.7e-05,0.957516,2.6e-05,0.000163,0.000156
2026-06-19 20:20:00,20:20,13.1,65.3,0.0,3.1,91.0,-0.013793,-0.006896,0.001806,0.967245,0.001747,0.010836,0.010481
2026-06-19 20:40:00,20:40,12.4,69.8,0.0,4.3,91.0,-0.01356,-0.00678,0.002416,0.962357,0.002325,0.014497,0.013951
2026-06-19 21:00:00,21:00,12.0,71.7,0.0,4.3,91.0,-0.013482,-0.006741,0.002148,0.954398,0.00205,0.012889,0.012301
2026-06-19 21:20:00,21:20,12.2,70.4,0.0,3.2,91.0,-0.013544,-0.006772,0.001379,0.947043,0.001306,0.008277,0.007839
2026-06-19 21:40:00,21:40,12.1,68.7,0.0,6.5,91.0,-0.013671,-0.006835,0.004362,0.992567,0.00433,0.026173,0.025978
2026-06-19 22:00:00,22:00,11.8,71.3,0.0,5.2,91.0,-0.013532,-0.006766,0.002885,0.966547,0.002789,0.017312,0.016733
2026-06-19 22:20:00,22:20,11.9,72.4,0.0,5.2,91.0,-0.013448,-0.006724,0.002737,0.961938,0.002633,0.016423,0.015798
2026-06-19 22:40:00,22:40,12.1,71.6,0.0,4.3,91.0,-0.013476,-0.006738,0.002169,0.954817,0.002071,0.013014,0.012426
2026-06-19 23:00:00,23:00,12.1,71.7,0.0,2.6,91.0,-0.013469,-0.006735,0.000742,0.934615,0.000694,0.004455,0.004164
2026-06-19 23:20:00,23:20,11.5,71.0,0.0,3.0,91.0,-0.013587,-0.006794,0.001113,0.942202,0.001048,0.006677,0.006291
2026-06-19 23:40:00,23:40,10.7,74.5,0.0,2.7,91.0,-0.013458,-0.006729,0.00056,0.924048,0.000518,0.003361,0.003106
2026-06-20 00:00:00,00:00,10.3,76.3,0.0,4.7,91.0,-0.013395,-0.006697,0.001724,0.939782,0.00162,0.010343,0.00972
2026-06-20 00:20:00,00:20,9.7,80.8,0.0,4.5,90.9,-0.013205,-0.006602,0.001021,0.918602,0.000938,0.006126,0.005627
2026-06-20 00:40:00,00:40,9.6,81.5,0.0,2.6,90.9,-0.013178,-0.006589,0.0,0.893559,0.0,0.0,0.0
2026-06-20 01:00:00,01:00,9.2,80.3,0.0,4.7,90.8,-0.013289,-0.006644,0.001152,0.923024,0.001064,0.006914,0.006381
2026-06-20 01:20:00,01:20,8.7,82.0,0.0,3.0,90.9,-0.013251,-0.006625,0.000115,0.89612,0.000103,0.000692,0.00062
2026-06-20 01:40:00,01:40,8.6,82.8,0.0,5.5,90.9,-0.013219,-0.00661,0.001163,0.921861,0.001072,0.006977,0.006432
2026-06-20 02:00:00,02:00,8.5,83.3,0.0,3.8,90.9,-0.013204,-0.006602,0.000371,0.899983,0.000334,0.002227,0.002004
2026-06-20 02:20:00,02:20,8.9,81.8,0.0,5.4,90.8,-0.01324,-0.00662,0.001273,0.924886,0.001177,0.007636,0.007062
2026-06-20 02:40:00,02:40,9.1,79.8,0.0,4.8,90.8,-0.013327,-0.006663,0.001258,0.926283,0.001165,0.007549,0.006993
2026-06-20 03:00:00,03:00,9.2,78.8,0.0,1.1,90.8,-0.013371,-0.006686,0.0,0.887415,0.0,0.0,0.0
2026-06-20 03:20:00,03:20,8.6,79.7,0.0,3.6,90.8,-0.013383,-0.006692,0.000617,0.912737,0.000563,0.003702,0.003379
2026-06-20 03:40:00,03:40,11.1,69.4,0.0,6.5,91.0,-0.013734,-0.006867,0.004082,0.989635,0.00404,0.024493,0.024239
2026-06-20 03:50:00,03:50,12.0,62.0,0.0,5.2,91.0,-0.014147,-0.007073,0.004255,1.005507,0.004279,0.025532,0.025673
2026-06-20 04:00:00,04:00,11.6,63.4,0.0,3.0,91.0,-0.014085,-0.007043,0.001756,0.974041,0.00171,0.010536,0.010263
2026-06-20 04:10:00,04:10,11.7,61.4,0.0,2.3,90.9,-0.014216,-0.007108,0.001121,0.974274,0.001092,0.006726,0.006553
2026-06-20 04:20:00,04:20,10.2,68.1,0.0,1.5,91.0,-0.013903,-0.006951,0.0,0.936896,0.0,0.0,0.0
2026-06-20 04:30:00,04:30,9.1,72.9,0.0,3.7,91.0,-0.013712,-0.006856,0.001351,0.942388,0.001273,0.008104,0.007637
2026-06-20 04:40:00,04:40,10.2,69.2,0.0,5.4,91.0,-0.013834,-0.006917,0.003153,0.977672,0.003083,0.01892,0.018497
2026-06-20 04:50:00,04:50,9.3,71.1,0.0,2.1,91.0,-0.013799,-0.0069,0.000261,0.93131,0.000243,0.001565,0.001458
2026-06-20 05:00:00,05:00,9.0,73.2,0.0,8.1,91.0,-0.013704,-0.006852,0.004091,0.992334,0.00406,0.024548,0.024359
2026-06-20 05:10:00,05:10,7.8,77.9,0.0,2.2,91.0,-0.01355,-0.006775,0.0,0.903986,0.0,0.0,0.0
2026-06-20 05:20:00,05:20,7.2,82.1,1.0,2.1,90.9,-0.001751,-0.000876,0.000838,0.885227,0.000742,0.005028,0.004451
2026-06-20 05:30:00,05:30,7.3,83.5,7.0,3.0,90.9,0.001141,0.000114,0.001516,0.889836,0.001349,0.009099,0.008097
2026-06-20 05:40:00,05:40,7.9,84.1,13.0,0.0,90.9,0.004036,0.000404,0.000809,0.852411,0.00069,0.004854,0.004137
2026-06-20 05:50:00,05:50,9.0,78.7,27.0,2.5,90.9,0.010727,0.001073,0.003578,0.904126,0.003235,0.021469,0.019411
2026-06-20 06:00:00,06:00,9.3,75.9,41.0,3.3,90.9,0.017426,0.001743,0.005545,0.925166,0.00513,0.033273,0.030783
2026-06-20 06:10:00,06:10,10.1,73.5,51.0,0.5,91.0,0.022216,0.002222,0.00506,0.902636,0.004568,0.030361,0.027405
2026-06-20 06:20:00,06:20,10.4,75.1,98.0,1.0,91.1,0.0344,0.00344,0.007921,0.901752,0.007143,0.047528,0.042859
2026-06-20 06:30:00,06:30,11.6,70.3,132.0,1.8,91.1,0.045967,0.004597,0.011324,0.93117,0.010544,0.067942,0.063265
2026-06-20 06:40:00,06:40,12.2,68.9,163.0,0.9,91.2,0.057997,0.0058,0.013542,0.926562,0.012548,0.081253,0.075286
2026-06-20 06:50:00,06:50,12.9,65.0,117.0,2.3,91.2,0.048832,0.004883,0.013037,0.959192,0.012505,0.078223,0.075031
2026-06-20 07:00:00,07:00,12.8,63.9,166.0,2.6,91.2,0.065672,0.006567,0.016903,0.967292,0.01635,0.101417,0.0981
2026-06-20 07:10:00,07:10,13.5,62.6,228.0,2.2,91.2,0.087768,0.008777,0.021784,0.968083,0.021088,0.130701,0.12653
2026-06-20 07:20:00,07:20,14.3,59.1,280.0,7.3,91.2,0.107475,0.010748,0.030271,1.042094,0.031545,0.181626,0.189271
2026-06-20 07:30:00,07:30,14.1,61.0,209.0,8.6,91.3,0.086917,0.008692,0.026438,1.049263,0.027741,0.158631,0.166445
2026-06-20 07:40:00,07:40,14.2,63.0,294.0,5.3,91.4,0.118739,0.011874,0.03059,1.002482,0.030666,0.183543,0.183998
2026-06-20 07:50:00,07:50,14.5,61.9,363.0,5.5,91.3,0.145705,0.01457,0.036699,1.009417,0.037044,0.220191,0.222265
2026-06-20 08:00:00,08:00,15.0,60.3,375.0,3.1,91.3,0.152544,0.015254,0.037738,0.988192,0.037292,0.226427,0.223753
2026-06-20 08:10:00,08:10,15.1,59.8,186.0,0.6,91.3,0.085026,0.008503,0.020725,0.961194,0.019921,0.124352,0.119527
2026-06-20 08:20:00,08:20,15.6,59.3,492.0,2.6,91.3,0.200873,0.020087,0.048987,0.986562,0.048329,0.293925,0.289975
2026-06-20 08:30:00,08:30,16.5,54.2,408.0,3.3,91.1,0.17076,0.017076,0.043994,1.016074,0.044701,0.263966,0.268209
2026-06-20 08:40:00,08:40,16.5,54.7,317.0,3.5,91.2,0.137856,0.013786,0.036625,1.016307,0.037222,0.21975,0.223333
2026-06-20 08:50:00,08:50,17.6,51.6,345.0,8.4,91.2,0.149759,0.014976,0.044706,1.086315,0.048565,0.268239,0.291392
2026-06-20 09:00:00,09:00,17.0,55.8,407.0,9.3,91.4,0.175576,0.017558,0.048701,1.079193,0.052558,0.292205,0.315346
2026-06-20 09:10:00,09:10,17.6,55.1,335.0,8.3,91.3,0.148492,0.014849,0.043412,1.070489,0.046472,0.260474,0.278834
2026-06-20 09:20:00,09:20,17.5,56.7,590.0,10.1,91.4,0.251028,0.025103,0.0648,1.084732,0.07029,0.388798,0.421742
2026-06-20 09:30:00,09:30,18.2,54.2,550.0,11.2,91.2,0.236217,0.023622,0.064117,1.108006,0.071042,0.384704,0.426254
2026-06-20 09:40:00,09:40,18.8,53.5,535.0,11.7,91.3,0.231485,0.023148,0.064566,1.116757,0.072104,0.387394,0.432625
2026-06-20 09:50:00,09:50,18.3,54.0,669.0,13.3,91.3,0.286678,0.028668,0.074981,1.133282,0.084974,0.449884,0.509846
2026-06-20 10:00:00,10:00,19.1,51.8,589.0,7.8,91.2,0.255245,0.025524,0.069015,1.078495,0.074433,0.414093,0.446597
2026-06-20 10:10:00,10:10,19.6,50.5,573.0,11.9,91.2,0.24961,0.024961,0.070891,1.131653,0.080224,0.425346,0.481344
2026-06-20 10:20:00,10:20,20.1,49.0,675.0,8.7,91.2,0.291906,0.029191,0.07996,1.100698,0.088012,0.47976,0.528071
2026-06-20 10:40:00,10:40,20.8,44.5,602.0,7.7,91.1,0.262937,0.026294,0.075363,1.107913,0.083496,0.452179,0.500975
2026-06-20 10:50:00,10:50,21.3,44.4,529.0,10.2,91.2,0.233818,0.023382,0.071551,1.137425,0.081384,0.429308,0.488306
2026-06-20 11:00:00,11:00,21.1,45.5,536.0,7.4,91.2,0.237362,0.023736,0.069425,1.100233,0.076383,0.416548,0.4583
2026-06-20 11:10:00,11:10,21.4,44.7,470.0,8.8,91.2,0.210576,0.021058,0.065173,1.119876,0.072986,0.39104,0.437916
2026-06-20 11:20:00,11:20,21.3,41.2,360.0,8.6,91.1,0.165328,0.016533,0.055633,1.132211,0.062988,0.333798,0.377929
2026-06-20 11:30:00,11:30,21.7,40.8,404.0,13.0,91.1,0.183639,0.018364,0.065245,1.18509,0.077322,0.391472,0.463929
2026-06-20 11:40:00,11:40,22.4,39.5,937.0,9.2,91.1,0.402872,0.040287,0.11301,1.146315,0.129545,0.67806,0.77727
2026-06-20 11:50:00,11:50,23.6,36.1,548.0,11.7,91.0,0.242772,0.024277,0.0821,1.189652,0.09767,0.4926,0.586023
2026-06-20 12:00:00,12:00,23.5,35.7,651.0,10.5,91.0,0.285078,0.028508,0.090484,1.177363,0.106532,0.542904,0.639195
2026-06-20 12:10:00,12:10,24.1,33.0,584.0,15.6,91.0,0.257226,0.025723,0.092084,1.248023,0.114924,0.552507,0.689541
2026-06-20 12:20:00,12:20,24.1,32.8,367.0,9.7,91.0,0.168619,0.016862,0.064253,1.180202,0.075832,0.38552,0.454992
2026-06-20 12:30:00,12:30,24.1,30.9,414.0,8.0,91.0,0.18761,0.018761,0.066671,1.168379,0.077897,0.400028,0.467385
2026-06-20 12:40:00,12:40,23.8,29.3,371.0,11.8,90.9,0.169929,0.016993,0.068838,1.219303,0.083935,0.413029,0.503607
2026-06-20 12:50:00,12:50,24.4,21.2,341.0,10.7,90.8,0.157149,0.015715,0.068137,1.240435,0.084519,0.408822,0.507117
2026-06-20 13:00:00,13:00,24.3,22.2,329.0,9.0,90.9,0.152326,0.015233,0.063093,1.216463,0.07675,0.378555,0.460499
2026-06-20 13:10:00,13:10,24.4,20.1,351.0,16.4,90.8,0.160768,0.016077,0.079914,1.311375,0.104797,0.479482,0.628781
2026-06-20 13:20:00,13:20,24.5,21.4,472.0,15.9,90.9,0.208779,0.020878,0.08905,1.30011,0.115775,0.534301,0.69465
2026-06-20 13:30:00,13:30,24.6,20.4,355.0,11.7,90.9,0.161932,0.016193,0.071837,1.255424,0.090186,0.431024,0.541118
2026-06-20 13:40:00,13:40,24.3,20.5,328.0,15.9,90.9,0.150977,0.015098,0.076529,1.30388,0.099784,0.459173,0.598707
2026-06-20 13:50:00,13:50,24.7,20.3,489.0,13.8,90.9,0.214053,0.021405,0.087791,1.280281,0.112398,0.526748,0.674385
2026-06-20 14:00:00,14:00,25.1,20.5,489.0,12.0,90.9,0.213561,0.021356,0.085191,1.258496,0.107213,0.511147,0.643277
2026-06-20 14:10:00,14:10,25.1,20.1,570.0,11.7,90.9,0.244517,0.024452,0.092078,1.256681,0.115713,0.552468,0.694276
2026-06-20 14:20:00,14:20,25.1,20.0,469.0,13.2,90.9,0.204289,0.020429,0.085423,1.274555,0.108877,0.512541,0.653261
2026-06-20 14:40:00,14:40,25.1,18.8,373.0,13.2,90.9,0.165378,0.016538,0.077065,1.279582,0.098611,0.462391,0.591667
2026-06-20 14:50:00,14:50,24.9,19.0,207.0,11.5,90.9,0.096247,0.009625,0.057122,1.258962,0.071915,0.342734,0.431489
2026-06-20 15:00:00,15:00,24.1,20.5,173.0,13.1,90.9,0.07998,0.007998,0.055155,1.271297,0.070119,0.330931,0.420712
2026-06-20 15:10:00,15:10,23.9,22.1,160.0,6.3,90.9,0.073795,0.00738,0.037504,1.185462,0.04446,0.225025,0.266758
2026-06-20 15:20:00,15:20,23.7,23.0,165.0,11.1,90.9,0.076224,0.007622,0.048565,1.237549,0.060101,0.291388,0.360607
2026-06-20 15:30:00,15:30,23.8,23.1,185.0,10.2,90.9,0.085828,0.008583,0.048956,1.226657,0.060052,0.293736,0.360313
2026-06-20 15:40:00,15:40,23.8,22.7,191.0,1.4,90.9,0.088695,0.008869,0.028296,1.125927,0.031859,0.169776,0.191155
2026-06-20 16:00:00,16:00,23.9,23.4,158.0,3.9,91.0,0.072879,0.007288,0.030893,1.152087,0.035592,0.185359,0.213549
2026-06-20 16:10:00,16:10,23.7,25.4,153.0,3.2,91.0,0.070542,0.007054,0.028069,1.135563,0.031874,0.168412,0.191242
2026-06-20 16:20:00,16:20,23.6,23.6,166.0,12.1,90.9,0.076723,0.007672,0.050373,1.246673,0.062799,0.302239,0.376793
2026-06-20 16:30:00,16:30,23.4,25.1,100.0,8.7,91.0,0.04509,0.004509,0.035027,1.200823,0.042061,0.210161,0.252366
2026-06-20 16:40:00,16:40,23.1,25.9,56.0,5.1,91.0,0.023992,0.002399,0.020807,1.155578,0.024044,0.124843,0.144266
2026-06-20 16:50:00,16:50,22.6,24.1,31.0,6.8,90.9,0.011934,0.001193,0.022354,1.182902,0.026443,0.134126,0.158658
2026-06-20 17:00:00,17:00,22.4,24.3,15.0,3.1,90.9,0.004259,0.000426,0.010457,1.139007,0.011911,0.062743,0.071465
2026-06-20 17:10:00,17:10,22.3,25.0,8.0,5.2,91.0,0.000919,9.2e-05,0.015246,1.160512,0.017693,0.091473,0.106156
2026-06-20 17:20:00,17:20,22.2,24.8,6.0,8.2,91.0,-4.7e-05,-5e-06,0.022567,1.196261,0.026997,0.135405,0.16198
2026-06-20 17:30:00,17:30,21.7,26.5,9.0,8.9,91.0,0.001439,0.000144,0.023734,1.197285,0.028416,0.142403,0.170497
2026-06-20 17:40:00,17:40,21.9,25.9,8.0,12.5,91.0,0.000943,9.4e-05,0.031725,1.241692,0.039392,0.190349,0.236355
2026-06-20 17:50:00,17:50,21.8,28.5,3.0,4.8,91.1,-0.001385,-0.000692,0.012982,1.141195,0.014815,0.07789,0.088888
2026-06-20 18:10:00,18:10,20.2,34.2,0.0,3.1,91.1,-0.016192,-0.008096,0.00558,1.097533,0.006125,0.033482,0.036748
2026-06-20 18:20:00,18:20,19.8,34.3,0.0,8.0,91.1,-0.016207,-0.008103,0.016204,1.154135,0.018702,0.097225,0.112211
2026-06-20 18:30:00,18:30,19.6,35.7,0.0,6.2,91.1,-0.016032,-0.008016,0.012142,1.127324,0.013687,0.072849,0.082125
2026-06-20 18:40:00,18:40,18.8,38.9,0.0,4.2,91.2,-0.015688,-0.007844,0.007256,1.090644,0.007914,0.043535,0.047481
2026-06-20 18:50:00,18:50,18.7,39.0,0.0,5.0,91.1,-0.015684,-0.007842,0.008842,1.099535,0.009722,0.053054,0.058335
2026-06-20 19:00:00,19:00,18.7,39.8,0.0,0.0,91.2,-0.015587,-0.007793,0.0,1.037998,0.0,0.0,0.0
2026-06-20 19:10:00,19:10,18.6,39.2,0.0,4.5,91.1,-0.015668,-0.007834,0.007781,1.092878,0.008504,0.046686,0.051022
2026-06-20 19:20:00,19:20,18.8,38.9,0.0,3.0,91.1,-0.015688,-0.007844,0.004703,1.076679,0.005063,0.028216,0.03038
2026-06-20 19:30:00,19:30,18.4,41.2,0.0,2.3,91.2,-0.015447,-0.007723,0.002969,1.058898,0.003144,0.017815,0.018864
2026-06-20 19:40:00,19:40,18.0,43.8,0.0,0.7,91.3,-0.015187,-0.007594,0.0,1.029387,0.0,0.0,0.0
2026-06-20 19:50:00,19:50,17.9,42.7,0.0,1.0,91.2,-0.01532,-0.00766,8.2e-05,1.037486,8.6e-05,0.000495,0.000513
2026-06-20 20:00:00,20:00,17.6,46.0,0.0,3.9,91.3,-0.014988,-0.007494,0.005543,1.057409,0.005861,0.033255,0.035164
2026-06-20 20:20:00,20:20,18.3,45.3,0.0,1.6,91.3,-0.014989,-0.007494,0.001272,1.033576,0.001314,0.00763,0.007886
2026-06-20 20:30:00,20:30,18.2,42.4,0.0,4.2,91.2,-0.015326,-0.007663,0.006666,1.075981,0.007173,0.039998,0.043037
2026-06-20 20:40:00,20:40,17.2,49.0,0.0,1.5,91.3,-0.014718,-0.007359,0.000863,1.016912,0.000877,0.005176,0.005264
2026-06-20 20:50:00,20:50,17.2,50.2,0.0,2.3,91.3,-0.014597,-0.007298,0.002241,1.021194,0.002288,0.013445,0.01373
2026-06-20 21:00:00,21:00,16.7,50.3,0.0,3.4,91.3,-0.014644,-0.007322,0.004054,1.033576,0.004191,0.024327,0.025144
2026-06-20 21:10:00,21:10,17.3,41.8,0.0,3.5,91.0,-0.015472,-0.007736,0.005219,1.070349,0.005587,0.031317,0.03352
2026-06-20 21:20:00,21:20,17.6,46.2,0.0,4.9,91.3,-0.014966,-0.007483,0.007276,1.068208,0.007773,0.043657,0.046635
2026-06-20 21:30:00,21:30,17.2,44.2,0.0,1.0,91.1,-0.015219,-0.007609,3e-05,1.031202,3.1e-05,0.000182,0.000188
2026-06-20 21:40:00,21:40,16.6,51.3,0.0,6.0,91.3,-0.014558,-0.007279,0.007919,1.059643,0.008391,0.047514,0.050348
2026-06-20 21:50:00,21:50,16.9,44.8,0.0,0.8,91.1,-0.015182,-0.007591,0.0,1.026361,0.0,0.0,0.0
2026-06-20 22:00:00,22:00,16.8,50.3,0.0,3.5,91.3,-0.014633,-0.007317,0.004232,1.03474,0.004379,0.025395,0.026277
2026-06-20 22:10:00,22:10,17.0,46.2,0.0,4.7,91.2,-0.015027,-0.007513,0.006804,1.06588,0.007252,0.040823,0.043513
2026-06-20 22:20:00,22:20,16.0,53.0,0.0,5.8,91.2,-0.014466,-0.007233,0.00718,1.050194,0.00754,0.043078,0.045241
2026-06-20 22:40:00,22:40,16.0,55.1,0.0,2.2,91.3,-0.014273,-0.007137,0.001656,0.999503,0.001655,0.009937,0.009932
2026-06-20 22:50:00,22:50,15.7,52.6,0.0,0.4,91.2,-0.014536,-0.007268,0.0,0.989029,0.0,0.0,0.0
2026-06-20 23:00:00,23:00,16.2,50.5,0.0,0.0,91.2,-0.014679,-0.00734,0.0,0.993172,0.0,0.0,0.0
2026-06-20 23:10:00,23:10,15.9,51.7,0.0,0.8,91.2,-0.014597,-0.007299,0.0,0.997455,0.0,0.0,0.0
2026-06-20 23:20:00,23:20,15.7,51.7,0.0,3.7,91.2,-0.014618,-0.007309,0.004244,1.031202,0.004377,0.025465,0.02626
2026-06-20 23:30:00,23:30,15.9,50.1,0.0,2.9,91.2,-0.014748,-0.007374,0.003151,1.028595,0.003241,0.018905,0.019446
2026-06-20 23:40:00,23:40,15.6,49.8,0.0,4.9,91.2,-0.014805,-0.007403,0.006314,1.053126,0.00665,0.037885,0.039898
2026-06-20 23:50:00,23:50,15.6,50.1,0.0,4.1,91.2,-0.014777,-0.007389,0.005042,1.04256,0.005256,0.03025,0.031537
2026-06-21 00:00:00,00:00,15.0,52.7,0.0,0.8,91.2,-0.014599,-0.007299,0.0,0.993265,0.0,0.0,0.0
2026-06-21 00:10:00,00:10,14.7,54.8,0.0,0.4,91.3,-0.014446,-0.007223,0.0,0.979813,0.0,0.0,0.0
2026-06-21 00:20:00,00:20,13.8,58.5,0.0,0.0,91.3,-0.014233,-0.007116,0.0,0.959658,0.0,0.0,0.0
2026-06-21 00:30:00,00:30,13.5,56.4,0.0,3.9,91.2,-0.01443,-0.007215,0.003705,1.01384,0.003756,0.022227,0.022535
2026-06-21 00:40:00,00:40,13.7,53.2,0.0,5.2,91.1,-0.014673,-0.007337,0.005854,1.042374,0.006102,0.035125,0.036614
2026-06-21 00:50:00,00:50,13.8,52.5,0.0,2.7,91.1,-0.014724,-0.007362,0.002434,1.016214,0.002473,0.014602,0.014839
2026-06-21 01:00:00,01:00,13.0,54.7,0.0,2.0,91.2,-0.014609,-0.007304,0.001203,0.998851,0.001201,0.007217,0.007209
2026-06-21 01:10:00,01:10,13.2,53.7,0.0,2.4,91.1,-0.014673,-0.007336,0.001855,1.007695,0.00187,0.011132,0.011218
2026-06-21 01:20:00,01:20,12.7,56.3,0.0,2.0,91.2,-0.014508,-0.007254,0.001099,0.992148,0.00109,0.006593,0.006541
2026-06-21 01:30:00,01:30,12.9,54.5,0.0,6.8,91.1,-0.014632,-0.007316,0.007436,1.055547,0.007849,0.044614,0.047092
2026-06-21 01:40:00,01:40,12.5,56.9,0.0,4.8,91.2,-0.014478,-0.007239,0.004617,1.022218,0.00472,0.027702,0.028318
2026-06-21 01:50:00,01:50,12.4,56.7,0.0,5.5,91.1,-0.014501,-0.007251,0.005444,1.031202,0.005614,0.032663,0.033682
2026-06-21 02:00:00,02:00,12.5,55.9,0.0,7.7,91.1,-0.014554,-0.007277,0.008054,1.060155,0.008538,0.048322,0.051229
2026-06-21 02:10:00,02:10,12.6,55.0,0.0,8.0,91.0,-0.014616,-0.007308,0.00859,1.067416,0.009169,0.051539,0.055013
2026-06-21 02:20:00,02:20,12.9,54.0,0.0,6.5,91.0,-0.014672,-0.007336,0.00717,1.05415,0.007558,0.043019,0.045348
2026-06-21 02:30:00,02:30,13.0,53.0,0.0,5.0,91.0,-0.014744,-0.007372,0.005485,1.040884,0.00571,0.032912,0.034258
2026-06-21 02:40:00,02:40,12.9,52.9,0.0,5.8,91.0,-0.01476,-0.00738,0.006504,1.050613,0.006833,0.039025,0.041
2026-06-21 03:00:00,03:00,13.3,50.9,0.0,5.0,90.9,-0.014895,-0.007448,0.005837,1.049682,0.006127,0.035022,0.036762
2026-06-21 03:10:00,03:10,13.5,50.2,0.0,6.8,90.9,-0.01494,-0.00747,0.008402,1.073561,0.00902,0.050411,0.054119
2026-06-21 03:30:00,03:30,11.9,56.7,0.0,6.8,91.2,-0.014539,-0.00727,0.006786,1.04633,0.0071,0.040716,0.042603
2026-06-21 03:40:00,03:40,11.1,60.7,0.0,0.2,91.2,-0.014313,-0.007157,0.0,0.952769,0.0,0.0,0.0
2026-06-21 03:50:00,03:50,10.2,66.0,0.0,0.0,91.4,-0.014034,-0.007017,0.0,0.928238,0.0,0.0,0.0
2026-06-21 04:00:00,04:00,9.3,71.7,0.0,1.7,91.3,-0.013764,-0.006882,0.0,0.924141,0.0,0.0,0.0
2026-06-21 04:10:00,04:10,8.8,72.9,0.0,1.8,91.2,-0.013738,-0.006869,0.0,0.920278,0.0,0.0,0.0
2026-06-21 04:20:00,04:20,8.2,76.8,0.0,3.1,91.1,-0.013574,-0.006787,0.000569,0.919068,0.000523,0.003412,0.003136
2026-06-21 04:30:00,04:30,8.4,76.7,0.0,0.9,91.1,-0.013562,-0.006781,0.0,0.893885,0.0,0.0,0.0
2026-06-21 04:40:00,04:40,8.2,75.1,0.0,3.1,91.1,-0.013666,-0.006833,0.000703,0.92619,0.000651,0.004218,0.003907
2026-06-21 04:50:00,04:50,8.8,73.3,0.0,4.8,91.1,-0.013715,-0.006858,0.002041,0.953513,0.001946,0.012248,0.011679
2026-06-21 05:00:00,05:00,8.5,75.8,0.0,5.8,91.1,-0.013602,-0.006801,0.002291,0.954677,0.002187,0.013745,0.013122
2026-06-21 05:10:00,05:10,9.1,73.4,0.0,1.6,91.1,-0.013684,-0.006842,0.0,0.915856,0.0,0.0,0.0
2026-06-21 05:20:00,05:20,9.6,70.9,1.0,4.8,91.1,-0.001817,-0.000909,0.003636,0.963568,0.003503,0.021813,0.021019
2026-06-21 05:30:00,05:30,9.1,70.8,4.0,3.4,91.2,-0.000386,-0.000193,0.00273,0.947695,0.002588,0.016382,0.015525
2026-06-21 05:40:00,05:40,8.5,73.8,13.0,2.2,91.2,0.003955,0.000395,0.002384,0.921162,0.002196,0.014303,0.013176
2026-06-21 05:50:00,05:50,8.3,76.0,36.0,5.2,91.2,0.012778,0.001278,0.005468,0.946857,0.005178,0.032809,0.031066
2026-06-21 06:00:00,06:00,8.7,75.3,56.0,4.0,91.2,0.018523,0.001852,0.006064,0.935825,0.005675,0.036386,0.034051
2026-06-21 06:10:00,06:10,9.6,75.0,78.0,1.8,91.2,0.026083,0.002608,0.006524,0.91148,0.005946,0.039143,0.035678
2026-06-21 06:20:00,06:20,10.7,71.2,103.0,3.8,91.2,0.035036,0.003504,0.010006,0.950674,0.009513,0.060038,0.057077
2026-06-21 06:30:00,06:30,11.4,67.6,128.0,5.7,91.2,0.044721,0.004472,0.013731,0.987866,0.013565,0.082389,0.081389
2026-06-21 06:40:00,06:40,12.2,66.7,154.0,3.2,91.2,0.055384,0.005538,0.014683,0.962544,0.014133,0.088099,0.084799
2026-06-21 06:50:00,06:50,13.1,63.0,177.0,0.9,91.2,0.065338,0.006534,0.01564,0.951279,0.014878,0.093842,0.08927
2026-06-21 07:00:00,07:00,14.2,57.7,204.0,1.9,91.1,0.076416,0.007642,0.019717,0.985119,0.019423,0.1183,0.11654
2026-06-21 07:10:00,07:10,15.3,51.7,233.0,3.2,91.0,0.088111,0.008811,0.024738,1.025383,0.025366,0.148429,0.152196
2026-06-21 07:30:00,07:30,16.1,48.3,286.0,6.7,91.1,0.111286,0.011129,0.03447,1.080357,0.03724,0.206823,0.223442
2026-06-21 07:40:00,07:40,16.6,47.8,314.0,3.6,91.1,0.123718,0.012372,0.034463,1.046377,0.036061,0.206778,0.216367
2026-06-21 07:50:00,07:50,17.5,46.1,342.0,3.2,91.1,0.136081,0.013608,0.03775,1.048844,0.039593,0.226497,0.23756
2026-06-21 08:00:00,08:00,18.2,45.5,369.0,1.3,91.2,0.148327,0.014833,0.038938,1.029247,0.040077,0.233626,0.240459
2026-06-21 08:10:00,08:10,19.0,42.3,400.0,1.3,91.1,0.161472,0.016147,0.042946,1.042653,0.044778,0.257674,0.268665
2026-06-21 08:20:00,08:20,19.5,41.0,430.0,2.4,91.1,0.174645,0.017465,0.04818,1.0609,0.051114,0.289081,0.306686
2026-06-21 08:30:00,08:30,19.9,35.9,459.0,2.8,91.1,0.186387,0.018639,0.052493,1.08692,0.057055,0.314957,0.342333
2026-06-21 08:40:00,08:40,20.4,33.6,485.0,2.8,91.1,0.197714,0.019771,0.056026,1.096555,0.061435,0.336153,0.368611
2026-06-21 08:50:00,08:50,21.3,32.1,507.0,3.5,91.1,0.207791,0.020779,0.060739,1.110985,0.06748,0.364436,0.404883
2026-06-21 09:00:00,09:00,22.1,30.8,534.0,1.4,91.1,0.219713,0.021971,0.061239,1.091994,0.066873,0.367437,0.401239
2026-06-21 09:10:00,09:10,21.6,33.2,559.0,3.1,91.2,0.231914,0.023191,0.066331,1.101722,0.073078,0.397986,0.438471
2026-06-21 09:20:00,09:20,22.2,32.2,582.0,9.1,91.2,0.242347,0.024235,0.077993,1.175734,0.091699,0.467958,0.550194
2026-06-21 09:30:00,09:30,22.0,31.9,601.0,7.9,91.2,0.251271,0.025127,0.078333,1.163026,0.091103,0.469995,0.546617
2026-06-21 09:40:00,09:40,22.1,33.5,622.0,10.1,91.2,0.261634,0.026163,0.082931,1.181925,0.098018,0.497583,0.588106
2026-06-21 09:50:00,09:50,22.4,33.7,639.0,7.9,91.2,0.269924,0.026992,0.082831,1.155485,0.09571,0.496984,0.574258
2026-06-21 10:00:00,10:00,22.4,34.9,656.0,8.1,91.2,0.278426,0.027843,0.084694,1.152785,0.097634,0.508163,0.585803
2026-06-21 10:10:00,10:10,22.7,35.0,672.0,8.7,91.2,0.286149,0.028615,0.087629,1.159349,0.101593,0.525775,0.609556
2026-06-21 10:20:00,10:20,23.0,34.0,688.0,7.9,91.2,0.293407,0.029341,0.089317,1.154228,0.103093,0.535905,0.618556
2026-06-21 10:30:00,10:30,23.3,33.0,701.0,8.9,91.2,0.299379,0.029938,0.092685,1.170055,0.108447,0.556112,0.650681
2026-06-21 10:40:00,10:40,23.6,31.0,714.0,9.6,91.1,0.304871,0.030487,0.096028,1.186579,0.113945,0.576167,0.683668
2026-06-21 10:50:00,10:50,23.9,31.2,721.0,11.9,91.1,0.308718,0.030872,0.100001,1.212507,0.121252,0.600005,0.72751
2026-06-21 11:00:00,11:00,24.2,30.9,728.0,11.5,91.1,0.312281,0.031228,0.101139,1.209109,0.122288,0.606832,0.733726
2026-06-21 11:10:00,11:10,24.5,29.8,738.0,11.0,91.1,0.316642,0.031664,0.102661,1.207898,0.124005,0.615969,0.744027
2026-06-21 11:20:00,11:20,24.5,27.6,742.0,15.2,91.0,0.317963,0.031796,0.108769,1.26599,0.137701,0.652617,0.826207
2026-06-21 11:30:00,11:30,24.5,29.0,747.0,9.3,91.1,0.3211,0.03211,0.101975,1.191467,0.1215,0.611851,0.729001
2026-06-21 11:40:00,11:40,25.1,27.4,747.0,10.8,91.0,0.321,0.0321,0.105671,1.215625,0.128456,0.634024,0.770736
2026-06-21 11:50:00,11:50,25.1,27.0,744.0,13.2,91.0,0.319983,0.031998,0.108617,1.24523,0.135253,0.651703,0.81152
2026-06-21 12:00:00,12:00,25.3,27.8,740.0,8.7,91.1,0.319017,0.031902,0.102637,1.189512,0.122087,0.61582,0.732525
2026-06-21 12:10:00,12:10,25.7,24.7,738.0,15.4,91.0,0.317143,0.031714,0.113313,1.280467,0.145094,0.67988,0.870564
2026-06-21 12:20:00,12:20,25.6,26.1,727.0,7.3,91.1,0.313409,0.031341,0.100288,1.180342,0.118374,0.601727,0.710244
2026-06-21 12:30:00,12:30,25.8,24.0,725.0,14.3,91.0,0.311762,0.031176,0.111259,1.270599,0.141365,0.667553,0.848192
2026-06-21 12:40:00,12:40,25.9,25.4,709.0,13.2,91.1,0.305881,0.030588,0.10791,1.251933,0.135096,0.647461,0.810578
2026-06-21 12:50:00,12:50,26.2,25.5,694.0,9.1,91.1,0.299795,0.029979,0.100958,1.203802,0.121533,0.605747,0.7292
2026-06-21 13:00:00,13:00,26.0,22.9,683.0,14.2,91.0,0.294069,0.029407,0.108081,1.274043,0.1377,0.648487,0.826201
2026-06-21 13:10:00,13:10,26.5,22.7,675.0,21.9,91.0,0.290552,0.029055,0.119137,1.364486,0.162561,0.714825,0.975369
2026-06-21 13:20:00,13:20,26.4,24.7,664.0,19.3,91.0,0.28659,0.028659,0.113282,1.325851,0.150196,0.679694,0.901173
2026-06-21 13:30:00,13:30,26.6,22.9,638.0,21.7,90.9,0.275068,0.027507,0.115706,1.361321,0.157514,0.694239,0.945081
2026-06-21 13:40:00,13:40,26.2,20.4,620.0,12.6,90.9,0.266377,0.026638,0.100764,1.265897,0.127556,0.604581,0.765338
2026-06-21 13:50:00,13:50,26.8,20.5,600.0,12.4,90.9,0.257967,0.025797,0.099549,1.263151,0.125746,0.597295,0.754473
2026-06-21 14:00:00,14:00,26.8,19.5,582.0,6.1,90.8,0.249828,0.024983,0.085486,1.194027,0.102073,0.512919,0.612439
2026-06-21 14:10:00,14:10,26.8,17.2,563.0,11.6,90.8,0.240746,0.024075,0.095418,1.267666,0.120958,0.572509,0.725751
2026-06-21 14:20:00,14:20,27.0,17.1,533.0,22.8,90.8,0.228264,0.022826,0.112782,1.39842,0.157717,0.676694,0.946302
2026-06-21 14:30:00,14:30,27.0,17.0,513.0,13.8,90.8,0.219627,0.021963,0.09517,1.294105,0.12316,0.571019,0.738959
2026-06-21 14:40:00,14:40,26.8,16.1,490.0,12.8,90.8,0.209527,0.020953,0.090852,1.286239,0.116857,0.54511,0.701142
2026-06-21 14:50:00,14:50,26.6,16.0,467.0,23.7,90.8,0.199716,0.019972,0.107976,1.413501,0.152624,0.647855,0.915744
2026-06-21 15:00:00,15:00,26.9,15.4,439.0,17.5,90.8,0.187854,0.018785,0.095718,1.343865,0.128632,0.574307,0.771792
2026-06-21 15:10:00,15:10,26.7,15.8,415.0,21.5,90.8,0.177841,0.017784,0.100091,1.388738,0.139,0.600545,0.833999
2026-06-21 15:20:00,15:20,26.6,16.6,386.0,12.1,90.8,0.166072,0.016607,0.078409,1.275998,0.10005,0.470454,0.600298
2026-06-21 15:30:00,15:30,26.9,15.1,359.0,9.8,90.8,0.154488,0.015449,0.071346,1.255517,0.089576,0.428074,0.537454
2026-06-21 15:40:00,15:40,26.6,14.9,327.0,7.4,90.7,0.141517,0.014152,0.06172,1.228426,0.075818,0.370318,0.454908
2026-06-21 15:50:00,15:50,26.5,16.7,297.0,15.0,90.8,0.129749,0.012975,0.075908,1.309327,0.099388,0.455446,0.596327
2026-06-21 16:00:00,16:00,26.6,15.9,269.0,9.5,90.8,0.118313,0.011831,0.060953,1.248674,0.07611,0.365715,0.456659
2026-06-21 16:20:00,16:20,26.4,16.3,213.0,9.7,90.8,0.096168,0.009617,0.055612,1.249326,0.069477,0.33367,0.416863
2026-06-21 16:30:00,16:30,26.3,18.6,184.0,8.1,90.8,0.08509,0.008509,0.047818,1.221071,0.058389,0.286905,0.350332
2026-06-21 16:50:00,16:50,25.8,20.1,131.0,14.0,90.8,0.059812,0.005981,0.054795,1.283446,0.070326,0.32877,0.421958
2026-06-21 17:00:00,17:00,25.7,19.0,105.0,5.4,90.8,0.047288,0.004729,0.030224,1.187976,0.035906,0.181345,0.215434
2026-06-21 17:10:00,17:10,24.9,22.2,78.0,7.7,90.8,0.034444,0.003444,0.031958,1.201335,0.038392,0.191747,0.230353
2026-06-21 17:20:00,17:20,24.1,23.0,28.0,5.9,90.7,0.010467,0.001047,0.020565,1.177037,0.024206,0.123392,0.145237
2026-06-21 17:30:00,17:30,23.5,24.3,15.0,6.7,90.8,0.004265,0.000427,0.020596,1.180901,0.024322,0.123577,0.145932
2026-06-21 17:40:00,17:40,22.8,25.3,11.0,7.5,90.7,0.002371,0.000237,0.021553,1.186021,0.025562,0.129316,0.153371
2026-06-21 17:50:00,17:50,21.4,31.2,3.0,6.7,90.8,-0.001318,-0.000659,0.016772,1.151994,0.019321,0.100629,0.115924
2026-06-21 18:00:00,18:00,20.6,30.9,1.0,7.1,90.7,-0.002294,-0.001147,0.017268,1.157906,0.019994,0.103605,0.119965
2026-06-21 18:10:00,18:10,20.5,29.9,0.0,6.7,90.7,-0.016797,-0.008398,0.014725,1.15744,0.017043,0.08835,0.10226
2026-06-21 18:20:00,18:20,20.6,29.7,0.0,7.6,90.7,-0.016822,-0.008411,0.01683,1.168751,0.01967,0.100978,0.118018
2026-06-21 18:30:00,18:30,19.9,31.2,0.0,8.4,90.7,-0.016635,-0.008318,0.017832,1.171777,0.020896,0.106994,0.125373
2026-06-21 18:40:00,18:40,18.9,33.4,0.0,5.9,90.8,-0.016383,-0.008191,0.011713,1.133468,0.013277,0.070279,0.079659
2026-06-21 18:50:00,18:50,18.4,33.2,0.0,6.0,90.7,-0.016434,-0.008217,0.011794,1.13547,0.013392,0.070766,0.080352
2026-06-21 19:00:00,19:00,18.4,33.2,0.0,4.9,90.7,-0.016434,-0.008217,0.009449,1.122669,0.010608,0.056693,0.063647
2026-06-21 19:10:00,19:10,18.2,33.7,0.0,4.5,90.7,-0.016379,-0.008189,0.008455,1.115919,0.009435,0.050729,0.056609
2026-06-21 19:20:00,19:20,18.3,32.4,0.0,5.0,90.7,-0.016543,-0.008272,0.009767,1.127184,0.01101,0.058605,0.066058
2026-06-21 19:30:00,19:30,18.4,32.6,0.0,5.3,90.7,-0.016513,-0.008256,0.010414,1.129837,0.011766,0.062485,0.070598
2026-06-21 19:40:00,19:40,18.3,32.9,0.0,3.6,90.7,-0.016478,-0.008239,0.006565,1.108798,0.007279,0.039387,0.043672
2026-06-21 19:50:00,19:50,18.1,32.1,0.0,5.9,90.7,-0.01659,-0.008295,0.011696,1.138914,0.013321,0.070179,0.079928
2026-06-21 20:00:00,20:00,18.4,32.3,0.0,4.7,90.7,-0.016552,-0.008276,0.009146,1.124112,0.010282,0.054879,0.06169
2026-06-21 20:10:00,20:10,18.3,31.4,0.0,6.6,90.7,-0.016676,-0.008338,0.013374,1.149993,0.01538,0.080243,0.092279
2026-06-21 20:20:00,20:20,17.9,33.9,0.0,3.4,90.8,-0.016367,-0.008183,0.005941,1.102281,0.006548,0.035643,0.039289
2026-06-21 20:30:00,20:30,17.6,33.2,0.0,5.1,90.7,-0.016467,-0.008234,0.009671,1.124996,0.01088,0.058029,0.065282
2026-06-21 20:50:00,20:50,17.7,33.8,0.0,4.4,90.7,-0.016388,-0.008194,0.008112,1.114337,0.00904,0.048674,0.054239
2026-06-21 21:00:00,21:00,17.9,34.8,0.0,1.8,90.8,-0.016254,-0.008127,0.002172,1.079891,0.002345,0.013032,0.014073
2026-06-21 21:10:00,21:10,17.6,36.6,0.0,5.0,90.9,-0.01605,-0.008025,0.008942,1.109589,0.009922,0.053654,0.059533
2026-06-21 21:30:00,21:30,17.5,37.7,0.0,4.9,90.9,-0.015925,-0.007963,0.008546,1.103817,0.009434,0.051279,0.056603
2026-06-21 21:40:00,21:40,18.3,36.3,0.0,16.8,90.9,-0.016045,-0.008022,0.029079,1.248162,0.036295,0.174475,0.217773
2026-06-21 21:50:00,21:50,19.5,37.7,0.0,20.7,91.0,-0.015779,-0.00789,0.034747,1.287682,0.044743,0.20848,0.268456
2026-06-21 22:00:00,22:00,19.5,38.5,0.0,15.2,91.0,-0.015677,-0.007838,0.02685,1.220327,0.032766,0.1611,0.196595
2026-06-21 22:10:00,22:10,19.4,39.3,0.0,22.4,91.0,-0.015585,-0.007792,0.03576,1.300762,0.046515,0.21456,0.279092
2026-06-21 22:20:00,22:20,19.0,41.5,0.0,19.1,91.1,-0.015354,-0.007677,0.030166,1.253143,0.037803,0.180997,0.226816
2026-06-21 22:40:00,22:40,19.3,40.6,0.0,19.5,91.0,-0.015433,-0.007717,0.031419,1.261568,0.039637,0.188514,0.237823
2026-06-21 22:50:00,22:50,19.0,41.3,0.0,21.5,91.0,-0.015378,-0.007689,0.033086,1.28191,0.042413,0.198517,0.25448
2026-06-21 23:00:00,23:00,19.2,40.9,0.0,12.6,91.0,-0.015406,-0.007703,0.021756,1.180016,0.025673,0.130538,0.154037
2026-06-21 23:10:00,23:10,18.9,41.7,0.0,16.3,91.0,-0.01534,-0.00767,0.026416,1.219722,0.03222,0.158496,0.193321
2026-06-21 23:20:00,23:20,18.6,42.6,0.0,19.9,91.0,-0.015264,-0.007632,0.030112,1.257844,0.037877,0.180673,0.227259
2026-06-21 23:30:00,23:30,18.7,42.9,0.0,13.1,91.0,-0.015219,-0.00761,0.02139,1.177456,0.025186,0.128343,0.151118
2026-06-21 23:40:00,23:40,18.8,42.6,0.0,24.8,91.0,-0.015244,-0.007622,0.035604,1.314866,0.046815,0.213625,0.280888
2026-06-21 23:50:00,23:50,18.9,41.7,0.0,21.3,91.0,-0.01534,-0.00767,0.03252,1.277907,0.041558,0.19512,0.249346
2026-06-22 00:00:00,00:00,18.5,42.9,0.0,10.7,91.0,-0.01524,-0.00762,0.017754,1.149527,0.020409,0.106527,0.122455
2026-06-22 00:20:00,00:20,19.3,39.8,0.0,15.8,90.9,-0.015532,-0.007766,0.026935,1.221863,0.032911,0.161611,0.197466
2026-06-22 00:30:00,00:30,18.7,43.2,0.0,12.1,91.0,-0.015184,-0.007592,0.019843,1.164562,0.023109,0.119059,0.138651
2026-06-22 00:40:00,00:40,18.4,43.9,0.0,15.6,91.0,-0.015135,-0.007568,0.024109,1.202359,0.028988,0.144654,0.173926
2026-06-22 00:50:00,00:50,17.7,48.9,0.0,12.0,91.1,-0.014671,-0.007335,0.017103,1.139519,0.019489,0.102618,0.116935
2026-06-22 01:00:00,01:00,17.0,52.8,0.0,9.3,91.1,-0.014365,-0.007182,0.012137,1.091761,0.013251,0.072823,0.079505
2026-06-22 01:10:00,01:10,16.9,54.8,0.0,13.6,91.1,-0.014186,-0.007093,0.01633,1.133422,0.018509,0.09798,0.111053
2026-06-22 01:20:00,01:20,16.7,54.2,0.0,13.3,91.0,-0.014269,-0.007134,0.016129,1.132444,0.018265,0.096772,0.109589
2026-06-22 01:30:00,01:30,16.6,55.1,0.0,9.2,91.1,-0.014197,-0.007099,0.01123,1.080962,0.01214,0.067383,0.072838
2026-06-22 01:40:00,01:40,16.7,55.5,0.0,8.7,91.1,-0.014147,-0.007073,0.01056,1.073468,0.011336,0.063359,0.068014
2026-06-22 01:50:00,01:50,16.5,56.6,0.0,6.6,91.1,-0.014072,-0.007036,0.00766,1.044422,0.008,0.045961,0.048002
2026-06-22 02:00:00,02:00,16.3,57.8,0.0,6.6,91.1,-0.01399,-0.006995,0.007369,1.039394,0.007659,0.044215,0.045956
2026-06-22 02:10:00,02:10,16.0,59.4,0.0,2.8,91.1,-0.01389,-0.006945,0.002194,0.988471,0.002169,0.013164,0.013012
2026-06-22 02:20:00,02:20,15.8,60.0,0.0,2.3,91.1,-0.013866,-0.006933,0.001451,0.980139,0.001423,0.008709,0.008536
2026-06-22 02:30:00,02:30,15.6,61.0,0.0,7.8,91.1,-0.013808,-0.006904,0.007864,1.039953,0.008178,0.047185,0.049071
2026-06-22 02:40:00,02:40,15.6,61.5,0.0,5.3,91.1,-0.013766,-0.006883,0.005014,1.008766,0.005058,0.030083,0.030347
2026-06-22 02:50:00,02:50,15.6,61.7,0.0,2.1,91.1,-0.013749,-0.006875,0.00106,0.97069,0.001029,0.006361,0.006175
2026-06-22 03:00:00,03:00,15.6,62.6,0.0,0.8,91.1,-0.013673,-0.006837,0.0,0.951791,0.0,0.0,0.0
2026-06-22 03:10:00,03:10,15.6,61.3,0.0,4.1,91.1,-0.013783,-0.006891,0.003624,0.995639,0.003608,0.021743,0.021648
2026-06-22 03:20:00,03:20,15.4,62.2,0.0,4.4,91.1,-0.013736,-0.006868,0.003838,0.99536,0.00382,0.023027,0.02292
2026-06-22 03:30:00,03:30,15.2,63.3,0.0,4.6,91.1,-0.013673,-0.006837,0.003888,0.993079,0.003861,0.023329,0.023167
2026-06-22 03:40:00,03:40,15.1,64.8,0.0,6.6,91.1,-0.013566,-0.006783,0.005715,1.010069,0.005773,0.034291,0.034636
2026-06-22 03:50:00,03:50,15.2,65.2,0.0,5.6,91.1,-0.013519,-0.00676,0.004659,0.996756,0.004644,0.027955,0.027864
2026-06-22 04:00:00,04:00,15.1,66.3,0.0,5.0,91.2,-0.013446,-0.006723,0.003864,0.985166,0.003807,0.023186,0.022842
2026-06-22 04:10:00,04:10,15.0,68.1,0.0,8.9,91.2,-0.01332,-0.00666,0.007009,1.02301,0.00717,0.042053,0.043021
2026-06-22 04:20:00,04:20,15.0,68.7,0.0,11.2,91.2,-0.013274,-0.006637,0.008611,1.047261,0.009018,0.051665,0.054107
2026-06-22 04:30:00,04:30,15.1,69.3,0.0,9.5,91.2,-0.013211,-0.006605,0.00719,1.024965,0.00737,0.04314,0.044217
2026-06-22 04:40:00,04:40,15.2,70.0,0.0,10.7,91.2,-0.01314,-0.00657,0.007907,1.035996,0.008192,0.047444,0.049152
2026-06-22 04:50:00,04:50,15.1,70.7,0.0,10.1,91.2,-0.013103,-0.006551,0.007244,1.026082,0.007433,0.043465,0.044599
2026-06-22 05:00:00,05:00,15.1,70.9,0.0,10.0,91.2,-0.013087,-0.006544,0.007116,1.02408,0.007287,0.042693,0.043721
2026-06-22 05:10:00,05:10,14.8,72.2,0.0,10.0,91.2,-0.013039,-0.00652,0.006675,1.018634,0.0068,0.040051,0.040797
2026-06-22 05:30:00,05:30,14.2,75.5,0.0,9.0,91.2,-0.012899,-0.006449,0.005024,0.993172,0.004989,0.030142,0.029936
2026-06-22 05:40:00,05:40,13.5,76.8,2.0,7.6,91.2,-0.001194,-0.000597,0.005016,0.971434,0.004873,0.030097,0.029237
2026-06-22 05:50:00,05:50,12.7,77.9,3.0,12.3,91.2,-0.000723,-0.000361,0.00695,1.02152,0.0071,0.0417,0.042597
2026-06-22 06:00:00,06:00,12.1,79.9,4.0,10.0,91.2,-0.000237,-0.000118,0.0053,0.986376,0.005228,0.031803,0.031369
2026-06-22 06:10:00,06:10,11.9,80.4,4.0,11.6,91.2,-0.000236,-0.000118,0.005764,1.002901,0.005781,0.034584,0.034684
2026-06-22 06:20:00,06:20,11.7,82.3,3.0,10.6,91.2,-0.000702,-0.000351,0.004772,0.983304,0.004693,0.028634,0.028156
2026-06-22 06:30:00,06:30,11.5,82.7,8.0,8.7,91.2,0.001697,0.00017,0.004316,0.959518,0.004141,0.025894,0.024846
2026-06-22 06:40:00,06:40,11.4,83.7,7.0,11.8,91.2,0.001225,0.000122,0.004991,0.991403,0.004948,0.029946,0.029689
2026-06-22 06:50:00,06:50,11.3,84.1,7.0,6.7,91.2,0.001226,0.000123,0.003177,0.930379,0.002956,0.019063,0.017736
2026-06-22 07:00:00,07:00,11.4,84.6,16.0,0.9,91.2,0.005554,0.000555,0.00163,0.86079,0.001403,0.00978,0.008418
2026-06-22 07:10:00,07:10,11.5,85.8,19.0,2.7,91.2,0.007008,0.000701,0.002609,0.876709,0.002287,0.015652,0.013723
2026-06-22 07:20:00,07:20,11.5,84.8,25.0,6.3,91.2,0.009878,0.000988,0.004547,0.922792,0.004196,0.027282,0.025175
2026-06-22 07:30:00,07:30,11.6,83.4,32.0,6.6,91.2,0.013227,0.001323,0.005542,0.932148,0.005166,0.033254,0.030998
2026-06-22 07:40:00,07:40,11.6,82.5,33.0,11.9,91.2,0.013698,0.00137,0.007494,0.997594,0.007476,0.044964,0.044856
2026-06-22 07:50:00,07:50,11.5,84.0,37.0,4.8,91.3,0.01563,0.001563,0.005273,0.908688,0.004792,0.031641,0.028752
2026-06-22 08:00:00,08:00,11.5,84.1,43.0,5.7,91.3,0.018511,0.001851,0.006105,0.918742,0.005609,0.036631,0.033654
2026-06-22 08:10:00,08:10,11.4,83.5,48.0,6.7,91.3,0.020903,0.00209,0.006945,0.932892,0.006479,0.041667,0.038871
2026-06-22 08:20:00,08:20,11.4,83.8,47.0,6.1,91.3,0.020426,0.002043,0.006621,0.924653,0.006122,0.039725,0.036732
2026-06-22 08:30:00,08:30,11.4,85.0,57.0,1.2,91.3,0.025238,0.002524,0.005917,0.862605,0.005104,0.035503,0.030625
2026-06-22 08:40:00,08:40,11.5,85.8,65.0,1.4,91.3,0.029088,0.002909,0.006774,0.861581,0.005837,0.040645,0.035019
2026-06-22 08:50:00,08:50,11.7,86.9,67.0,1.8,91.3,0.030064,0.003006,0.007061,0.861627,0.006084,0.042365,0.036503
2026-06-22 09:00:00,09:00,11.6,86.3,63.0,0.0,91.3,0.028136,0.002814,0.00618,0.843194,0.005211,0.037082,0.031267
2026-06-22 09:10:00,09:10,11.6,86.4,50.0,3.6,91.4,0.021897,0.00219,0.00586,0.884669,0.005184,0.035159,0.031104
2026-06-22 09:20:00,09:20,11.7,86.5,45.0,5.2,91.4,0.0195,0.00195,0.00581,0.902869,0.005246,0.034861,0.031475
2026-06-22 09:30:00,09:30,11.5,86.7,65.0,3.3,91.4,0.029097,0.00291,0.007182,0.879921,0.00632,0.043093,0.037918
2026-06-22 09:40:00,09:40,11.5,87.6,60.0,7.0,91.4,0.026706,0.002671,0.00733,0.919207,0.006737,0.043977,0.040424
2026-06-22 09:50:00,09:50,11.4,87.6,72.0,5.6,91.4,0.032463,0.003246,0.008145,0.902916,0.007354,0.048868,0.044123
2026-06-22 10:00:00,10:00,11.5,88.5,79.0,5.7,91.4,0.035834,0.003583,0.008679,0.900309,0.007813,0.052071,0.04688
2026-06-22 10:10:00,10:10,11.7,89.5,70.0,10.5,91.4,0.03153,0.003153,0.008272,0.951977,0.007874,0.04963,0.047246
2026-06-22 10:20:00,10:20,11.6,89.5,77.0,7.2,91.4,0.034887,0.003489,0.008514,0.913575,0.007779,0.051086,0.046671
2026-06-22 10:30:00,10:30,11.4,89.1,66.0,6.0,91.4,0.029597,0.00296,0.007416,0.901286,0.006684,0.044495,0.040102
2026-06-22 10:40:00,10:40,11.5,89.5,53.0,7.9,91.4,0.023364,0.002336,0.006475,0.921721,0.005968,0.038849,0.035808
2026-06-22 10:50:00,10:50,11.1,89.5,73.0,8.3,91.4,0.032953,0.003295,0.008146,0.926376,0.007546,0.048873,0.045275
2026-06-22 11:00:00,11:00,11.2,90.3,71.0,8.2,91.4,0.032003,0.0032,0.007817,0.921861,0.007206,0.046903,0.043238
2026-06-22 11:10:00,11:10,11.2,90.5,79.0,10.9,91.4,0.035845,0.003585,0.008624,0.952443,0.008214,0.051746,0.049286
2026-06-22 11:20:00,11:20,11.2,90.4,75.0,8.6,91.4,0.033924,0.003392,0.008167,0.926096,0.007563,0.049002,0.04538
2026-06-22 11:30:00,11:30,11.2,90.7,64.0,7.7,91.5,0.028647,0.002865,0.007085,0.914366,0.006479,0.042512,0.038871
2026-06-22 11:40:00,11:40,11.3,90.6,76.0,6.9,91.4,0.034409,0.003441,0.008111,0.905476,0.007344,0.048666,0.044066
2026-06-22 11:50:00,11:50,11.2,90.1,84.0,9.7,91.4,0.038241,0.003824,0.009065,0.940154,0.008523,0.05439,0.051135
2026-06-22 12:00:00,12:00,11.3,90.1,94.0,8.0,91.4,0.043044,0.004304,0.009846,0.920371,0.009062,0.059075,0.054371
2026-06-22 12:10:00,12:10,11.6,90.3,105.0,6.0,91.5,0.048335,0.004833,0.010795,0.896259,0.009675,0.064769,0.058049
2026-06-22 12:20:00,12:20,11.5,89.7,112.0,4.3,91.5,0.051686,0.005169,0.011452,0.87899,0.010066,0.06871,0.060395
2026-06-22 12:30:00,12:30,11.4,89.2,126.0,8.6,91.5,0.058398,0.00584,0.01283,0.931124,0.011946,0.076979,0.071677
2026-06-22 12:40:00,12:40,11.5,88.8,148.0,10.0,91.4,0.068957,0.006896,0.014811,0.949091,0.014057,0.088868,0.084343
2026-06-22 12:50:00,12:50,11.5,88.4,166.0,12.3,91.4,0.077593,0.007759,0.016304,0.977532,0.015937,0.097822,0.095625
2026-06-22 13:00:00,13:00,11.6,88.4,160.0,9.1,91.4,0.074716,0.007472,0.015992,0.940294,0.015037,0.095951,0.090222
2026-06-22 13:10:00,13:10,11.7,88.8,167.0,7.2,91.4,0.078083,0.007808,0.016653,0.916508,0.015263,0.099919,0.091576
2026-06-22 13:20:00,13:20,11.8,88.5,200.0,3.6,91.4,0.093923,0.009392,0.020162,0.875871,0.017659,0.12097,0.105954
2026-06-22 13:30:00,13:30,12.0,88.3,270.0,5.3,91.4,0.127526,0.012753,0.026605,0.896492,0.023851,0.159631,0.143108
2026-06-22 13:40:00,13:40,12.3,87.1,302.0,6.4,91.4,0.142076,0.014208,0.029538,0.91432,0.027007,0.177225,0.162041
2026-06-22 13:50:00,13:50,12.5,85.8,352.0,9.0,91.4,0.162937,0.016294,0.033109,0.950022,0.031454,0.198653,0.188725
2026-06-22 14:00:00,14:00,12.7,84.7,331.0,7.6,91.4,0.15382,0.015382,0.032266,0.938339,0.030277,0.193597,0.181659
2026-06-22 14:10:00,14:10,12.6,83.8,198.0,5.1,91.4,0.092938,0.009294,0.020922,0.913016,0.019102,0.125529,0.11461
2026-06-22 14:20:00,14:20,12.5,82.7,161.0,4.4,91.4,0.075163,0.007516,0.017433,0.909479,0.015855,0.104595,0.095127
2026-06-22 14:30:00,14:30,12.5,81.7,197.0,6.6,91.3,0.092433,0.009243,0.021185,0.93927,0.019898,0.127109,0.11939
2026-06-22 14:40:00,14:40,12.5,80.6,138.0,6.7,91.4,0.064101,0.00641,0.015987,0.945042,0.015108,0.095922,0.090651
2026-06-22 14:50:00,14:50,12.7,80.6,64.0,4.1,91.4,0.028586,0.002859,0.00827,0.914785,0.007565,0.049618,0.04539
2026-06-22 15:00:00,15:00,12.6,80.5,73.0,9.2,91.4,0.032903,0.00329,0.01089,0.974553,0.010613,0.065339,0.063676
2026-06-22 15:10:00,15:10,12.5,80.1,92.0,3.3,91.4,0.042016,0.004202,0.010722,0.90757,0.009731,0.064333,0.058387
2026-06-22 15:20:00,15:20,12.5,81.5,98.0,3.1,91.4,0.044911,0.004491,0.011113,0.899378,0.009995,0.066681,0.059971
2026-06-22 15:30:00,15:30,12.5,81.7,96.0,3.5,91.4,0.043953,0.004395,0.011019,0.903195,0.009952,0.066113,0.059713
2026-06-22 15:40:00,15:40,12.3,83.5,94.0,2.5,91.4,0.043006,0.004301,0.010311,0.884017,0.009115,0.061866,0.054691
2026-06-22 15:50:00,15:50,12.2,85.0,104.0,4.1,91.4,0.047819,0.004782,0.011476,0.896352,0.010287,0.068858,0.061721
2026-06-22 16:00:00,16:00,12.2,86.0,76.0,4.6,91.4,0.034389,0.003439,0.008761,0.897981,0.007867,0.052567,0.047204
2026-06-22 16:10:00,16:10,12.0,86.5,25.0,2.3,91.5,0.009908,0.000991,0.003047,0.869122,0.002649,0.018284,0.015891
2026-06-22 16:30:00,16:30,11.8,84.6,48.0,5.8,91.5,0.020924,0.002092,0.006568,0.917811,0.006028,0.039409,0.03617
2026-06-22 16:40:00,16:40,11.6,81.9,43.0,5.1,91.5,0.018492,0.001849,0.006254,0.920976,0.00576,0.037527,0.034561
2026-06-22 16:50:00,16:50,11.4,82.4,25.0,4.6,91.5,0.009852,0.000985,0.004282,0.913063,0.003909,0.02569,0.023456
2026-06-22 17:00:00,17:00,11.3,82.2,24.0,6.9,91.5,0.009367,0.000937,0.005112,0.940666,0.004808,0.03067,0.028851
2026-06-22 17:10:00,17:10,11.2,81.5,18.0,2.0,91.5,0.006478,0.000648,0.002483,0.886577,0.002201,0.014897,0.013207
2026-06-22 17:20:00,17:20,11.2,81.1,17.0,2.5,91.5,0.005994,0.000599,0.002666,0.894071,0.002384,0.015999,0.014304
2026-06-22 17:30:00,17:30,11.1,80.7,8.0,3.5,91.5,0.001668,0.000167,0.00234,0.907384,0.002123,0.014041,0.01274
2026-06-22 17:40:00,17:40,11.1,79.8,4.0,3.0,91.5,-0.000261,-0.000131,0.001797,0.905336,0.001627,0.010781,0.00976
2026-06-22 17:50:00,17:50,11.0,82.0,1.0,4.3,91.5,-0.001682,-0.000841,0.00207,0.911248,0.001886,0.01242,0.011317
2026-06-22 18:00:00,18:00,11.1,81.1,0.0,1.8,91.5,-0.01301,-0.006505,0.0,0.885926,0.0,0.0,0.0
2026-06-22 18:10:00,18:10,10.9,78.1,0.0,5.3,91.5,-0.013216,-0.006608,0.0019,0.939223,0.001785,0.011402,0.010709
2026-06-22 18:20:00,18:20,10.7,78.5,0.0,5.6,91.5,-0.013217,-0.006608,0.001994,0.941038,0.001876,0.011963,0.011257
2026-06-22 18:50:00,18:50,10.6,77.8,0.0,6.7,91.5,-0.013271,-0.006635,0.002698,0.956772,0.002581,0.016186,0.015487
2026-06-22 19:00:00,19:00,10.6,78.7,0.0,3.9,91.6,-0.013218,-0.006609,0.000991,0.920418,0.000912,0.005945,0.005472
2026-06-22 19:10:00,19:10,10.5,78.9,0.0,5.3,91.6,-0.013218,-0.006609,0.001757,0.935872,0.001644,0.01054,0.009864
2026-06-22 19:20:00,19:20,10.4,80.5,0.0,2.8,91.6,-0.013137,-0.006569,0.000176,0.900076,0.000158,0.001056,0.00095
2026-06-22 19:30:00,19:30,10.4,82.8,0.0,3.7,91.6,-0.013005,-0.006503,0.000448,0.900914,0.000404,0.002688,0.002422
2026-06-22 19:40:00,19:40,10.3,81.4,0.0,4.0,91.6,-0.013098,-0.006549,0.000741,0.91027,0.000675,0.004446,0.004047
2026-06-22 19:50:00,19:50,10.3,81.3,0.0,5.1,91.6,-0.013104,-0.006552,0.001305,0.92349,0.001205,0.007831,0.007232
2026-06-22 20:00:00,20:00,10.3,81.4,0.0,1.6,91.6,-0.013098,-0.006549,0.0,0.882341,0.0,0.0,0.0
2026-06-22 20:10:00,20:10,10.4,81.1,0.0,5.5,91.6,-0.013103,-0.006551,0.001535,0.928982,0.001426,0.009211,0.008557
2026-06-22 20:20:00,20:20,10.4,80.2,0.0,3.1,91.6,-0.013155,-0.006577,0.000372,0.904824,0.000337,0.002233,0.002021
2026-06-22 20:30:00,20:30,10.3,80.5,0.0,3.7,91.7,-0.01315,-0.006575,0.000678,0.910549,0.000617,0.004069,0.003705
2026-06-22 20:40:00,20:40,10.3,81.3,0.0,4.7,91.7,-0.013104,-0.006552,0.00111,0.918835,0.001019,0.006657,0.006117
2026-06-22 20:50:00,20:50,10.2,83.0,0.0,5.8,91.7,-0.01302,-0.00651,0.001377,0.924514,0.001273,0.008262,0.007638
2026-06-22 21:00:00,21:00,10.2,82.0,0.0,8.9,91.6,-0.013077,-0.006538,0.002839,0.964778,0.002739,0.017033,0.016433
2026-06-22 21:10:00,21:10,10.2,79.6,0.0,8.1,91.6,-0.013214,-0.006607,0.003008,0.965523,0.002904,0.018049,0.017427
2026-06-22 21:20:00,21:20,10.2,79.8,0.0,7.0,91.7,-0.013202,-0.006601,0.002457,0.951884,0.002339,0.014742,0.014033
2026-06-22 21:30:00,21:30,10.1,79.5,0.0,4.4,91.7,-0.013232,-0.006616,0.001161,0.922885,0.001071,0.006966,0.006429
2026-06-22 21:40:00,21:40,10.1,79.3,0.0,5.5,91.6,-0.013243,-0.006622,0.001775,0.936523,0.001662,0.010651,0.009975
2026-06-22 21:50:00,21:50,10.1,78.7,0.0,4.2,91.6,-0.013278,-0.006639,0.001139,0.923909,0.001052,0.006834,0.006314
2026-06-22 22:00:00,22:00,10.1,79.1,0.0,4.5,91.6,-0.013255,-0.006627,0.001262,0.925724,0.001168,0.007571,0.007008
2026-06-22 22:10:00,22:10,9.9,79.5,0.0,5.1,91.6,-0.013255,-0.006628,0.001522,0.931031,0.001417,0.009134,0.008504
2026-06-22 22:20:00,22:20,10.0,78.9,0.0,2.8,91.7,-0.013278,-0.006639,0.000289,0.906779,0.000262,0.001733,0.001571
2026-06-22 22:30:00,22:30,9.9,78.9,0.0,2.5,91.6,-0.013289,-0.006645,0.0001,0.903288,9.1e-05,0.000602,0.000544
2026-06-22 22:40:00,22:40,9.9,78.8,0.0,4.2,91.6,-0.013295,-0.006647,0.001116,0.92349,0.001031,0.006699,0.006186
2026-06-22 22:50:00,22:50,9.9,78.6,0.0,3.1,91.6,-0.013306,-0.006653,0.00049,0.911527,0.000447,0.002942,0.002681
2026-06-22 23:00:00,23:00,9.8,78.4,0.0,5.0,91.6,-0.013329,-0.006664,0.001608,0.934475,0.001502,0.009645,0.009013
2026-06-22 23:10:00,23:10,9.8,78.0,0.0,1.0,91.6,-0.013352,-0.006676,0.0,0.889603,0.0,0.0,0.0
2026-06-22 23:20:00,23:20,9.9,77.6,0.0,2.7,91.6,-0.013364,-0.006682,0.000318,0.911061,0.00029,0.001907,0.001737
2026-06-22 23:30:00,23:30,10.1,77.7,0.0,4.7,91.6,-0.013335,-0.006668,0.001548,0.933917,0.001446,0.009288,0.008675
2026-06-22 23:40:00,23:40,10.0,79.4,0.0,4.7,91.6,-0.013249,-0.006625,0.001328,0.926795,0.001231,0.007971,0.007387
2026-06-22 23:50:00,23:50,10.0,80.2,0.0,5.5,91.6,-0.013203,-0.006602,0.001637,0.932753,0.001527,0.009823,0.009162
2026-06-23 00:00:00,00:00,10.0,81.0,0.0,4.3,91.6,-0.013158,-0.006579,0.000926,0.915437,0.000847,0.005554,0.005084
2026-06-23 00:20:00,00:20,10.0,78.6,0.0,2.7,91.6,-0.013295,-0.006647,0.000248,0.906872,0.000225,0.001487,0.001348
2026-06-23 00:30:00,00:30,10.0,77.6,0.0,6.0,91.6,-0.013353,-0.006676,0.002291,0.949464,0.002175,0.013745,0.013051
2026-06-23 00:50:00,00:50,9.9,76.8,0.0,5.7,91.6,-0.01341,-0.006705,0.002235,0.949324,0.002122,0.013409,0.012729
2026-06-23 01:00:00,01:00,10.0,75.6,0.0,2.6,91.6,-0.013469,-0.006734,0.000396,0.918276,0.000364,0.002376,0.002182
2026-06-23 01:10:00,01:10,9.9,74.9,0.0,2.8,91.6,-0.01352,-0.00676,0.000586,0.923536,0.000541,0.003516,0.003247
2026-06-23 01:20:00,01:20,9.9,75.4,0.0,1.6,91.6,-0.013491,-0.006746,0.0,0.907477,0.0,0.0,0.0
2026-06-23 01:30:00,01:30,9.8,76.1,0.0,4.0,91.6,-0.013461,-0.006731,0.001285,0.932474,0.001199,0.007712,0.007191
2026-06-23 01:40:00,01:40,10.0,74.9,0.0,4.2,91.6,-0.01351,-0.006755,0.001561,0.939828,0.001467,0.009364,0.008801
2026-06-23 01:50:00,01:50,10.0,74.4,0.0,3.5,91.6,-0.01354,-0.00677,0.001131,0.933777,0.001056,0.006787,0.006337
2026-06-23 02:00:00,02:00,9.9,75.7,0.0,5.8,91.6,-0.013474,-0.006737,0.002458,0.955096,0.002348,0.014749,0.014087
2026-06-23 02:10:00,02:10,10.0,74.9,0.0,4.1,91.5,-0.01351,-0.006755,0.001491,0.938664,0.0014,0.008948,0.008399
2026-06-23 02:20:00,02:20,9.9,75.2,0.0,3.1,91.5,-0.013503,-0.006751,0.000772,0.925771,0.000715,0.004633,0.004289
2026-06-23 02:30:00,02:30,10.0,74.9,0.0,3.5,91.5,-0.01351,-0.006755,0.001082,0.931682,0.001008,0.00649,0.006047
2026-06-23 02:40:00,02:40,10.1,74.1,0.0,5.9,91.5,-0.013547,-0.006773,0.002782,0.962963,0.002679,0.016694,0.016076
2026-06-23 02:50:00,02:50,10.2,72.9,0.0,6.8,91.5,-0.013609,-0.006804,0.003566,0.978463,0.003489,0.021396,0.020935
2026-06-23 03:00:00,03:00,10.3,71.9,0.0,4.5,91.5,-0.013659,-0.00683,0.002143,0.955887,0.002049,0.012859,0.012292
2026-06-23 03:10:00,03:10,10.3,71.4,0.0,9.4,91.5,-0.01369,-0.006845,0.005496,1.015003,0.005579,0.032979,0.033474
2026-06-23 03:20:00,03:20,10.2,71.7,0.0,7.7,91.5,-0.013681,-0.006841,0.004363,0.993964,0.004336,0.026176,0.026018
2026-06-23 03:30:00,03:30,10.2,71.4,0.0,5.7,91.6,-0.013699,-0.00685,0.003073,0.971946,0.002987,0.01844,0.017922
2026-06-23 03:40:00,03:40,10.3,71.4,0.0,5.9,91.6,-0.01369,-0.006845,0.003227,0.974274,0.003144,0.019362,0.018864
2026-06-23 03:50:00,03:50,10.2,71.7,0.0,5.8,91.6,-0.013681,-0.006841,0.003098,0.971853,0.003011,0.01859,0.018066
2026-06-23 04:00:00,04:00,10.2,70.7,0.0,3.8,91.6,-0.013742,-0.006871,0.001734,0.952769,0.001652,0.010402,0.009911
2026-06-23 04:10:00,04:10,10.2,71.0,0.0,5.3,91.6,-0.013724,-0.006862,0.002843,0.968967,0.002755,0.017059,0.01653
2026-06-23 04:20:00,04:20,10.2,71.7,0.0,3.3,91.6,-0.013681,-0.006841,0.001241,0.942761,0.00117,0.007444,0.007018
2026-06-23 04:30:00,04:30,10.0,72.6,0.0,3.4,91.6,-0.013646,-0.006823,0.001225,0.940154,0.001152,0.007351,0.006911
2026-06-23 04:40:00,04:40,9.9,73.3,0.0,4.5,91.6,-0.013615,-0.006807,0.001944,0.950022,0.001846,0.011662,0.011079
2026-06-23 04:50:00,04:50,9.7,75.3,0.0,4.5,91.6,-0.013518,-0.006759,0.00169,0.941644,0.001591,0.010138,0.009546
2026-06-23 05:00:00,05:00,9.6,76.1,0.0,4.4,91.6,-0.013482,-0.006741,0.001525,0.937128,0.001429,0.009152,0.008576
2026-06-23 05:10:00,05:10,9.6,76.4,0.0,4.5,91.6,-0.013465,-0.006732,0.001552,0.937035,0.001454,0.009312,0.008725
2026-06-23 05:20:00,05:20,9.6,76.8,1.0,6.0,91.7,-0.00176,-0.00088,0.003534,0.952815,0.003367,0.021206,0.020205
2026-06-23 05:30:00,05:30,9.6,76.7,4.0,3.3,91.7,-0.000321,-0.000161,0.00216,0.921814,0.001991,0.012958,0.011945
2026-06-23 05:40:00,05:40,9.5,77.7,11.0,1.3,91.7,0.003046,0.000305,0.001482,0.894351,0.001325,0.008891,0.007951
2026-06-23 05:50:00,05:50,9.4,78.5,21.0,5.2,91.7,0.007852,0.000785,0.004435,0.936384,0.004153,0.02661,0.024917
2026-06-23 06:00:00,06:00,9.5,78.9,25.0,0.4,91.7,0.009778,0.000978,0.002273,0.87885,0.001998,0.013639,0.011986
2026-06-23 06:10:00,06:10,9.5,79.1,29.0,5.0,91.7,0.0117,0.00117,0.004974,0.931543,0.004633,0.029842,0.027799
2026-06-23 06:20:00,06:20,9.6,78.9,43.0,3.0,91.7,0.01842,0.001842,0.005361,0.909106,0.004874,0.032166,0.029243
2026-06-23 06:30:00,06:30,9.6,80.1,55.0,2.9,91.7,0.024191,0.002419,0.006326,0.902916,0.005712,0.037959,0.034273
2026-06-23 06:40:00,06:40,9.7,80.9,69.0,2.6,91.8,0.03092,0.003092,0.00747,0.896073,0.006694,0.044819,0.040161
2026-06-23 06:50:00,06:50,9.8,81.3,92.0,2.4,91.8,0.041828,0.004183,0.009532,0.89207,0.008503,0.057192,0.051019
2026-06-23 07:00:00,07:00,10.0,81.1,103.0,3.1,91.8,0.046937,0.004694,0.010799,0.901054,0.00973,0.064794,0.058383
2026-06-23 07:10:00,07:10,10.2,79.0,73.0,5.2,91.8,0.032832,0.003283,0.009098,0.934289,0.0085,0.054586,0.050999
2026-06-23 07:20:00,07:20,10.1,78.6,80.0,11.7,91.8,0.036186,0.003619,0.011714,1.011605,0.01185,0.070286,0.071102
2026-06-23 07:30:00,07:30,10.2,78.5,95.0,4.5,91.8,0.043387,0.004339,0.01089,0.928238,0.010109,0.065341,0.060652
2026-06-23 07:40:00,07:40,10.2,80.7,142.0,6.1,91.8,0.065731,0.006573,0.01508,0.93764,0.01414,0.090481,0.084839
2026-06-23 07:50:00,07:50,10.3,79.8,127.0,4.6,91.8,0.058762,0.005876,0.013679,0.923955,0.012639,0.082076,0.075834
2026-06-23 08:00:00,08:00,10.6,80.7,131.0,7.2,91.8,0.060697,0.00607,0.014549,0.950441,0.013828,0.087292,0.082966
2026-06-23 08:10:00,08:10,10.5,82.3,109.0,4.0,91.8,0.05015,0.005015,0.011675,0.9065,0.010583,0.070049,0.063499
2026-06-23 08:20:00,08:20,10.6,81.1,150.0,6.5,91.8,0.069821,0.006982,0.016003,0.940619,0.015053,0.096017,0.090316
2026-06-23 08:30:00,08:30,10.8,81.5,175.0,5.3,91.8,0.081829,0.008183,0.018118,0.924979,0.016759,0.108711,0.100555
2026-06-23 08:40:00,08:40,11.0,79.5,226.0,4.2,91.8,0.10342,0.010342,0.022552,0.920557,0.020761,0.135313,0.124564
2026-06-23 08:50:00,08:50,11.7,76.9,281.0,3.2,91.8,0.125853,0.012585,0.027728,0.919812,0.025505,0.166369,0.153028
2026-06-23 09:00:00,09:00,12.1,75.4,324.0,4.1,91.8,0.143794,0.014379,0.031825,0.93657,0.029807,0.190952,0.17884
2026-06-23 09:10:00,09:10,12.2,75.1,287.0,4.0,91.8,0.129987,0.012999,0.029172,0.936663,0.027324,0.175031,0.163945
2026-06-23 09:20:00,09:20,12.0,75.8,188.0,7.2,91.9,0.088038,0.008804,0.02125,0.970969,0.020633,0.127499,0.123798
2026-06-23 09:30:00,09:30,11.8,74.6,174.0,6.3,91.8,0.0813,0.00813,0.019889,0.965523,0.019203,0.119333,0.115218
2026-06-23 09:40:00,09:40,11.8,75.4,166.0,6.4,91.9,0.077469,0.007747,0.019044,0.963335,0.018346,0.114265,0.110075
2026-06-23 09:50:00,09:50,11.7,76.6,182.0,7.9,91.9,0.085159,0.008516,0.020504,0.975763,0.020007,0.123025,0.120043
2026-06-23 10:00:00,10:00,11.6,76.3,176.0,7.0,91.9,0.082274,0.008227,0.019797,0.966547,0.019135,0.118782,0.114809
2026-06-23 10:10:00,10:10,11.7,75.8,138.0,5.2,91.9,0.064031,0.006403,0.016012,0.947695,0.015175,0.096074,0.091048
2026-06-23 10:20:00,10:20,11.6,76.4,196.0,5.5,91.9,0.091875,0.009188,0.021283,0.948672,0.02019,0.127696,0.121142
2026-06-23 10:30:00,10:30,12.0,74.8,330.0,5.7,91.9,0.152166,0.015217,0.033412,0.957703,0.031999,0.200471,0.191991
2026-06-23 10:40:00,10:40,12.2,71.1,255.0,9.7,91.8,0.120151,0.012015,0.028793,1.019751,0.029362,0.172758,0.17617
2026-06-23 10:50:00,10:50,12.1,68.4,199.0,6.8,91.8,0.093238,0.009324,0.023645,0.997315,0.023581,0.141868,0.141487
2026-06-23 11:00:00,11:00,12.3,70.0,237.0,6.2,91.9,0.1115,0.01115,0.026757,0.98363,0.026319,0.160545,0.157917
2026-06-23 11:10:00,11:10,12.4,68.1,199.0,2.8,91.9,0.093241,0.009324,0.022208,0.952024,0.021142,0.133247,0.126854
2026-06-23 11:20:00,11:20,12.5,66.7,184.0,2.9,91.9,0.086026,0.008603,0.020939,0.959052,0.020082,0.125637,0.120492
2026-06-23 11:30:00,11:30,12.6,64.3,201.0,3.8,91.9,0.09416,0.009416,0.023418,0.97958,0.02294,0.140509,0.13764
2026-06-23 11:40:00,11:40,12.7,68.3,263.0,4.6,91.9,0.123969,0.012397,0.029341,0.972132,0.028523,0.176044,0.171138
2026-06-23 11:50:00,11:50,12.7,68.6,255.0,11.1,91.9,0.120132,0.012013,0.030217,1.046516,0.031622,0.1813,0.189734
2026-06-23 12:00:00,12:00,12.7,69.7,236.0,7.2,91.9,0.111025,0.011103,0.027308,0.996524,0.027213,0.16385,0.16328
2026-06-23 12:10:00,12:10,12.8,70.0,249.0,2.9,91.9,0.117271,0.011727,0.027341,0.945228,0.025844,0.164048,0.155062
2026-06-23 12:20:00,12:20,12.9,68.1,383.0,5.0,91.9,0.176456,0.017646,0.040142,0.977625,0.039243,0.24085,0.235461
2026-06-23 12:30:00,12:30,13.2,68.1,408.0,7.3,91.9,0.186976,0.018698,0.042625,1.00439,0.042812,0.25575,0.256873
2026-06-23 12:40:00,12:40,13.3,67.3,410.0,6.6,91.9,0.187763,0.018776,0.043041,0.999596,0.043023,0.258244,0.25814
2026-06-23 12:50:00,12:50,13.3,67.6,331.0,4.0,91.9,0.154606,0.015461,0.036044,0.968083,0.034893,0.216262,0.209359
2026-06-23 13:00:00,13:00,13.2,68.2,277.0,6.0,91.9,0.130698,0.01307,0.031491,0.988843,0.03114,0.188948,0.18684
2026-06-23 13:10:00,13:10,13.1,68.3,328.0,6.4,91.8,0.153173,0.015317,0.035879,0.993079,0.035631,0.215275,0.213785
2026-06-23 13:20:00,13:20,13.7,65.3,472.0,6.3,91.8,0.213129,0.021313,0.04893,1.004483,0.049149,0.293581,0.294897
2026-06-23 13:30:00,13:30,14.4,64.3,523.0,8.5,91.9,0.234175,0.023418,0.054189,1.034274,0.056046,0.325135,0.336278
2026-06-23 13:40:00,13:40,14.5,63.9,318.0,7.0,91.9,0.14845,0.014845,0.037365,1.018494,0.038056,0.224189,0.228335
2026-06-23 14:00:00,14:00,14.9,64.3,455.0,8.0,91.9,0.204882,0.020488,0.049157,1.028456,0.050556,0.294942,0.303335
2026-06-23 14:10:00,14:10,14.3,64.3,238.0,12.2,91.8,0.111954,0.011195,0.032008,1.077331,0.034484,0.19205,0.206901
2026-06-23 14:20:00,14:20,14.2,65.0,276.0,4.7,91.8,0.129972,0.012997,0.032294,0.987121,0.031878,0.193765,0.19127
2026-06-23 14:30:00,14:30,14.4,67.3,333.0,8.3,91.8,0.153216,0.015322,0.037773,1.019379,0.038505,0.22664,0.231032
2026-06-23 14:40:00,14:40,14.1,64.1,270.0,6.5,91.8,0.126783,0.012678,0.032447,1.011838,0.032831,0.194684,0.196989
2026-06-23 14:50:00,14:50,14.0,66.9,231.0,5.8,91.8,0.10862,0.010862,0.027898,0.991962,0.027674,0.167387,0.166042
2026-06-23 15:00:00,15:00,14.1,67.0,260.0,7.8,91.8,0.121895,0.012189,0.031341,1.014817,0.031805,0.188045,0.190831
2026-06-23 15:10:00,15:10,14.2,66.4,285.0,8.0,91.8,0.131557,0.013156,0.033513,1.019658,0.034172,0.201079,0.205032
2026-06-23 15:20:00,15:20,14.2,65.9,315.0,9.9,91.8,0.143069,0.014307,0.036373,1.043863,0.037968,0.218237,0.227809
2026-06-23 15:30:00,15:30,14.5,65.2,338.0,7.2,91.8,0.151572,0.015157,0.037776,1.015376,0.038357,0.226658,0.230143
2026-06-23 15:40:00,15:40,14.2,67.8,183.0,11.0,91.8,0.085596,0.00856,0.025555,1.048704,0.0268,0.153332,0.1608
2026-06-23 15:50:00,15:50,13.8,67.6,211.0,10.7,91.8,0.099024,0.009902,0.027627,1.046051,0.0289,0.165764,0.173398
2026-06-23 16:00:00,16:00,13.9,68.2,203.0,8.6,91.8,0.095194,0.009519,0.026046,1.019099,0.026543,0.156275,0.159259
2026-06-23 16:10:00,16:10,13.6,66.2,151.0,11.9,91.8,0.070203,0.00702,0.02323,1.06588,0.02476,0.139378,0.14856
2026-06-23 16:20:00,16:20,13.5,66.5,126.0,8.7,91.8,0.058204,0.00582,0.019263,1.027385,0.019791,0.115578,0.118743
2026-06-23 16:30:00,16:30,13.1,66.1,59.0,11.2,91.8,0.026031,0.002603,0.014782,1.058153,0.015641,0.08869,0.093847
2026-06-23 16:40:00,16:40,12.9,67.1,37.0,9.0,91.7,0.015479,0.001548,0.01109,1.028363,0.011405,0.066541,0.068428
2026-06-23 16:50:00,16:50,12.7,68.6,44.0,8.0,91.7,0.018852,0.001885,0.010614,1.010442,0.010725,0.063685,0.06435
2026-06-23 17:00:00,17:00,12.8,68.5,60.0,9.1,91.8,0.026533,0.002653,0.01279,1.023661,0.013092,0.076737,0.078553
2026-06-23 17:10:00,17:10,12.9,69.1,37.0,9.3,91.8,0.015502,0.00155,0.010787,1.023475,0.01104,0.064719,0.066238
2026-06-23 17:40:00,17:40,12.3,71.8,13.0,6.3,91.7,0.004,0.0004,0.005911,0.977253,0.005777,0.035466,0.034659
2026-06-23 18:00:00,18:00,12.0,74.8,2.0,5.2,91.7,-0.001253,-0.000627,0.00372,0.951884,0.003541,0.022318,0.021244
2026-06-23 18:20:00,18:20,11.6,77.8,0.0,3.5,91.7,-0.013142,-0.006571,0.000888,0.919533,0.000816,0.005326,0.004897
2026-06-23 18:40:00,18:40,11.2,79.8,0.0,2.0,91.7,-0.013074,-0.006537,0.0,0.893699,0.0,0.0,0.0
2026-06-23 19:00:00,19:00,10.9,81.4,0.0,1.0,91.7,-0.013019,-0.00651,0.0,0.875359,0.0,0.0,0.0
2026-06-23 19:20:00,19:20,10.6,82.5,0.0,0.5,91.7,-0.012996,-0.006498,0.0,0.864932,0.0,0.0,0.0
2026-06-23 19:40:00,19:40,10.4,83.2,0.0,2.0,91.7,-0.012982,-0.006491,0.0,0.879455,0.0,0.0,0.0
2026-06-23 20:00:00,20:00,10.4,84.3,0.0,2.4,91.7,-0.01292,-0.00646,0.0,0.879502,0.0,0.0,0.0
2026-06-23 20:20:00,20:20,10.4,85.0,0.0,3.1,91.7,-0.01288,-0.00644,0.0,0.884715,0.0,0.0,0.0
2026-06-23 20:40:00,20:40,10.2,86.0,0.0,2.9,91.7,-0.012852,-0.006426,0.0,0.878199,0.0,0.0,0.0
2026-06-23 21:00:00,21:00,10.1,86.0,0.0,3.6,91.7,-0.012866,-0.006433,7.9e-05,0.886344,7e-05,0.000471,0.000418
2026-06-23 21:20:00,21:20,9.7,86.7,0.0,4.1,91.7,-0.012881,-0.006441,0.000188,0.88923,0.000167,0.00113,0.001004
2026-06-23 22:00:00,22:00,9.0,87.5,0.0,4.1,91.7,-0.012928,-0.006464,8.5e-05,0.885879,7.5e-05,0.00051,0.000452
2026-06-23 22:20:00,22:20,8.9,88.2,0.0,4.3,91.7,-0.012904,-0.006452,7.2e-05,0.885274,6.4e-05,0.000434,0.000384
2026-06-23 22:40:00,22:40,9.1,88.1,0.0,2.0,91.7,-0.012885,-0.006442,0.0,0.858928,0.0,0.0,0.0
2026-06-23 23:00:00,23:00,9.3,87.3,0.0,3.1,91.7,-0.012901,-0.006451,0.0,0.87508,0.0,0.0,0.0
2026-06-23 23:20:00,23:20,9.4,87.0,0.0,1.1,91.6,-0.012904,-0.006452,0.0,0.853063,0.0,0.0,0.0
2026-06-23 23:40:00,23:40,9.1,86.7,0.0,1.1,91.6,-0.012958,-0.006479,0.0,0.854319,0.0,0.0,0.0
2026-06-24 00:00:00,00:00,9.1,88.0,0.0,1.1,91.6,-0.01289,-0.006445,0.0,0.848873,0.0,0.0,0.0
2026-06-24 00:20:00,00:20,9.2,87.2,0.0,3.0,91.6,-0.012919,-0.00646,0.0,0.874335,0.0,0.0,0.0
2026-06-24 00:40:00,00:40,8.9,86.8,0.0,1.2,91.6,-0.012977,-0.006488,0.0,0.855064,0.0,0.0,0.0
2026-06-24 01:00:00,01:00,8.6,86.8,0.0,3.0,91.6,-0.013012,-0.006506,0.0,0.876011,0.0,0.0,0.0
2026-06-24 01:20:00,01:20,8.4,86.1,0.0,2.4,91.5,-0.013071,-0.006535,0.0,0.871961,0.0,0.0,0.0
2026-06-24 01:40:00,01:40,7.5,86.7,0.0,3.0,91.5,-0.013136,-0.006568,0.0,0.87643,0.0,0.0,0.0
2026-06-24 02:00:00,02:00,7.6,89.2,0.0,6.9,91.5,-0.013005,-0.006503,0.000621,0.911341,0.000566,0.003726,0.003396
2026-06-24 02:20:00,02:20,8.1,87.4,0.0,5.8,91.5,-0.013039,-0.006519,0.000614,0.906081,0.000556,0.003683,0.003337
2026-06-24 02:40:00,02:40,7.6,86.9,0.0,3.9,91.5,-0.013116,-0.006558,4.8e-05,0.886065,4.2e-05,0.000286,0.000254
2026-06-24 03:10:00,03:10,7.1,88.2,0.0,5.8,91.5,-0.013104,-0.006552,0.000467,0.902729,0.000421,0.0028,0.002527
2026-06-24 03:20:00,03:20,7.0,88.8,0.0,4.6,91.5,-0.013086,-0.006543,5.6e-05,0.886251,5e-05,0.000336,0.000298
2026-06-24 03:30:00,03:30,6.8,89.0,0.0,1.1,91.5,-0.013096,-0.006548,0.0,0.844684,0.0,0.0,0.0
2026-06-24 03:40:00,03:40,6.7,89.6,0.0,1.9,91.5,-0.013078,-0.006539,0.0,0.85148,0.0,0.0,0.0
2026-06-24 03:50:00,03:50,6.3,89.8,0.0,0.3,91.5,-0.013106,-0.006553,0.0,0.832023,0.0,0.0,0.0
2026-06-24 04:00:00,04:00,6.1,90.3,0.0,0.4,91.5,-0.013102,-0.006551,0.0,0.831092,0.0,0.0,0.0
2026-06-24 04:10:00,04:10,6.1,90.5,0.0,3.1,91.5,-0.013093,-0.006547,0.0,0.861674,0.0,0.0,0.0
2026-06-24 04:20:00,04:20,5.6,90.6,0.0,0.6,91.5,-0.013132,-0.006566,0.0,0.832163,0.0,0.0,0.0
2026-06-24 04:30:00,04:30,5.7,91.3,0.0,0.9,91.5,-0.013094,-0.006547,0.0,0.832721,0.0,0.0,0.0
2026-06-24 04:40:00,04:40,5.9,91.4,0.0,1.7,91.5,-0.013072,-0.006536,0.0,0.841612,0.0,0.0,0.0
2026-06-24 04:50:00,04:50,6.1,91.1,0.0,3.5,91.5,-0.013067,-0.006533,0.0,0.863815,0.0,0.0,0.0
2026-06-24 05:00:00,05:00,5.8,90.4,0.0,3.0,91.5,-0.013124,-0.006562,0.0,0.860929,0.0,0.0,0.0
2026-06-24 05:10:00,05:10,5.9,91.1,0.0,0.2,91.5,-0.013085,-0.006542,0.0,0.825413,0.0,0.0,0.0
2026-06-24 05:20:00,05:20,6.3,90.7,2.0,0.3,91.5,-0.001218,-0.000609,0.0,0.828252,0.0,0.0,0.0
2026-06-24 05:30:00,05:30,6.4,90.4,5.0,2.7,91.5,0.000222,0.000111,0.000694,0.857438,0.000595,0.004165,0.003571
2026-06-24 05:40:00,05:40,6.6,89.1,26.0,0.1,91.5,0.006664,0.000666,0.001311,0.832628,0.001091,0.007864,0.006548
2026-06-24 05:50:00,05:50,6.8,88.3,43.0,1.2,91.5,0.011931,0.001193,0.002614,0.84878,0.002219,0.015685,0.013313
2026-06-24 06:00:00,06:00,7.0,87.6,62.0,0.4,91.5,0.018726,0.001873,0.003745,0.842403,0.003155,0.02247,0.018929
2026-06-24 06:10:00,06:10,7.2,86.8,81.0,1.4,91.5,0.026437,0.002644,0.005478,0.857392,0.004697,0.032867,0.028179
2026-06-24 06:20:00,06:20,7.9,87.1,102.0,0.5,91.5,0.035111,0.003511,0.007099,0.845661,0.006004,0.042596,0.036022
2026-06-24 06:30:00,06:30,9.0,86.1,127.0,2.0,91.5,0.045157,0.004516,0.009583,0.867306,0.008312,0.057499,0.049869
2026-06-24 06:50:00,06:50,10.1,79.2,178.0,1.9,91.4,0.066353,0.006635,0.014523,0.895049,0.012998,0.087136,0.077991
2026-06-24 07:00:00,07:00,10.2,79.3,206.0,3.0,91.5,0.078315,0.007831,0.017142,0.907431,0.015555,0.102854,0.093333
2026-06-24 07:10:00,07:10,10.4,78.0,233.0,6.9,91.5,0.090095,0.00901,0.020171,0.958261,0.019329,0.121025,0.115974
2026-06-24 07:30:00,07:30,11.5,77.1,290.0,5.7,91.5,0.115424,0.011542,0.025642,0.948067,0.02431,0.153851,0.145861
2026-06-24 07:40:00,07:40,12.1,76.4,318.0,3.0,91.5,0.128091,0.012809,0.028554,0.91958,0.026258,0.171326,0.157548
2026-06-24 07:50:00,07:50,12.8,72.4,349.0,1.0,91.4,0.141523,0.014152,0.032052,0.913063,0.029266,0.192315,0.175595
2026-06-24 08:00:00,08:00,13.4,70.1,374.0,3.5,91.5,0.153001,0.0153,0.035472,0.951791,0.033762,0.212833,0.202573
2026-06-24 08:10:00,08:10,13.5,65.4,401.0,2.7,91.5,0.164711,0.016471,0.038375,0.962171,0.036923,0.230248,0.221538
2026-06-24 08:20:00,08:20,14.2,61.0,426.0,1.4,91.5,0.175817,0.017582,0.041385,0.965476,0.039957,0.248312,0.239739
2026-06-24 08:30:00,08:30,14.7,58.0,452.0,7.8,91.5,0.187413,0.018741,0.046966,1.052521,0.049433,0.281795,0.296596
2026-06-24 08:40:00,08:40,15.1,54.5,479.0,3.9,91.5,0.199223,0.019922,0.049067,1.021799,0.050136,0.294399,0.300817
2026-06-24 08:50:00,08:50,15.5,54.0,502.0,7.1,91.5,0.210019,0.021002,0.053247,1.061132,0.056502,0.319481,0.339012
2026-06-24 09:00:00,09:00,15.6,54.2,528.0,7.9,91.5,0.222007,0.022201,0.056058,1.069604,0.05996,0.336346,0.359757
2026-06-24 09:10:00,09:10,15.9,51.5,552.0,11.3,91.5,0.232655,0.023266,0.060483,1.120481,0.06777,0.362896,0.406618
2026-06-24 09:20:00,09:20,15.7,53.6,573.0,12.8,91.5,0.242939,0.024294,0.061732,1.129139,0.069704,0.37039,0.418221
2026-06-24 09:30:00,09:30,15.7,53.6,593.0,10.5,91.5,0.252394,0.025239,0.063044,1.102374,0.069498,0.378265,0.41699
2026-06-24 09:40:00,09:40,15.6,50.8,615.0,7.7,91.5,0.26199,0.026199,0.064917,1.08152,0.070209,0.389503,0.421256
2026-06-24 09:50:00,09:50,16.0,49.1,637.0,8.9,91.5,0.27186,0.027186,0.068348,1.102607,0.075361,0.410086,0.452164
2026-06-24 10:00:00,10:00,16.4,47.7,660.0,3.9,91.5,0.282129,0.028213,0.069971,1.050287,0.07349,0.419828,0.44094
2026-06-24 10:10:00,10:10,16.6,49.1,681.0,5.2,91.5,0.292147,0.029215,0.072678,1.05955,0.077005,0.436065,0.462033
2026-06-24 10:20:00,10:20,16.5,50.1,693.0,4.5,91.5,0.298302,0.02983,0.073541,1.047215,0.077013,0.441245,0.462078
2026-06-24 10:30:00,10:30,16.8,49.5,709.0,5.8,91.5,0.305739,0.030574,0.076038,1.064856,0.080969,0.456227,0.485817
2026-06-24 10:40:00,10:40,17.1,50.1,725.0,7.8,91.5,0.313395,0.031339,0.078423,1.085617,0.085138,0.470541,0.510827
2026-06-24 10:50:00,10:50,17.0,47.9,731.0,8.0,91.5,0.316122,0.031612,0.079395,1.097161,0.087109,0.476371,0.522656
2026-06-24 11:10:00,11:10,17.6,44.6,749.0,9.0,91.5,0.324224,0.032422,0.083425,1.122622,0.093655,0.500551,0.56193
2026-06-24 11:30:00,11:30,18.3,49.0,755.0,5.7,91.5,0.32903,0.032903,0.083965,1.065787,0.089489,0.503792,0.536935
2026-06-24 11:40:00,11:40,18.6,45.4,760.0,7.0,91.5,0.33068,0.033068,0.08602,1.095997,0.094277,0.516118,0.565664
2026-06-24 11:50:00,11:50,18.6,45.9,759.0,2.0,91.5,0.330727,0.033073,0.084292,1.035717,0.087303,0.505755,0.523819
2026-06-24 12:00:00,12:00,18.6,47.4,755.0,6.4,91.5,0.329697,0.03297,0.085169,1.080636,0.092037,0.511016,0.552223
2026-06-24 12:10:00,12:10,18.7,46.2,754.0,8.4,91.5,0.329191,0.032919,0.086098,1.108937,0.095478,0.51659,0.572866
2026-06-24 12:20:00,12:20,18.8,46.8,746.0,4.8,91.4,0.326155,0.032615,0.084408,1.06453,0.089855,0.506447,0.539128
2026-06-24 12:30:00,12:30,19.3,46.7,738.0,7.1,91.4,0.322983,0.032298,0.085385,1.091714,0.093216,0.512307,0.559293
2026-06-24 12:40:00,12:40,19.5,42.7,731.0,0.7,91.4,0.319105,0.03191,0.082312,1.033995,0.08511,0.493872,0.510661
2026-06-24 12:50:00,12:50,19.8,44.7,720.0,5.0,91.4,0.315024,0.031502,0.083997,1.075655,0.090351,0.50398,0.542109
2026-06-24 13:00:00,13:00,19.6,42.3,705.0,1.1,91.4,0.308016,0.030802,0.079934,1.040325,0.083157,0.479601,0.498941
2026-06-24 13:10:00,13:10,19.8,43.1,691.0,7.5,91.4,0.302238,0.030224,0.082759,1.111451,0.091982,0.496552,0.551893
2026-06-24 13:20:00,13:20,19.8,42.4,663.0,4.5,91.3,0.290239,0.029024,0.078278,1.079472,0.084499,0.469668,0.506994
2026-06-24 13:30:00,13:30,20.3,43.6,652.0,8.3,91.4,0.285726,0.028573,0.080291,1.118666,0.089819,0.481745,0.538912
2026-06-24 13:40:00,13:40,20.7,42.5,627.0,3.2,91.4,0.274866,0.027487,0.074821,1.063925,0.079604,0.448926,0.477624
2026-06-24 13:50:00,13:50,20.4,37.2,613.0,9.1,91.3,0.267393,0.026739,0.07894,1.154787,0.091159,0.473638,0.546952
2026-06-24 14:00:00,14:00,20.4,38.6,590.0,4.6,91.3,0.257788,0.025779,0.072172,1.096555,0.07914,0.433031,0.474842
2026-06-24 14:10:00,14:10,20.8,35.5,571.0,4.8,91.3,0.248847,0.024885,0.071351,1.11187,0.079333,0.428108,0.476
2026-06-24 14:20:00,14:20,21.4,37.3,537.0,6.2,91.3,0.23492,0.023492,0.070127,1.120621,0.078585,0.42076,0.471513
2026-06-24 14:30:00,14:30,21.0,38.2,506.0,7.2,91.3,0.221823,0.022182,0.067415,1.128487,0.076077,0.404491,0.456463
2026-06-24 14:40:00,14:40,21.2,39.4,483.0,5.8,91.3,0.212061,0.021206,0.0635,1.107168,0.070305,0.380998,0.421829
2026-06-24 14:50:00,14:50,21.1,40.1,467.0,5.7,91.3,0.204942,0.020494,0.061416,1.103072,0.067746,0.368495,0.406477
2026-06-24 15:00:00,15:00,21.3,39.1,437.0,4.4,91.3,0.191974,0.019197,0.057073,1.092133,0.062331,0.342435,0.373985
2026-06-24 15:10:00,15:10,21.3,39.0,406.0,7.0,91.3,0.178764,0.017876,0.057355,1.122809,0.064399,0.344131,0.386393
2026-06-24 15:20:00,15:20,20.9,40.4,384.0,8.9,91.3,0.169294,0.016929,0.05663,1.139054,0.064505,0.339783,0.387031
2026-06-24 15:30:00,15:30,20.9,38.7,351.0,8.5,91.3,0.155182,0.015518,0.053482,1.141521,0.061051,0.320892,0.366305
2026-06-24 15:40:00,15:40,20.8,39.6,312.0,7.9,91.3,0.139124,0.013912,0.048675,1.130768,0.05504,0.29205,0.330241
2026-06-24 15:50:00,15:50,21.0,41.9,295.0,6.5,91.3,0.131794,0.013179,0.04468,1.104841,0.049365,0.268082,0.296188
2026-06-24 16:00:00,16:00,21.2,42.0,268.0,7.6,91.3,0.120431,0.012043,0.043717,1.117223,0.048842,0.262304,0.293052
2026-06-24 16:10:00,16:10,21.0,40.0,227.0,7.5,91.3,0.103712,0.010371,0.040086,1.124438,0.045074,0.240517,0.270446
2026-06-24 16:20:00,16:20,20.7,41.8,207.0,3.6,91.3,0.09529,0.009529,0.03134,1.071513,0.033581,0.188038,0.201485
2026-06-24 16:30:00,16:30,20.7,42.0,180.0,6.6,91.3,0.083883,0.008388,0.033387,1.105586,0.036913,0.200324,0.221475
2026-06-24 16:40:00,16:40,20.4,43.0,158.0,8.2,91.3,0.073338,0.007334,0.032884,1.120016,0.03683,0.197302,0.220981
2026-06-24 16:50:00,16:50,20.4,42.5,131.0,6.4,91.3,0.060368,0.006037,0.027303,1.101164,0.030065,0.163816,0.180389
2026-06-24 17:00:00,17:00,20.4,44.3,105.0,6.6,91.3,0.047925,0.004793,0.024323,1.09595,0.026657,0.145939,0.159942
2026-06-24 17:10:00,17:10,19.9,48.0,81.0,5.9,91.3,0.036467,0.003647,0.019503,1.072304,0.020913,0.117019,0.12548
2026-06-24 17:20:00,17:20,19.5,49.5,60.0,3.5,91.3,0.026406,0.002641,0.01293,1.038091,0.013422,0.077578,0.080533
2026-06-24 17:30:00,17:30,18.5,53.5,34.0,3.6,91.3,0.013973,0.001397,0.009371,1.022497,0.009582,0.056226,0.057491
2026-06-24 17:40:00,17:40,17.9,56.7,19.0,3.6,91.3,0.006811,0.000681,0.007169,1.009092,0.007234,0.043014,0.043405
2026-06-24 17:50:00,17:50,17.2,60.0,7.0,3.2,91.3,0.001084,0.000108,0.004797,0.990612,0.004752,0.02878,0.02851
2026-06-24 18:00:00,18:00,16.7,60.3,2.0,4.5,91.3,-0.001325,-0.000662,0.005938,1.004483,0.005964,0.035627,0.035787
2026-06-24 18:10:00,18:10,16.7,58.1,0.0,5.5,91.2,-0.013906,-0.006953,0.006026,1.025337,0.006179,0.036159,0.037075
2026-06-24 18:30:00,18:30,16.8,55.1,0.0,3.9,91.2,-0.014171,-0.007085,0.004291,1.019286,0.004374,0.025746,0.026243
2026-06-24 18:40:00,18:40,16.3,58.2,0.0,2.2,91.3,-0.013954,-0.006977,0.00147,0.986516,0.00145,0.008822,0.008703
2026-06-24 18:50:00,18:50,16.2,58.8,0.0,2.9,91.3,-0.013915,-0.006957,0.002408,0.992148,0.002389,0.014448,0.014334
2026-06-24 19:00:00,19:00,15.7,59.8,0.0,2.3,91.3,-0.013897,-0.006948,0.001465,0.980977,0.001437,0.008789,0.008622
2026-06-24 19:10:00,19:10,15.3,61.4,0.0,3.5,91.3,-0.013816,-0.006908,0.002851,0.988238,0.002818,0.017108,0.016907
2026-06-24 19:20:00,19:20,15.3,61.1,0.0,3.6,91.3,-0.013841,-0.006921,0.003008,0.990659,0.00298,0.018046,0.017877
2026-06-24 19:30:00,19:30,15.3,61.7,0.0,2.4,91.3,-0.013791,-0.006896,0.001438,0.974181,0.001401,0.008628,0.008405
2026-06-24 19:40:00,19:40,15.0,62.9,0.0,2.8,91.3,-0.013734,-0.006867,0.001824,0.973808,0.001776,0.010941,0.010655
2026-06-24 19:50:00,19:50,14.7,65.5,0.0,3.5,91.3,-0.013569,-0.006784,0.002356,0.971062,0.002288,0.014136,0.013727
2026-06-24 20:00:00,20:00,14.4,65.9,0.0,4.3,91.3,-0.01358,-0.00679,0.003125,0.978696,0.003059,0.018751,0.018352
2026-06-24 20:10:00,20:10,14.7,64.4,0.0,3.7,91.3,-0.013655,-0.006828,0.002696,0.977998,0.002637,0.016177,0.015821
2026-06-24 20:20:00,20:20,14.7,64.3,0.0,4.8,91.3,-0.013663,-0.006832,0.003905,0.991217,0.003871,0.023429,0.023223
2026-06-24 20:30:00,20:30,14.2,65.7,0.0,2.9,91.3,-0.013623,-0.006811,0.001642,0.963242,0.001582,0.009852,0.00949
2026-06-24 20:40:00,20:40,13.6,69.2,0.0,3.5,91.4,-0.013445,-0.006722,0.001879,0.955561,0.001795,0.011273,0.010772
2026-06-24 21:00:00,21:00,13.9,67.1,0.0,4.2,91.3,-0.013558,-0.006779,0.002818,0.972505,0.00274,0.016906,0.016441
2026-06-24 21:10:00,21:10,14.0,65.9,0.0,6.2,91.3,-0.013635,-0.006817,0.004934,1.000806,0.004938,0.029604,0.029628
2026-06-24 21:20:00,21:20,13.7,66.6,0.0,5.7,91.3,-0.013622,-0.006811,0.004298,0.992055,0.004264,0.025789,0.025584
2026-06-24 21:30:00,21:30,13.5,67.3,0.0,1.5,91.3,-0.013597,-0.006798,0.0,0.940247,0.0,0.0,0.0
2026-06-24 21:40:00,21:40,12.8,69.5,0.0,0.8,91.4,-0.01353,-0.006765,0.0,0.922885,0.0,0.0,0.0
2026-06-24 21:50:00,21:50,12.4,71.8,0.0,1.9,91.4,-0.013424,-0.006712,0.000135,0.92605,0.000125,0.00081,0.00075
2026-06-24 22:00:00,22:00,12.0,76.1,0.0,0.9,91.3,-0.013195,-0.006598,0.0,0.896399,0.0,0.0,0.0
2026-06-24 22:10:00,22:10,11.7,76.4,0.0,1.2,91.3,-0.013217,-0.006608,0.0,0.898633,0.0,0.0,0.0
2026-06-24 22:20:00,22:20,11.3,78.7,0.0,3.8,91.3,-0.013127,-0.006564,0.00096,0.919254,0.000883,0.005762,0.005297
2026-06-24 22:30:00,22:30,11.3,78.4,0.0,2.6,91.3,-0.013146,-0.006573,0.00023,0.906546,0.000208,0.001377,0.001249
2026-06-24 22:40:00,22:40,11.5,79.1,0.0,2.4,91.3,-0.013076,-0.006538,5.6e-05,0.901286,5e-05,0.000335,0.000302
2026-06-24 22:50:00,22:50,11.5,77.9,0.0,2.5,91.3,-0.01315,-0.006575,0.000204,0.907477,0.000185,0.001226,0.001113
2026-06-24 23:00:00,23:00,11.1,79.5,0.0,1.3,91.3,-0.013106,-0.006553,0.0,0.88681,0.0,0.0,0.0
2026-06-24 23:10:00,23:10,11.5,78.1,0.0,2.6,91.3,-0.013137,-0.006569,0.000257,0.907803,0.000234,0.001544,0.001401
2026-06-24 23:20:00,23:20,11.2,79.4,0.0,1.6,91.3,-0.013098,-0.006549,0.0,0.89072,0.0,0.0,0.0
2026-06-24 23:30:00,23:30,11.2,79.3,0.0,1.9,91.3,-0.013104,-0.006552,0.0,0.89463,0.0,0.0,0.0
2026-06-24 23:40:00,23:40,10.8,80.8,0.0,2.3,91.3,-0.013068,-0.006534,0.0,0.893001,0.0,0.0,0.0
2026-06-24 23:50:00,23:50,10.7,81.2,0.0,1.7,91.3,-0.013058,-0.006529,0.0,0.884343,0.0,0.0,0.0
2026-06-25 00:00:00,00:00,10.9,79.6,0.0,1.0,91.3,-0.013126,-0.006563,0.0,0.8829,0.0,0.0,0.0
2026-06-25 00:10:00,00:10,11.0,80.4,0.0,3.2,91.3,-0.013065,-0.006533,0.000427,0.90515,0.000386,0.002561,0.002318
2026-06-25 00:20:00,00:20,10.5,80.3,0.0,1.8,91.3,-0.013136,-0.006568,0.0,0.889277,0.0,0.0,0.0
2026-06-25 00:30:00,00:30,10.0,81.8,0.0,0.9,91.3,-0.013113,-0.006556,0.0,0.87252,0.0,0.0,0.0
2026-06-25 00:40:00,00:40,9.5,82.5,0.0,2.7,91.3,-0.013134,-0.006567,0.0,0.890534,0.0,0.0,0.0
2026-06-25 00:50:00,00:50,9.3,84.2,0.0,1.1,91.3,-0.013066,-0.006533,0.0,0.864793,0.0,0.0,0.0
2026-06-25 01:00:00,01:00,9.5,84.5,0.0,5.1,91.3,-0.013026,-0.006513,0.000825,0.910084,0.000751,0.004948,0.004503
2026-06-25 01:10:00,01:10,9.3,84.5,0.0,1.1,91.3,-0.01305,-0.006525,0.0,0.863536,0.0,0.0,0.0
2026-06-25 01:20:00,01:20,9.9,83.4,0.0,0.5,91.2,-0.013036,-0.006518,0.0,0.861162,0.0,0.0,0.0
2026-06-25 01:30:00,01:30,9.9,81.7,0.0,1.0,91.2,-0.013131,-0.006565,0.0,0.874102,0.0,0.0,0.0
2026-06-25 01:40:00,01:40,9.7,81.9,0.0,3.0,91.2,-0.013144,-0.006572,0.000151,0.896538,0.000135,0.000905,0.000811
2026-06-25 01:50:00,01:50,9.4,82.6,0.0,1.8,91.2,-0.013141,-0.00657,0.0,0.879642,0.0,0.0,0.0
2026-06-25 02:00:00,02:00,9.7,82.9,0.0,1.4,91.2,-0.013088,-0.006544,0.0,0.87373,0.0,0.0,0.0
2026-06-25 02:10:00,02:10,9.8,80.5,0.0,2.8,91.2,-0.01321,-0.006605,0.000154,0.900076,0.000139,0.000926,0.000833
2026-06-25 02:20:00,02:20,9.4,81.6,0.0,1.3,91.2,-0.013195,-0.006598,0.0,0.878012,0.0,0.0,0.0
2026-06-25 02:30:00,02:30,9.4,82.5,0.0,1.0,91.2,-0.013146,-0.006573,0.0,0.870751,0.0,0.0,0.0
2026-06-25 02:40:00,02:40,9.6,80.8,0.0,2.3,91.2,-0.013217,-0.006608,0.0,0.893001,0.0,0.0,0.0
2026-06-25 02:50:00,02:50,9.2,82.0,0.0,1.9,91.2,-0.013196,-0.006598,0.0,0.883319,0.0,0.0,0.0
2026-06-25 03:00:00,03:00,8.8,83.3,0.0,1.9,91.2,-0.013171,-0.006586,0.0,0.877873,0.0,0.0,0.0
2026-06-25 03:10:00,03:10,8.4,82.3,0.0,0.0,91.2,-0.013266,-0.006633,0.0,0.859952,0.0,0.0,0.0
2026-06-25 03:20:00,03:20,8.4,85.6,0.0,0.8,91.2,-0.013096,-0.006548,0.0,0.855437,0.0,0.0,0.0
2026-06-25 03:30:00,03:30,8.5,84.4,0.0,4.6,91.2,-0.013147,-0.006573,0.000594,0.904684,0.000537,0.003563,0.003224
2026-06-25 03:40:00,03:40,8.3,83.8,0.0,3.1,91.2,-0.013199,-0.006599,1.8e-05,0.889742,1.6e-05,0.000105,9.4e-05
2026-06-25 03:50:00,03:50,8.3,84.6,0.0,3.0,91.2,-0.013158,-0.006579,0.0,0.885227,0.0,0.0,0.0
2026-06-25 04:00:00,04:00,7.8,85.0,0.0,3.2,91.2,-0.01319,-0.006595,0.0,0.885879,0.0,0.0,0.0
2026-06-25 04:10:00,04:10,7.5,86.0,0.0,0.0,91.2,-0.01317,-0.006585,0.0,0.844451,0.0,0.0,0.0
2026-06-25 04:20:00,04:20,7.8,86.6,0.0,2.3,91.2,-0.01311,-0.006555,0.0,0.868703,0.0,0.0,0.0
2026-06-25 04:30:00,04:30,8.0,86.8,0.0,1.0,91.2,-0.013079,-0.00654,0.0,0.852737,0.0,0.0,0.0
2026-06-25 04:40:00,04:40,8.5,86.1,0.0,0.0,91.2,-0.013059,-0.00653,0.0,0.844032,0.0,0.0,0.0
2026-06-25 04:50:00,04:50,8.0,83.5,0.0,3.8,91.2,-0.013245,-0.006622,0.000342,0.899145,0.000308,0.002054,0.001847
2026-06-25 05:00:00,05:00,7.6,85.5,0.0,4.8,91.2,-0.013185,-0.006592,0.000508,0.902404,0.000458,0.003048,0.002751
2026-06-25 05:10:00,05:10,7.3,87.1,1.0,4.1,91.2,-0.012657,-0.006328,0.000132,0.887555,0.000117,0.000791,0.000702
2026-06-25 05:20:00,05:20,7.6,87.1,4.0,1.9,91.2,-0.0124,-0.0062,0.0,0.861953,0.0,0.0,0.0
2026-06-25 05:30:00,05:30,7.9,87.5,13.0,1.3,91.2,0.001861,0.000186,0.00082,0.853295,0.0007,0.004921,0.004199
2026-06-25 05:40:00,05:40,8.3,85.2,30.0,2.3,91.2,0.005002,0.0005,0.0019,0.874568,0.001661,0.011398,0.009968
2026-06-25 05:50:00,05:50,8.0,84.6,48.0,1.9,91.2,0.01124,0.001124,0.002953,0.872427,0.002576,0.017719,0.015459
2026-06-25 06:00:00,06:00,8.1,85.2,71.0,3.7,91.3,0.019003,0.0019,0.004904,0.89086,0.004369,0.029424,0.026213
2026-06-25 06:10:00,06:10,9.1,85.9,29.0,2.3,91.3,0.011753,0.001175,0.003208,0.871635,0.002796,0.019246,0.016775
2026-06-25 06:20:00,06:20,9.9,84.0,134.0,4.9,91.3,0.041292,0.004129,0.009805,0.909851,0.008921,0.058829,0.053526
2026-06-25 06:30:00,06:30,10.5,82.5,189.0,3.8,91.3,0.059596,0.00596,0.013456,0.903334,0.012155,0.080738,0.072933
2026-06-25 06:40:00,06:40,11.8,79.8,151.0,2.4,91.3,0.055261,0.005526,0.012976,0.898354,0.011657,0.077859,0.069945
2026-06-25 06:50:00,06:50,12.4,77.7,267.0,0.3,91.3,0.092231,0.009223,0.020699,0.882714,0.018271,0.124194,0.109628
2026-06-25 07:00:00,07:00,13.4,74.1,316.0,0.7,91.2,0.112057,0.011206,0.025814,0.90245,0.023296,0.154886,0.139777
2026-06-25 07:10:00,07:10,12.9,75.0,202.0,2.1,91.3,0.080273,0.008027,0.018939,0.914971,0.017329,0.113633,0.103971
2026-06-25 07:20:00,07:20,13.8,72.5,273.0,2.6,91.3,0.106548,0.010655,0.025444,0.931263,0.023695,0.152662,0.142168
2026-06-25 07:30:00,07:30,15.1,67.9,299.0,1.9,91.3,0.118216,0.011822,0.028918,0.942388,0.027252,0.17351,0.163514
2026-06-25 07:40:00,07:40,14.9,69.0,326.0,6.4,91.3,0.130648,0.013065,0.032952,0.990147,0.032627,0.197711,0.195763
2026-06-25 07:50:00,07:50,15.5,59.2,363.0,4.4,91.2,0.145159,0.014516,0.037403,1.007928,0.0377,0.22442,0.2262
2026-06-25 08:00:00,08:00,15.2,63.4,412.0,8.5,91.3,0.166291,0.016629,0.042294,1.038045,0.043903,0.253761,0.263415
2026-06-25 08:10:00,08:10,15.8,62.2,416.0,8.1,91.3,0.170332,0.017033,0.043976,1.038417,0.045665,0.263855,0.273991
2026-06-25 08:20:00,08:20,15.9,60.4,428.0,5.9,91.3,0.17686,0.017686,0.04508,1.020356,0.045998,0.270479,0.275985
2026-06-25 08:30:00,08:30,16.3,62.8,507.0,8.6,91.4,0.209692,0.020969,0.052531,1.041722,0.054723,0.315187,0.328338
2026-06-25 08:40:00,08:40,16.9,61.2,614.0,10.8,91.3,0.253108,0.025311,0.062875,1.074026,0.067529,0.377248,0.405174
2026-06-25 08:50:00,08:50,16.5,60.5,229.0,8.9,91.3,0.105182,0.010518,0.032301,1.054848,0.034072,0.193805,0.204434
2026-06-25 09:00:00,09:00,17.3,59.8,462.0,10.2,91.3,0.197625,0.019762,0.052725,1.072909,0.056569,0.316347,0.339412
2026-06-25 09:10:00,09:10,18.0,49.9,317.0,11.0,91.2,0.140907,0.014091,0.045865,1.123693,0.051538,0.275188,0.309227
2026-06-25 09:20:00,09:20,18.6,52.2,625.0,14.9,91.3,0.264013,0.026401,0.072291,1.159442,0.083817,0.433745,0.502902
2026-06-25 09:30:00,09:30,19.2,48.3,627.0,13.3,91.3,0.265617,0.026562,0.074903,1.157161,0.086675,0.449418,0.520049
2026-06-25 09:40:00,09:40,19.5,50.4,635.0,5.6,91.3,0.270972,0.027097,0.072489,1.058758,0.076748,0.434932,0.460488
2026-06-25 09:50:00,09:50,20.0,48.2,650.0,10.4,91.3,0.277947,0.027795,0.077733,1.123833,0.087358,0.466396,0.524151
2026-06-25 10:00:00,10:00,20.1,49.3,667.0,11.3,91.3,0.286403,0.02864,0.079714,1.129698,0.090053,0.478286,0.540319
2026-06-25 10:10:00,10:10,20.6,49.6,683.0,8.8,91.3,0.294324,0.029432,0.081231,1.099348,0.089301,0.487385,0.535806
2026-06-25 10:20:00,10:20,20.8,46.0,697.0,19.4,91.2,0.300139,0.030014,0.088735,1.237782,0.109835,0.532413,0.659011
2026-06-25 10:30:00,10:30,21.1,47.1,707.0,18.3,91.3,0.305629,0.030563,0.089466,1.220373,0.109181,0.536793,0.655088
2026-06-25 10:50:00,10:50,21.4,45.9,730.0,14.6,91.2,0.316507,0.031651,0.091534,1.182344,0.108224,0.549203,0.649346
2026-06-25 11:00:00,11:00,21.8,40.5,740.0,20.9,91.1,0.319814,0.031981,0.099044,1.278279,0.126606,0.594266,0.759638
2026-06-25 11:10:00,11:10,22.3,38.0,751.0,16.6,91.1,0.324308,0.032431,0.100334,1.238713,0.124285,0.602004,0.74571
2026-06-25 11:20:00,11:20,22.5,39.6,722.0,17.2,91.1,0.313612,0.031361,0.098116,1.238992,0.121565,0.588697,0.729391
2026-06-25 11:30:00,11:30,22.8,36.4,797.0,25.2,91.1,0.343808,0.034381,0.111426,1.345494,0.149923,0.668555,0.899538
2026-06-25 11:40:00,11:40,22.9,36.5,788.0,16.0,91.1,0.340646,0.034065,0.105662,1.238015,0.130811,0.633971,0.784866
2026-06-25 11:50:00,11:50,23.1,36.5,759.0,16.5,91.1,0.329185,0.032918,0.104088,1.243833,0.129468,0.624529,0.77681
2026-06-25 12:00:00,12:00,23.3,35.7,758.0,26.9,91.1,0.328821,0.032882,0.111643,1.36821,0.152751,0.669857,0.916505
2026-06-25 12:20:00,12:20,23.6,34.0,580.0,19.4,91.1,0.255791,0.025579,0.093905,1.288054,0.120955,0.56343,0.725729
2026-06-25 12:40:00,12:40,23.9,32.5,778.0,15.9,91.0,0.336276,0.033628,0.109334,1.253609,0.137062,0.656002,0.822369
2026-06-25 13:00:00,13:00,23.2,33.2,302.0,15.5,91.0,0.141909,0.014191,0.065291,1.246021,0.081354,0.391745,0.488123
2026-06-25 13:20:00,13:20,23.9,32.4,529.0,17.6,91.0,0.233952,0.023395,0.089186,1.27381,0.113607,0.535119,0.68164
2026-06-25 13:30:00,13:30,24.2,33.1,552.0,16.5,91.0,0.243179,0.024318,0.090181,1.258077,0.113455,0.541088,0.680731
2026-06-25 13:50:00,13:50,24.2,33.7,647.0,13.1,91.0,0.281002,0.0281,0.094509,1.215998,0.114923,0.567054,0.689537
2026-06-25 14:00:00,14:00,24.6,30.6,621.0,21.4,91.0,0.268984,0.026898,0.103256,1.325572,0.136873,0.619536,0.821239
2026-06-25 14:10:00,14:10,24.9,29.7,585.0,19.4,91.0,0.253617,0.025362,0.099288,1.306068,0.129677,0.595727,0.77806
2026-06-25 14:30:00,14:30,25.1,29.4,573.0,24.3,90.9,0.247175,0.024718,0.103992,1.364346,0.141881,0.623951,0.851285
2026-06-25 14:40:00,14:40,24.4,29.7,406.0,19.1,90.9,0.180081,0.018008,0.082337,1.302577,0.10725,0.494022,0.643501
2026-06-25 14:50:00,14:50,24.1,32.7,248.0,17.7,90.9,0.116364,0.011636,0.064613,1.273717,0.082299,0.387679,0.493793
2026-06-25 15:10:00,15:10,24.8,29.3,238.0,28.2,90.9,0.111477,0.011148,0.081283,1.41015,0.114622,0.4877,0.68773
2026-06-25 15:20:00,15:20,23.7,32.3,180.0,21.5,90.9,0.083706,0.008371,0.062758,1.319614,0.082817,0.37655,0.4969
2026-06-25 15:30:00,15:30,23.5,33.7,234.0,20.0,90.9,0.109413,0.010941,0.064686,1.296293,0.083852,0.388118,0.503114
2026-06-25 15:40:00,15:40,23.2,33.5,179.0,20.7,90.9,0.083249,0.008325,0.059964,1.305277,0.078269,0.359783,0.469616
2026-06-25 15:50:00,15:50,22.9,35.4,132.0,12.3,90.9,0.060734,0.006073,0.041315,1.199566,0.04956,0.247891,0.297362
2026-06-25 16:00:00,16:00,23.0,36.2,117.0,14.2,90.9,0.053556,0.005356,0.042557,1.218325,0.051848,0.25534,0.311087
2026-06-25 16:10:00,16:10,23.4,35.2,295.0,13.9,90.9,0.129119,0.012912,0.059581,1.219023,0.07263,0.357485,0.435782
2026-06-25 16:20:00,16:20,24.1,32.1,178.0,19.5,90.9,0.082747,0.008275,0.060531,1.297178,0.078519,0.363184,0.471114
2026-06-25 16:30:00,16:30,23.9,32.3,171.0,17.3,90.9,0.079389,0.007939,0.056112,1.270738,0.071303,0.336671,0.427821
2026-06-25 16:50:00,16:50,23.5,33.3,76.0,15.7,90.9,0.03381,0.003381,0.042751,1.24793,0.05335,0.256507,0.320102
2026-06-25 17:00:00,17:00,22.4,36.2,35.0,17.5,90.8,0.014184,0.001418,0.038723,1.256727,0.048664,0.232339,0.291987
2026-06-25 17:10:00,17:10,21.8,36.6,24.0,17.4,90.8,0.008903,0.00089,0.036648,1.253888,0.045953,0.219889,0.275716
2026-06-25 17:20:00,17:20,21.2,38.6,16.0,15.0,90.8,0.005098,0.00051,0.030655,1.21758,0.037325,0.183928,0.223948
2026-06-25 17:30:00,17:30,20.9,40.4,12.0,16.7,90.8,0.003213,0.000321,0.03159,1.229823,0.03885,0.189542,0.233103
2026-06-25 17:40:00,17:40,20.9,39.3,7.0,14.3,90.8,0.000788,7.9e-05,0.028119,1.206502,0.033926,0.168716,0.203556
2026-06-25 18:00:00,18:00,20.6,40.0,1.0,12.5,90.8,-0.002082,-0.001041,0.024377,1.182623,0.028828,0.146259,0.17297
2026-06-25 18:10:00,18:10,20.1,41.9,0.0,11.8,90.8,-0.015185,-0.007593,0.020666,1.166517,0.024107,0.123997,0.144645
2026-06-25 18:20:00,18:20,19.7,44.2,0.0,10.4,90.8,-0.014952,-0.007476,0.017448,1.14059,0.019901,0.104688,0.119406
2026-06-25 18:30:00,18:30,19.6,45.3,0.0,2.3,90.8,-0.014834,-0.007417,0.002769,1.041722,0.002884,0.016612,0.017305
2026-06-25 18:40:00,18:40,19.2,47.2,0.0,4.9,90.8,-0.014666,-0.007333,0.007414,1.064018,0.007888,0.044482,0.04733
2026-06-25 18:50:00,18:50,18.9,48.7,0.0,4.0,90.9,-0.014539,-0.007269,0.005561,1.047261,0.005823,0.033363,0.03494
2026-06-25 19:00:00,19:00,18.5,50.7,0.0,2.1,90.9,-0.014378,-0.007189,0.001934,1.016772,0.001967,0.011607,0.011801
2026-06-25 19:20:00,19:20,18.2,52.3,0.0,3.1,90.9,-0.014253,-0.007126,0.00351,1.021706,0.003586,0.02106,0.021517
2026-06-25 19:30:00,19:30,18.3,53.6,0.0,5.0,91.0,-0.014105,-0.007052,0.006375,1.03837,0.006619,0.038248,0.039716
2026-06-25 19:40:00,19:40,18.0,54.9,0.0,6.3,91.0,-0.014019,-0.00701,0.007956,1.048052,0.008339,0.047738,0.050032
2026-06-25 19:50:00,19:50,17.8,56.8,0.0,5.9,91.0,-0.013863,-0.006931,0.006994,1.035438,0.007241,0.041962,0.043449
2026-06-25 20:00:00,20:00,17.9,56.8,0.0,4.4,91.0,-0.013847,-0.006924,0.004937,1.017982,0.005026,0.029621,0.030154
2026-06-25 20:10:00,20:10,19.0,50.0,0.0,7.5,91.0,-0.014382,-0.007191,0.011063,1.082544,0.011976,0.066377,0.071856
2026-06-25 20:20:00,20:20,18.2,53.8,0.0,7.4,91.0,-0.0141,-0.00705,0.009767,1.065461,0.010407,0.058605,0.062441
2026-06-25 20:30:00,20:30,18.4,50.2,0.0,9.8,91.0,-0.014445,-0.007222,0.014098,1.108472,0.015627,0.084587,0.093762
2026-06-25 20:40:00,20:40,18.2,52.1,0.0,9.7,91.0,-0.014274,-0.007137,0.013308,1.099348,0.01463,0.079847,0.087779
2026-06-25 20:50:00,20:50,17.2,56.9,0.0,4.9,91.0,-0.013945,-0.006972,0.005507,1.023382,0.005636,0.033045,0.033818
2026-06-25 21:00:00,21:00,16.7,58.9,0.0,2.7,91.0,-0.013834,-0.006917,0.002152,0.989402,0.002129,0.012909,0.012772
2026-06-25 21:10:00,21:10,16.6,58.3,0.0,1.8,91.0,-0.013903,-0.006951,0.000886,0.981442,0.00087,0.005318,0.005219
2026-06-25 21:20:00,21:20,16.6,59.5,0.0,0.6,91.0,-0.013794,-0.006897,0.0,0.962451,0.0,0.0,0.0
2026-06-25 21:30:00,21:30,16.8,61.0,0.0,0.5,91.1,-0.013629,-0.006815,0.0,0.955003,0.0,0.0,0.0
2026-06-25 21:40:00,21:40,16.9,56.6,0.0,0.0,91.0,-0.014016,-0.007008,0.0,0.967617,0.0,0.0,0.0
2026-06-25 21:50:00,21:50,16.6,64.0,0.0,4.5,91.2,-0.013398,-0.006699,0.003864,0.988983,0.003822,0.023185,0.02293
2026-06-25 22:00:00,22:00,16.6,65.9,0.0,2.8,91.2,-0.013234,-0.006617,0.001678,0.96124,0.001613,0.010068,0.009678
2026-06-25 22:10:00,22:10,16.2,67.7,0.0,8.2,91.1,-0.013153,-0.006577,0.006791,1.016539,0.006903,0.040744,0.041418
2026-06-25 22:20:00,22:20,16.1,69.0,0.0,6.4,91.1,-0.013064,-0.006532,0.004876,0.990147,0.004828,0.029257,0.028969
2026-06-25 22:30:00,22:30,16.4,67.7,0.0,7.5,91.2,-0.013118,-0.006559,0.006212,1.008393,0.006265,0.037275,0.037588
2026-06-29 11:10:00,11:10,17.8,61.8,749.0,13.0,91.4,0.3282,0.03282,0.078955,1.097114,0.086623,0.473731,0.519737
2026-06-29 11:20:00,11:20,18.1,60.8,755.0,15.5,91.4,0.331137,0.033114,0.080211,1.130396,0.09067,0.481267,0.544022
2026-06-29 11:30:00,11:30,18.8,60.0,767.0,10.9,91.4,0.336729,0.033673,0.083736,1.080217,0.090453,0.502414,0.542716
2026-06-29 11:40:00,11:40,18.8,56.2,787.0,17.7,91.3,0.344573,0.034457,0.086402,1.175268,0.101545,0.51841,0.609271
2026-06-29 11:50:00,11:50,19.0,56.9,803.0,12.2,91.3,0.351846,0.035185,0.088301,1.108332,0.097866,0.529804,0.587199
2026-06-29 12:00:00,12:00,19.1,51.2,774.0,6.4,91.2,0.338609,0.033861,0.087336,1.064717,0.092988,0.524017,0.55793
2026-06-29 12:10:00,12:10,19.4,51.9,313.0,5.9,91.3,0.146926,0.014693,0.043757,1.055966,0.046205,0.26254,0.277233
2026-06-29 12:20:00,12:20,18.8,54.2,370.0,9.5,91.3,0.170808,0.017081,0.050556,1.088223,0.055017,0.303338,0.3301
2026-06-29 12:30:00,12:30,18.5,52.0,306.0,11.3,91.2,0.14404,0.014404,0.046596,1.118386,0.052112,0.279574,0.312672
2026-06-29 12:40:00,12:40,18.5,52.5,316.0,9.9,91.2,0.148202,0.01482,0.046256,1.1,0.050881,0.277533,0.305287
2026-06-29 12:50:00,12:50,18.8,53.8,695.0,11.6,91.2,0.306354,0.030635,0.079761,1.114337,0.088881,0.478569,0.533287
2026-06-29 13:00:00,13:00,18.6,56.7,140.0,4.3,91.3,0.06491,0.006491,0.021764,1.017238,0.022139,0.130586,0.132837
2026-06-29 13:10:00,13:10,17.8,52.4,44.0,14.6,91.2,0.018737,0.001874,0.023948,1.155113,0.027662,0.143686,0.165973
2026-06-29 13:20:00,13:20,17.0,48.4,68.0,13.5,91.2,0.030173,0.003017,0.026017,1.159069,0.030155,0.156101,0.180932
2026-06-29 13:30:00,13:30,16.5,48.5,320.0,9.3,91.2,0.149144,0.014914,0.044862,1.109775,0.049787,0.269174,0.298722
2026-06-29 13:40:00,13:40,17.9,42.5,258.0,8.0,91.1,0.121283,0.012128,0.041053,1.119783,0.04597,0.246317,0.275821
2026-06-29 13:50:00,13:50,18.0,48.4,281.0,9.3,91.2,0.132432,0.013243,0.043176,1.110194,0.047933,0.259055,0.287601
2026-06-29 14:00:00,14:00,18.1,45.3,156.0,8.1,91.2,0.072378,0.007238,0.03015,1.109217,0.033443,0.180902,0.20066
2026-06-29 14:10:00,14:10,18.2,44.1,286.0,5.5,91.2,0.134118,0.013412,0.040886,1.083987,0.04432,0.245315,0.265919
2026-06-29 14:20:00,14:20,18.3,44.2,182.0,5.8,91.2,0.084841,0.008484,0.030257,1.08706,0.032891,0.181543,0.197348
2026-06-29 14:30:00,14:30,17.9,50.0,104.0,13.3,91.2,0.047498,0.00475,0.029237,1.150039,0.033624,0.175423,0.201743
2026-06-29 14:40:00,14:40,17.6,51.2,67.0,5.5,91.2,0.029752,0.002975,0.015807,1.054243,0.016664,0.094841,0.099986
2026-06-29 14:50:00,14:50,17.5,49.1,48.0,3.8,91.2,0.020594,0.002059,0.011555,1.043258,0.012055,0.069332,0.072331
2026-06-29 15:00:00,15:00,17.3,52.9,160.0,2.0,91.3,0.074414,0.007441,0.021057,1.006392,0.021192,0.126343,0.127151
2026-06-29 15:10:00,15:10,17.3,53.1,129.0,1.5,91.3,0.059537,0.005954,0.01684,0.999735,0.016836,0.101041,0.101015
2026-06-29 15:20:00,15:20,16.7,57.9,174.0,5.8,91.4,0.081199,0.00812,0.025694,1.029666,0.026456,0.154162,0.158736
2026-06-29 15:30:00,15:30,16.2,60.0,100.0,13.3,91.4,0.045699,0.00457,0.023677,1.108146,0.026237,0.14206,0.157423
2026-06-29 15:40:00,15:40,15.4,61.5,70.0,6.4,91.4,0.031301,0.00313,0.014302,1.021567,0.01461,0.085811,0.087661
2026-06-29 15:50:00,15:50,15.4,58.2,91.0,9.5,91.3,0.041334,0.004133,0.019902,1.071466,0.021324,0.119412,0.127946
2026-06-29 16:00:00,16:00,15.2,60.8,133.0,3.6,91.3,0.061527,0.006153,0.018183,0.991915,0.018036,0.109101,0.108219
2026-06-29 16:10:00,16:10,15.2,63.9,127.0,0.6,91.3,0.058689,0.005869,0.014515,0.944017,0.013702,0.087087,0.082212
2026-06-29 16:20:00,16:20,15.8,57.3,206.0,0.8,91.3,0.095229,0.009523,0.023698,0.973994,0.023081,0.142186,0.138489
2026-06-29 16:30:00,16:30,16.0,59.1,123.0,2.1,91.3,0.056721,0.005672,0.016082,0.981582,0.015786,0.096491,0.094714
2026-06-29 16:40:00,16:40,16.1,59.7,130.0,1.9,91.3,0.060092,0.006009,0.016637,0.976741,0.01625,0.099821,0.097499
2026-06-29 16:50:00,16:50,16.2,59.4,80.0,3.4,91.3,0.03609,0.003609,0.012871,0.995453,0.012812,0.077223,0.076872
2026-06-29 17:00:00,17:00,15.7,61.4,48.0,5.0,91.3,0.020747,0.002075,0.010809,1.005694,0.01087,0.064852,0.065221
2026-06-29 17:10:00,17:10,15.6,63.8,50.0,2.3,91.4,0.021738,0.002174,0.007832,0.964219,0.007552,0.046995,0.045313
2026-06-29 17:20:00,17:20,15.8,63.7,85.0,3.0,91.4,0.038541,0.003854,0.012407,0.972784,0.012069,0.074442,0.072416
2026-06-29 17:30:00,17:30,15.7,64.7,74.0,3.0,91.4,0.033273,0.003327,0.011094,0.968595,0.010746,0.066566,0.064476
2026-06-29 17:40:00,17:40,15.4,66.9,22.0,3.2,91.4,0.008335,0.000833,0.005441,0.961706,0.005233,0.032647,0.031397
2026-06-29 17:50:00,17:50,15.0,66.3,6.0,3.3,91.4,0.000636,6.4e-05,0.003864,0.965383,0.00373,0.023184,0.022381
2026-06-29 18:00:00,18:00,14.4,72.3,1.0,6.7,91.4,-0.001703,-0.000851,0.00549,0.979813,0.005379,0.032938,0.032274
2026-06-29 18:10:00,18:10,13.8,71.3,0.0,6.5,91.4,-0.013264,-0.006632,0.004166,0.981675,0.00409,0.024998,0.02454
2026-06-29 18:20:00,18:20,13.5,71.5,0.0,9.2,91.4,-0.013294,-0.006647,0.006033,1.012257,0.006107,0.036201,0.036644
2026-06-29 18:30:00,18:30,12.8,76.8,0.0,9.5,91.4,-0.013034,-0.006517,0.004734,0.993545,0.004703,0.028404,0.028221
2026-06-29 18:40:00,18:40,12.5,77.9,0.0,6.4,91.4,-0.013007,-0.006504,0.002718,0.952862,0.00259,0.016309,0.01554
2026-06-29 18:50:00,18:50,12.4,77.5,0.0,2.9,91.4,-0.013048,-0.006524,0.000542,0.913808,0.000495,0.003249,0.002969
2026-06-29 19:00:00,19:00,12.0,79.5,0.0,6.9,91.4,-0.012979,-0.00649,0.002645,0.951977,0.002518,0.015869,0.015107
2026-06-29 19:10:00,19:10,12.3,80.8,0.0,5.0,91.4,-0.012852,-0.006426,0.00145,0.924421,0.001341,0.008703,0.008045
2026-06-29 19:20:00,19:20,12.1,81.6,0.0,2.3,91.4,-0.012833,-0.006416,0.0,0.889649,0.0,0.0,0.0
2026-06-29 19:30:00,19:30,12.4,80.6,0.0,3.9,91.5,-0.012849,-0.006425,0.000872,0.912458,0.000796,0.005234,0.004776
2026-06-29 19:40:00,19:40,13.4,72.1,0.0,6.9,91.5,-0.013266,-0.006633,0.004257,0.982978,0.004185,0.025543,0.025108
2026-06-29 19:50:00,19:50,13.8,66.7,0.0,6.7,91.4,-0.013601,-0.006801,0.00521,1.003273,0.005227,0.031261,0.031363
2026-06-29 20:00:00,20:00,12.2,68.6,0.0,11.5,91.5,-0.013666,-0.006833,0.008024,1.051171,0.008434,0.048143,0.050606
2026-06-29 20:10:00,20:10,11.2,73.7,0.0,11.0,91.6,-0.01345,-0.006725,0.006033,1.023987,0.006178,0.0362,0.037068
2026-06-29 20:20:00,20:20,11.1,76.3,0.0,6.5,91.6,-0.0133,-0.00665,0.002907,0.960728,0.002793,0.017442,0.016757
2026-06-29 20:30:00,20:30,11.3,75.7,0.0,7.1,91.6,-0.013312,-0.006656,0.003395,0.970224,0.003294,0.020369,0.019763
2026-06-29 20:40:00,20:40,11.7,71.8,0.0,6.2,91.4,-0.013512,-0.006756,0.003552,0.976089,0.003467,0.021313,0.020803
2026-06-29 20:50:00,20:50,12.0,72.1,0.0,6.0,91.5,-0.013455,-0.006728,0.0034,0.972505,0.003307,0.020402,0.019841
2026-06-29 21:00:00,21:00,11.9,71.9,0.0,1.1,91.5,-0.013481,-0.00674,0.0,0.916321,0.0,0.0,0.0
2026-06-29 21:10:00,21:10,11.7,72.9,0.0,2.3,91.5,-0.01344,-0.00672,0.000399,0.926096,0.00037,0.002395,0.002218
2026-06-29 21:20:00,21:20,11.5,74.7,0.0,7.6,91.5,-0.01335,-0.006675,0.003914,0.980232,0.003837,0.023486,0.023021
2026-06-29 21:30:00,21:30,11.1,77.1,0.0,1.4,91.5,-0.013251,-0.006626,0.0,0.898028,0.0,0.0,0.0
2026-06-29 21:40:00,21:40,10.9,80.3,0.0,1.6,91.5,-0.013084,-0.006542,0.0,0.88695,0.0,0.0,0.0
2026-06-29 21:50:00,21:50,10.8,80.9,0.0,4.5,91.5,-0.013062,-0.006531,0.001081,0.918183,0.000993,0.006486,0.005956
2026-06-29 22:00:00,22:00,10.8,80.8,0.0,6.3,91.5,-0.013068,-0.006534,0.001999,0.939549,0.001878,0.011992,0.011267
2026-06-29 22:10:00,22:10,10.9,81.0,0.0,9.0,91.5,-0.013043,-0.006521,0.003189,0.970131,0.003094,0.019137,0.018565
2026-06-29 22:20:00,22:20,10.8,81.3,0.0,8.8,91.5,-0.013039,-0.006519,0.003025,0.966547,0.002923,0.018148,0.017541
2026-06-29 22:30:00,22:30,10.9,81.2,0.0,3.1,91.5,-0.013031,-0.006516,0.000301,0.900635,0.000271,0.001804,0.001625
2026-06-29 22:40:00,22:40,10.8,81.5,0.0,1.8,91.4,-0.013027,-0.006513,0.0,0.88425,0.0,0.0,0.0
2026-06-29 22:50:00,22:50,10.9,80.9,0.0,5.2,91.5,-0.013049,-0.006524,0.001447,0.926329,0.001341,0.008685,0.008045
2026-06-29 23:00:00,23:00,11.0,80.3,0.0,1.2,91.5,-0.013071,-0.006536,0.0,0.882295,0.0,0.0,0.0
2026-06-29 23:10:00,23:10,10.6,81.8,0.0,1.4,91.5,-0.013036,-0.006518,0.0,0.878338,0.0,0.0,0.0
2026-06-29 23:20:00,23:20,10.8,80.1,0.0,2.9,91.5,-0.013109,-0.006555,0.000275,0.902916,0.000248,0.001649,0.001489
2026-06-29 23:30:00,23:30,10.2,83.1,0.0,1.7,91.5,-0.013014,-0.006507,0.0,0.876383,0.0,0.0,0.0
2026-06-29 23:40:00,23:40,9.9,85.1,0.0,1.3,91.5,-0.012942,-0.006471,0.0,0.86335,0.0,0.0,0.0
2026-06-29 23:50:00,23:50,10.1,83.5,0.0,4.9,91.5,-0.013005,-0.006502,0.000906,0.911946,0.000826,0.005434,0.004956
2026-06-30 00:00:00,00:00,10.1,83.6,0.0,3.2,91.5,-0.012999,-0.0065,0.000122,0.891744,0.000109,0.000734,0.000654
2026-06-30 00:10:00,00:10,9.7,84.5,0.0,1.9,91.5,-0.013001,-0.0065,0.0,0.872846,0.0,0.0,0.0
2026-06-30 00:20:00,00:20,9.7,85.4,0.0,0.7,91.5,-0.012952,-0.006476,0.0,0.855111,0.0,0.0,0.0
2026-06-30 00:30:00,00:30,9.3,86.3,0.0,0.0,91.5,-0.012954,-0.006477,0.0,0.843194,0.0,0.0,0.0
2026-06-30 00:40:00,00:40,9.0,87.1,0.0,2.3,91.5,-0.012949,-0.006475,0.0,0.866608,0.0,0.0,0.0
2026-06-30 00:50:00,00:50,8.9,87.9,0.0,2.3,91.5,-0.01292,-0.00646,0.0,0.863257,0.0,0.0,0.0
2026-06-30 01:00:00,01:00,8.4,87.6,0.0,4.8,91.5,-0.012995,-0.006497,0.000286,0.893606,0.000256,0.001718,0.001535
2026-06-30 01:10:00,01:10,8.5,87.4,0.0,4.4,91.5,-0.012993,-0.006497,0.000182,0.889789,0.000162,0.001094,0.000973
2026-06-30 01:20:00,01:20,8.3,89.4,0.0,7.4,91.5,-0.012916,-0.006458,0.000738,0.916321,0.000676,0.004428,0.004057
2026-06-30 01:30:00,01:30,7.6,88.9,0.0,6.4,91.5,-0.01302,-0.00651,0.000542,0.906779,0.000492,0.003254,0.002951
2026-06-30 01:40:00,01:40,7.4,89.5,0.0,6.2,91.5,-0.013012,-0.006506,0.000396,0.901938,0.000357,0.002373,0.00214
2026-06-30 01:50:00,01:50,7.4,89.7,0.0,6.6,91.5,-0.013003,-0.006501,0.000462,0.905755,0.000418,0.002772,0.002511
2026-06-30 02:00:00,02:00,7.3,89.7,0.0,3.0,91.5,-0.013013,-0.006507,0.0,0.863862,0.0,0.0,0.0
2026-06-30 02:10:00,02:10,7.5,89.6,0.0,6.4,91.5,-0.012997,-0.006498,0.000433,0.903847,0.000391,0.002595,0.002346
2026-06-30 02:20:00,02:20,7.5,89.1,0.0,6.3,91.5,-0.013021,-0.00651,0.000483,0.904777,0.000437,0.002899,0.002623
2026-06-30 02:30:00,02:30,7.7,88.8,0.0,5.9,91.5,-0.013014,-0.006507,0.000429,0.901379,0.000387,0.002574,0.00232
2026-06-30 02:40:00,02:40,7.9,87.8,0.0,4.6,91.5,-0.013041,-0.00652,0.000187,0.890441,0.000167,0.001123,0.001
2026-06-30 02:50:00,02:50,8.0,87.0,0.0,1.8,91.5,-0.013069,-0.006535,0.0,0.861208,0.0,0.0,0.0
2026-06-30 03:00:00,03:00,8.0,85.4,0.0,1.9,91.5,-0.013149,-0.006575,0.0,0.869075,0.0,0.0,0.0
2026-06-30 03:10:00,03:10,7.1,87.9,0.0,1.2,91.5,-0.013118,-0.006559,0.0,0.850456,0.0,0.0,0.0
2026-06-30 03:20:00,03:20,6.9,89.2,0.0,2.4,91.5,-0.013077,-0.006539,0.0,0.858974,0.0,0.0,0.0
2026-06-30 03:30:00,03:30,6.9,89.7,0.0,1.9,91.5,-0.013054,-0.006527,0.0,0.851061,0.0,0.0,0.0
2026-06-30 03:40:00,03:40,7.2,90.4,0.0,0.7,91.5,-0.012991,-0.006495,0.0,0.834164,0.0,0.0,0.0
2026-06-30 03:50:00,03:50,7.4,90.5,0.0,2.1,91.5,-0.012965,-0.006482,0.0,0.850037,0.0,0.0,0.0
2026-06-30 04:00:00,04:00,7.8,90.2,0.0,3.4,91.5,-0.012935,-0.006467,0.0,0.866422,0.0,0.0,0.0
2026-06-30 04:10:00,04:10,7.6,90.0,0.0,3.8,91.5,-0.012967,-0.006483,0.0,0.871915,0.0,0.0,0.0
2026-06-30 04:20:00,04:20,7.7,88.9,0.0,3.6,91.6,-0.013009,-0.006504,0.0,0.874195,0.0,0.0,0.0
2026-06-30 04:30:00,04:30,7.5,89.1,0.0,2.4,91.5,-0.013021,-0.00651,0.0,0.859393,0.0,0.0,0.0
2026-06-30 04:40:00,04:40,7.5,88.8,0.0,2.2,91.5,-0.013035,-0.006517,0.0,0.858323,0.0,0.0,0.0
2026-06-30 04:50:00,04:50,7.1,88.6,0.0,0.4,91.6,-0.013085,-0.006543,0.0,0.838214,0.0,0.0,0.0
2026-06-30 05:00:00,05:00,6.7,88.9,1.0,3.3,91.6,-0.01263,-0.006315,0.0,0.870704,0.0,0.0,0.0
2026-06-30 05:10:00,05:10,6.3,89.6,4.0,1.8,91.6,-0.011195,-0.005598,0.0,0.850316,0.0,0.0,0.0
2026-06-30 05:20:00,05:20,6.3,90.6,13.0,1.7,91.6,-0.037329,-0.003733,0.0,0.844963,0.0,0.0,0.0
2026-06-30 05:30:00,05:30,6.7,91.0,29.0,0.9,91.6,-0.022058,-0.002206,0.0,0.833978,0.0,0.0,0.0
2026-06-30 05:40:00,05:40,6.9,90.9,47.0,1.5,91.6,-0.003946,-0.000395,0.0,0.841379,0.0,0.0,0.0
2026-06-30 05:50:00,05:50,7.3,90.6,68.0,6.8,91.6,0.007709,0.000771,0.002784,0.904312,0.002518,0.016705,0.015107
2026-06-30 06:00:00,06:00,7.8,89.8,84.0,2.7,91.6,0.018456,0.001846,0.004148,0.859952,0.003567,0.024886,0.0214
2026-06-30 06:10:00,06:10,8.4,88.9,97.0,3.2,91.6,0.02764,0.002764,0.006083,0.869541,0.005289,0.036495,0.031734
2026-06-30 06:20:00,06:20,8.9,88.1,106.0,0.3,91.6,0.035098,0.00351,0.007246,0.839145,0.00608,0.043475,0.036482
2026-06-30 06:30:00,06:30,9.6,86.9,157.0,3.0,91.6,0.051391,0.005139,0.011013,0.875592,0.009643,0.066081,0.05786
2026-06-30 06:40:00,06:40,10.4,84.6,189.0,5.3,91.6,0.064694,0.006469,0.014281,0.911992,0.013024,0.085686,0.078145
2026-06-30 06:50:00,06:50,10.8,81.7,208.0,2.5,91.6,0.074527,0.007453,0.01639,0.891558,0.014612,0.098339,0.087675
2026-06-30 07:00:00,07:00,11.4,80.3,248.0,3.1,91.6,0.090783,0.009078,0.020143,0.904405,0.018218,0.120859,0.109306
2026-06-30 07:10:00,07:10,12.0,77.1,302.0,6.8,91.6,0.111753,0.011175,0.025384,0.960868,0.024391,0.152304,0.146344
2026-06-30 07:20:00,07:20,12.5,74.2,340.0,2.6,91.6,0.128083,0.012808,0.028998,0.924141,0.026798,0.173987,0.160789
2026-06-30 07:30:00,07:30,13.0,71.7,340.0,3.5,91.6,0.13167,0.013167,0.030494,0.945088,0.02882,0.182964,0.172917
2026-06-30 07:40:00,07:40,13.3,72.3,379.0,4.9,91.6,0.148849,0.014885,0.034373,0.958866,0.032959,0.206236,0.197752
2026-06-30 07:50:00,07:50,13.5,72.0,368.0,4.2,91.6,0.148022,0.014802,0.034359,0.951977,0.032709,0.206155,0.196255
2026-06-30 08:00:00,08:00,13.7,69.2,412.0,2.4,91.6,0.166402,0.01664,0.03854,0.942761,0.036334,0.231242,0.218006
2026-06-30 08:10:00,08:10,14.2,66.3,443.0,2.9,91.6,0.180182,0.018018,0.042326,0.960728,0.040664,0.253956,0.243983
2026-06-30 08:20:00,08:20,15.6,62.2,474.0,2.5,91.7,0.194015,0.019401,0.047087,0.97325,0.045828,0.282523,0.274966
2026-06-30 08:30:00,08:30,16.1,57.9,489.0,3.0,91.7,0.201368,0.020137,0.049858,0.997082,0.049713,0.299148,0.298275
2026-06-30 08:40:00,08:40,17.0,58.6,512.0,5.4,91.7,0.212843,0.021284,0.054235,1.022079,0.055433,0.325412,0.332597
2026-06-30 08:50:00,08:50,17.1,57.7,536.0,0.3,91.7,0.224029,0.022403,0.055192,0.9665,0.053344,0.331155,0.320061
2026-06-30 09:00:00,09:00,17.0,56.2,561.0,4.3,91.7,0.235349,0.023535,0.059263,1.019332,0.060408,0.355577,0.362451
2026-06-30 09:10:00,09:10,17.1,55.8,587.0,4.1,91.7,0.247337,0.024734,0.062088,1.018681,0.063248,0.37253,0.379489
2026-06-30 09:20:00,09:20,17.1,55.7,623.0,5.0,91.7,0.263287,0.026329,0.065891,1.029573,0.06784,0.395348,0.40704
2026-06-30 09:30:00,09:30,17.6,56.7,667.0,0.3,91.7,0.282922,0.028292,0.07023,0.97069,0.068171,0.421378,0.409028
2026-06-30 09:40:00,09:40,18.3,53.2,681.0,5.8,91.7,0.289465,0.028946,0.074233,1.049356,0.077897,0.4454,0.467383
2026-06-30 09:50:00,09:50,17.7,54.8,688.0,1.9,91.7,0.293926,0.029393,0.073354,0.997268,0.073153,0.440123,0.438921
2026-06-30 10:00:00,10:00,17.2,56.7,675.0,7.9,91.7,0.29024,0.029024,0.072031,1.059131,0.07629,0.432185,0.45774
2026-06-30 10:10:00,10:10,18.0,54.2,717.0,3.3,91.7,0.30819,0.030819,0.077421,1.016074,0.078665,0.464526,0.471993
2026-06-30 10:20:00,10:20,18.3,53.2,575.0,2.1,91.7,0.2512,0.02512,0.064094,1.006299,0.064497,0.384563,0.386985
2026-06-30 10:30:00,10:30,18.8,50.8,719.0,7.5,91.7,0.310547,0.031055,0.080721,1.079193,0.087114,0.484327,0.522682
2026-06-30 10:40:00,10:40,19.2,51.6,732.0,8.5,91.7,0.317136,0.031714,0.082909,1.087479,0.090162,0.497456,0.540973
2026-06-30 10:50:00,10:50,19.5,52.4,743.0,8.0,91.7,0.322802,0.03228,0.084398,1.078309,0.091007,0.506386,0.54604
2026-06-30 11:00:00,11:00,19.6,49.3,753.0,3.0,91.6,0.326867,0.032687,0.084935,1.03311,0.087747,0.509611,0.526484
2026-06-30 11:10:00,11:10,19.5,51.8,759.0,9.6,91.6,0.330626,0.033063,0.086573,1.099441,0.095182,0.519437,0.571091
2026-06-30 11:20:00,11:20,20.0,50.9,772.0,3.7,91.7,0.336532,0.033653,0.087885,1.034553,0.090922,0.527312,0.545533
2026-06-30 11:30:00,11:30,20.3,49.8,788.0,10.9,91.6,0.343474,0.034347,0.09192,1.122948,0.103222,0.551521,0.61933
2026-06-30 11:40:00,11:40,20.4,47.5,602.0,5.3,91.6,0.266231,0.026623,0.07307,1.067416,0.077996,0.43842,0.467976
2026-06-30 11:50:00,11:50,20.3,49.4,807.0,10.3,91.6,0.352016,0.035202,0.093782,1.117642,0.104815,0.562693,0.628889
2026-06-30 12:00:00,12:00,20.9,48.1,782.0,9.2,91.6,0.341752,0.034175,0.092948,1.110287,0.103199,0.557686,0.619192
2026-06-30 12:10:00,12:10,21.0,46.9,774.0,9.1,91.6,0.33831,0.033831,0.092733,1.114151,0.103318,0.556398,0.619911
2026-06-30 12:20:00,12:20,21.0,47.0,846.0,4.3,91.6,0.368367,0.036837,0.098105,1.057874,0.103783,0.588629,0.622696
2026-06-30 12:30:00,12:30,21.2,47.0,842.0,6.5,91.6,0.36683,0.036683,0.098773,1.083475,0.107019,0.592641,0.642112
2026-06-30 12:40:00,12:40,20.9,48.9,721.0,13.3,91.6,0.316871,0.031687,0.08859,1.154647,0.10229,0.531538,0.613739
2026-06-30 12:50:00,12:50,21.3,48.3,826.0,4.1,91.6,0.360476,0.036048,0.096447,1.0501,0.101279,0.578684,0.607676
2026-06-30 13:00:00,13:00,21.7,48.7,587.0,4.6,91.6,0.261013,0.026101,0.072923,1.054243,0.076879,0.437538,0.461272
2026-06-30 13:10:00,13:10,20.8,49.3,329.0,14.4,91.5,0.153388,0.015339,0.055,1.165772,0.064118,0.330002,0.384708
2026-06-30 13:20:00,13:20,21.0,50.3,790.0,14.1,91.5,0.345171,0.034517,0.094308,1.158092,0.109217,0.565847,0.655303
2026-06-30 13:30:00,13:30,20.4,50.3,315.0,7.6,91.5,0.147279,0.014728,0.046805,1.082451,0.050664,0.28083,0.303985
2026-06-30 13:40:00,13:40,21.6,47.0,705.0,13.5,91.5,0.308357,0.030836,0.089227,1.164935,0.103944,0.535362,0.623662
2026-06-30 13:50:00,13:50,22.4,46.7,723.0,9.6,91.5,0.315488,0.031549,0.090619,1.120807,0.101566,0.543711,0.609395
2026-06-30 14:00:00,14:00,22.8,42.0,633.0,11.2,91.5,0.276691,0.027669,0.085394,1.159116,0.098982,0.512367,0.593893
2026-06-30 14:10:00,14:10,21.8,39.7,232.0,11.5,91.4,0.108816,0.010882,0.047836,1.172243,0.056075,0.287015,0.336451
2026-06-30 14:20:00,14:20,21.6,42.2,191.0,11.6,91.4,0.089188,0.008919,0.042466,1.162933,0.049385,0.254797,0.296312
2026-06-30 14:30:00,14:30,21.1,44.3,105.0,8.9,91.4,0.047942,0.004794,0.02832,1.122715,0.031796,0.169922,0.190774
2026-06-30 14:40:00,14:40,20.4,47.7,61.0,6.5,91.4,0.026874,0.002687,0.018504,1.080543,0.019994,0.111023,0.119965
2026-06-30 14:50:00,14:50,19.4,38.4,48.0,11.6,91.3,0.020424,0.002042,0.027333,1.178852,0.032221,0.163996,0.193327
2026-06-30 15:00:00,15:00,18.7,41.5,37.0,5.7,91.3,0.015196,0.00152,0.01516,1.097207,0.016633,0.090958,0.0998
2026-06-30 15:10:00,15:10,18.2,43.7,43.0,11.1,91.3,0.01811,0.001811,0.023365,1.15083,0.026889,0.140191,0.161337
2026-06-30 15:20:00,15:20,18.2,44.3,60.0,14.4,91.3,0.026281,0.002628,0.028973,1.186719,0.034383,0.173838,0.206297
2026-06-30 15:30:00,15:30,18.4,45.7,404.0,3.1,91.4,0.176611,0.017661,0.047942,1.049356,0.050309,0.287654,0.301851
2026-06-30 15:40:00,15:40,19.0,42.1,155.0,13.1,91.4,0.071853,0.007185,0.038079,1.180807,0.044964,0.228474,0.269784
2026-06-30 15:50:00,15:50,17.7,44.7,84.0,14.7,91.3,0.0378,0.00378,0.030897,1.188534,0.036722,0.185381,0.220332
2026-06-30 16:00:00,16:00,17.1,49.2,66.0,4.8,91.4,0.029228,0.002923,0.014877,1.054476,0.015688,0.089265,0.094127
2026-06-30 16:10:00,16:10,16.4,52.5,67.0,6.9,91.4,0.029749,0.002975,0.016844,1.065089,0.017941,0.101066,0.107644
2026-06-30 16:20:00,16:20,15.9,60.2,21.0,12.3,91.6,0.007774,0.000777,0.015559,1.095671,0.017047,0.093354,0.102285
2026-06-30 16:30:00,16:30,16.4,55.7,74.0,5.2,91.6,0.033159,0.003316,0.014912,1.0319,0.015388,0.089474,0.092328
2026-06-30 16:40:00,16:40,16.3,57.8,36.0,7.2,91.6,0.014948,0.001495,0.012859,1.046377,0.013455,0.077154,0.080732
2026-06-30 16:50:00,16:50,15.8,59.3,37.0,6.6,91.6,0.015439,0.001544,0.011809,1.03311,0.0122,0.070857,0.073203
2026-06-30 17:00:00,17:00,15.8,59.2,44.0,3.8,91.5,0.018798,0.00188,0.009401,1.000946,0.00941,0.056404,0.056458
2026-06-30 17:10:00,17:10,16.3,52.7,48.0,8.0,91.5,0.02063,0.002063,0.016176,1.077052,0.017423,0.097057,0.104536
2026-06-30 17:20:00,17:20,16.9,47.4,41.0,1.2,91.4,0.017194,0.001719,0.00643,1.020124,0.006559,0.038579,0.039355
2026-06-30 17:30:00,17:30,16.5,55.5,55.0,4.0,91.5,0.024038,0.002404,0.011483,1.018774,0.011698,0.068897,0.07019
2026-06-30 17:40:00,17:40,15.9,57.9,30.0,3.4,91.5,0.012061,0.001206,0.007594,1.001737,0.007607,0.045564,0.045643
2026-06-30 17:50:00,17:50,15.2,61.7,7.0,0.5,91.5,0.001059,0.000106,0.000936,0.95207,0.000891,0.005614,0.005345
2026-06-30 18:00:00,18:00,14.4,66.6,1.0,4.6,91.6,-0.001774,-0.000887,0.004717,0.979254,0.004619,0.028301,0.027714
2026-06-30 18:10:00,18:10,13.5,71.6,0.0,2.3,91.6,-0.013287,-0.006643,0.000553,0.931543,0.000515,0.003316,0.003089
2026-06-30 18:20:00,18:20,13.0,74.1,0.0,1.4,91.5,-0.013186,-0.006593,0.0,0.910596,0.0,0.0,0.0
2026-06-30 18:30:00,18:30,12.9,74.2,0.0,0.9,91.5,-0.013194,-0.006597,0.0,0.904359,0.0,0.0,0.0
2026-06-30 18:40:00,18:40,12.6,75.4,0.0,0.3,91.5,-0.013157,-0.006578,0.0,0.892349,0.0,0.0,0.0
2026-06-30 18:50:00,18:50,12.7,74.4,0.0,1.7,91.5,-0.013209,-0.006604,0.0,0.91283,0.0,0.0,0.0
2026-06-30 19:00:00,19:00,12.5,75.5,0.0,1.7,91.6,-0.013164,-0.006582,0.0,0.908222,0.0,0.0,0.0
2026-06-30 19:10:00,19:10,12.5,75.2,0.0,3.5,91.6,-0.013184,-0.006592,0.001194,0.930425,0.001111,0.007165,0.006667
2026-06-30 19:20:00,19:20,13.0,72.3,0.0,0.9,91.6,-0.013309,-0.006655,0.0,0.912318,0.0,0.0,0.0
2026-06-30 19:30:00,19:30,13.6,69.0,0.0,0.0,91.7,-0.013459,-0.00673,0.0,0.91567,0.0,0.0,0.0
2026-06-30 19:40:00,19:40,13.8,67.6,0.0,0.3,91.7,-0.013535,-0.006767,0.0,0.925026,0.0,0.0,0.0
2026-06-30 19:50:00,19:50,13.8,67.6,0.0,1.2,91.7,-0.013535,-0.006767,0.0,0.935499,0.0,0.0,0.0
2026-06-30 20:00:00,20:00,13.6,68.3,0.0,3.7,91.7,-0.01351,-0.006755,0.002175,0.961659,0.002091,0.013048,0.012548
2026-06-30 20:10:00,20:10,13.1,74.6,0.0,4.1,91.7,-0.013137,-0.006569,0.001752,0.939921,0.001647,0.010512,0.00988
2026-06-30 20:20:00,20:20,13.0,78.4,0.0,1.4,91.6,-0.012897,-0.006448,0.0,0.892582,0.0,0.0,0.0
2026-06-30 20:30:00,20:30,13.2,75.7,0.0,6.6,91.7,-0.013047,-0.006523,0.003337,0.964406,0.003218,0.020023,0.019311
2026-06-30 20:40:00,20:40,13.5,73.7,0.0,0.9,91.7,-0.013139,-0.006569,0.0,0.906453,0.0,0.0,0.0
2026-06-30 20:50:00,20:50,13.4,73.1,0.0,0.4,91.7,-0.013196,-0.006598,0.0,0.903148,0.0,0.0,0.0
2026-06-30 21:00:00,21:00,13.4,74.3,0.0,2.6,91.7,-0.013112,-0.006556,0.000618,0.923723,0.000571,0.003709,0.003426
2026-06-30 21:10:00,21:10,13.7,66.3,0.0,6.0,91.7,-0.013644,-0.006822,0.004645,0.996803,0.00463,0.027868,0.027779
2026-06-30 21:20:00,21:20,14.0,70.5,0.0,9.6,91.8,-0.013292,-0.006646,0.006706,1.021101,0.006847,0.040234,0.041083
2026-06-30 21:30:00,21:30,13.5,71.9,0.0,4.9,91.8,-0.013266,-0.006633,0.002773,0.960542,0.002664,0.01664,0.015984
2026-06-30 21:40:00,21:40,13.3,73.3,0.0,3.9,91.8,-0.013197,-0.006598,0.001767,0.94304,0.001667,0.010604,0.01
2026-06-30 21:50:00,21:50,13.2,74.3,0.0,4.0,91.7,-0.013143,-0.006571,0.001719,0.940014,0.001616,0.010315,0.009696
2026-06-30 22:00:00,22:00,12.5,80.1,0.0,0.9,91.7,-0.012865,-0.006433,0.0,0.879642,0.0,0.0,0.0
2026-06-30 22:10:00,22:10,12.7,77.5,0.0,0.7,91.7,-0.013003,-0.006502,0.0,0.888206,0.0,0.0,0.0
2026-06-30 22:20:00,22:20,12.7,79.1,0.0,4.5,91.7,-0.012898,-0.006449,0.001431,0.925724,0.001324,0.008584,0.007947
2026-06-30 22:30:00,22:30,12.8,78.5,0.0,9.4,91.7,-0.012922,-0.006461,0.004263,0.985259,0.0042,0.025579,0.025202
2026-06-30 22:40:00,22:40,13.0,73.2,0.0,6.2,91.8,-0.013247,-0.006624,0.003498,0.970224,0.003393,0.020986,0.020361
2026-06-30 22:50:00,22:50,13.6,69.9,0.0,1.4,91.8,-0.013394,-0.006697,0.0,0.928191,0.0,0.0,0.0
2026-06-30 23:00:00,23:00,13.7,69.2,0.0,1.5,91.8,-0.013431,-0.006715,0.0,0.932287,0.0,0.0,0.0
2026-06-30 23:10:00,23:10,13.9,66.1,0.0,8.8,91.8,-0.013633,-0.006817,0.007193,1.030224,0.007411,0.043161,0.044465
2026-06-30 23:20:00,23:20,13.4,70.8,0.0,10.1,91.9,-0.013358,-0.006679,0.006829,1.025663,0.007004,0.040972,0.042024
2026-06-30 23:30:00,23:30,13.0,73.7,0.0,18.9,91.9,-0.013213,-0.006607,0.010416,1.115919,0.011623,0.062494,0.069738
2026-06-30 23:40:00,23:40,13.8,65.3,0.0,3.5,91.8,-0.013706,-0.006853,0.002313,0.9719,0.002248,0.013879,0.013489
2026-06-30 23:50:00,23:50,14.5,58.9,0.0,4.6,91.7,-0.014124,-0.007062,0.00443,1.011512,0.004481,0.026581,0.026887
2026-07-01 00:00:00,00:00,14.2,60.4,0.0,1.7,91.7,-0.014037,-0.007019,0.000554,0.971481,0.000538,0.003323,0.003228
2026-07-01 00:10:00,00:10,14.3,57.0,0.0,3.7,91.7,-0.014302,-0.007151,0.003494,1.008999,0.003525,0.020961,0.02115
2026-07-01 00:20:00,00:20,14.1,61.4,0.0,0.5,91.8,-0.01397,-0.006985,0.0,0.953327,0.0,0.0,0.0
2026-07-01 00:30:00,00:30,13.3,63.5,0.0,3.5,91.7,-0.013902,-0.006951,0.002451,0.979441,0.002401,0.014707,0.014404
2026-07-01 00:40:00,00:40,13.0,65.0,0.0,1.5,91.7,-0.013827,-0.006913,6.4e-05,0.949883,6.1e-05,0.000385,0.000366
2026-07-01 00:50:00,00:50,12.5,69.2,0.0,5.0,91.8,-0.013589,-0.006794,0.003132,0.973017,0.003047,0.018791,0.018284
2026-07-01 01:00:00,01:00,11.5,74.4,0.0,5.1,91.8,-0.013369,-0.006684,0.002363,0.952396,0.002251,0.014181,0.013505
2026-07-01 01:10:00,01:10,11.1,76.4,0.0,3.5,91.7,-0.013294,-0.006647,0.001,0.925398,0.000925,0.005999,0.005552
2026-07-01 01:20:00,01:20,10.8,77.6,0.0,3.8,91.7,-0.013258,-0.006629,0.001059,0.923862,0.000978,0.006353,0.005869
2026-07-01 01:30:00,01:30,11.1,75.4,0.0,5.0,91.7,-0.013356,-0.006678,0.002117,0.947043,0.002005,0.012705,0.012032
2026-07-01 01:40:00,01:40,10.0,79.0,0.0,3.2,91.7,-0.013272,-0.006636,0.000522,0.911015,0.000475,0.00313,0.002852
2026-07-01 01:50:00,01:50,10.6,77.8,0.0,7.4,91.7,-0.013271,-0.006635,0.003075,0.964918,0.002967,0.018447,0.0178
2026-07-01 02:00:00,02:00,10.8,75.3,0.0,7.5,91.7,-0.013398,-0.006699,0.00364,0.976555,0.003554,0.021838,0.021326
2026-07-01 02:10:00,02:10,10.1,78.1,0.0,6.0,91.7,-0.013312,-0.006656,0.002225,0.947369,0.002108,0.013349,0.012646
2026-07-01 02:20:00,02:20,9.4,81.2,0.0,3.3,91.7,-0.013217,-0.006609,0.000366,0.902962,0.00033,0.002195,0.001982
2026-07-01 02:30:00,02:30,9.0,83.4,0.0,5.1,91.7,-0.013144,-0.006572,0.000953,0.914692,0.000872,0.005717,0.00523
2026-07-01 02:40:00,02:40,8.9,83.7,0.0,3.9,91.7,-0.013139,-0.00657,0.000401,0.899471,0.000361,0.002406,0.002164
2026-07-01 02:50:00,02:50,8.5,83.1,0.0,3.0,91.7,-0.013214,-0.006607,3.8e-05,0.891511,3.4e-05,0.000229,0.000204
2026-07-01 03:00:00,03:00,8.9,84.4,0.0,2.5,91.7,-0.013102,-0.006551,0.0,0.880247,0.0,0.0,0.0
2026-07-01 03:10:00,03:10,9.3,81.7,0.0,4.0,91.7,-0.013201,-0.006601,0.000669,0.909013,0.000608,0.004011,0.003646
2026-07-01 03:20:00,03:20,9.2,81.1,0.0,2.6,91.7,-0.013245,-0.006623,0.0,0.895235,0.0,0.0,0.0
2026-07-01 03:30:00,03:30,9.3,80.3,0.0,1.2,91.7,-0.013278,-0.006639,0.0,0.882295,0.0,0.0,0.0
2026-07-01 03:40:00,03:40,9.1,80.0,0.0,2.3,91.7,-0.013316,-0.006658,0.0,0.896352,0.0,0.0,0.0
2026-07-01 03:50:00,03:50,8.5,82.3,0.0,2.4,91.7,-0.013256,-0.006628,0.0,0.887881,0.0,0.0,0.0
2026-07-01 04:00:00,04:00,8.5,82.2,0.0,1.9,91.7,-0.013261,-0.006631,0.0,0.882481,0.0,0.0,0.0
2026-07-01 04:10:00,04:10,8.3,83.0,0.0,1.3,91.8,-0.01324,-0.00662,0.0,0.872147,0.0,0.0,0.0
2026-07-01 04:20:00,04:20,7.8,84.0,0.0,3.1,91.8,-0.013239,-0.00662,2e-06,0.888905,2e-06,1.3e-05,1.1e-05
2026-07-01 04:30:00,04:30,7.4,85.6,0.0,4.3,91.8,-0.0132,-0.0066,0.000321,0.896166,0.000287,0.001925,0.001725
2026-07-01 04:40:00,04:40,7.4,86.4,0.0,1.9,91.8,-0.013161,-0.00658,0.0,0.864886,0.0,0.0,0.0
2026-07-01 04:50:00,04:50,7.6,85.8,0.0,2.5,91.8,-0.01317,-0.006585,0.0,0.874382,0.0,0.0,0.0
2026-07-01 05:00:00,05:00,8.0,84.8,1.0,3.7,91.8,-0.012699,-0.00635,0.000235,0.892535,0.00021,0.001409,0.001258
2026-07-01 05:10:00,05:10,8.0,83.9,5.0,7.6,91.8,-0.010825,-0.005412,0.00198,0.94169,0.001864,0.011879,0.011187
2026-07-01 05:20:00,05:20,8.0,84.2,17.0,11.9,91.8,-0.035872,-0.003587,0.0,0.990472,0.0,0.0,0.0
2026-07-01 05:30:00,05:30,8.3,83.1,34.0,9.5,91.8,-0.027796,-0.00278,0.0,0.967152,0.0,0.0,0.0
2026-07-01 05:40:00,05:40,8.7,82.2,52.0,6.9,91.8,-0.007526,-0.000753,0.001827,0.940666,0.001718,0.010959,0.010309
2026-07-01 05:50:00,05:50,9.1,82.6,74.0,3.6,91.8,0.006005,0.0006,0.002864,0.900588,0.002579,0.017184,0.015475
2026-07-01 06:00:00,06:00,9.7,80.4,98.0,4.9,91.8,0.01798,0.001798,0.005939,0.924933,0.005493,0.035632,0.032957
2026-07-01 06:10:00,06:10,10.0,80.4,122.0,5.4,91.8,0.029969,0.002997,0.008382,0.930751,0.007801,0.05029,0.046808
2026-07-01 06:20:00,06:20,10.7,77.3,147.0,7.1,91.8,0.041748,0.004175,0.011831,0.963521,0.011399,0.070986,0.068396
2026-07-01 06:30:00,06:30,11.3,74.1,174.0,9.6,91.8,0.053924,0.005392,0.015787,1.006019,0.015882,0.094722,0.095293
2026-07-01 06:40:00,06:40,12.1,72.8,199.0,12.1,91.8,0.066029,0.006603,0.019472,1.040558,0.020262,0.116832,0.121571
2026-07-01 06:50:00,06:50,12.8,70.9,225.0,9.8,91.8,0.078271,0.007827,0.02187,1.021753,0.022346,0.131221,0.134075
2026-07-01 07:00:00,07:00,13.3,70.0,253.0,13.5,91.8,0.091216,0.009122,0.025952,1.06858,0.027732,0.155715,0.166394
2026-07-01 07:10:00,07:10,14.1,67.3,280.0,7.6,91.8,0.103708,0.010371,0.027656,1.011233,0.027967,0.165937,0.167801
2026-07-01 07:20:00,07:20,14.9,63.8,307.0,9.4,91.8,0.116045,0.011604,0.032356,1.046842,0.033872,0.194137,0.203231
2026-07-01 07:30:00,07:30,15.7,60.7,333.0,12.9,91.8,0.12808,0.012808,0.037959,1.100559,0.041776,0.227753,0.250655
2026-07-01 07:40:00,07:40,16.5,55.4,361.0,6.3,91.9,0.140271,0.014027,0.039078,1.045958,0.040874,0.234467,0.245243
2026-07-01 07:50:00,07:50,17.0,53.6,389.0,7.8,91.9,0.153059,0.015306,0.043731,1.070954,0.046834,0.262386,0.281003
2026-07-01 08:00:00,08:00,17.4,52.5,416.0,6.4,91.9,0.165602,0.01656,0.046122,1.05927,0.048856,0.276733,0.293135
2026-07-01 08:10:00,08:10,17.7,55.2,440.0,7.0,91.9,0.177894,0.017789,0.0489,1.054941,0.051587,0.293401,0.309521
2026-07-01 08:20:00,08:20,18.0,50.3,468.0,11.4,91.9,0.189799,0.01898,0.055827,1.126672,0.062899,0.334965,0.377395
2026-07-01 08:30:00,08:30,18.8,48.0,491.0,3.3,91.9,0.200553,0.020055,0.053874,1.042048,0.05614,0.323246,0.336838
2026-07-01 08:40:00,08:40,19.1,48.0,517.0,6.7,91.9,0.212816,0.021282,0.059809,1.081614,0.06469,0.358855,0.388142
2026-07-01 08:50:00,08:50,19.4,44.9,544.0,5.6,91.9,0.224555,0.022456,0.062673,1.0818,0.0678,0.376041,0.406801
2026-07-01 09:00:00,09:00,19.4,48.3,567.0,5.9,92.0,0.236457,0.023646,0.064911,1.071047,0.069523,0.389466,0.417137
2026-07-01 09:10:00,09:10,19.8,44.2,592.0,10.2,92.0,0.247067,0.024707,0.071934,1.138262,0.081879,0.431601,0.491276
2026-07-01 09:20:00,09:20,20.0,44.5,618.0,3.6,92.0,0.259224,0.025922,0.07003,1.060201,0.074246,0.420182,0.445477
2026-07-01 09:30:00,09:30,20.8,39.2,637.0,6.9,92.0,0.266982,0.026698,0.076902,1.120807,0.086193,0.461415,0.517157
2026-07-01 09:40:00,09:40,21.2,39.5,657.0,5.9,92.0,0.276723,0.027672,0.078825,1.107913,0.087332,0.472952,0.52399
2026-07-01 09:50:00,09:50,21.4,37.2,675.0,7.5,92.0,0.284642,0.028464,0.083057,1.136168,0.094367,0.498341,0.566199
2026-07-01 10:00:00,10:00,21.9,35.6,690.0,2.6,92.0,0.291593,0.029159,0.080694,1.085849,0.087622,0.484167,0.525732
2026-07-01 10:10:00,10:10,21.6,37.2,707.0,11.8,92.0,0.300194,0.030019,0.090572,1.186207,0.107437,0.543432,0.644623
2026-07-01 10:20:00,10:20,21.7,37.5,717.0,2.5,92.1,0.305553,0.030555,0.08363,1.076726,0.090046,0.501779,0.540279
2026-07-01 10:30:00,10:30,22.0,48.1,720.0,8.6,92.1,0.311417,0.031142,0.087856,1.103305,0.096932,0.527138,0.581594
2026-07-01 10:40:00,10:40,21.4,44.7,743.0,8.3,92.1,0.320444,0.032044,0.089698,1.114058,0.099928,0.538185,0.599569
2026-07-01 10:50:00,10:50,21.7,45.2,743.0,11.1,92.1,0.321568,0.032157,0.091818,1.144546,0.10509,0.550907,0.630538
2026-07-01 11:00:00,11:00,21.5,42.1,757.0,13.1,92.0,0.327011,0.032701,0.094876,1.180807,0.11203,0.569256,0.672182
2026-07-01 11:10:00,11:10,21.7,41.2,762.0,12.7,92.0,0.329525,0.032953,0.096039,1.179923,0.113319,0.576233,0.679911
2026-07-01 11:20:00,11:20,22.0,38.0,767.0,8.7,92.0,0.331209,0.033121,0.095666,1.146781,0.109708,0.573998,0.65825
2026-07-01 11:30:00,11:30,22.1,38.4,779.0,11.5,92.0,0.336818,0.033682,0.098955,1.177689,0.116538,0.59373,0.699229
2026-07-01 11:40:00,11:40,22.0,40.9,819.0,9.0,92.0,0.354528,0.035453,0.10027,1.138123,0.11412,0.601623,0.684721
2026-07-01 11:50:00,11:50,22.4,37.7,849.0,4.6,92.0,0.366187,0.036619,0.101774,1.100326,0.111984,0.610642,0.671905
2026-07-01 12:00:00,12:00,22.2,39.3,646.0,8.7,92.0,0.283537,0.028354,0.084664,1.141335,0.09663,0.507983,0.579778
2026-07-01 12:10:00,12:10,21.8,37.8,857.0,11.3,92.0,0.369844,0.036984,0.105648,1.177875,0.12444,0.633889,0.746642
2026-07-01 12:20:00,12:20,21.5,39.6,294.0,7.8,92.0,0.138567,0.013857,0.049142,1.129605,0.055512,0.294855,0.333069
2026-07-01 12:30:00,12:30,21.0,39.8,171.0,6.6,92.0,0.079522,0.007952,0.033135,1.114802,0.036939,0.198809,0.221632
2026-07-01 12:40:00,12:40,22.2,35.5,755.0,4.5,92.0,0.327466,0.032747,0.09217,1.108379,0.102159,0.55302,0.612956
2026-07-01 12:50:00,12:50,22.4,34.9,730.0,10.7,92.0,0.316979,0.031698,0.09595,1.183042,0.113513,0.575703,0.681081
2026-07-01 13:00:00,13:00,22.5,33.2,720.0,7.6,92.0,0.312184,0.031218,0.092665,1.154089,0.106944,0.555989,0.641661
2026-07-01 13:10:00,13:10,22.9,34.5,711.0,12.5,92.0,0.308755,0.030876,0.096937,1.205664,0.116873,0.581621,0.701239
2026-07-01 13:20:00,13:20,23.2,33.8,759.0,7.3,92.0,0.327811,0.032781,0.097198,1.148084,0.111591,0.583187,0.669548
2026-07-01 13:30:00,13:30,22.2,33.4,230.0,9.1,92.0,0.10771,0.010771,0.0467,1.170706,0.054672,0.2802,0.328032
2026-07-01 13:40:00,13:40,20.9,38.6,156.0,13.0,92.0,0.072293,0.007229,0.041571,1.194306,0.049649,0.249428,0.297894
2026-07-01 13:50:00,13:50,19.6,42.0,42.0,15.0,91.9,0.017622,0.001762,0.030362,1.203337,0.036535,0.182169,0.219211
2026-07-01 14:00:00,14:00,18.6,42.5,22.0,2.3,92.0,0.008014,0.000801,0.006901,1.053452,0.00727,0.041408,0.043621
2026-07-01 14:10:00,14:10,18.0,48.0,15.0,15.0,92.0,0.004745,0.000475,0.023875,1.178201,0.02813,0.143251,0.168778
2026-07-01 14:20:00,14:20,16.6,58.2,18.0,12.1,92.0,0.006321,0.000632,0.01619,1.101722,0.017837,0.097143,0.107024
2026-07-01 14:30:00,14:30,14.9,64.2,25.0,17.1,92.0,0.009726,0.000973,0.017339,1.134771,0.019676,0.104035,0.118056
2026-07-01 14:40:00,14:40,15.9,57.0,33.0,9.6,92.0,0.013488,0.001349,0.015177,1.077657,0.016355,0.091059,0.098131
2026-07-01 14:50:00,14:50,15.0,69.7,36.0,10.5,92.1,0.015081,0.001508,0.012075,1.034926,0.012497,0.072453,0.074983
2026-07-01 15:00:00,15:00,15.0,72.3,41.0,9.5,92.1,0.017514,0.001751,0.011151,1.012397,0.011289,0.066905,0.067734
2026-07-01 15:10:00,15:10,14.9,73.1,54.0,4.9,92.1,0.023761,0.002376,0.009274,0.955515,0.008861,0.055641,0.053166
2026-07-01 15:20:00,15:20,15.0,67.2,77.0,18.5,92.1,0.034728,0.003473,0.020956,1.138495,0.023859,0.125737,0.143151
2026-07-01 15:30:00,15:30,15.1,72.4,96.0,6.0,92.1,0.043918,0.004392,0.014351,0.971248,0.013939,0.086108,0.083632
2026-07-01 15:40:00,15:40,15.2,68.3,97.0,1.3,92.1,0.044348,0.004435,0.011641,0.93373,0.01087,0.069847,0.065218
2026-07-01 15:50:00,15:50,16.0,64.0,103.0,3.6,92.0,0.047191,0.004719,0.01493,0.97851,0.01461,0.089582,0.087657
2026-07-01 16:00:00,16:00,16.3,63.7,103.0,2.9,92.0,0.047195,0.004719,0.014406,0.97162,0.013998,0.086438,0.083985
2026-07-01 16:10:00,16:10,16.8,65.0,97.0,1.7,92.0,0.044347,0.004435,0.012604,0.95221,0.012002,0.075625,0.072011
2026-07-01 16:20:00,16:20,17.3,63.1,98.0,2.4,92.0,0.044814,0.004481,0.013715,0.968316,0.01328,0.08229,0.079683
2026-07-01 16:30:00,16:30,17.6,61.3,79.0,0.2,92.1,0.035675,0.003568,0.009097,0.950255,0.008644,0.05458,0.051865
2026-07-01 16:40:00,16:40,17.8,63.8,105.0,2.5,92.1,0.048199,0.00482,0.014699,0.966547,0.014207,0.088193,0.085243
2026-07-01 17:00:00,17:00,18.8,58.5,90.0,0.7,92.1,0.040946,0.004095,0.011344,0.967804,0.010979,0.068065,0.065873
2026-07-01 17:20:00,17:20,17.5,63.5,40.0,2.8,92.1,0.016986,0.001699,0.007667,0.971295,0.007447,0.046001,0.044681
2026-07-01 17:40:00,17:40,16.4,68.7,23.0,1.9,92.1,0.008868,0.000887,0.0042,0.939037,0.003944,0.025199,0.023662
2026-07-01 18:00:00,18:00,15.1,73.8,3.0,1.5,92.1,-0.000704,-0.000352,0.001291,0.913016,0.001179,0.007748,0.007074
2026-07-01 18:20:00,18:20,14.1,77.2,0.0,1.8,92.1,-0.012796,-0.006398,0.0,0.902264,0.0,0.0,0.0
2026-07-01 18:40:00,18:40,13.3,80.1,0.0,1.5,92.1,-0.012735,-0.006367,0.0,0.886624,0.0,0.0,0.0
2026-07-01 19:00:00,19:00,12.9,81.2,0.0,2.4,92.1,-0.01273,-0.006365,0.0,0.892489,0.0,0.0,0.0
2026-07-01 19:20:00,19:20,12.9,80.3,0.0,0.8,92.1,-0.012788,-0.006394,0.0,0.87764,0.0,0.0,0.0
2026-07-01 19:40:00,19:40,13.1,78.2,0.0,3.8,92.1,-0.012894,-0.006447,0.001132,0.921349,0.001043,0.00679,0.006256
2026-07-01 20:00:00,20:00,13.1,75.6,0.0,1.4,92.2,-0.013069,-0.006535,0.0,0.904312,0.0,0.0,0.0
2026-07-01 20:20:00,20:20,13.8,68.9,0.0,4.6,92.2,-0.013439,-0.006719,0.002982,0.969619,0.002892,0.017895,0.017351
2026-07-01 20:40:00,20:40,13.9,66.1,0.0,2.2,92.2,-0.013633,-0.006817,0.000844,0.95342,0.000805,0.005063,0.004827
2026-07-01 21:00:00,21:00,13.0,69.0,0.0,2.5,92.2,-0.01354,-0.00677,0.000916,0.944762,0.000866,0.005497,0.005193
2026-07-01 21:20:00,21:20,13.2,67.7,0.0,1.7,92.2,-0.013607,-0.006803,0.000182,0.940899,0.000171,0.00109,0.001026
2026-07-01 21:40:00,21:40,12.6,68.1,0.0,1.9,92.2,-0.013653,-0.006827,0.000353,0.94155,0.000333,0.00212,0.001996
2026-07-01 22:00:00,22:00,11.2,78.1,0.0,2.0,92.2,-0.013177,-0.006589,0.0,0.900821,0.0,0.0,0.0
2026-07-01 22:20:00,22:20,10.9,79.9,0.0,2.4,92.2,-0.013108,-0.006554,3e-06,0.897935,3e-06,2e-05,1.8e-05
2026-07-01 22:40:00,22:40,10.8,81.4,0.0,4.8,92.2,-0.013033,-0.006516,0.001186,0.91958,0.001091,0.007118,0.006546
2026-07-01 23:00:00,23:00,10.8,81.2,0.0,2.0,92.2,-0.013045,-0.006522,0.0,0.887834,0.0,0.0,0.0
2026-07-01 23:20:00,23:20,10.4,82.2,0.0,1.9,92.2,-0.013039,-0.00652,0.0,0.882481,0.0,0.0,0.0
2026-07-01 23:40:00,23:40,10.9,79.7,0.0,2.8,92.2,-0.01312,-0.00656,0.000262,0.903428,0.000237,0.001571,0.00142
2026-07-02 00:00:00,00:00,9.7,81.9,0.0,2.3,92.1,-0.013144,-0.006572,0.0,0.888393,0.0,0.0,0.0
2026-07-02 00:20:00,00:20,9.8,83.3,0.0,1.8,92.2,-0.013054,-0.006527,0.0,0.876709,0.0,0.0,0.0
2026-07-02 00:40:00,00:40,9.9,82.9,0.0,3.8,92.2,-0.013064,-0.006532,0.000479,0.901659,0.000432,0.002874,0.002591
2026-07-02 01:00:00,01:00,10.2,80.3,0.0,1.1,92.1,-0.013174,-0.006587,0.0,0.881131,0.0,0.0,0.0
2026-07-02 01:20:00,01:20,8.9,84.1,0.0,3.5,92.1,-0.013118,-0.006559,0.000194,0.89314,0.000173,0.001165,0.001041
2026-07-02 01:40:00,01:40,8.7,85.9,0.0,5.3,92.1,-0.013047,-0.006523,0.000692,0.906546,0.000627,0.004152,0.003764
2026-07-02 02:00:00,02:00,8.2,87.2,0.0,3.2,92.1,-0.013038,-0.006519,0.0,0.876662,0.0,0.0,0.0
2026-07-02 02:20:00,02:20,8.0,88.7,0.0,2.1,92.1,-0.012985,-0.006493,0.0,0.857578,0.0,0.0,0.0
2026-07-02 02:40:00,02:40,8.2,88.6,0.0,9.8,92.1,-0.012968,-0.006484,0.001469,0.947602,0.001392,0.008811,0.00835
2026-07-02 02:50:00,02:50,8.5,87.6,0.0,5.4,92.1,-0.012983,-0.006492,0.000488,0.900588,0.000439,0.002926,0.002635
2026-07-02 03:00:00,03:00,8.6,87.8,0.0,0.8,92.1,-0.012961,-0.006481,0.0,0.84622,0.0,0.0,0.0
2026-07-02 03:10:00,03:10,8.8,87.0,0.0,2.8,92.1,-0.012978,-0.006489,0.0,0.872846,0.0,0.0,0.0
2026-07-02 03:20:00,03:20,9.0,85.9,0.0,3.8,92.1,-0.013012,-0.006506,0.000148,0.889091,0.000131,0.000885,0.000787
2026-07-02 03:30:00,03:30,9.0,85.1,0.0,0.3,92.1,-0.013054,-0.006527,0.0,0.851713,0.0,0.0,0.0
2026-07-02 03:40:00,03:40,9.0,84.5,0.0,3.3,92.1,-0.013085,-0.006543,7.4e-05,0.889137,6.6e-05,0.000443,0.000394
2026-07-02 03:50:00,03:50,9.3,83.9,0.0,1.9,92.1,-0.013082,-0.006541,0.0,0.875359,0.0,0.0,0.0
2026-07-02 04:00:00,04:00,9.5,82.7,0.0,3.4,92.1,-0.013123,-0.006562,0.000292,0.897842,0.000262,0.001752,0.001573
2026-07-02 04:10:00,04:10,9.6,81.3,0.0,0.2,92.1,-0.013189,-0.006594,0.0,0.866468,0.0,0.0,0.0
2026-07-02 04:20:00,04:20,9.7,79.8,0.0,2.5,92.1,-0.013261,-0.006631,4.4e-05,0.899518,3.9e-05,0.000262,0.000235
2026-07-02 04:30:00,04:30,9.8,79.3,0.0,0.8,92.1,-0.013278,-0.006639,0.0,0.881829,0.0,0.0,0.0
2026-07-02 04:40:00,04:40,8.5,78.6,0.0,3.9,92.1,-0.013451,-0.006726,0.000907,0.920837,0.000836,0.005445,0.005014
2026-07-02 04:50:00,04:50,8.4,83.7,0.0,1.7,92.1,-0.013194,-0.006597,0.0,0.87387,0.0,0.0,0.0
2026-07-02 05:00:00,05:00,9.0,82.1,0.0,1.0,92.1,-0.013213,-0.006607,0.0,0.872427,0.0,0.0,0.0
2026-07-02 05:10:00,05:10,9.6,79.7,3.0,2.7,92.1,-0.011838,-0.005919,0.000321,0.902264,0.000289,0.001924,0.001736
2026-07-02 05:20:00,05:20,10.0,77.2,11.0,1.3,92.1,-0.039306,-0.003931,0.0,0.896445,0.0,0.0,0.0
2026-07-02 05:30:00,05:30,9.0,78.0,24.0,0.8,92.1,-0.020474,-0.002047,0.0,0.887275,0.0,0.0,0.0
2026-07-02 05:40:00,05:40,9.2,79.6,42.0,2.8,92.1,-0.004123,-0.000412,0.000847,0.903847,0.000766,0.005084,0.004595
2026-07-02 05:50:00,05:50,9.4,80.5,62.0,3.0,92.2,0.006843,0.000684,0.002981,0.902404,0.00269,0.017884,0.016138
2026-07-02 06:00:00,06:00,10.2,78.8,83.0,5.6,92.2,0.017136,0.001714,0.006399,0.939782,0.006013,0.038391,0.036079
2026-07-02 06:10:00,06:10,10.9,76.8,107.0,7.1,92.2,0.027674,0.002767,0.009463,0.965616,0.009138,0.056778,0.054826
2026-07-02 06:20:00,06:20,11.4,75.6,132.0,4.1,92.2,0.038767,0.003877,0.01057,0.935732,0.009891,0.06342,0.059345
2026-07-02 06:30:00,06:30,12.2,75.5,158.0,2.3,92.2,0.050563,0.005056,0.01237,0.915204,0.011321,0.07422,0.067926
2026-07-02 06:40:00,06:40,13.4,73.4,183.0,1.1,92.2,0.062203,0.00622,0.014784,0.910037,0.013454,0.088701,0.080722
2026-07-02 06:50:00,06:50,14.3,70.4,210.0,2.1,92.2,0.074274,0.007427,0.018518,0.934242,0.017301,0.111111,0.103804
2026-07-02 07:00:00,07:00,14.5,68.9,237.0,5.5,92.2,0.086465,0.008646,0.0232,0.980092,0.022738,0.139201,0.136429
2026-07-02 07:10:00,07:10,15.0,68.9,264.0,2.1,92.2,0.099071,0.009907,0.024489,0.940526,0.023033,0.146937,0.138198
2026-07-02 07:20:00,07:20,15.1,69.6,292.0,4.4,92.2,0.112056,0.011206,0.02836,0.964359,0.027349,0.170157,0.164093
2026-07-02 07:30:00,07:30,15.4,68.2,319.0,1.0,92.2,0.124481,0.012448,0.030029,0.930658,0.027947,0.180176,0.167682
2026-07-02 07:40:00,07:40,15.7,65.8,346.0,8.7,92.3,0.136739,0.013674,0.036303,1.030318,0.037404,0.217818,0.224421
2026-07-02 07:50:00,07:50,16.2,64.9,374.0,2.7,92.4,0.149693,0.014969,0.037332,0.964266,0.035998,0.223992,0.215988
2026-07-02 08:00:00,08:00,16.7,59.8,402.0,4.1,92.4,0.161824,0.016182,0.041781,1.001923,0.041862,0.250687,0.251169
2026-07-02 08:10:00,08:10,17.2,58.9,428.0,1.7,92.4,0.174027,0.017403,0.043788,0.977765,0.042814,0.262726,0.256884
2026-07-02 08:20:00,08:20,17.9,57.8,455.0,3.1,92.5,0.18661,0.018661,0.048287,0.998665,0.048222,0.28972,0.289333
2026-07-02 08:30:00,08:30,18.0,57.4,481.0,6.3,92.4,0.198731,0.019873,0.052867,1.037579,0.054853,0.317201,0.329121
2026-07-02 08:40:00,08:40,18.1,57.7,505.0,3.0,92.4,0.210215,0.021021,0.053991,0.99792,0.053878,0.323943,0.323269
2026-07-02 08:50:00,08:50,18.7,53.1,537.0,3.7,92.5,0.223767,0.022377,0.058773,1.025337,0.060262,0.352639,0.361574
2026-07-02 09:00:00,09:00,19.2,50.8,565.0,2.3,92.5,0.236223,0.023622,0.061709,1.018681,0.062861,0.370252,0.377169
2026-07-02 09:10:00,09:10,19.5,46.5,591.0,0.3,92.5,0.247188,0.024719,0.063448,1.013421,0.0643,0.380689,0.385798
2026-07-02 09:20:00,09:20,20.3,46.2,615.0,4.4,92.5,0.258603,0.02586,0.070568,1.062389,0.074971,0.423408,0.449824
2026-07-02 09:30:00,09:30,20.7,44.4,634.0,2.2,92.5,0.267393,0.026739,0.071684,1.044329,0.074861,0.430103,0.449169
2026-07-02 09:40:00,09:40,20.7,42.7,657.0,2.3,92.5,0.277567,0.027757,0.074464,1.052614,0.078382,0.446782,0.470289
2026-07-02 09:50:00,09:50,21.0,45.3,675.0,2.8,92.5,0.287164,0.028716,0.077403,1.04754,0.081082,0.464416,0.486495
2026-07-02 10:00:00,10:00,20.9,42.9,694.0,5.8,92.5,0.295352,0.029535,0.08183,1.092506,0.0894,0.490981,0.536399
2026-07-02 10:10:00,10:10,21.0,41.0,709.0,8.7,92.5,0.302075,0.030208,0.086092,1.134213,0.097646,0.516549,0.585877
2026-07-02 10:20:00,10:20,21.0,42.0,723.0,5.0,92.5,0.309234,0.030923,0.084894,1.086967,0.092277,0.509363,0.553661
2026-07-02 10:30:00,10:30,21.5,42.8,735.0,5.9,92.5,0.315607,0.031561,0.087713,1.094088,0.095966,0.526279,0.575796
2026-07-02 10:40:00,10:40,21.4,39.6,745.0,3.4,92.5,0.319548,0.031955,0.087191,1.078402,0.094027,0.523149,0.564165
2026-07-02 10:50:00,10:50,21.6,39.9,754.0,6.7,92.5,0.324267,0.032427,0.091185,1.115547,0.101722,0.547112,0.61033
2026-07-02 11:00:00,11:00,21.8,42.7,762.0,9.6,92.5,0.329326,0.032933,0.093788,1.137564,0.10669,0.562727,0.640138
2026-07-02 11:10:00,11:10,21.6,40.1,771.0,3.1,92.5,0.33278,0.033278,0.090488,1.072816,0.097077,0.542929,0.582463
2026-07-02 11:20:00,11:20,21.7,41.7,776.0,2.6,92.5,0.336009,0.033601,0.090895,1.060295,0.096376,0.54537,0.578253
2026-07-02 11:30:00,11:30,22.6,40.2,777.0,6.4,92.5,0.336753,0.033675,0.095673,1.110799,0.106273,0.574037,0.63764
2026-07-02 11:40:00,11:40,22.5,42.6,775.0,11.0,92.5,0.337133,0.033713,0.097833,1.154275,0.112926,0.586998,0.677558
2026-07-02 11:50:00,11:50,22.3,42.8,776.0,12.0,92.5,0.337887,0.033789,0.09804,1.165074,0.114224,0.588243,0.685346
2026-07-02 12:00:00,12:00,22.7,44.7,773.0,10.0,92.5,0.337668,0.033767,0.097018,1.13384,0.110003,0.582111,0.660021
2026-07-02 12:10:00,12:10,22.9,39.8,766.0,4.2,92.5,0.33346,0.033346,0.093684,1.086873,0.101823,0.562104,0.610936
2026-07-02 12:20:00,12:20,23.0,38.5,761.0,11.7,92.5,0.33112,0.033112,0.099687,1.179597,0.117591,0.598123,0.705544
2026-07-02 12:30:00,12:30,23.4,38.4,749.0,8.4,92.5,0.326313,0.032631,0.096798,1.141614,0.110505,0.580785,0.663033
2026-07-02 12:40:00,12:40,23.0,35.3,750.0,11.4,92.4,0.325538,0.032554,0.099537,1.189512,0.1184,0.59722,0.7104
2026-07-02 12:50:00,12:50,23.7,38.6,730.0,8.5,92.5,0.318507,0.031851,0.095535,1.14194,0.109095,0.573211,0.654573
2026-07-02 13:00:00,13:00,23.0,35.2,720.0,6.3,92.4,0.312931,0.031293,0.091778,1.130582,0.103763,0.550668,0.622575
2026-07-02 13:10:00,13:10,23.7,34.9,705.0,5.0,92.4,0.306617,0.030662,0.089972,1.116711,0.100473,0.539832,0.602837
2026-07-02 13:20:00,13:20,24.2,31.8,690.0,10.6,92.4,0.29926,0.029926,0.096611,1.194865,0.115437,0.579668,0.692625
2026-07-02 13:30:00,13:30,24.3,35.2,671.0,7.8,92.4,0.292257,0.029226,0.090651,1.148038,0.104071,0.543906,0.624424
2026-07-02 13:40:00,13:40,24.2,30.9,654.0,6.6,92.4,0.283484,0.028348,0.08801,1.152087,0.101395,0.528058,0.608369
2026-07-02 13:50:00,13:50,24.4,29.6,632.0,9.9,92.4,0.273675,0.027368,0.090964,1.195936,0.108787,0.545782,0.65272
2026-07-02 14:00:00,14:00,24.2,28.1,615.0,10.5,92.3,0.265715,0.026571,0.090143,1.209202,0.109001,0.540858,0.654006
2026-07-02 14:10:00,14:10,24.4,30.7,588.0,7.4,92.4,0.255042,0.025504,0.082551,1.162235,0.095944,0.495307,0.575663
2026-07-02 14:20:00,14:20,24.6,26.5,563.0,4.4,92.4,0.243096,0.02431,0.075805,1.144919,0.086791,0.454831,0.520744
2026-07-02 14:30:00,14:30,24.7,24.6,541.0,5.1,92.3,0.23301,0.023301,0.075066,1.161024,0.087153,0.450395,0.522919
2026-07-02 14:40:00,14:40,25.0,24.0,515.0,10.9,92.3,0.22176,0.022176,0.083546,1.231033,0.102848,0.501276,0.617088
2026-07-02 14:50:00,14:50,24.9,26.9,489.0,5.1,92.4,0.211441,0.021144,0.069322,1.151389,0.079816,0.415931,0.478899
2026-07-02 15:00:00,15:00,25.7,25.1,465.0,8.3,92.4,0.20069,0.020069,0.074368,1.196168,0.088956,0.446207,0.533739
2026-07-02 15:10:00,15:10,25.1,25.8,437.0,7.3,92.4,0.188916,0.018892,0.068496,1.181599,0.080935,0.410978,0.485611
2026-07-02 15:20:00,15:20,24.9,24.7,408.0,7.9,92.3,0.176398,0.01764,0.066685,1.193189,0.079568,0.400111,0.477408
2026-07-02 15:30:00,15:30,24.7,25.5,380.0,5.0,92.3,0.164734,0.016473,0.057281,1.15609,0.066222,0.343685,0.397331
2026-07-02 15:40:00,15:40,25.1,25.5,350.0,7.8,92.3,0.152228,0.015223,0.060536,1.188674,0.071958,0.363216,0.431746
2026-07-02 15:50:00,15:50,25.0,24.5,320.0,4.5,92.3,0.139604,0.01396,0.050163,1.154461,0.057912,0.30098,0.34747
2026-07-02 16:00:00,16:00,24.8,27.5,289.0,7.8,92.3,0.127288,0.012729,0.053472,1.180295,0.063113,0.320832,0.378676
2026-07-02 16:10:00,16:10,24.7,25.1,260.0,4.0,92.3,0.115108,0.011511,0.042285,1.146129,0.048464,0.253708,0.290782
2026-07-02 16:20:00,16:20,24.9,26.5,232.0,7.7,92.3,0.10387,0.010387,0.047917,1.183321,0.056701,0.287501,0.340206
2026-07-02 16:30:00,16:30,24.7,25.5,205.0,7.8,92.3,0.092912,0.009291,0.04558,1.188674,0.05418,0.273479,0.325078
2026-07-02 16:40:00,16:40,24.7,27.5,178.0,8.4,92.3,0.082293,0.008229,0.043697,1.187278,0.051881,0.262183,0.311284
2026-07-02 16:50:00,16:50,24.7,28.3,152.0,7.4,92.3,0.070164,0.007016,0.038255,1.172289,0.044846,0.229531,0.269077
2026-07-02 17:00:00,17:00,24.7,28.2,127.0,5.7,92.3,0.058161,0.005816,0.031286,1.152925,0.03607,0.187714,0.216421
2026-07-02 17:10:00,17:10,24.2,31.5,101.0,5.6,92.3,0.045772,0.004577,0.026905,1.137937,0.030616,0.161429,0.183696
2026-07-02 17:20:00,17:20,23.7,36.7,76.0,3.5,92.3,0.033904,0.00339,0.017834,1.091714,0.019469,0.107002,0.116815
2026-07-02 17:30:00,17:30,23.2,36.9,54.0,2.8,92.3,0.023338,0.002334,0.013304,1.082731,0.014405,0.079827,0.086431
2026-07-02 17:40:00,17:40,22.2,41.7,31.0,2.7,92.2,0.012391,0.001239,0.009518,1.061458,0.010103,0.057107,0.060617
2026-07-02 17:50:00,17:50,21.2,43.7,11.0,2.0,92.2,0.002811,0.000281,0.005229,1.044934,0.005464,0.031372,0.032781
2026-07-02 18:00:00,18:00,20.2,47.5,4.0,1.6,92.1,-0.000495,-0.000248,0.003252,1.024359,0.003331,0.019511,0.019987
2026-07-02 18:10:00,18:10,19.6,48.3,1.0,2.6,92.1,-0.001934,-0.000967,0.004883,1.032645,0.005043,0.0293,0.030257
2026-07-02 18:20:00,18:20,19.6,44.3,0.0,4.8,92.1,-0.014952,-0.007476,0.007879,1.075004,0.008469,0.047271,0.050817
2026-07-02 18:30:00,18:30,19.6,44.2,0.0,5.1,92.1,-0.014964,-0.007482,0.008463,1.078914,0.009131,0.050778,0.054785
2026-07-02 18:40:00,18:40,18.9,47.7,0.0,2.3,92.1,-0.01465,-0.007325,0.002589,1.031667,0.002671,0.015534,0.016026
2026-07-02 18:50:00,18:50,18.6,47.6,0.0,3.7,92.1,-0.014699,-0.00735,0.005186,1.048378,0.005437,0.031117,0.032622
2026-07-02 19:00:00,19:00,18.7,47.0,0.0,1.0,92.1,-0.014753,-0.007377,2.4e-05,1.019472,2.5e-05,0.000145,0.000148
2026-07-02 19:10:00,19:10,18.3,50.9,0.0,1.8,92.1,-0.014385,-0.007192,0.001405,1.012443,0.001423,0.00843,0.008535
2026-07-02 19:20:00,19:20,18.2,50.7,0.0,5.8,92.1,-0.014419,-0.00721,0.008168,1.059829,0.008657,0.04901,0.051943
2026-07-02 19:30:00,19:30,18.5,48.1,0.0,5.4,92.2,-0.014657,-0.007329,0.008073,1.066066,0.008606,0.048439,0.051639
2026-07-02 19:40:00,19:40,18.4,47.2,0.0,4.6,92.2,-0.014768,-0.007384,0.006822,1.060527,0.007235,0.040934,0.043411
2026-07-02 19:50:00,19:50,18.1,50.0,0.0,1.0,92.2,-0.014506,-0.007253,0.0,1.006904,0.0,0.0,0.0
2026-07-02 20:00:00,20:00,17.4,47.6,0.0,2.7,92.1,-0.01484,-0.00742,0.003209,1.036741,0.003327,0.019257,0.019964
2026-07-02 20:10:00,20:10,17.8,46.4,0.0,4.2,92.2,-0.014924,-0.007462,0.006116,1.059224,0.006479,0.036698,0.038871
2026-07-02 20:20:00,20:20,17.8,46.8,0.0,3.4,92.2,-0.014881,-0.00744,0.004622,1.048239,0.004844,0.027729,0.029067
2026-07-02 20:30:00,20:30,17.5,48.5,0.0,3.3,92.2,-0.014735,-0.007368,0.00422,1.039953,0.004388,0.025318,0.02633
2026-07-02 20:40:00,20:40,17.0,50.6,0.0,2.3,92.2,-0.01458,-0.00729,0.00223,1.019518,0.002273,0.013377,0.013638
2026-07-02 20:50:00,20:50,16.9,50.5,0.0,3.7,92.2,-0.014602,-0.007301,0.004597,1.036229,0.004764,0.027584,0.028583
2026-07-02 21:00:00,21:00,16.6,52.1,0.0,4.4,92.2,-0.014481,-0.007241,0.005457,1.037672,0.005662,0.03274,0.033973
2026-07-02 21:10:00,21:10,16.4,51.9,0.0,4.4,92.2,-0.014523,-0.007262,0.005451,1.03851,0.005661,0.032706,0.033965
2026-07-02 21:20:00,21:20,16.6,50.7,0.0,4.4,92.2,-0.014616,-0.007308,0.005652,1.043537,0.005898,0.033909,0.035386
2026-07-02 21:30:00,21:30,16.0,52.3,0.0,6.4,92.1,-0.014531,-0.007265,0.008202,1.060108,0.008695,0.049212,0.05217
2026-07-02 21:40:00,21:40,15.1,58.6,0.0,5.4,92.1,-0.014077,-0.007038,0.005571,1.022079,0.005694,0.033425,0.034163
2026-07-02 21:50:00,21:50,14.6,58.7,0.0,5.9,92.1,-0.014128,-0.007064,0.006055,1.027478,0.006222,0.036333,0.037331
2026-07-02 22:00:00,22:00,15.8,54.4,0.0,6.6,92.2,-0.01436,-0.00718,0.008009,1.053638,0.008438,0.048052,0.050629
2026-07-02 22:10:00,22:10,14.9,57.2,0.0,5.6,92.1,-0.014219,-0.00711,0.006012,1.030271,0.006194,0.036073,0.037165
2026-07-02 22:20:00,22:20,15.2,55.2,0.0,7.2,92.1,-0.014357,-0.007179,0.008437,1.057269,0.00892,0.050622,0.053521
2026-07-02 22:30:00,22:30,14.7,57.8,0.0,6.0,92.1,-0.014192,-0.007096,0.006354,1.032412,0.00656,0.038124,0.03936
2026-07-02 22:40:00,22:40,14.7,58.7,0.0,4.0,92.1,-0.014117,-0.007058,0.003751,1.005368,0.003772,0.022509,0.02263
2026-07-02 22:50:00,22:50,14.2,61.5,0.0,4.7,92.1,-0.01395,-0.006975,0.00416,1.001784,0.004167,0.024957,0.025002
2026-07-02 23:00:00,23:00,13.7,63.7,0.0,4.5,92.1,-0.01384,-0.00692,0.003571,0.99024,0.003536,0.021424,0.021215
2026-07-02 23:10:00,23:10,14.1,60.8,0.0,6.6,92.1,-0.014017,-0.007009,0.006345,1.026826,0.006516,0.038073,0.039094
2026-07-02 23:20:00,23:20,13.9,61.7,0.0,5.3,92.1,-0.01397,-0.006985,0.004752,1.007928,0.00479,0.028512,0.028738
2026-07-02 23:30:00,23:30,14.7,57.2,0.0,2.6,92.1,-0.014242,-0.007121,0.002028,0.99536,0.002018,0.012166,0.012109
2026-07-02 23:40:00,23:40,14.1,60.4,0.0,2.2,92.1,-0.014049,-0.007024,0.001219,0.977299,0.001191,0.007314,0.007148
2026-07-02 23:50:00,23:50,14.0,61.1,0.0,1.3,92.1,-0.014005,-0.007003,0.0,0.963893,0.0,0.0,0.0
2026-07-03 00:00:00,00:00,13.2,65.2,0.0,1.8,92.1,-0.013788,-0.006894,0.000414,0.952536,0.000394,0.002482,0.002364
2026-07-03 00:10:00,00:10,12.0,73.0,0.0,5.0,92.1,-0.013396,-0.006698,0.002548,0.957097,0.002439,0.015287,0.014632
2026-07-03 00:20:00,00:20,11.5,77.2,0.0,3.5,92.1,-0.013193,-0.006597,0.000951,0.922047,0.000876,0.005703,0.005259
2026-07-03 00:30:00,00:30,11.3,78.5,0.0,6.2,92.1,-0.01314,-0.00657,0.002396,0.948021,0.002272,0.014376,0.013629
2026-07-03 00:40:00,00:40,11.5,75.4,0.0,4.0,92.1,-0.013306,-0.006653,0.001482,0.935406,0.001386,0.008893,0.008318
2026-07-03 00:50:00,00:50,12.0,72.8,0.0,3.2,92.1,-0.013409,-0.006705,0.001175,0.936989,0.001101,0.007051,0.006607
2026-07-03 01:00:00,01:00,11.8,73.1,0.0,1.8,92.1,-0.013415,-0.006707,0.0,0.91944,0.0,0.0,0.0
2026-07-03 01:10:00,01:10,12.0,71.7,0.0,6.4,92.1,-0.013482,-0.006741,0.003781,0.978835,0.003701,0.022685,0.022205
2026-07-03 01:20:00,01:20,11.8,73.1,0.0,2.4,92.0,-0.013415,-0.006707,0.000483,0.926422,0.000447,0.002895,0.002682
2026-07-03 01:30:00,01:30,10.4,77.2,0.0,3.9,92.0,-0.01333,-0.006665,0.001148,0.926702,0.001064,0.006891,0.006386
2026-07-03 01:40:00,01:40,10.8,76.8,0.0,2.6,92.0,-0.013307,-0.006653,0.000343,0.913249,0.000313,0.002057,0.001878
2026-07-03 01:50:00,01:50,11.1,75.6,0.0,2.0,92.0,-0.013343,-0.006672,0.0,0.911294,0.0,0.0,0.0
2026-07-03 02:00:00,02:00,11.0,75.0,0.0,2.4,92.0,-0.013392,-0.006696,0.000329,0.918463,0.000302,0.001972,0.001811
2026-07-03 02:10:00,02:10,10.9,75.6,0.0,1.8,92.0,-0.013367,-0.006684,0.0,0.908967,0.0,0.0,0.0
2026-07-03 02:20:00,02:20,11.1,72.0,0.0,9.9,92.0,-0.013568,-0.006784,0.005849,1.018308,0.005956,0.035091,0.035734
2026-07-03 02:30:00,02:30,11.4,71.2,0.0,5.6,92.0,-0.013586,-0.006793,0.00319,0.97162,0.0031,0.019141,0.018597
2026-07-03 02:40:00,02:40,11.2,72.7,0.0,5.7,92.0,-0.013513,-0.006756,0.003007,0.9665,0.002906,0.018043,0.017438
2026-07-03 02:50:00,02:50,11.3,72.5,0.0,1.0,92.0,-0.013514,-0.006757,0.0,0.912644,0.0,0.0,0.0
2026-07-03 03:00:00,03:00,10.7,75.8,0.0,1.4,92.0,-0.013379,-0.006689,0.0,0.903474,0.0,0.0,0.0
2026-07-03 03:10:00,03:10,11.6,69.9,0.0,2.4,92.0,-0.013648,-0.006824,0.000691,0.939828,0.000649,0.004146,0.003896
2026-07-03 03:20:00,03:20,11.9,69.0,0.0,2.0,92.0,-0.013674,-0.006837,0.000378,0.938944,0.000355,0.002269,0.002131
2026-07-03 03:30:00,03:30,10.5,73.5,0.0,2.5,92.0,-0.013541,-0.00677,0.000491,0.92591,0.000454,0.002944,0.002726
2026-07-03 03:40:00,03:40,10.6,73.0,0.0,4.4,92.0,-0.013561,-0.00678,0.001977,0.950115,0.001878,0.011859,0.011268
2026-07-03 03:50:00,03:50,9.8,76.7,0.0,1.9,91.9,-0.013426,-0.006713,0.0,0.905522,0.0,0.0,0.0
2026-07-03 04:00:00,04:00,9.7,77.5,0.0,2.0,92.0,-0.013391,-0.006696,0.0,0.903334,0.0,0.0,0.0
2026-07-03 04:10:00,04:10,10.1,75.2,0.0,0.0,92.0,-0.013482,-0.006741,0.0,0.889696,0.0,0.0,0.0
2026-07-03 04:20:00,04:20,9.8,76.1,0.0,1.0,91.9,-0.013461,-0.006731,0.0,0.897563,0.0,0.0,0.0
2026-07-03 04:30:00,04:30,9.4,77.5,0.0,1.8,92.0,-0.013423,-0.006711,0.0,0.901007,0.0,0.0,0.0
2026-07-03 04:40:00,04:40,9.0,79.5,0.0,2.1,92.0,-0.013354,-0.006677,0.0,0.89612,0.0,0.0,0.0
2026-07-03 04:50:00,04:50,8.6,81.6,0.0,0.5,92.0,-0.013282,-0.006641,0.0,0.868703,0.0,0.0,0.0
2026-07-03 05:00:00,05:00,8.3,83.9,1.0,0.9,92.0,-0.012714,-0.006357,0.0,0.863722,0.0,0.0,0.0
2026-07-03 05:10:00,05:10,8.2,85.0,7.0,1.5,92.0,-0.009788,-0.000979,0.0,0.866096,0.0,0.0,0.0
2026-07-03 05:20:00,05:20,8.1,85.7,18.0,4.5,92.0,-0.035105,-0.003511,0.0,0.898075,0.0,0.0,0.0
2026-07-03 05:30:00,05:30,8.6,85.1,37.0,0.8,92.0,-0.025905,-0.002591,0.0,0.857531,0.0,0.0,0.0
2026-07-03 05:40:00,05:40,9.1,83.7,56.0,2.0,92.0,-0.011319,-0.001132,0.0,0.877361,0.0,0.0,0.0
2026-07-03 05:50:00,05:50,9.5,83.2,59.0,4.8,92.0,0.006965,0.000697,0.003482,0.912039,0.003175,0.02089,0.019053
2026-07-03 06:00:00,06:00,10.1,83.0,106.0,0.6,92.0,0.017634,0.001763,0.00398,0.864001,0.003439,0.023881,0.020634
2026-07-03 06:10:00,06:10,10.7,81.3,98.0,2.7,92.0,0.026715,0.002672,0.006845,0.895561,0.00613,0.04107,0.036781
2026-07-03 06:20:00,06:20,11.5,80.8,136.0,2.7,92.0,0.039834,0.003983,0.009709,0.897656,0.008716,0.058255,0.052293
2026-07-03 06:30:00,06:30,12.3,78.9,131.0,2.1,92.0,0.044682,0.004468,0.010845,0.898633,0.009745,0.065067,0.058471
2026-07-03 06:40:00,06:40,13.2,74.9,189.0,4.0,92.0,0.063673,0.006367,0.01628,0.937501,0.015262,0.097678,0.091573
2026-07-03 06:50:00,06:50,14.0,70.1,223.0,3.9,92.0,0.077566,0.007757,0.020104,0.956446,0.019228,0.120625,0.115371
2026-07-03 07:00:00,07:00,14.9,65.4,244.0,7.5,92.0,0.087929,0.008793,0.025504,1.018029,0.025964,0.153023,0.155782
2026-07-03 07:10:00,07:10,15.7,64.5,286.0,4.8,92.0,0.105299,0.01053,0.028308,0.990379,0.028035,0.169847,0.168213
2026-07-03 07:20:00,07:20,16.4,62.4,281.0,1.9,92.0,0.107513,0.010751,0.027553,0.96543,0.0266,0.165315,0.1596
2026-07-03 07:30:00,07:30,17.0,63.4,338.0,1.5,92.0,0.130523,0.013052,0.032985,0.956585,0.031553,0.19791,0.189318
2026-07-03 07:40:00,07:40,17.4,61.2,360.0,6.0,92.0,0.141239,0.014124,0.038734,1.018169,0.039438,0.232404,0.236626
2026-07-03 07:50:00,07:50,18.0,58.3,389.0,2.3,92.0,0.15425,0.015425,0.040252,0.987261,0.039739,0.241509,0.238433
2026-07-03 08:00:00,08:00,18.5,57.9,400.0,2.8,92.0,0.16125,0.016125,0.042725,0.994755,0.042501,0.256353,0.255008
2026-07-03 08:10:00,08:10,18.8,54.0,443.0,1.6,92.0,0.178913,0.017891,0.046642,0.997129,0.046508,0.279854,0.279051
2026-07-03 08:20:00,08:20,19.4,50.0,471.0,4.4,92.0,0.191117,0.019112,0.052951,1.04647,0.055412,0.317708,0.332472
2026-07-03 08:30:00,08:30,19.7,49.0,500.0,3.1,92.0,0.204327,0.020433,0.055423,1.035531,0.057392,0.332539,0.344355
2026-07-03 08:40:00,08:40,20.4,43.5,488.0,3.2,92.0,0.200878,0.020088,0.056082,1.059736,0.059432,0.336491,0.356591
2026-07-03 08:50:00,08:50,20.7,41.8,573.0,6.2,92.0,0.234852,0.023485,0.068019,1.101769,0.074941,0.408115,0.449648
2026-07-03 09:00:00,09:00,20.9,40.6,586.0,7.1,92.0,0.241742,0.024174,0.071066,1.117269,0.0794,0.426395,0.476398
2026-07-03 09:10:00,09:10,21.4,40.4,621.0,1.3,92.0,0.257419,0.025742,0.069451,1.050613,0.072966,0.416705,0.437795
2026-07-03 09:20:00,09:20,22.0,37.6,624.0,4.8,92.0,0.259753,0.025975,0.075168,1.103072,0.082915,0.451005,0.497491
2026-07-03 09:30:00,09:30,22.1,37.3,645.0,5.1,92.0,0.269688,0.026969,0.078135,1.10782,0.086559,0.468807,0.519354
2026-07-03 09:40:00,09:40,22.0,37.0,664.0,3.1,92.0,0.278706,0.027871,0.077996,1.085803,0.084688,0.467975,0.508129
2026-07-03 09:50:00,09:50,22.7,36.3,689.0,1.5,92.0,0.2901,0.02901,0.079948,1.070116,0.085554,0.479687,0.513321
2026-07-03 10:00:00,10:00,23.0,33.1,710.0,7.7,92.0,0.298698,0.02987,0.090511,1.155671,0.1046,0.543063,0.627603
2026-07-03 10:10:00,10:10,22.6,35.5,720.0,4.6,92.0,0.304927,0.030493,0.087339,1.109542,0.096906,0.524034,0.581438
2026-07-03 10:20:00,10:20,22.8,34.2,730.0,9.7,92.0,0.309731,0.030973,0.094455,1.174337,0.110922,0.56673,0.665533
2026-07-03 10:30:00,10:30,23.4,33.5,748.0,7.7,92.0,0.317981,0.031798,0.095715,1.153996,0.110455,0.574293,0.662732
2026-07-03 10:40:00,10:40,23.4,30.2,766.0,6.7,92.0,0.324853,0.032485,0.097154,1.156183,0.112328,0.582923,0.673966
2026-07-03 10:50:00,10:50,23.6,26.6,768.0,7.7,91.9,0.325078,0.032508,0.099841,1.182902,0.118102,0.599046,0.708613
2026-07-03 11:00:00,11:00,23.9,27.4,765.0,2.6,91.9,0.325217,0.032522,0.093052,1.120202,0.104237,0.558312,0.625422
2026-07-03 11:10:00,11:10,24.2,24.8,777.0,3.6,91.9,0.329646,0.032965,0.096536,1.142731,0.110315,0.579218,0.661891
2026-07-03 11:20:00,11:20,24.6,27.5,767.0,6.8,91.9,0.32768,0.032768,0.100864,1.168658,0.117876,0.605186,0.707256
2026-07-03 11:30:00,11:30,24.4,27.3,791.0,4.1,91.9,0.33779,0.033779,0.099312,1.138076,0.113025,0.595873,0.678149
2026-07-03 11:40:00,11:40,24.3,26.6,801.0,7.1,91.9,0.341979,0.034198,0.104494,1.17592,0.122876,0.626962,0.737257
2026-07-03 11:50:00,11:50,24.6,27.3,757.0,7.6,91.9,0.32504,0.032504,0.101367,1.178806,0.119492,0.608204,0.716954
2026-07-03 12:00:00,12:00,24.7,26.9,784.0,3.2,91.9,0.336082,0.033608,0.098051,1.129279,0.110727,0.588306,0.664361
2026-07-03 12:10:00,12:10,24.7,28.0,773.0,5.1,91.9,0.332349,0.033235,0.099709,1.146781,0.114344,0.598252,0.686063
2026-07-03 12:20:00,12:20,24.9,27.7,756.0,9.7,91.9,0.325517,0.032552,0.104716,1.201568,0.125824,0.628298,0.754943
2026-07-03 12:30:00,12:30,25.0,26.2,757.0,4.5,91.9,0.325345,0.032535,0.09785,1.147339,0.112267,0.5871,0.673603
2026-07-03 12:40:00,12:40,24.8,27.0,752.0,12.3,91.9,0.3236,0.03236,0.107613,1.234757,0.132876,0.645679,0.797256
2026-07-03 12:50:00,12:50,24.7,28.4,748.0,5.8,91.9,0.322425,0.032242,0.098098,1.153251,0.113132,0.588588,0.67879
2026-07-03 13:00:00,13:00,25.3,26.6,742.0,6.4,91.9,0.319161,0.031916,0.099611,1.167774,0.116323,0.597663,0.697936
2026-07-03 13:10:00,13:10,25.3,26.6,714.0,9.2,91.8,0.307591,0.030759,0.100907,1.200358,0.121124,0.605441,0.726746
2026-07-03 13:20:00,13:20,25.3,26.8,694.0,12.3,91.8,0.29926,0.029926,0.103164,1.235594,0.127469,0.618986,0.764815
2026-07-03 13:30:00,13:30,25.5,27.0,671.0,9.1,91.8,0.28969,0.028969,0.096631,1.197518,0.115717,0.579785,0.694303
2026-07-03 13:40:00,13:40,25.3,24.8,656.0,7.6,91.8,0.282308,0.028231,0.092817,1.189279,0.110385,0.556899,0.662309
2026-07-03 13:50:00,13:50,25.7,24.9,634.0,9.7,91.8,0.273038,0.027304,0.094652,1.213298,0.114841,0.567912,0.689046
2026-07-03 14:00:00,14:00,25.7,27.5,612.0,7.8,91.8,0.264544,0.026454,0.088546,1.180295,0.10451,0.531276,0.627063
2026-07-03 14:10:00,14:10,25.4,24.4,592.0,7.9,91.8,0.254762,0.025476,0.086789,1.194446,0.103665,0.520737,0.621992
2026-07-03 14:20:00,14:20,25.7,25.2,566.0,3.9,91.8,0.244001,0.0244,0.076683,1.144546,0.087767,0.460096,0.526602
2026-07-03 14:30:00,14:30,25.7,25.0,539.0,7.6,91.8,0.232447,0.023245,0.080959,1.188441,0.096215,0.485755,0.577292
2026-07-03 14:40:00,14:40,25.9,25.5,514.0,4.4,91.8,0.221903,0.02219,0.072075,1.149108,0.082822,0.432451,0.496933
2026-07-03 14:50:00,14:50,26.0,25.6,489.0,6.0,91.8,0.211208,0.021121,0.072689,1.167308,0.084851,0.436136,0.509105
2026-07-03 15:00:00,15:00,25.9,23.3,469.0,4.0,91.7,0.201756,0.020176,0.066297,1.15367,0.076485,0.397784,0.458911
2026-07-03 15:20:00,15:20,25.9,24.3,424.0,8.0,91.7,0.182498,0.01825,0.069768,1.196029,0.083445,0.41861,0.50067
2026-07-03 15:30:00,15:30,26.1,22.9,403.0,4.3,91.7,0.172962,0.017296,0.059665,1.158837,0.069143,0.357993,0.414855
2026-07-03 15:40:00,15:40,26.1,23.3,377.0,7.7,91.7,0.161996,0.0162,0.064556,1.196727,0.077255,0.387333,0.463532
2026-07-03 15:50:00,15:50,26.1,25.2,346.0,6.6,91.7,0.149504,0.01495,0.058396,1.175966,0.068672,0.350375,0.41203
2026-07-03 16:00:00,16:00,25.7,24.5,302.0,6.4,91.7,0.131725,0.013173,0.053212,1.176572,0.062608,0.319272,0.375646
2026-07-03 16:10:00,16:10,25.8,26.8,270.0,3.8,91.7,0.11902,0.011902,0.043295,1.13668,0.049213,0.259772,0.295277
2026-07-03 16:20:00,16:20,25.7,25.9,240.0,4.9,91.7,0.106737,0.010674,0.042881,1.153251,0.049453,0.257287,0.296717
2026-07-03 16:30:00,16:30,25.7,26.0,216.0,8.5,91.7,0.096884,0.009688,0.048833,1.194725,0.058342,0.292997,0.35005
2026-07-03 16:40:00,16:40,25.4,27.0,195.0,7.0,91.7,0.088255,0.008826,0.04269,1.17308,0.050079,0.256142,0.300476
2026-07-03 16:50:00,16:50,25.8,27.0,175.0,3.3,91.7,0.080026,0.008003,0.031635,1.130023,0.035748,0.189811,0.21449
2026-07-03 17:00:00,17:00,25.7,27.3,154.0,5.3,91.7,0.071108,0.007111,0.03435,1.152041,0.039572,0.206097,0.237433
2026-07-03 17:10:00,17:10,24.9,30.3,122.0,3.8,91.7,0.055829,0.005583,0.025633,1.122017,0.028761,0.153799,0.172565
2026-07-03 17:20:00,17:20,24.0,34.3,90.0,4.5,91.7,0.040567,0.004057,0.022326,1.113406,0.024858,0.133957,0.149148
2026-07-03 17:30:00,17:30,23.6,34.7,68.0,4.6,91.7,0.030009,0.003001,0.01965,1.112894,0.021869,0.117902,0.131212
2026-07-03 17:40:00,17:40,23.2,32.6,48.0,6.2,91.7,0.020345,0.002035,0.02121,1.140311,0.024186,0.127262,0.145118
2026-07-03 17:50:00,17:50,22.9,38.5,23.0,2.7,91.7,0.008492,0.000849,0.008974,1.074864,0.009646,0.053847,0.057878
2026-07-03 18:00:00,18:00,22.0,42.2,6.0,4.2,91.7,0.000398,4e-05,0.009592,1.076819,0.010329,0.057552,0.061973
2026-07-03 18:10:00,18:10,21.4,44.5,1.0,2.7,91.7,-0.001967,-0.000983,0.005664,1.049728,0.005945,0.033982,0.035672
2026-07-03 18:20:00,18:20,20.8,48.8,0.0,3.2,91.8,-0.014241,-0.007121,0.004407,1.037533,0.004572,0.026439,0.027431
2026-07-03 18:30:00,18:30,20.4,47.3,0.0,3.3,91.7,-0.014484,-0.007242,0.004704,1.04498,0.004916,0.028225,0.029495
2026-07-03 18:40:00,18:40,21.0,40.0,0.0,5.0,91.7,-0.015324,-0.007662,0.009276,1.095345,0.01016,0.055656,0.060962
2026-07-03 18:50:00,18:50,20.7,39.7,0.0,3.6,91.6,-0.015399,-0.007699,0.00624,1.08031,0.006741,0.037438,0.040445
2026-07-03 19:00:00,19:00,20.1,45.0,0.0,2.6,91.7,-0.014804,-0.007402,0.003494,1.04647,0.003657,0.020967,0.021941
2026-07-03 19:10:00,19:10,19.9,43.5,0.0,3.2,91.7,-0.015012,-0.007506,0.004846,1.059736,0.005136,0.029079,0.030816
2026-07-03 19:20:00,19:20,19.9,42.9,0.0,3.9,91.7,-0.015085,-0.007542,0.006345,1.070395,0.006792,0.038072,0.040752
2026-07-03 19:30:00,19:30,19.6,42.1,0.0,4.0,91.7,-0.015218,-0.007609,0.0066,1.074911,0.007095,0.039603,0.042569
2026-07-03 19:40:00,19:40,19.2,46.7,0.0,0.9,91.7,-0.014723,-0.007362,0.0,1.019565,0.0,0.0,0.0
2026-07-03 19:50:00,19:50,19.0,45.3,0.0,2.0,91.7,-0.014908,-0.007454,0.002145,1.038231,0.002227,0.012871,0.013363
2026-07-03 20:00:00,20:00,18.7,47.3,0.0,3.1,91.7,-0.01472,-0.00736,0.004105,1.042653,0.00428,0.024631,0.025681
2026-07-03 20:10:00,20:10,18.3,49.7,0.0,4.0,91.8,-0.014511,-0.007256,0.005387,1.043072,0.005619,0.032323,0.033716
2026-07-03 20:20:00,20:20,18.2,48.5,0.0,6.0,91.8,-0.014652,-0.007326,0.008885,1.071373,0.009519,0.053311,0.057116
2026-07-03 20:30:00,20:30,18.6,46.4,0.0,3.7,91.7,-0.014832,-0.007416,0.005308,1.053405,0.005592,0.03185,0.03355
2026-07-03 20:40:00,20:40,17.9,49.1,0.0,4.2,91.8,-0.014625,-0.007313,0.005743,1.047913,0.006018,0.034455,0.036106
2026-07-03 20:50:00,20:50,17.4,52.0,0.0,4.6,91.8,-0.014392,-0.007196,0.005895,1.040418,0.006133,0.035368,0.036798
2026-07-03 21:00:00,21:00,17.3,51.6,0.0,5.0,91.8,-0.014445,-0.007222,0.006556,1.046749,0.006863,0.039338,0.041177
2026-07-03 21:10:00,21:10,16.5,54.9,0.0,3.9,91.8,-0.014229,-0.007114,0.004304,1.020124,0.00439,0.025822,0.026342
2026-07-03 21:20:00,21:20,15.7,59.7,0.0,4.6,91.8,-0.013905,-0.006953,0.0045,1.008161,0.004536,0.026998,0.027219
2026-07-03 21:30:00,21:30,15.5,59.6,0.0,5.1,91.8,-0.013941,-0.00697,0.005099,1.014398,0.005173,0.030595,0.031036
2026-07-03 21:40:00,21:40,17.2,47.4,0.0,3.7,91.7,-0.014882,-0.007441,0.004979,1.049216,0.005224,0.029872,0.031342
2026-07-03 21:50:00,21:50,18.2,43.3,0.0,4.1,91.6,-0.015224,-0.007612,0.006381,1.071047,0.006834,0.038284,0.041004
2026-07-03 22:00:00,22:00,18.3,42.1,0.0,3.1,91.6,-0.015351,-0.007676,0.004566,1.064437,0.00486,0.027394,0.02916
2026-07-03 22:10:00,22:10,18.0,44.1,0.0,1.1,91.6,-0.015154,-0.007577,0.000274,1.032785,0.000283,0.001644,0.001698
2026-07-03 22:20:00,22:20,17.4,46.4,0.0,1.0,91.7,-0.014966,-0.007483,0.0,1.021985,0.0,0.0,0.0
2026-07-03 22:30:00,22:30,17.1,44.6,0.0,4.0,91.6,-0.015185,-0.007593,0.005834,1.064437,0.00621,0.035004,0.03726
2026-07-03 22:40:00,22:40,17.1,46.2,0.0,4.2,91.6,-0.015017,-0.007509,0.005983,1.060062,0.006343,0.035899,0.038056
2026-07-03 22:50:00,22:50,16.9,48.2,0.0,5.7,91.7,-0.014832,-0.007416,0.008132,1.069139,0.008694,0.048792,0.052166
2026-07-03 23:00:00,23:00,16.3,51.5,0.0,5.1,91.7,-0.014573,-0.007286,0.00652,1.048332,0.006836,0.039122,0.041013
2026-07-03 23:10:00,23:10,16.5,49.6,0.0,2.4,91.7,-0.014735,-0.007367,0.002417,1.024871,0.002477,0.014502,0.014862
2026-07-03 23:20:00,23:20,16.3,52.8,0.0,2.9,91.7,-0.01445,-0.007225,0.002971,1.017284,0.003023,0.017827,0.018135
2026-07-03 23:30:00,23:30,16.9,47.1,0.0,4.3,91.6,-0.014944,-0.007472,0.006,1.057455,0.006344,0.035999,0.038067
2026-07-03 23:40:00,23:40,16.6,49.6,0.0,3.6,91.6,-0.014724,-0.007362,0.004464,1.038836,0.004637,0.026783,0.027823
2026-07-03 23:50:00,23:50,15.9,52.7,0.0,4.9,91.6,-0.014505,-0.007252,0.005957,1.040977,0.006201,0.035744,0.037209
2026-07-04 00:00:00,00:00,15.3,53.5,0.0,5.8,91.6,-0.014497,-0.007248,0.006962,1.048099,0.007297,0.041772,0.043782
2026-07-04 00:10:00,00:10,15.3,55.4,0.0,0.8,91.6,-0.014329,-0.007164,0.0,0.981954,0.0,0.0,0.0
2026-07-04 00:20:00,00:20,15.4,55.7,0.0,0.2,91.6,-0.014291,-0.007145,0.0,0.973715,0.0,0.0,0.0
2026-07-04 00:30:00,00:30,15.5,56.4,0.0,0.0,91.6,-0.014218,-0.007109,0.0,0.968455,0.0,0.0,0.0
2026-07-04 00:40:00,00:40,15.3,57.2,0.0,2.6,91.6,-0.014172,-0.007086,0.002057,0.99536,0.002048,0.012345,0.012287
2026-07-04 00:50:00,00:50,15.2,55.7,0.0,1.8,91.6,-0.014314,-0.007157,0.000971,0.992334,0.000964,0.005826,0.005781
2026-07-04 01:00:00,01:00,14.2,59.7,0.0,5.8,91.6,-0.014093,-0.007047,0.005663,1.022125,0.005788,0.033977,0.034729
2026-07-04 01:10:00,01:10,13.1,65.9,0.0,4.2,91.6,-0.013749,-0.006875,0.002892,0.977532,0.002827,0.017352,0.016962
2026-07-04 01:20:00,01:20,13.1,66.9,0.0,5.7,91.5,-0.013677,-0.006838,0.004167,0.990798,0.004129,0.025001,0.024771
2026-07-04 01:30:00,01:30,13.3,66.3,0.0,6.6,91.5,-0.013696,-0.006848,0.005111,1.003785,0.005131,0.030669,0.030785
2026-07-04 01:40:00,01:40,12.9,69.1,0.0,3.9,91.5,-0.013546,-0.006773,0.002206,0.960635,0.002119,0.013236,0.012715
2026-07-04 01:50:00,01:50,12.6,71.9,0.0,2.6,91.5,-0.013391,-0.006696,0.000761,0.933777,0.00071,0.004564,0.004261
2026-07-04 02:00:00,02:00,13.7,64.4,0.0,0.9,91.5,-0.013787,-0.006893,0.0,0.945414,0.0,0.0,0.0
2026-07-04 02:10:00,02:10,14.7,61.0,0.0,5.5,91.5,-0.013928,-0.006964,0.005192,1.013188,0.00526,0.031149,0.03156
2026-07-04 02:20:00,02:20,14.7,61.2,0.0,5.1,91.5,-0.013912,-0.006956,0.004707,1.007695,0.004743,0.02824,0.028458
2026-07-04 02:30:00,02:30,13.8,67.1,0.0,0.3,91.5,-0.013572,-0.006786,0.0,0.927121,0.0,0.0,0.0
2026-07-04 02:40:00,02:40,13.1,69.8,0.0,0.0,91.5,-0.01347,-0.006735,0.0,0.912318,0.0,0.0,0.0
2026-07-04 02:50:00,02:50,12.3,73.9,0.0,3.3,91.4,-0.013298,-0.006649,0.001153,0.933544,0.001076,0.006918,0.006458
2026-07-04 03:00:00,03:00,11.3,78.4,0.0,3.9,91.3,-0.013146,-0.006573,0.001054,0.921674,0.000971,0.006323,0.005827
2026-07-04 03:10:00,03:10,10.9,79.8,0.0,3.5,91.3,-0.013114,-0.006557,0.000652,0.911155,0.000594,0.003911,0.003564
2026-07-04 03:20:00,03:20,10.5,80.9,0.0,3.4,91.4,-0.013101,-0.006551,0.000478,0.905383,0.000432,0.002865,0.002594
2026-07-04 03:30:00,03:30,10.3,81.5,0.0,4.3,91.4,-0.013092,-0.006546,0.000879,0.913342,0.000802,0.005271,0.004814
2026-07-04 03:40:00,03:40,10.1,82.0,0.0,2.6,91.4,-0.013089,-0.006545,0.0,0.891465,0.0,0.0,0.0
2026-07-04 03:50:00,03:50,10.6,80.9,0.0,2.3,91.4,-0.013088,-0.006544,0.0,0.892582,0.0,0.0,0.0
2026-07-04 04:00:00,04:00,11.1,79.3,0.0,4.5,91.4,-0.013118,-0.006559,0.001294,0.924886,0.001197,0.007766,0.007182
2026-07-04 04:10:00,04:10,11.4,77.0,0.0,4.1,91.4,-0.013219,-0.006609,0.001344,0.929867,0.00125,0.008066,0.007501
2026-07-04 04:20:00,04:20,12.0,72.9,0.0,1.1,91.3,-0.013403,-0.006701,0.0,0.912132,0.0,0.0,0.0
2026-07-04 04:30:00,04:30,12.3,69.8,0.0,4.0,91.3,-0.013572,-0.006786,0.002157,0.958866,0.002068,0.012943,0.012411
2026-07-04 04:40:00,04:40,12.4,68.9,0.0,2.3,91.4,-0.013622,-0.006811,0.000682,0.942854,0.000643,0.004094,0.00386
2026-07-04 04:50:00,04:50,12.3,69.9,0.0,4.4,91.4,-0.013566,-0.006783,0.002492,0.963102,0.0024,0.014953,0.014401
2026-07-04 05:00:00,05:00,12.1,70.5,1.0,2.8,91.4,-0.013069,-0.006535,0.001075,0.941969,0.001012,0.006449,0.006075
2026-07-04 05:10:00,05:10,10.6,77.4,5.0,3.3,91.5,-0.010895,-0.005447,0.001007,0.918882,0.000925,0.006043,0.005553
2026-07-04 05:20:00,05:20,10.2,81.5,8.0,4.6,91.4,-0.039843,-0.003984,0.0,0.916833,0.0,0.0,0.0
2026-07-04 05:30:00,05:30,10.3,80.7,20.0,3.6,91.4,-0.018166,-0.001817,0.0,0.908548,0.0,0.0,0.0
2026-07-04 05:40:00,05:40,10.5,81.8,61.0,2.3,91.4,-0.014218,-0.001422,0.0,0.888811,0.0,0.0,0.0
2026-07-04 05:50:00,05:50,10.7,82.0,52.0,1.5,91.4,0.007547,0.000755,0.002392,0.878664,0.002102,0.014354,0.012612
2026-07-04 06:00:00,06:00,11.0,81.4,85.0,1.3,91.4,0.01675,0.001675,0.00426,0.87885,0.003744,0.025558,0.022461
2026-07-04 06:10:00,06:10,11.8,78.9,95.0,1.4,91.4,0.026059,0.002606,0.006488,0.890487,0.005777,0.038927,0.034664
2026-07-04 06:20:00,06:20,12.0,79.3,79.0,6.7,91.5,0.029293,0.002929,0.00945,0.950488,0.008982,0.0567,0.053893
2026-07-04 06:30:00,06:30,12.9,79.2,164.0,1.9,91.5,0.052098,0.00521,0.012521,0.895049,0.011207,0.075124,0.06724
2026-07-04 06:40:00,06:40,14.3,71.4,170.0,5.7,91.4,0.058468,0.005847,0.017044,0.971946,0.016566,0.102262,0.099394
2026-07-04 06:50:00,06:50,15.4,68.3,176.0,0.5,91.4,0.064452,0.006445,0.015751,0.924421,0.01456,0.094505,0.087363
2026-07-04 07:00:00,07:00,16.3,63.5,254.0,2.2,91.4,0.090826,0.009083,0.023827,0.964312,0.022976,0.14296,0.137858
2026-07-04 07:10:00,07:10,16.8,62.6,288.0,6.9,91.5,0.105782,0.010578,0.030875,1.022777,0.031578,0.18525,0.189469
2026-07-04 07:20:00,07:20,17.2,61.5,317.0,3.3,91.5,0.119221,0.011922,0.031911,0.985492,0.031449,0.191469,0.188691
2026-07-04 07:30:00,07:30,17.8,57.3,297.0,2.2,91.5,0.115618,0.011562,0.030969,0.990286,0.030668,0.185811,0.184006
2026-07-04 07:40:00,07:40,18.7,54.5,342.0,1.4,91.4,0.133894,0.013389,0.035374,0.992707,0.035116,0.212242,0.210694
2026-07-04 07:50:00,07:50,19.3,52.1,389.0,2.4,91.4,0.153124,0.015312,0.041706,1.014398,0.042306,0.250234,0.253837
2026-07-04 08:00:00,08:00,19.5,49.8,316.0,3.9,91.5,0.12958,0.012958,0.038081,1.041489,0.039661,0.228483,0.237963
2026-07-04 08:10:00,08:10,19.7,48.0,411.0,4.6,91.5,0.16595,0.016595,0.047913,1.057176,0.050652,0.287475,0.303912
2026-07-04 08:20:00,08:20,19.9,44.1,476.0,2.3,91.4,0.191339,0.019134,0.052214,1.046749,0.054655,0.313286,0.327932
2026-07-04 08:30:00,08:30,20.7,42.0,521.0,4.3,91.5,0.210239,0.021024,0.060213,1.078821,0.064959,0.361278,0.389754
2026-07-04 08:40:00,08:40,21.4,41.1,530.0,4.0,91.5,0.216124,0.021612,0.062243,1.0791,0.067167,0.373459,0.403
2026-07-04 08:50:00,08:50,22.3,37.2,555.0,1.1,91.5,0.226839,0.022684,0.062415,1.061691,0.066266,0.374491,0.397594
2026-07-04 09:00:00,09:00,22.4,38.0,576.0,3.3,91.5,0.237402,0.02374,0.068269,1.083941,0.073999,0.409611,0.443994
2026-07-04 09:10:00,09:10,23.0,33.6,600.0,4.6,91.5,0.247182,0.024718,0.073945,1.117502,0.082634,0.443671,0.495803
2026-07-04 09:20:00,09:20,23.1,38.0,623.0,1.6,91.6,0.259807,0.025981,0.072557,1.064158,0.077212,0.435344,0.463274
2026-07-04 09:30:00,09:30,23.1,35.0,643.0,4.7,91.5,0.268258,0.026826,0.07923,1.112801,0.088168,0.475383,0.529006
2026-07-04 09:40:00,09:40,23.2,34.8,658.0,6.5,91.5,0.275803,0.02758,0.083537,1.134585,0.094779,0.501219,0.568676
2026-07-04 09:50:00,09:50,24.1,32.5,676.0,3.1,91.5,0.283792,0.028379,0.082716,1.104655,0.091373,0.496298,0.548238
2026-07-04 10:00:00,10:00,24.2,33.0,690.0,5.3,91.5,0.291052,0.029105,0.087732,1.128162,0.098976,0.526393,0.593857
2026-07-04 10:10:00,10:10,24.6,31.2,705.0,6.7,91.5,0.297708,0.029771,0.092345,1.151994,0.106381,0.554069,0.638284
2026-07-04 10:20:00,10:20,24.6,35.4,715.0,4.0,91.6,0.304739,0.030474,0.089638,1.102979,0.098869,0.53783,0.593215
2026-07-04 10:30:00,10:30,24.4,31.4,729.0,10.7,91.5,0.309734,0.030973,0.099811,1.197704,0.119544,0.598864,0.717262
2026-07-04 10:40:00,10:40,24.6,30.4,737.0,7.4,91.5,0.313612,0.031361,0.097433,1.163492,0.113362,0.584598,0.680175
2026-07-04 10:50:00,10:50,25.2,28.6,751.0,11.3,91.5,0.319519,0.031952,0.105621,1.216417,0.128479,0.633724,0.770872
2026-07-04 11:00:00,11:00,25.7,29.9,757.0,9.4,91.5,0.323532,0.032353,0.104652,1.18886,0.124416,0.627911,0.746499
2026-07-04 11:10:00,11:10,25.7,31.8,758.0,7.9,91.5,0.325545,0.032554,0.102565,1.163445,0.119328,0.615388,0.71597
2026-07-04 11:20:00,11:20,25.9,29.6,770.0,10.3,91.5,0.330125,0.033013,0.107919,1.20059,0.129567,0.647515,0.7774
2026-07-04 11:30:00,11:30,26.3,29.3,769.0,6.4,91.5,0.330269,0.033027,0.103472,1.156463,0.119662,0.620833,0.717971
2026-07-04 11:40:00,11:40,26.5,28.6,771.0,12.1,91.5,0.33129,0.033129,0.112189,1.225726,0.137513,0.673135,0.825079
2026-07-04 11:50:00,11:50,26.7,26.9,767.0,9.9,91.5,0.329312,0.032931,0.109844,1.207247,0.132609,0.659063,0.795652
2026-07-04 12:00:00,12:00,26.8,27.6,761.0,14.4,91.5,0.32755,0.032755,0.115438,1.256681,0.145069,0.69263,0.870415
2026-07-04 12:10:00,12:10,26.9,26.7,759.0,12.0,91.5,0.326562,0.032656,0.112662,1.232522,0.138858,0.675972,0.83315
2026-07-04 12:20:00,12:20,26.9,26.0,746.0,15.7,91.4,0.321115,0.032111,0.116772,1.278512,0.149294,0.700632,0.895766
2026-07-04 12:30:00,12:30,27.2,24.1,742.0,13.7,91.4,0.318712,0.031871,0.115177,1.263197,0.145491,0.691063,0.872949
2026-07-04 12:40:00,12:40,27.3,23.8,729.0,10.5,91.4,0.313326,0.031333,0.109265,1.227216,0.134092,0.65559,0.80455
2026-07-04 12:50:00,12:50,27.4,25.5,714.0,8.9,91.4,0.307977,0.030798,0.104813,1.201475,0.12593,0.628878,0.755581
2026-07-04 13:00:00,13:00,27.7,23.5,707.0,11.3,91.4,0.304105,0.030411,0.109229,1.237782,0.135202,0.655373,0.81121
2026-07-04 13:10:00,13:10,28.0,24.6,688.0,7.5,91.5,0.296759,0.029676,0.100789,1.188953,0.119833,0.604733,0.719
2026-07-04 13:20:00,13:20,28.2,23.4,674.0,11.4,91.4,0.290289,0.029029,0.107002,1.239365,0.132614,0.642012,0.795687
2026-07-04 13:30:00,13:30,28.2,21.2,655.0,13.0,91.4,0.281273,0.028127,0.10869,1.267201,0.137733,0.652143,0.826396
2026-07-04 13:40:00,13:40,28.2,20.6,637.0,10.5,91.4,0.273346,0.027335,0.102348,1.240622,0.126975,0.614089,0.761852
2026-07-04 13:50:00,13:50,28.3,21.6,613.0,10.5,91.4,0.26371,0.026371,0.09968,1.236432,0.123248,0.59808,0.739486
2026-07-04 14:00:00,14:00,28.4,19.1,591.0,10.1,91.4,0.253319,0.025332,0.097473,1.242251,0.121085,0.584835,0.726512
2026-07-04 14:10:00,14:10,28.8,21.1,575.0,7.5,91.4,0.247194,0.024719,0.090156,1.203616,0.108513,0.540936,0.651079
2026-07-04 14:20:00,14:20,28.7,20.5,550.0,5.7,91.4,0.236344,0.023634,0.083175,1.185183,0.098578,0.499052,0.591468
2026-07-04 14:30:00,14:30,28.8,20.9,526.0,14.6,91.4,0.226283,0.022628,0.099704,1.287077,0.128326,0.598222,0.769958
2026-07-04 14:40:00,14:40,28.8,19.3,495.0,10.1,91.4,0.212746,0.021275,0.087737,1.241413,0.108918,0.52642,0.653505
2026-07-04 14:50:00,14:50,28.8,20.7,467.0,10.9,91.4,0.201454,0.020145,0.086055,1.244858,0.107127,0.516332,0.64276
2026-07-04 15:00:00,15:00,28.7,22.2,444.0,11.9,91.4,0.192041,0.019204,0.085008,1.250211,0.106278,0.510048,0.637668
2026-07-04 15:10:00,15:10,28.7,21.2,416.0,5.7,91.4,0.179962,0.017996,0.067864,1.18225,0.080233,0.407186,0.481396
2026-07-04 15:20:00,15:20,29.0,20.1,388.0,10.4,91.4,0.167948,0.016795,0.076983,1.241553,0.095579,0.461901,0.573474
2026-07-04 15:30:00,15:30,28.9,22.0,351.0,3.5,91.4,0.153311,0.015331,0.054748,1.153298,0.063141,0.32849,0.378847
2026-07-04 15:40:00,15:40,28.7,21.7,333.0,4.7,91.4,0.145342,0.014534,0.055762,1.168519,0.065159,0.334573,0.390955
2026-07-04 15:50:00,15:50,28.7,21.1,307.0,9.1,91.3,0.134384,0.013438,0.064469,1.222235,0.078797,0.386816,0.47278
2026-07-04 16:00:00,16:00,28.4,21.9,279.0,8.2,91.3,0.123003,0.0123,0.058676,1.20841,0.070904,0.352055,0.425427
2026-07-04 16:10:00,16:10,28.4,21.6,238.0,11.2,91.3,0.106869,0.010687,0.062085,1.244578,0.07727,0.372513,0.463621
2026-07-04 16:20:00,16:20,28.2,23.8,210.0,6.9,91.3,0.095827,0.009583,0.047468,1.185323,0.056265,0.284809,0.337591
2026-07-04 16:30:00,16:30,27.8,26.0,179.0,8.8,91.4,0.083098,0.00831,0.047926,1.198216,0.057425,0.287554,0.344552
2026-07-04 16:40:00,16:40,27.6,27.1,149.0,6.6,91.4,0.068735,0.006873,0.038237,1.168007,0.044661,0.229419,0.267963
2026-07-04 16:50:00,16:50,26.9,29.5,123.0,7.9,91.3,0.056323,0.005632,0.037052,1.17308,0.043465,0.222314,0.260792
2026-07-04 17:00:00,17:00,26.4,33.2,95.0,4.8,91.4,0.042991,0.004299,0.024859,1.121505,0.02788,0.149157,0.16728
2026-07-04 17:10:00,17:10,25.4,36.1,72.0,8.0,91.3,0.03201,0.003201,0.028138,1.146595,0.032263,0.168826,0.193575
2026-07-04 17:20:00,17:20,24.5,37.3,43.0,6.4,91.3,0.0181,0.00181,0.020453,1.122948,0.022968,0.12272,0.137808
2026-07-04 17:30:00,17:30,23.6,40.9,35.0,7.0,91.3,0.014328,0.001433,0.019458,1.114849,0.021693,0.116749,0.130157
2026-07-04 17:40:00,17:40,22.9,44.5,21.0,10.0,91.3,0.007674,0.000767,0.021906,1.134678,0.024857,0.131437,0.149139
2026-07-04 17:50:00,17:50,22.6,42.9,12.0,10.7,91.3,0.003309,0.000331,0.022531,1.149527,0.0259,0.135187,0.155402
2026-07-04 18:00:00,18:00,21.8,45.8,4.0,8.4,91.3,-0.000488,-0.000244,0.016431,1.110613,0.018248,0.098585,0.10949
2026-07-04 18:10:00,18:10,21.4,44.5,1.0,7.1,91.3,-0.001967,-0.000983,0.014185,1.100931,0.015616,0.085107,0.093697
2026-07-04 18:20:00,18:20,21.4,44.7,0.0,8.6,91.3,-0.014654,-0.007327,0.015152,1.117549,0.016933,0.090912,0.101599
2026-07-04 18:30:00,18:30,21.0,47.6,0.0,7.9,91.3,-0.014354,-0.007177,0.013004,1.097254,0.014268,0.078021,0.085609
2026-07-04 18:40:00,18:40,20.5,50.8,0.0,8.4,91.4,-0.014056,-0.007028,0.012756,1.089666,0.0139,0.076537,0.0834
2026-07-04 18:50:00,18:50,20.0,52.2,0.0,6.4,91.4,-0.013982,-0.006991,0.009189,1.060527,0.009746,0.055137,0.058474
2026-07-04 19:00:00,19:00,20.0,51.5,0.0,7.6,91.4,-0.014061,-0.00703,0.011193,1.077424,0.012059,0.067156,0.072356
2026-07-04 19:10:00,19:10,19.9,48.8,0.0,9.5,91.3,-0.014384,-0.007192,0.014757,1.110846,0.016393,0.088544,0.098359
2026-07-04 19:20:00,19:20,20.2,45.9,0.0,5.0,91.3,-0.014681,-0.007341,0.008058,1.070628,0.008628,0.048351,0.051766
2026-07-04 19:30:00,19:30,19.7,49.8,0.0,6.8,91.4,-0.014301,-0.00715,0.010268,1.075236,0.011041,0.061608,0.066243
2026-07-04 19:40:00,19:40,19.6,49.5,0.0,6.9,91.4,-0.01435,-0.007175,0.010467,1.077657,0.01128,0.062801,0.067678
2026-07-04 19:50:00,19:50,18.9,53.3,0.0,2.2,91.4,-0.014044,-0.007022,0.001985,1.007044,0.001999,0.011909,0.011993
2026-07-04 20:00:00,20:00,18.4,53.7,0.0,2.5,91.4,-0.01408,-0.00704,0.002424,1.008859,0.002446,0.014547,0.014676
2026-07-04 20:10:00,20:10,18.9,45.9,0.0,2.4,91.3,-0.014852,-0.007426,0.002884,1.040372,0.003,0.017303,0.018001
2026-07-04 20:20:00,20:20,19.3,48.5,0.0,5.6,91.4,-0.014506,-0.007253,0.008463,1.066718,0.009028,0.050778,0.054166
2026-07-04 20:30:00,20:30,18.5,50.3,0.0,3.4,91.4,-0.01442,-0.00721,0.004289,1.033576,0.004433,0.025737,0.026601
2026-07-04 20:40:00,20:40,18.4,50.8,0.0,2.2,91.4,-0.014381,-0.007191,0.002118,1.017517,0.002155,0.012709,0.012932
2026-07-04 20:50:00,20:50,18.5,50.8,0.0,1.7,91.4,-0.014367,-0.007184,0.001217,1.011698,0.001232,0.007304,0.007389
2026-07-04 21:00:00,21:00,17.9,53.8,0.0,5.1,91.5,-0.014144,-0.007072,0.006447,1.038696,0.006697,0.038684,0.04018
2026-07-04 21:10:00,21:10,18.4,51.7,0.0,1.0,91.5,-0.014287,-0.007143,0.0,0.999782,0.0,0.0,0.0
2026-07-04 21:20:00,21:20,18.9,48.1,0.0,2.3,91.4,-0.014605,-0.007303,0.002532,1.029992,0.002608,0.015194,0.015649
2026-07-04 21:30:00,21:30,19.1,47.9,0.0,5.3,91.4,-0.014601,-0.0073,0.008015,1.065741,0.008542,0.048088,0.05125
2026-07-04 21:40:00,21:40,18.3,51.6,0.0,6.9,91.4,-0.014311,-0.007156,0.009622,1.068859,0.010285,0.057733,0.061708
2026-07-04 21:50:00,21:50,17.4,55.2,0.0,0.0,91.5,-0.014078,-0.007039,0.0,0.973482,0.0,0.0,0.0
2026-07-04 22:00:00,22:00,17.5,55.0,0.0,3.1,91.5,-0.014083,-0.007042,0.003193,1.010395,0.003226,0.019157,0.019356
2026-07-04 22:10:00,22:10,16.6,58.9,0.0,3.8,91.5,-0.013848,-0.006924,0.003676,1.002203,0.003684,0.022054,0.022103
2026-07-04 22:20:00,22:20,16.2,61.6,0.0,1.6,91.5,-0.013669,-0.006835,0.000433,0.96529,0.000418,0.002596,0.002506
2026-07-04 22:30:00,22:30,16.0,62.2,0.0,2.1,91.5,-0.013648,-0.006824,0.001061,0.968595,0.001027,0.006364,0.006164
2026-07-04 22:40:00,22:40,16.0,61.7,0.0,2.1,91.5,-0.013691,-0.006845,0.001092,0.97069,0.00106,0.006554,0.006362
2026-07-04 22:50:00,22:50,16.1,61.5,0.0,0.2,91.4,-0.013693,-0.006847,0.0,0.949417,0.0,0.0,0.0
2026-07-04 23:00:00,23:00,16.3,60.0,0.0,4.0,91.5,-0.013794,-0.006897,0.003767,0.999922,0.003767,0.022601,0.022599
2026-07-04 23:10:00,23:10,16.5,59.8,0.0,4.0,91.5,-0.013782,-0.006891,0.003817,1.00076,0.00382,0.022903,0.022921
2026-07-04 23:20:00,23:20,15.2,66.4,0.0,4.8,91.5,-0.013423,-0.006712,0.003672,0.98242,0.003608,0.022034,0.021646
2026-07-04 23:30:00,23:30,16.1,61.8,0.0,4.3,91.4,-0.013667,-0.006834,0.003877,0.995872,0.003861,0.023263,0.023167
2026-07-04 23:40:00,23:40,15.9,62.5,0.0,1.9,91.4,-0.013637,-0.006819,0.000773,0.965011,0.000746,0.004638,0.004476
2026-07-04 23:50:00,23:50,16.1,61.3,0.0,9.1,91.4,-0.01371,-0.006855,0.009291,1.053824,0.009791,0.055747,0.058748
2026-07-05 00:00:00,00:00,16.5,60.2,0.0,7.0,91.4,-0.013747,-0.006873,0.007405,1.033995,0.007657,0.044429,0.045939
2026-07-05 00:10:00,00:10,16.3,60.1,0.0,5.9,91.4,-0.013785,-0.006893,0.006099,1.021613,0.006231,0.036595,0.037386
2026-07-05 00:20:00,00:20,16.5,58.9,0.0,10.0,91.4,-0.013863,-0.006932,0.011031,1.074352,0.011851,0.066184,0.071105
2026-07-05 00:30:00,00:30,15.9,63.4,0.0,7.5,91.5,-0.013561,-0.006781,0.007102,1.026408,0.007289,0.04261,0.043735
2026-07-05 00:40:00,00:40,15.3,65.8,0.0,4.3,91.4,-0.013456,-0.006728,0.003245,0.979115,0.003177,0.019468,0.019062
2026-07-05 00:50:00,00:50,14.8,68.8,0.0,0.1,91.4,-0.013297,-0.006649,0.0,0.917671,0.0,0.0,0.0
2026-07-05 01:00:00,01:00,14.8,68.2,0.0,3.8,91.3,-0.013344,-0.006672,0.002378,0.963242,0.00229,0.014266,0.013742
2026-07-05 01:10:00,01:10,14.9,66.5,0.0,1.1,91.3,-0.013461,-0.00673,0.0,0.938944,0.0,0.0,0.0
2026-07-05 01:20:00,01:20,15.1,65.5,0.0,5.9,91.4,-0.01351,-0.006755,0.004906,0.998991,0.004902,0.029439,0.029409
2026-07-05 01:30:00,01:30,14.1,69.8,0.0,1.0,91.3,-0.013329,-0.006664,0.0,0.923955,0.0,0.0,0.0
2026-07-05 01:40:00,01:40,13.5,72.7,0.0,0.2,91.3,-0.013209,-0.006605,0.0,0.902497,0.0,0.0,0.0
2026-07-05 01:50:00,01:50,13.3,73.1,0.0,3.9,91.3,-0.013211,-0.006605,0.001777,0.943878,0.001677,0.01066,0.010061
2026-07-05 02:00:00,02:00,14.3,68.2,0.0,2.4,91.4,-0.013419,-0.006709,0.000918,0.94695,0.000869,0.005507,0.005215
2026-07-05 02:10:00,02:10,14.4,66.6,0.0,0.9,91.4,-0.013526,-0.006763,0.0,0.936197,0.0,0.0,0.0
2026-07-05 02:20:00,02:20,13.8,68.8,0.0,3.1,91.4,-0.013446,-0.006723,0.001548,0.952582,0.001474,0.009287,0.008846
2026-07-05 02:30:00,02:30,13.9,69.0,0.0,7.4,91.4,-0.013417,-0.006709,0.005357,1.001784,0.005367,0.032143,0.0322
2026-07-05 02:40:00,02:40,14.6,65.9,0.0,5.4,91.4,-0.013552,-0.006776,0.004265,0.991496,0.004228,0.025587,0.02537
2026-07-05 02:50:00,02:50,13.7,69.9,0.0,4.4,91.4,-0.01338,-0.00669,0.002631,0.963102,0.002533,0.015783,0.015201
2026-07-05 03:00:00,03:00,13.5,70.2,0.0,3.3,91.4,-0.013387,-0.006693,0.001584,0.949045,0.001504,0.009506,0.009022
2026-07-05 03:10:00,03:10,13.5,69.1,0.0,4.6,91.4,-0.013466,-0.006733,0.002895,0.968781,0.002804,0.017368,0.016825
2026-07-05 03:20:00,03:20,13.5,70.8,0.0,2.3,91.4,-0.013344,-0.006672,0.000602,0.934894,0.000563,0.003612,0.003377
2026-07-05 03:30:00,03:30,12.6,74.0,0.0,1.1,91.3,-0.01325,-0.006625,0.0,0.907524,0.0,0.0,0.0
2026-07-05 03:40:00,03:40,12.0,76.6,0.0,1.1,91.3,-0.013163,-0.006582,0.0,0.896632,0.0,0.0,0.0
2026-07-05 03:50:00,03:50,12.2,76.7,0.0,4.1,91.4,-0.013129,-0.006564,0.001431,0.931124,0.001332,0.008586,0.007994
2026-07-05 04:00:00,04:00,12.4,74.4,0.0,5.4,91.4,-0.013251,-0.006625,0.002649,0.955887,0.002533,0.015896,0.015195
2026-07-05 04:10:00,04:10,12.3,76.2,0.0,1.7,91.4,-0.013147,-0.006573,0.0,0.905289,0.0,0.0,0.0
2026-07-05 04:20:00,04:20,12.3,75.3,0.0,1.7,91.4,-0.013206,-0.006603,0.0,0.90906,0.0,0.0,0.0
2026-07-05 04:30:00,04:30,13.2,70.4,0.0,5.0,91.4,-0.013414,-0.006707,0.003026,0.96799,0.002929,0.018157,0.017576
2026-07-05 04:40:00,04:40,13.1,70.8,0.0,0.0,91.5,-0.0134,-0.0067,0.0,0.908129,0.0,0.0,0.0
2026-07-05 04:50:00,04:50,13.2,70.6,1.0,1.1,91.5,-0.01292,-0.00646,0.0,0.921768,0.0,0.0,0.0
2026-07-05 05:00:00,05:00,13.3,68.5,2.0,1.7,91.5,-0.012576,-0.006288,0.00025,0.937547,0.000234,0.001498,0.001404
2026-07-05 05:10:00,05:10,12.7,69.6,8.0,1.1,91.5,-0.009696,-0.00097,0.0,0.925957,0.0,0.0,0.0
2026-07-05 05:20:00,05:20,13.2,69.2,19.0,1.7,91.5,-0.004379,-0.000438,0.000778,0.934615,0.000727,0.004666,0.004361
2026-07-05 05:30:00,05:30,13.2,67.9,37.0,2.6,91.5,-0.027548,-0.002755,0.0,0.950534,0.0,0.0,0.0
2026-07-05 05:40:00,05:40,13.2,70.7,55.0,1.4,91.6,-0.014454,-0.001445,0.0,0.92484,0.0,0.0,0.0
2026-07-05 05:50:00,05:50,12.9,73.9,76.0,1.9,91.5,0.0027,0.00027,0.002202,0.917252,0.002019,0.01321,0.012117
2026-07-05 06:00:00,06:00,13.5,72.5,100.0,5.1,91.5,0.015935,0.001593,0.007562,0.960356,0.007262,0.045373,0.043574
2026-07-05 06:10:00,06:10,14.1,71.4,125.0,2.5,91.5,0.028654,0.002865,0.008643,0.934708,0.008078,0.051856,0.04847
2026-07-05 06:20:00,06:20,15.0,70.0,146.0,2.8,91.6,0.040535,0.004053,0.011825,0.944064,0.011163,0.070948,0.06698
2026-07-05 06:30:00,06:30,16.1,66.6,173.0,2.1,91.6,0.052938,0.005294,0.014678,0.950162,0.013946,0.088067,0.083678
2026-07-05 06:40:00,06:40,16.9,64.7,201.0,0.8,91.6,0.06583,0.006583,0.016898,0.942993,0.015935,0.10139,0.09561
2026-07-05 06:50:00,06:50,17.7,59.1,226.0,2.6,91.5,0.077196,0.00772,0.022058,0.9874,0.02178,0.132347,0.130679
2026-07-05 07:00:00,07:00,18.6,58.4,254.0,3.7,91.6,0.090435,0.009043,0.02682,1.003134,0.026904,0.160922,0.161427
2026-07-05 07:10:00,07:10,19.0,56.5,286.0,2.4,91.5,0.10448,0.010448,0.029269,0.995965,0.02915,0.175611,0.174903
2026-07-05 07:20:00,07:20,19.3,53.4,315.0,3.4,91.5,0.117314,0.011731,0.033962,1.020589,0.034661,0.203771,0.207967
2026-07-05 07:30:00,07:30,19.8,51.3,344.0,3.5,91.5,0.130471,0.013047,0.037854,1.03055,0.039011,0.227125,0.234063
2026-07-05 07:40:00,07:40,20.4,49.1,375.0,4.0,91.5,0.1443,0.01443,0.042538,1.045585,0.044478,0.255231,0.266866
2026-07-05 07:50:00,07:50,21.0,45.7,410.0,3.7,91.5,0.159129,0.015913,0.046791,1.056338,0.049427,0.280746,0.296562
2026-07-05 08:00:00,08:00,21.2,46.7,434.0,4.4,91.5,0.171341,0.017134,0.050648,1.060295,0.053702,0.303887,0.32221
2026-07-05 08:10:00,08:10,21.6,43.8,460.0,1.4,91.5,0.182999,0.0183,0.05047,1.037533,0.052364,0.302818,0.314183
2026-07-05 08:20:00,08:20,22.8,40.3,489.0,3.9,91.5,0.195712,0.019571,0.058659,1.081288,0.063427,0.351953,0.380562
2026-07-05 08:30:00,08:30,23.2,39.3,511.0,5.8,91.5,0.206363,0.020636,0.064562,1.107587,0.071508,0.387373,0.429049
2026-07-05 08:40:00,08:40,23.2,40.4,541.0,7.2,91.5,0.220565,0.022057,0.069526,1.119271,0.077819,0.417159,0.466914
2026-07-05 08:50:00,08:50,23.0,40.6,563.0,4.6,91.5,0.231293,0.023129,0.068694,1.088177,0.074751,0.412164,0.448507
2026-07-05 09:00:00,09:00,23.5,41.2,588.0,9.1,91.6,0.243532,0.024353,0.077301,1.13803,0.087971,0.463807,0.527826
2026-07-05 09:10:00,09:10,23.7,41.6,606.0,6.3,91.6,0.252803,0.02528,0.076701,1.10377,0.08466,0.460204,0.50796
2026-07-05 09:20:00,09:20,23.8,41.0,632.0,5.5,91.6,0.264684,0.026468,0.07904,1.096974,0.086704,0.474237,0.520226
2026-07-05 09:30:00,09:30,24.1,41.3,650.0,7.8,91.6,0.273803,0.02738,0.084095,1.122483,0.094395,0.504572,0.566373
2026-07-05 09:40:00,09:40,24.3,40.5,669.0,4.8,91.6,0.282755,0.028276,0.083612,1.090923,0.091214,0.501669,0.547283
2026-07-05 09:50:00,09:50,24.7,40.8,685.0,1.2,91.6,0.290963,0.029096,0.081985,1.047773,0.085901,0.491909,0.515409
2026-07-05 10:00:00,10:00,25.1,43.2,700.0,8.8,91.6,0.299529,0.029953,0.092326,1.12616,0.103974,0.553956,0.623844
2026-07-05 10:10:00,10:10,25.0,41.5,714.0,6.7,91.6,0.305727,0.030573,0.092226,1.108844,0.102264,0.553357,0.613587
2026-07-05 10:20:00,10:20,25.5,42.4,724.0,7.5,91.6,0.311553,0.031155,0.095012,1.114383,0.10588,0.570075,0.635282
2026-07-05 10:30:00,10:30,25.5,41.3,737.0,6.7,91.6,0.317462,0.031746,0.096033,1.109682,0.106566,0.576198,0.639396
2026-07-05 10:40:00,10:40,26.0,38.7,743.0,14.5,91.5,0.32005,0.032005,0.106049,1.211343,0.128461,0.636291,0.770767
2026-07-05 10:50:00,10:50,26.2,40.1,754.0,14.5,91.5,0.326098,0.03261,0.107128,1.205478,0.12914,0.642767,0.774841
2026-07-05 11:00:00,11:00,26.5,39.5,762.0,11.6,91.5,0.330056,0.033006,0.106362,1.174244,0.124894,0.638169,0.749366
2026-07-05 11:10:00,11:10,26.7,36.5,772.0,13.9,91.5,0.333662,0.033366,0.111336,1.213577,0.135115,0.668016,0.810689
2026-07-05 11:20:00,11:20,26.9,36.9,766.0,10.9,91.5,0.332081,0.033208,0.108074,1.17699,0.127203,0.648447,0.763216
2026-07-05 11:30:00,11:30,27.3,36.5,772.0,8.8,91.5,0.335082,0.033508,0.107363,1.154228,0.123921,0.644176,0.743526
2026-07-05 11:40:00,11:40,27.8,35.7,770.0,11.3,91.5,0.334576,0.033458,0.111441,1.186672,0.132244,0.668648,0.793467
2026-07-05 11:50:00,11:50,28.2,34.7,766.0,11.9,91.5,0.33302,0.033302,0.113037,1.197844,0.135401,0.678224,0.812407
2026-07-05 12:00:00,12:00,28.6,33.5,760.0,10.5,91.5,0.33046,0.033046,0.111925,1.186579,0.132808,0.671551,0.796848
2026-07-05 12:10:00,12:10,29.5,28.0,753.0,14.4,91.4,0.3255,0.03255,0.12083,1.255005,0.151642,0.72498,0.909853
2026-07-05 12:20:00,12:20,29.8,24.4,749.0,4.7,91.4,0.322207,0.032221,0.104843,1.157208,0.121325,0.629059,0.727952
2026-07-05 12:30:00,12:30,30.3,20.3,768.0,19.6,91.3,0.327594,0.032759,0.136469,1.347775,0.18393,0.818815,1.103578
2026-07-05 12:40:00,12:40,30.4,18.9,744.0,27.8,91.3,0.317136,0.031714,0.148142,1.449064,0.214668,0.888854,1.288006
2026-07-05 12:50:00,12:50,30.2,19.0,740.0,13.4,91.4,0.315454,0.031545,0.123199,1.281072,0.157827,0.739193,0.94696
2026-07-05 13:00:00,13:00,30.8,17.6,721.0,13.5,91.3,0.306914,0.030691,0.12329,1.288101,0.158811,0.739743,0.952863
2026-07-05 13:10:00,13:10,30.9,19.6,706.0,12.7,91.4,0.301913,0.030191,0.119518,1.270412,0.151837,0.717106,0.91102
2026-07-05 13:20:00,13:20,30.5,21.1,684.0,15.7,91.4,0.293558,0.029356,0.121525,1.299039,0.157866,0.72915,0.947195
2026-07-05 13:30:00,13:30,30.2,20.5,671.0,10.0,91.3,0.287565,0.028757,0.108512,1.235222,0.134036,0.651071,0.804217
2026-07-05 13:40:00,13:40,30.1,19.0,646.0,22.0,91.3,0.276337,0.027634,0.129063,1.38115,0.178255,0.774377,1.06953
2026-07-05 13:50:00,13:50,30.2,18.4,634.0,28.1,91.3,0.270698,0.02707,0.138412,1.45465,0.201341,0.830473,1.208048
2026-07-05 14:00:00,14:00,30.2,20.4,593.0,17.7,91.4,0.254876,0.025488,0.115665,1.325246,0.153285,0.69399,0.919708
2026-07-05 14:10:00,14:10,29.8,20.7,572.0,10.7,91.4,0.245966,0.024597,0.098506,1.24253,0.122396,0.591034,0.734377
2026-07-05 14:20:00,14:20,29.7,20.7,539.0,10.5,91.4,0.232224,0.023222,0.094385,1.240203,0.117057,0.56631,0.702339
2026-07-05 14:30:00,14:30,29.2,20.7,522.0,12.4,91.3,0.224684,0.022468,0.095716,1.262313,0.120824,0.574297,0.724942
2026-07-05 14:40:00,14:40,29.3,20.4,499.0,9.7,91.4,0.214733,0.021473,0.087624,1.23215,0.107966,0.525744,0.647796
2026-07-05 14:50:00,14:50,29.3,20.8,469.0,11.6,91.4,0.202302,0.02023,0.088525,1.252585,0.110886,0.531153,0.665313
2026-07-05 15:00:00,15:00,29.2,20.8,437.0,6.8,91.4,0.188969,0.018897,0.073688,1.196727,0.088185,0.442129,0.529108
2026-07-05 15:10:00,15:10,28.8,20.5,388.0,8.6,91.4,0.169093,0.016909,0.072546,1.21893,0.088429,0.435278,0.530574
2026-07-05 15:20:00,15:20,28.9,20.2,355.0,11.3,91.4,0.155488,0.015549,0.075773,1.251607,0.094838,0.454638,0.569028
2026-07-05 15:30:00,15:30,28.4,19.9,312.0,4.6,91.4,0.138214,0.013821,0.053682,1.174896,0.063071,0.322093,0.378425
2026-07-05 15:40:00,15:40,28.0,21.6,299.0,12.0,91.4,0.132579,0.013258,0.069826,1.253888,0.087553,0.418953,0.525321
2026-07-05 15:50:00,15:50,27.7,18.2,277.0,5.7,91.3,0.122869,0.012287,0.052457,1.194818,0.062677,0.314744,0.376062
2026-07-05 16:00:00,16:00,27.5,18.5,249.0,18.9,91.3,0.111626,0.011163,0.080599,1.34717,0.10858,0.483593,0.651482
2026-07-05 16:10:00,16:10,27.3,18.9,237.0,14.1,91.3,0.106203,0.01062,0.068578,1.289637,0.088441,0.411469,0.530646
2026-07-05 16:20:00,16:20,27.1,18.1,214.0,18.2,91.3,0.096801,0.00968,0.075405,1.3407,0.101095,0.452428,0.60657
2026-07-05 16:30:00,16:30,26.9,19.2,189.0,19.0,91.3,0.086973,0.008697,0.073769,1.345401,0.099248,0.442611,0.59549
2026-07-05 16:40:00,16:40,26.7,18.2,166.0,16.3,91.4,0.076539,0.007654,0.066115,1.318171,0.087151,0.396693,0.522909
2026-07-05 16:50:00,16:50,26.2,20.3,131.0,4.7,91.4,0.059822,0.005982,0.031508,1.174384,0.037002,0.189047,0.222014
2026-07-05 17:00:00,17:00,25.5,22.1,101.0,5.9,91.4,0.045485,0.004549,0.030403,1.180807,0.0359,0.182416,0.215398
2026-07-05 17:10:00,17:10,25.1,22.9,79.0,11.8,91.4,0.034951,0.003495,0.042085,1.246114,0.052443,0.252512,0.314659
2026-07-05 17:20:00,17:20,24.4,23.8,56.0,11.5,91.4,0.023936,0.002394,0.037816,1.238853,0.046849,0.226896,0.281091
2026-07-05 17:30:00,17:30,23.8,23.2,38.0,16.8,91.3,0.015272,0.001527,0.046785,1.303043,0.060963,0.280709,0.365776
2026-07-05 17:40:00,17:40,23.5,23.6,22.0,5.8,91.3,0.007603,0.00076,0.01927,1.17336,0.02261,0.115618,0.135662
2026-07-05 17:50:00,17:50,23.4,22.4,12.0,9.3,91.3,0.002763,0.000276,0.027431,1.219116,0.033442,0.164588,0.200652
2026-07-05 18:00:00,18:00,23.0,22.8,3.0,9.8,91.3,-0.001546,-0.000773,0.027409,1.223259,0.033528,0.164454,0.20117
2026-07-05 18:10:00,18:10,22.7,21.7,1.0,8.0,91.3,-0.002542,-0.001271,0.022995,1.206921,0.027753,0.137971,0.16652
2026-07-05 18:20:00,18:20,21.8,24.0,0.0,11.4,91.3,-0.017718,-0.008859,0.027792,1.236851,0.034374,0.16675,0.206245
2026-07-05 18:30:00,18:30,21.2,35.1,0.0,2.1,91.5,-0.015981,-0.007991,0.003178,1.082126,0.003439,0.019071,0.020637
2026-07-05 18:40:00,18:40,17.2,53.3,0.0,15.9,91.6,-0.01429,-0.007145,0.019521,1.166471,0.022771,0.117128,0.136626
2026-07-05 18:50:00,18:50,15.9,56.8,0.0,10.7,91.6,-0.014133,-0.007066,0.012194,1.091296,0.013308,0.073167,0.079846
2026-07-05 19:00:00,19:00,15.3,57.6,0.0,8.5,91.7,-0.014138,-0.007069,0.009394,1.062343,0.00998,0.056364,0.059878
2026-07-05 19:10:00,19:10,14.9,58.6,0.0,9.3,91.7,-0.014101,-0.007051,0.009863,1.067463,0.010528,0.059178,0.063171
2026-07-05 19:20:00,19:20,14.6,58.2,0.0,12.9,91.7,-0.01417,-0.007085,0.013327,1.111032,0.014807,0.079964,0.088843
2026-07-05 19:30:00,19:30,14.3,58.2,0.0,8.4,91.7,-0.014204,-0.007102,0.008839,1.058665,0.009357,0.053032,0.056143
2026-07-05 19:40:00,19:40,14.0,59.3,0.0,8.6,91.8,-0.014148,-0.007074,0.008698,1.056384,0.009189,0.052189,0.055132
2026-07-05 19:50:00,19:50,13.9,58.9,0.0,9.5,91.8,-0.014191,-0.007095,0.009662,1.068534,0.010324,0.057971,0.061944
2026-07-05 20:00:00,20:00,13.7,59.7,0.0,7.6,91.8,-0.014149,-0.007074,0.007505,1.043072,0.007828,0.045031,0.04697
2026-07-05 20:10:00,20:10,13.7,59.6,0.0,6.3,91.8,-0.014157,-0.007078,0.006147,1.028363,0.006321,0.036882,0.037929
2026-07-05 20:20:00,20:20,13.5,60.2,0.0,8.5,91.9,-0.014131,-0.007066,0.008245,1.05145,0.00867,0.049472,0.052017
2026-07-05 20:30:00,20:30,13.3,60.9,0.0,2.3,91.9,-0.014099,-0.007049,0.001264,0.976368,0.001235,0.007587,0.007407
2026-07-05 20:40:00,20:40,13.0,61.7,0.0,3.5,91.9,-0.01407,-0.007035,0.002614,0.986981,0.00258,0.015683,0.015479
2026-07-05 20:50:00,20:50,12.8,62.1,0.0,4.7,91.9,-0.014061,-0.007031,0.003873,0.99927,0.00387,0.023237,0.02322
2026-07-05 21:00:00,21:00,12.4,63.3,0.0,4.9,91.9,-0.014015,-0.007007,0.003861,0.99657,0.003848,0.023166,0.023087
2026-07-05 21:10:00,21:10,12.2,64.1,0.0,1.7,91.9,-0.013978,-0.006989,0.000317,0.95598,0.000303,0.001904,0.00182
2026-07-05 21:20:00,21:20,12.0,64.9,0.0,1.6,92.0,-0.013943,-0.006971,0.000164,0.951465,0.000156,0.000986,0.000938
2026-07-05 21:30:00,21:30,11.7,66.0,0.0,3.7,92.0,-0.013898,-0.006949,0.002265,0.971295,0.0022,0.013588,0.013198
2026-07-05 21:40:00,21:40,11.5,66.2,0.0,4.4,92.0,-0.013904,-0.006952,0.002888,0.978603,0.002826,0.017328,0.016957
2026-07-05 21:50:00,21:50,11.1,68.4,0.0,4.2,92.0,-0.013799,-0.006899,0.002405,0.967059,0.002325,0.014428,0.013953
2026-07-05 22:00:00,22:00,11.0,69.5,0.0,6.0,92.0,-0.013738,-0.006869,0.003708,0.983397,0.003647,0.02225,0.021881
2026-07-05 22:10:00,22:10,11.0,68.0,0.0,9.6,91.9,-0.013835,-0.006917,0.006609,1.031574,0.006818,0.039654,0.040906
2026-07-05 22:20:00,22:20,11.1,67.4,0.0,5.0,92.0,-0.013864,-0.006932,0.003222,0.980558,0.00316,0.019335,0.018959
2026-07-05 22:30:00,22:30,10.8,68.4,0.0,3.1,92.0,-0.013828,-0.006914,0.001405,0.954258,0.001341,0.00843,0.008045
2026-07-05 22:40:00,22:40,10.8,68.1,0.0,3.1,92.0,-0.013848,-0.006924,0.001431,0.955515,0.001367,0.008584,0.008202
2026-07-05 22:50:00,22:50,10.3,70.2,0.0,6.8,92.0,-0.013763,-0.006882,0.004073,0.989774,0.004031,0.024438,0.024189
2026-07-05 23:00:00,23:00,10.1,71.5,0.0,6.5,91.9,-0.013703,-0.006851,0.003609,0.980837,0.003539,0.021652,0.021237
2026-07-05 23:10:00,23:10,9.9,72.2,0.0,3.3,91.9,-0.01368,-0.00684,0.001186,0.940666,0.001116,0.007116,0.006694
2026-07-05 23:20:00,23:20,9.7,73.1,0.0,4.6,91.9,-0.013646,-0.006823,0.002028,0.952024,0.001931,0.012171,0.011587
2026-07-05 23:30:00,23:30,9.7,73.4,0.0,3.3,91.9,-0.013628,-0.006814,0.001069,0.935639,0.001,0.006414,0.006001
2026-07-05 23:40:00,23:40,9.6,73.8,0.0,5.0,91.9,-0.013615,-0.006807,0.002202,0.953746,0.0021,0.013213,0.012602
2026-07-05 23:50:00,23:50,9.4,74.6,0.0,6.6,92.0,-0.013588,-0.006794,0.003063,0.969014,0.002968,0.018375,0.017806
2026-07-06 00:00:00,00:00,9.1,77.1,0.0,6.6,91.9,-0.013475,-0.006738,0.00261,0.95854,0.002502,0.015659,0.015009
2026-07-06 00:10:00,00:10,9.0,77.2,0.0,3.9,91.9,-0.01348,-0.00674,0.00107,0.926702,0.000992,0.00642,0.005949
2026-07-06 00:20:00,00:20,9.2,76.1,0.0,3.3,92.0,-0.013522,-0.006761,0.00081,0.924328,0.000749,0.004861,0.004493
2026-07-06 00:30:00,00:30,9.3,75.6,0.0,4.0,92.0,-0.01354,-0.00677,0.001317,0.934568,0.001231,0.007902,0.007385
2026-07-06 00:40:00,00:40,9.2,75.6,0.0,3.8,92.0,-0.01355,-0.006775,0.001182,0.932241,0.001102,0.007092,0.006612
2026-07-06 00:50:00,00:50,9.2,75.8,0.0,3.6,92.0,-0.013538,-0.006769,0.001033,0.929076,0.00096,0.006197,0.005757
2026-07-06 01:00:00,01:00,9.0,76.3,0.0,4.5,92.0,-0.01353,-0.006765,0.001532,0.937454,0.001436,0.009189,0.008614
2026-07-06 01:10:00,01:10,9.3,75.4,0.0,5.0,92.0,-0.013551,-0.006776,0.00197,0.947043,0.001866,0.011821,0.011195
2026-07-06 01:20:00,01:20,9.6,74.2,0.0,4.9,92.0,-0.013591,-0.006796,0.002087,0.950907,0.001985,0.012524,0.011909
2026-07-06 01:30:00,01:30,9.6,74.2,0.0,6.8,92.0,-0.013591,-0.006796,0.003275,0.973017,0.003186,0.019647,0.019117
2026-07-06 01:40:00,01:40,9.7,73.9,0.0,7.5,92.0,-0.013599,-0.0068,0.003756,0.98242,0.00369,0.022538,0.022141
2026-07-06 01:50:00,01:50,9.7,73.8,0.0,7.0,92.1,-0.013605,-0.006802,0.003481,0.97702,0.003401,0.020886,0.020406
2026-07-06 02:00:00,02:00,9.6,74.2,0.0,3.7,92.1,-0.013591,-0.006796,0.001279,0.936942,0.001198,0.007675,0.007191
2026-07-06 02:10:00,02:10,9.5,74.2,0.0,2.6,92.1,-0.013601,-0.0068,0.000487,0.924141,0.00045,0.002921,0.002699
2026-07-06 02:20:00,02:20,9.1,75.4,0.0,3.6,92.0,-0.01357,-0.006785,0.001065,0.930751,0.000992,0.006393,0.00595
2026-07-06 02:30:00,02:30,9.1,76.4,0.0,0.4,92.0,-0.013514,-0.006757,0.0,0.889324,0.0,0.0,0.0
2026-07-06 02:40:00,02:40,9.3,75.6,0.0,3.7,92.0,-0.01354,-0.00677,0.001122,0.931077,0.001045,0.006735,0.006271
2026-07-06 02:50:00,02:50,9.2,75.4,0.0,3.6,92.0,-0.013561,-0.006781,0.001071,0.930751,0.000997,0.006424,0.005979
2026-07-06 03:00:00,03:00,9.2,75.4,0.0,1.3,92.0,-0.013561,-0.006781,0.0,0.903986,0.0,0.0,0.0
2026-07-06 03:10:00,03:10,9.1,75.8,0.0,4.1,92.0,-0.013548,-0.006774,0.001347,0.934894,0.001259,0.008083,0.007557
2026-07-06 03:20:00,03:20,9.0,75.4,0.0,3.7,92.0,-0.01358,-0.00679,0.001126,0.931915,0.001049,0.006754,0.006294
2026-07-06 03:30:00,03:30,9.0,75.6,0.0,3.3,92.0,-0.013569,-0.006784,0.000845,0.926422,0.000783,0.005068,0.004696
2026-07-06 03:40:00,03:40,9.3,75.3,0.0,9.8,92.0,-0.013557,-0.006779,0.004628,1.00332,0.004644,0.027771,0.027863
2026-07-06 03:50:00,03:50,9.5,74.3,0.0,6.3,92.1,-0.013595,-0.006798,0.002948,0.966779,0.00285,0.017686,0.017098
2026-07-06 04:00:00,04:00,9.4,74.8,0.0,2.7,92.1,-0.013576,-0.006788,0.000514,0.922792,0.000474,0.003082,0.002844
2026-07-06 04:10:00,04:10,9.3,75.4,0.0,4.9,92.1,-0.013551,-0.006776,0.001911,0.945879,0.001807,0.011465,0.010845
2026-07-06 04:20:00,04:20,9.2,75.7,0.0,4.6,92.1,-0.013544,-0.006772,0.00168,0.941131,0.001581,0.010081,0.009488
2026-07-06 04:30:00,04:30,9.2,75.5,0.0,3.6,92.1,-0.013555,-0.006778,0.001063,0.930332,0.000989,0.00638,0.005936
2026-07-06 04:40:00,04:40,9.1,76.0,0.0,3.3,92.1,-0.013537,-0.006768,0.000816,0.924747,0.000755,0.004899,0.00453
2026-07-06 04:50:00,04:50,9.0,76.4,1.0,4.0,92.0,-0.013044,-0.006522,0.001264,0.931217,0.001177,0.007586,0.007064
2026-07-06 05:00:00,05:00,8.9,76.8,3.0,2.0,92.0,-0.012071,-0.006036,4.6e-05,0.906267,4.1e-05,0.000273,0.000247
2026-07-06 05:10:00,05:10,9.0,76.4,10.0,5.3,92.0,-0.008724,-0.000872,0.001776,0.946345,0.001681,0.010655,0.010083
2026-07-06 05:20:00,05:20,9.1,75.9,21.0,6.1,92.1,-0.003462,-0.000346,0.003242,0.957749,0.003105,0.019452,0.01863
2026-07-06 05:30:00,05:30,8.9,76.9,36.0,3.9,92.1,-0.02774,-0.002774,0.0,0.927958,0.0,0.0,0.0
2026-07-06 05:40:00,05:40,8.8,77.6,52.0,0.7,92.0,-0.014583,-0.001458,0.0,0.887787,0.0,0.0,0.0
2026-07-06 05:50:00,05:50,9.1,78.7,70.0,0.6,92.0,0.002495,0.000249,0.000892,0.882015,0.000787,0.00535,0.004719
2026-07-06 06:00:00,06:00,9.5,79.5,89.0,0.4,92.0,0.015178,0.001518,0.003374,0.876337,0.002956,0.020241,0.017738
2026-07-06 06:10:00,06:10,9.9,79.4,110.0,1.4,92.1,0.026558,0.002656,0.00624,0.888393,0.005543,0.037437,0.033259
2026-07-06 06:20:00,06:20,10.4,76.9,130.0,3.0,92.1,0.037124,0.003712,0.009331,0.917485,0.008561,0.055988,0.051368
2026-07-06 06:30:00,06:30,10.7,74.1,157.0,5.5,92.1,0.048759,0.004876,0.013059,0.958308,0.012514,0.078353,0.075086
2026-07-06 06:40:00,06:40,11.1,72.6,180.0,4.5,92.1,0.059854,0.005985,0.015118,0.952955,0.014407,0.090707,0.08644
2026-07-06 06:50:00,06:50,11.5,71.4,211.0,4.3,92.1,0.073112,0.007311,0.01795,0.955654,0.017154,0.107703,0.102927
2026-07-06 07:00:00,07:00,11.9,69.7,236.0,4.8,92.1,0.084843,0.008484,0.020896,0.968595,0.02024,0.125378,0.12144
2026-07-06 07:10:00,07:10,12.3,69.0,256.0,0.8,92.1,0.095163,0.009516,0.021556,0.924979,0.019939,0.129337,0.119634
2026-07-06 07:20:00,07:20,12.8,67.7,287.0,4.5,92.1,0.108835,0.010883,0.026403,0.973482,0.025703,0.158418,0.154218
2026-07-06 07:40:00,07:40,12.9,64.1,326.0,6.6,92.0,0.128237,0.012824,0.031692,1.013002,0.032104,0.190151,0.192623
2026-07-06 08:00:00,08:00,13.7,62.7,382.0,2.6,92.1,0.153813,0.015381,0.036335,0.972319,0.035329,0.218011,0.211977
2026-07-06 08:20:00,08:20,14.2,58.3,362.0,8.6,92.0,0.150711,0.015071,0.039394,1.060574,0.04178,0.236364,0.250682
2026-07-06 08:40:00,08:40,14.6,55.2,387.0,10.2,92.0,0.163521,0.016352,0.043839,1.09218,0.04788,0.263033,0.287279
2026-07-06 09:00:00,09:00,15.0,53.7,542.0,11.6,92.0,0.226431,0.022643,0.057085,1.114756,0.063635,0.342508,0.381813
2026-07-06 09:20:00,09:20,15.3,51.2,582.0,7.3,92.0,0.24522,0.024522,0.060735,1.07519,0.065302,0.36441,0.39181
2026-07-06 09:40:00,09:40,16.1,50.2,615.0,11.4,92.0,0.261388,0.026139,0.066713,1.127091,0.075191,0.400277,0.451149
2026-07-06 10:00:00,10:00,16.5,50.3,654.0,11.2,92.0,0.279815,0.027982,0.07094,1.124345,0.079761,0.425638,0.478564
2026-07-06 10:20:00,10:20,16.5,50.8,687.0,7.7,92.0,0.295574,0.029557,0.073281,1.08152,0.079255,0.439685,0.475528
2026-07-06 10:40:00,10:40,16.8,49.7,704.0,10.4,92.0,0.304255,0.030426,0.076372,1.117549,0.085349,0.458231,0.512095
2026-07-06 11:00:00,11:00,17.1,48.2,726.0,11.9,91.9,0.314563,0.031456,0.079801,1.141288,0.091076,0.478805,0.546454
2026-07-06 11:20:00,11:20,17.8,46.6,745.0,7.8,91.9,0.32341,0.032341,0.082708,1.100279,0.091002,0.496248,0.546011
2026-07-06 11:40:00,11:40,18.1,45.8,744.0,12.8,91.9,0.323814,0.032381,0.084907,1.161816,0.098647,0.509445,0.591881
2026-07-06 12:00:00,12:00,18.2,44.8,749.0,15.9,91.8,0.326274,0.032627,0.086803,1.20208,0.104344,0.520817,0.626063
2026-07-06 12:20:00,12:20,18.4,43.2,735.0,12.6,91.8,0.320476,0.032048,0.085905,1.170381,0.100541,0.515427,0.603246
2026-07-06 12:40:00,12:40,18.9,41.3,724.0,5.3,91.8,0.315606,0.031561,0.083279,1.09339,0.091057,0.499677,0.546342
2026-07-06 13:00:00,13:00,19.2,40.8,706.0,6.8,91.8,0.307875,0.030788,0.083027,1.11294,0.092404,0.498162,0.554425
2026-07-06 13:20:00,13:20,19.4,40.2,699.0,9.9,91.7,0.304333,0.030433,0.084615,1.151529,0.097436,0.507689,0.584619
2026-07-06 13:40:00,13:40,19.7,38.5,616.0,10.3,91.7,0.26926,0.026926,0.078557,1.163305,0.091386,0.471342,0.548315
2026-07-06 14:00:00,14:00,19.8,38.5,600.0,10.6,91.6,0.261709,0.026171,0.077377,1.166796,0.090283,0.464262,0.541699
2026-07-06 14:20:00,14:20,20.3,38.9,516.0,13.3,91.7,0.226586,0.022659,0.072974,1.196541,0.087316,0.437841,0.523895
2026-07-06 14:40:00,14:40,20.1,37.5,514.0,13.0,91.6,0.224006,0.022401,0.072416,1.198915,0.08682,0.434495,0.520922
2026-07-06 15:00:00,15:00,19.8,38.0,290.0,9.4,91.6,0.133354,0.013335,0.048728,1.154927,0.056277,0.292367,0.337662
2026-07-06 15:20:00,15:20,19.9,40.1,308.0,14.2,91.6,0.139268,0.013927,0.054847,1.201987,0.065926,0.329083,0.395553
2026-07-06 15:40:00,15:40,19.2,43.3,256.0,11.0,91.6,0.117518,0.011752,0.044776,1.151343,0.051553,0.268657,0.309316
2026-07-06 16:00:00,16:00,19.1,44.0,294.0,17.9,91.6,0.130461,0.013046,0.053478,1.228705,0.065708,0.320866,0.39425
2026-07-06 16:20:00,16:20,19.1,44.8,216.0,15.4,91.6,0.098775,0.009878,0.044815,1.196261,0.053611,0.268891,0.321664
2026-07-06 16:40:00,16:40,18.8,46.3,140.0,13.1,91.6,0.06473,0.006473,0.034754,1.163212,0.040426,0.208525,0.242559
2026-07-06 16:50:00,16:50,18.1,48.2,65.0,14.3,91.6,0.028751,0.002875,0.027612,1.169217,0.032284,0.165672,0.193707
2026-07-06 17:00:00,17:00,17.7,48.8,84.0,15.6,91.6,0.037873,0.003787,0.030081,1.181831,0.035551,0.180488,0.213306
2026-07-06 17:10:00,17:10,17.4,50.5,40.0,11.2,91.6,0.016776,0.001678,0.020391,1.123507,0.022909,0.122344,0.137454
2026-07-06 17:20:00,17:20,16.8,51.7,36.0,16.3,91.6,0.014864,0.001486,0.024473,1.177828,0.028825,0.146836,0.172947
2026-07-06 17:30:00,17:30,16.5,52.5,31.0,17.8,91.6,0.012471,0.001247,0.024793,1.191932,0.029552,0.148758,0.17731
2026-07-06 17:40:00,17:40,16.2,53.2,23.0,14.9,91.7,0.008636,0.000864,0.020952,1.155253,0.024205,0.125715,0.145232
2026-07-06 17:50:00,17:50,16.0,54.2,19.0,16.9,91.6,0.006727,0.000673,0.021836,1.174337,0.025643,0.131015,0.153855
2026-07-06 18:00:00,18:00,15.7,55.1,8.0,23.7,91.6,0.001455,0.000146,0.025488,1.249699,0.031853,0.15293,0.191116
2026-07-06 18:10:00,18:10,15.4,56.5,2.0,11.7,91.7,-0.00141,-0.000705,0.014449,1.104189,0.015954,0.086692,0.095724
2026-07-06 18:20:00,18:20,15.1,56.9,0.0,15.5,91.7,-0.014222,-0.007111,0.016356,1.146734,0.018756,0.098136,0.112535
2026-07-06 18:30:00,18:30,15.0,57.3,0.0,10.8,91.7,-0.014199,-0.0071,0.011796,1.090365,0.012861,0.070773,0.077168
2026-07-06 18:40:00,18:40,14.8,57.5,0.0,17.7,91.7,-0.014205,-0.007103,0.017717,1.169822,0.020726,0.106302,0.124355
2026-07-06 18:50:00,18:50,14.6,58.3,0.0,13.0,91.7,-0.014162,-0.007081,0.013382,1.111777,0.014878,0.080293,0.089268
2026-07-06 19:00:00,19:00,14.5,58.6,0.0,13.1,91.7,-0.014148,-0.007074,0.01332,1.111684,0.014808,0.079919,0.088845
2026-07-06 19:10:00,19:10,14.3,59.2,0.0,15.2,91.7,-0.014122,-0.007061,0.014755,1.133608,0.016727,0.088531,0.10036
2026-07-06 19:20:00,19:20,14.2,59.2,0.0,9.4,91.7,-0.014134,-0.007067,0.009576,1.066113,0.01021,0.057459,0.061257
2026-07-06 19:30:00,19:30,14.0,60.2,0.0,14.1,91.8,-0.014076,-0.007038,0.013361,1.116618,0.014919,0.080165,0.089514
2026-07-06 19:40:00,19:40,14.0,60.0,0.0,11.1,91.8,-0.014092,-0.007046,0.010888,1.082544,0.011786,0.065326,0.070718
2026-07-06 19:50:00,19:50,14.0,59.5,0.0,11.1,91.8,-0.014132,-0.007066,0.011037,1.084639,0.011972,0.066225,0.07183
2026-07-06 20:00:00,20:00,13.7,60.8,0.0,6.4,91.8,-0.014063,-0.007031,0.006034,1.024499,0.006182,0.036205,0.037092
2026-07-06 20:10:00,20:10,13.5,61.6,0.0,6.8,91.8,-0.014023,-0.007012,0.006253,1.025802,0.006415,0.03752,0.038488
2026-07-06 20:20:00,20:20,13.4,61.2,0.0,6.6,91.8,-0.014065,-0.007032,0.006105,1.025151,0.006259,0.036632,0.037553
2026-07-06 20:30:00,20:30,13.2,62.3,0.0,3.8,91.8,-0.014004,-0.007002,0.002907,0.987959,0.002872,0.017443,0.017233
2026-07-06 20:40:00,20:40,13.1,62.5,0.0,3.3,91.8,-0.013999,-0.007,0.002312,0.981302,0.002268,0.013869,0.01361
2026-07-06 20:50:00,20:50,12.8,63.0,0.0,5.1,91.8,-0.013995,-0.006997,0.004161,1.000154,0.004161,0.024964,0.024968
2026-07-06 21:00:00,21:00,12.9,61.7,0.0,6.5,91.8,-0.01408,-0.00704,0.005808,1.021892,0.005936,0.034851,0.035614
2026-07-06 21:10:00,21:10,13.1,60.8,0.0,8.5,91.8,-0.014127,-0.007064,0.007986,1.048937,0.008377,0.047915,0.050259
2026-07-06 21:20:00,21:20,13.3,59.7,0.0,13.3,91.8,-0.014191,-0.007095,0.012564,1.109403,0.013939,0.075387,0.083635
2026-07-06 21:30:00,21:30,13.3,59.6,0.0,10.7,91.8,-0.014198,-0.007099,0.010384,1.079565,0.01121,0.062304,0.067262
2026-07-06 21:40:00,21:40,13.3,59.4,0.0,10.5,91.8,-0.014214,-0.007107,0.01026,1.078076,0.011061,0.061561,0.066368
2026-07-06 21:50:00,21:50,13.2,61.4,0.0,12.0,91.8,-0.014071,-0.007036,0.010918,1.087153,0.01187,0.06551,0.07122
2026-07-06 22:00:00,22:00,12.6,63.5,0.0,4.7,91.8,-0.01398,-0.00699,0.003653,0.993405,0.003629,0.021919,0.021774
2026-07-06 22:10:00,22:10,12.0,67.8,0.0,4.0,91.9,-0.013743,-0.006872,0.002376,0.967245,0.002298,0.014258,0.013791
2026-07-06 22:20:00,22:20,12.5,64.9,0.0,4.7,91.8,-0.01389,-0.006945,0.003452,0.98754,0.003409,0.020713,0.020454
2026-07-06 22:30:00,22:30,13.0,60.5,0.0,5.6,91.8,-0.01416,-0.00708,0.005101,1.016446,0.005185,0.030605,0.031109
2026-07-06 22:40:00,22:40,12.6,62.8,0.0,3.1,91.8,-0.01403,-0.007015,0.002016,0.977718,0.001971,0.012095,0.011826
2026-07-06 22:50:00,22:50,12.0,65.3,0.0,4.6,91.8,-0.013915,-0.006957,0.003241,0.9847,0.003191,0.019446,0.019148
2026-07-06 23:00:00,23:00,12.1,65.3,0.0,6.6,91.8,-0.013905,-0.006952,0.005091,1.007974,0.005132,0.030549,0.030792
2026-07-06 23:10:00,23:10,12.1,64.9,0.0,8.3,91.8,-0.013932,-0.006966,0.006618,1.029433,0.006812,0.039706,0.040874
2026-07-06 23:20:00,23:20,12.1,64.7,0.0,9.0,91.8,-0.013946,-0.006973,0.007233,1.038417,0.007511,0.043398,0.045065
2026-07-06 23:30:00,23:30,12.3,63.5,0.0,4.8,91.8,-0.014011,-0.007005,0.003715,0.994569,0.003695,0.02229,0.022169
2026-07-06 23:40:00,23:40,12.1,63.3,0.0,12.2,91.8,-0.014045,-0.007022,0.010065,1.08152,0.010885,0.060388,0.065311
2026-07-06 23:50:00,23:50,12.3,62.7,0.0,10.4,91.8,-0.014068,-0.007034,0.008925,1.063087,0.009488,0.053549,0.056927
2026-07-07 00:00:00,00:00,12.2,62.5,0.0,5.5,91.8,-0.014092,-0.007046,0.004548,1.006904,0.004579,0.027287,0.027475
2026-07-07 00:10:00,00:10,12.2,62.8,0.0,14.9,91.8,-0.014071,-0.007035,0.012161,1.115035,0.01356,0.072965,0.081359
2026-07-07 00:20:00,00:20,12.2,63.1,0.0,13.9,91.8,-0.014049,-0.007025,0.011377,1.102141,0.012539,0.068262,0.075235
2026-07-07 00:30:00,00:30,12.1,63.9,0.0,12.7,91.8,-0.014003,-0.007001,0.010239,1.084825,0.011107,0.061433,0.066644
2026-07-07 00:40:00,00:40,12.1,64.0,0.0,7.6,91.8,-0.013995,-0.006998,0.006217,1.025058,0.006373,0.037303,0.038237
2026-07-07 00:50:00,00:50,12.1,63.6,0.0,17.9,91.8,-0.014024,-0.007012,0.013686,1.146595,0.015692,0.082114,0.094152
2026-07-07 01:00:00,01:00,12.1,64.0,0.0,17.7,91.8,-0.013995,-0.006998,0.013409,1.142591,0.015321,0.080452,0.091924
2026-07-07 01:10:00,01:10,11.9,63.8,0.0,9.8,91.8,-0.014029,-0.007015,0.008035,1.051497,0.008449,0.04821,0.050692
2026-07-07 01:20:00,01:20,11.8,63.4,0.0,5.5,91.8,-0.014067,-0.007033,0.004346,1.003134,0.00436,0.026077,0.026159
2026-07-07 01:30:00,01:30,11.9,62.3,0.0,13.8,91.7,-0.014134,-0.007067,0.011437,1.104329,0.01263,0.068623,0.075782
2026-07-07 01:40:00,01:40,11.9,62.0,0.0,12.7,91.7,-0.014156,-0.007078,0.010745,1.092785,0.011742,0.064472,0.070454
2026-07-07 01:50:00,01:50,11.8,61.6,0.0,15.5,91.7,-0.014193,-0.007096,0.012789,1.127044,0.014413,0.076732,0.08648
2026-07-07 02:00:00,02:00,11.8,62.2,0.0,11.0,91.7,-0.014151,-0.007075,0.009362,1.072164,0.010038,0.056173,0.060227
2026-07-07 02:10:00,02:10,11.8,62.6,0.0,14.7,91.8,-0.014123,-0.007061,0.011912,1.113545,0.013264,0.07147,0.079585
2026-07-07 02:20:00,02:20,11.7,63.1,0.0,7.4,91.8,-0.014097,-0.007048,0.006134,1.026501,0.006296,0.036803,0.037779
2026-07-07 02:30:00,02:30,11.6,62.6,0.0,10.5,91.8,-0.014141,-0.00707,0.008802,1.06467,0.009371,0.052813,0.056228
2026-07-07 02:40:00,02:40,11.5,62.8,0.0,6.9,91.8,-0.014136,-0.007068,0.005701,1.021939,0.005826,0.034203,0.034953
2026-07-07 02:50:00,02:50,11.4,63.7,0.0,6.7,91.8,-0.014083,-0.007041,0.005337,1.015841,0.005421,0.03202,0.032527
2026-07-07 03:00:00,03:00,11.3,63.6,0.0,4.0,91.8,-0.014099,-0.007049,0.002776,0.98484,0.002734,0.016657,0.016404
2026-07-07 03:10:00,03:10,11.2,65.5,0.0,4.3,91.9,-0.01398,-0.00699,0.002843,0.980372,0.002787,0.017059,0.016724
2026-07-07 03:20:00,03:20,11.2,64.6,0.0,9.1,91.8,-0.01404,-0.00702,0.007098,1.04,0.007381,0.042585,0.044289
2026-07-07 03:30:00,03:30,11.2,64.4,0.0,7.4,91.8,-0.014053,-0.007027,0.00577,1.021055,0.005891,0.034619,0.035348
2026-07-07 03:40:00,03:40,11.1,64.8,0.0,8.1,91.8,-0.014036,-0.007018,0.006241,1.027525,0.006413,0.037445,0.038476
2026-07-07 03:50:00,03:50,10.9,66.0,0.0,6.0,91.9,-0.013974,-0.006987,0.004253,0.99806,0.004245,0.025519,0.025469
2026-07-07 04:00:00,04:00,10.5,67.8,0.0,5.6,91.9,-0.013895,-0.006947,0.003584,0.985864,0.003534,0.021506,0.021202
2026-07-07 04:10:00,04:10,10.4,68.5,0.0,3.9,91.9,-0.01386,-0.00693,0.002069,0.963149,0.001993,0.012417,0.011959
2026-07-07 04:20:00,04:20,10.5,68.1,0.0,5.8,91.9,-0.013876,-0.006938,0.003699,0.986935,0.003651,0.022194,0.021904
2026-07-07 04:30:00,04:30,10.6,67.3,0.0,6.8,91.9,-0.013917,-0.006959,0.004633,1.001923,0.004641,0.027795,0.027849
2026-07-07 04:40:00,04:40,10.8,66.3,0.0,11.4,91.9,-0.013964,-0.006982,0.008197,1.059643,0.008686,0.049183,0.052117
2026-07-07 04:50:00,04:50,10.9,65.3,0.0,7.5,91.9,-0.01402,-0.00701,0.005618,1.018448,0.005721,0.033706,0.034328
2026-07-07 05:00:00,05:00,10.9,65.7,1.0,6.6,91.9,-0.013514,-0.006757,0.004856,1.006299,0.004886,0.029134,0.029317
2026-07-07 05:10:00,05:10,10.8,65.6,3.0,6.9,91.9,-0.012569,-0.006285,0.005198,1.010209,0.005251,0.03119,0.031508
2026-07-07 05:20:00,05:20,11.1,63.7,9.0,6.0,91.9,-0.009789,-0.000979,0.004294,1.007695,0.004327,0.025762,0.02596
2026-07-07 05:30:00,05:30,11.1,62.8,15.0,8.8,91.9,-0.018786,-0.001879,0.005344,1.044049,0.00558,0.032067,0.033479
2026-07-07 05:40:00,05:40,11.1,62.4,32.0,2.9,91.8,-0.004993,-0.000499,0.002298,0.977067,0.002245,0.013786,0.01347
2026-07-07 05:50:00,05:50,11.1,62.2,41.0,5.2,91.9,0.006664,0.000666,0.006887,1.00467,0.006919,0.04132,0.041513
2026-07-07 06:00:00,06:00,11.1,62.7,60.0,4.9,91.9,0.013983,0.001398,0.007936,0.999084,0.007929,0.047618,0.047575
2026-07-07 06:10:00,06:10,11.3,61.5,72.0,8.9,91.9,0.021549,0.002155,0.012843,1.050659,0.013494,0.077061,0.080965
2026-07-07 06:20:00,06:20,11.8,60.0,117.0,9.6,91.8,0.033117,0.003312,0.015987,1.065089,0.017028,0.095922,0.102166
2026-07-07 06:30:00,06:30,12.2,61.8,105.0,1.6,91.9,0.036996,0.0037,0.009863,0.964452,0.009512,0.059177,0.057073
2026-07-07 06:40:00,06:40,12.4,60.3,97.0,2.5,91.9,0.039026,0.003903,0.011331,0.981209,0.011118,0.067987,0.066709
2026-07-07 06:50:00,06:50,12.4,60.6,81.0,0.9,91.9,0.036512,0.003651,0.009134,0.961333,0.008781,0.054806,0.052687
2026-07-07 07:00:00,07:00,12.2,59.3,75.0,6.7,91.9,0.033613,0.003361,0.014158,1.034274,0.014644,0.08495,0.087862
2026-07-07 07:10:00,07:10,12.0,58.1,94.0,12.7,91.9,0.042715,0.004272,0.020407,1.109123,0.022634,0.122442,0.135803
2026-07-07 07:20:00,07:20,11.8,59.1,100.0,6.8,91.9,0.045605,0.00456,0.01634,1.036276,0.016933,0.098043,0.101599
2026-07-07 07:30:00,07:30,11.8,59.1,76.0,9.5,91.9,0.034085,0.003408,0.016314,1.067696,0.017418,0.097884,0.10451
2026-07-07 07:40:00,07:40,11.8,58.9,78.0,9.8,91.9,0.035042,0.003504,0.016753,1.072025,0.01796,0.10052,0.10776
2026-07-07 07:50:00,07:50,11.6,58.6,74.0,11.3,91.9,0.033116,0.003312,0.017457,1.090737,0.019041,0.10474,0.114243
2026-07-07 08:00:00,08:00,11.6,58.8,74.0,13.8,91.9,0.033119,0.003312,0.019036,1.118992,0.021302,0.114218,0.127809
2026-07-07 08:10:00,08:10,11.6,59.7,91.0,11.7,92.0,0.041289,0.004129,0.018771,1.090783,0.020475,0.112624,0.122848
2026-07-07 08:20:00,08:20,11.6,60.5,78.0,14.4,92.0,0.035059,0.003506,0.01913,1.118852,0.021404,0.11478,0.128422
2026-07-07 08:30:00,08:30,11.5,60.1,75.0,14.3,92.0,0.033613,0.003361,0.018912,1.119364,0.021169,0.113472,0.127016
2026-07-07 08:40:00,08:40,11.4,61.7,84.0,14.2,92.1,0.03795,0.003795,0.018929,1.111497,0.021039,0.113572,0.126235
2026-07-07 08:50:00,08:50,11.4,60.8,95.0,10.4,92.0,0.04322,0.004322,0.017839,1.071047,0.019106,0.107033,0.114637
2026-07-07 09:00:00,09:00,11.4,60.7,106.0,18.1,92.1,0.048498,0.00485,0.022835,1.161071,0.026513,0.137011,0.159079
2026-07-07 09:10:00,09:10,11.4,60.6,135.0,8.5,92.1,0.062417,0.006242,0.020034,1.049775,0.021031,0.120202,0.126185
2026-07-07 09:20:00,09:20,11.5,61.7,159.0,8.9,92.1,0.073951,0.007395,0.022113,1.049821,0.023215,0.132677,0.139287
2026-07-07 09:30:00,09:30,11.5,63.2,147.0,14.9,92.2,0.068209,0.006821,0.023557,1.113359,0.026228,0.141343,0.157365
2026-07-07 09:40:00,09:40,11.4,62.9,169.0,13.0,92.1,0.078764,0.007876,0.024456,1.092506,0.026719,0.146738,0.160312
2026-07-07 09:50:00,09:50,11.5,64.7,239.0,8.0,92.2,0.112386,0.011239,0.027858,1.02678,0.028604,0.167149,0.171625
2026-07-07 10:00:00,10:00,11.7,63.4,252.0,12.6,92.1,0.118423,0.011842,0.030887,1.085756,0.033536,0.185325,0.201218
2026-07-07 10:10:00,10:10,11.8,62.8,233.0,8.6,92.2,0.109489,0.010949,0.028251,1.041722,0.02943,0.169505,0.176577
2026-07-07 10:20:00,10:20,11.7,63.0,204.0,13.4,92.1,0.095569,0.009557,0.02756,1.096742,0.030226,0.165358,0.181355
2026-07-07 10:30:00,10:30,11.7,64.3,186.0,6.4,92.2,0.086944,0.008694,0.022765,1.009836,0.022989,0.136588,0.137932
2026-07-07 10:40:00,10:40,11.8,64.1,176.0,10.6,92.2,0.082144,0.008214,0.023967,1.05955,0.025395,0.143804,0.152368
2026-07-07 10:50:00,10:50,11.8,64.1,167.0,9.8,92.1,0.077824,0.007782,0.022865,1.05024,0.024013,0.137188,0.14408
2026-07-07 11:00:00,11:00,11.6,64.5,137.0,18.3,92.1,0.063425,0.006343,0.023744,1.147479,0.027246,0.142464,0.163475
2026-07-07 11:10:00,11:10,11.5,64.6,156.0,7.1,92.1,0.072545,0.007254,0.020271,1.016726,0.02061,0.121628,0.123662
2026-07-07 11:20:00,11:20,11.3,64.3,132.0,17.6,92.1,0.061018,0.006102,0.02295,1.140171,0.026167,0.1377,0.157002
2026-07-07 11:30:00,11:30,11.3,64.8,154.0,16.1,92.1,0.071584,0.007158,0.023789,1.120621,0.026658,0.142731,0.159947
2026-07-07 11:40:00,11:40,11.5,65.1,132.0,8.5,92.1,0.06103,0.006103,0.018822,1.030923,0.019404,0.112934,0.116427
2026-07-07 11:50:00,11:50,11.5,64.0,148.0,17.7,92.1,0.068698,0.00687,0.024414,1.142591,0.027896,0.146486,0.167373
2026-07-07 12:00:00,12:00,11.4,64.6,114.0,19.2,92.1,0.052383,0.005238,0.022257,1.157533,0.025763,0.133541,0.154579
2026-07-07 12:10:00,12:10,11.5,63.8,107.0,16.5,92.1,0.049016,0.004902,0.021076,1.129465,0.023804,0.126454,0.142825
2026-07-07 12:20:00,12:20,11.6,64.4,187.0,4.9,92.1,0.087424,0.008742,0.02202,0.991962,0.021843,0.132122,0.13106
2026-07-07 12:30:00,12:30,11.7,62.9,200.0,21.6,92.0,0.093648,0.009365,0.029894,1.192584,0.035651,0.179362,0.213904
2026-07-07 12:40:00,12:40,12.3,62.0,218.0,15.8,92.0,0.102287,0.010229,0.030438,1.12886,0.03436,0.182626,0.206159
2026-07-07 12:50:00,12:50,12.5,61.3,361.0,14.3,92.0,0.166871,0.016687,0.040878,1.114337,0.045552,0.245271,0.273314
2026-07-07 13:00:00,13:00,12.6,60.7,408.0,14.4,92.0,0.186334,0.018633,0.044422,1.118014,0.049665,0.266533,0.297988
2026-07-07 13:10:00,13:10,13.3,59.6,407.0,12.8,92.0,0.185779,0.018578,0.04548,1.104003,0.05021,0.27288,0.30126
2026-07-07 13:20:00,13:20,13.7,57.4,430.0,10.0,91.9,0.195057,0.019506,0.047796,1.080636,0.05165,0.286773,0.309897
2026-07-07 13:30:00,13:30,13.5,58.7,755.0,15.4,91.9,0.329644,0.032964,0.070323,1.13803,0.08003,0.421938,0.480178
2026-07-07 13:40:00,13:40,14.0,56.0,632.0,18.9,91.9,0.277959,0.027796,0.063824,1.19007,0.075954,0.382941,0.455727
2026-07-07 13:50:00,13:50,13.7,57.3,600.0,13.1,91.9,0.264415,0.026442,0.060532,1.11713,0.067623,0.363194,0.405735
2026-07-07 14:00:00,14:00,13.6,58.0,511.0,16.3,91.9,0.227295,0.02273,0.053978,1.151436,0.062152,0.323869,0.372915
2026-07-07 14:10:00,14:10,13.6,58.4,527.0,13.0,91.9,0.233419,0.023342,0.05461,1.111358,0.060691,0.32766,0.364148
2026-07-07 14:20:00,14:20,13.5,57.6,514.0,13.7,91.9,0.227405,0.02274,0.053743,1.122855,0.060345,0.322457,0.362073
2026-07-07 14:30:00,14:30,13.7,57.3,468.0,17.2,91.9,0.20796,0.020796,0.051423,1.164841,0.0599,0.308538,0.359397
2026-07-07 14:40:00,14:40,13.5,57.5,439.0,10.7,91.9,0.195491,0.019549,0.047721,1.088363,0.051938,0.286328,0.311629
2026-07-07 14:50:00,14:50,13.5,58.1,458.0,17.5,91.9,0.202568,0.020257,0.049924,1.164981,0.058161,0.299545,0.348964
2026-07-07 15:00:00,15:00,13.5,57.2,417.0,16.3,91.9,0.185128,0.018513,0.047284,1.154787,0.054603,0.283702,0.327615
2026-07-07 15:10:00,15:10,13.3,58.1,432.0,12.9,91.9,0.190407,0.019041,0.046811,1.111451,0.052028,0.280864,0.312166
2026-07-07 15:20:00,15:20,13.1,58.3,298.0,14.9,91.9,0.135884,0.013588,0.03786,1.133887,0.042929,0.227159,0.257572
2026-07-07 15:30:00,15:30,13.5,57.2,368.0,11.7,91.9,0.162955,0.016295,0.042286,1.101257,0.046568,0.253718,0.279409
2026-07-07 15:40:00,15:40,13.1,57.8,287.0,12.3,91.9,0.130018,0.013002,0.036072,1.105725,0.039885,0.216431,0.239313
2026-07-07 15:50:00,15:50,13.1,58.1,335.0,16.1,91.9,0.147992,0.014799,0.040287,1.148689,0.046277,0.241722,0.277663
2026-07-07 16:00:00,16:00,13.3,57.8,301.0,14.0,91.9,0.133676,0.013368,0.037602,1.125508,0.042322,0.225613,0.253929
2026-07-07 16:10:00,16:10,13.2,56.8,269.0,14.4,91.8,0.120202,0.01202,0.035756,1.134352,0.04056,0.214534,0.243357
2026-07-07 16:20:00,16:20,13.2,57.1,233.0,16.8,91.9,0.105415,0.010541,0.034262,1.161024,0.039779,0.205571,0.238674
2026-07-07 16:30:00,16:30,13.0,57.9,201.0,12.3,91.9,0.092326,0.009233,0.029441,1.105306,0.032541,0.176644,0.195246
2026-07-07 16:40:00,16:40,13.1,57.8,170.0,14.6,91.9,0.079207,0.007921,0.02858,1.132491,0.032366,0.171478,0.194197
2026-07-07 16:50:00,16:50,13.1,57.5,141.0,6.3,91.9,0.065283,0.006528,0.020713,1.03716,0.021482,0.124276,0.128894
2026-07-07 17:00:00,17:00,12.7,58.7,113.0,10.6,91.9,0.051853,0.005185,0.020877,1.082172,0.022593,0.125265,0.135558
2026-07-07 17:10:00,17:10,12.5,59.8,91.0,9.8,91.9,0.041303,0.00413,0.018021,1.068254,0.019251,0.108126,0.115506
2026-07-07 17:20:00,17:20,12.0,60.7,66.0,7.5,91.9,0.029307,0.002931,0.013645,1.037719,0.01416,0.081871,0.084959
2026-07-07 17:30:00,17:30,11.7,61.8,46.0,22.2,92.0,0.019715,0.001972,0.020393,1.204175,0.024557,0.122357,0.14734
2026-07-07 17:40:00,17:40,11.2,63.4,29.0,13.4,92.0,0.011567,0.001157,0.013615,1.095066,0.01491,0.081692,0.089458
2026-07-07 17:50:00,17:50,10.9,64.7,14.0,11.6,92.0,0.004377,0.000438,0.010803,1.068673,0.011544,0.064816,0.069267
2026-07-07 18:00:00,18:00,10.6,65.7,6.0,14.7,92.0,0.000543,5.4e-05,0.011614,1.100559,0.012782,0.069686,0.076693
2026-07-07 18:10:00,18:10,10.4,66.1,1.0,22.0,92.0,-0.001855,-0.000928,0.014646,1.183833,0.017339,0.087878,0.104033
2026-07-07 18:20:00,18:20,10.2,66.8,0.0,15.8,92.0,-0.013984,-0.006992,0.01042,1.108751,0.011553,0.062519,0.069318
2026-07-07 18:30:00,18:30,10.1,67.5,0.0,18.9,92.1,-0.013949,-0.006974,0.011648,1.141893,0.013301,0.06989,0.079807
2026-07-07 18:40:00,18:40,9.9,68.0,0.0,16.3,92.1,-0.013934,-0.006967,0.010139,1.109542,0.01125,0.060835,0.067499
2026-07-07 18:50:00,18:50,9.8,68.1,0.0,14.4,92.1,-0.013937,-0.006968,0.009098,1.087013,0.00989,0.054588,0.059338
2026-07-07 19:00:00,19:00,9.8,68.6,0.0,11.8,92.1,-0.013906,-0.006953,0.007515,1.054662,0.007926,0.04509,0.047555
2026-07-07 19:10:00,19:10,9.7,68.7,0.0,11.9,92.1,-0.013908,-0.006954,0.007515,1.055407,0.007931,0.04509,0.047589
2026-07-07 19:20:00,19:20,9.7,68.6,0.0,11.2,92.1,-0.013914,-0.006957,0.007135,1.04768,0.007475,0.042809,0.04485
2026-07-07 19:30:00,19:30,9.7,68.8,0.0,11.1,92.1,-0.013902,-0.006951,0.007024,1.045678,0.007345,0.042143,0.044068
2026-07-07 19:40:00,19:40,9.5,69.3,0.0,11.7,92.1,-0.013889,-0.006944,0.00718,1.050566,0.007543,0.043081,0.045259
2026-07-07 19:50:00,19:50,9.4,69.6,0.0,10.5,92.2,-0.013879,-0.00694,0.006394,1.035345,0.00662,0.038363,0.039719
2026-07-07 20:00:00,20:00,9.4,69.4,0.0,13.8,92.2,-0.013891,-0.006945,0.008247,1.074585,0.008863,0.049485,0.053176
2026-07-07 20:10:00,20:10,9.3,69.4,0.0,11.2,92.2,-0.013899,-0.006949,0.00682,1.044329,0.007122,0.040919,0.042733
2026-07-07 20:20:00,20:20,9.4,69.5,0.0,12.3,92.2,-0.013885,-0.006942,0.007431,1.05671,0.007853,0.044587,0.047115
2026-07-07 20:30:00,20:30,9.3,70.2,0.0,9.6,92.2,-0.013852,-0.006926,0.005698,1.022358,0.005826,0.03419,0.034954
2026-07-07 20:40:00,20:40,9.3,69.9,0.0,12.1,92.2,-0.013869,-0.006935,0.007184,1.052707,0.007562,0.043101,0.045373
2026-07-07 20:50:00,20:50,9.3,69.6,0.0,6.5,92.2,-0.013887,-0.006944,0.003818,0.988797,0.003775,0.022906,0.02265
2026-07-07 21:00:00,21:00,9.1,70.4,0.0,8.7,92.2,-0.013856,-0.006928,0.00507,1.011047,0.005126,0.030423,0.030759
2026-07-07 21:10:00,21:10,9.2,70.1,0.0,7.7,92.2,-0.013866,-0.006933,0.004521,1.000666,0.004524,0.027126,0.027144
2026-07-07 21:20:00,21:20,9.3,69.3,0.0,10.9,92.2,-0.013905,-0.006952,0.006674,1.041256,0.006949,0.040044,0.041696
2026-07-07 21:30:00,21:30,9.6,68.2,0.0,11.2,92.2,-0.013947,-0.006973,0.007215,1.049356,0.007571,0.04329,0.045426
2026-07-07 21:40:00,21:40,9.6,68.1,0.0,13.9,92.3,-0.013953,-0.006976,0.00877,1.081195,0.009482,0.052619,0.056892
2026-07-07 21:50:00,21:50,9.6,67.9,0.0,7.6,92.3,-0.013965,-0.006982,0.004948,1.008719,0.004991,0.029689,0.029947
2026-07-07 22:00:00,22:00,9.4,68.4,0.0,7.8,92.3,-0.013951,-0.006975,0.004953,1.008952,0.004998,0.029719,0.029985
2026-07-07 22:10:00,22:10,9.3,67.6,0.0,10.3,92.2,-0.014006,-0.007003,0.006733,1.041396,0.007012,0.040398,0.042071
2026-07-07 22:20:00,22:20,9.3,67.2,0.0,9.8,92.2,-0.01403,-0.007015,0.006511,1.037253,0.006753,0.039064,0.040519
2026-07-07 22:30:00,22:30,9.1,67.5,0.0,5.0,92.2,-0.014027,-0.007013,0.002976,0.980139,0.002917,0.017856,0.017501
2026-07-07 22:40:00,22:40,8.9,68.5,0.0,5.1,92.3,-0.013982,-0.006991,0.002904,0.977113,0.002838,0.017426,0.017028
2026-07-07 22:50:00,22:50,8.9,67.5,0.0,5.3,92.2,-0.014041,-0.00702,0.003188,0.98363,0.003136,0.019131,0.018818
2026-07-07 23:00:00,23:00,8.5,69.0,0.0,8.1,92.3,-0.013981,-0.006991,0.004861,1.00993,0.004909,0.029164,0.029454
2026-07-07 23:10:00,23:10,8.4,68.8,0.0,5.1,92.3,-0.014,-0.007,0.002808,0.975856,0.002741,0.01685,0.016443
2026-07-07 23:20:00,23:20,8.4,69.4,0.0,0.9,92.3,-0.013966,-0.006983,0.0,0.924467,0.0,0.0,0.0
2026-07-07 23:30:00,23:30,7.9,72.3,0.0,3.1,92.3,-0.01384,-0.00692,0.000935,0.93792,0.000877,0.005609,0.00526
2026-07-07 23:40:00,23:40,8.2,71.6,0.0,2.3,92.3,-0.013857,-0.006928,0.000389,0.931543,0.000363,0.002336,0.002176
2026-07-07 23:50:00,23:50,8.3,70.9,0.0,1.4,92.3,-0.013888,-0.006944,0.0,0.924002,0.0,0.0,0.0
2026-07-08 00:00:00,00:00,8.4,71.6,0.0,2.7,92.3,-0.013842,-0.006921,0.000708,0.936197,0.000663,0.004247,0.003976
2026-07-08 00:10:00,00:10,8.3,70.9,0.0,1.5,92.3,-0.013888,-0.006944,0.0,0.925166,0.0,0.0,0.0
2026-07-08 00:20:00,00:20,7.5,73.4,0.0,0.8,92.3,-0.013808,-0.006904,0.0,0.906546,0.0,0.0,0.0
2026-07-08 00:30:00,00:30,7.3,74.6,0.0,1.8,92.2,-0.013759,-0.00688,0.0,0.913156,0.0,0.0,0.0
2026-07-08 00:40:00,00:40,7.7,72.2,0.0,0.0,92.2,-0.013859,-0.006929,0.0,0.902264,0.0,0.0,0.0
2026-07-08 00:50:00,00:50,8.0,70.8,0.0,0.3,92.2,-0.013915,-0.006957,0.0,0.91162,0.0,0.0,0.0
2026-07-08 01:00:00,01:00,8.0,72.8,0.0,1.5,92.2,-0.013805,-0.006903,0.0,0.917206,0.0,0.0,0.0
2026-07-08 01:10:00,01:10,7.2,74.4,0.0,1.7,92.2,-0.013776,-0.006888,0.0,0.91283,0.0,0.0,0.0
2026-07-08 01:20:00,01:20,6.7,78.1,0.0,0.7,92.2,-0.013624,-0.006812,0.0,0.885693,0.0,0.0,0.0
2026-07-08 01:30:00,01:30,6.8,78.4,0.0,0.9,92.2,-0.013602,-0.006801,0.0,0.886763,0.0,0.0,0.0
2026-07-08 01:40:00,01:40,6.3,79.0,0.0,0.2,92.2,-0.013608,-0.006804,0.0,0.876104,0.0,0.0,0.0
2026-07-08 01:50:00,01:50,6.4,79.1,0.0,0.9,92.2,-0.013596,-0.006798,0.0,0.883831,0.0,0.0,0.0
2026-07-08 02:00:00,02:00,6.7,79.8,0.0,0.9,92.2,-0.013541,-0.00677,0.0,0.880898,0.0,0.0,0.0
2026-07-08 02:10:00,02:10,6.5,79.4,0.0,0.7,92.2,-0.013575,-0.006787,0.0,0.880247,0.0,0.0,0.0
2026-07-08 02:20:00,02:20,6.1,79.2,0.0,8.1,92.1,-0.013611,-0.006806,0.002603,0.967198,0.002517,0.015616,0.015104
2026-07-08 02:30:00,02:30,5.9,80.1,0.0,0.6,92.1,-0.013582,-0.006791,0.0,0.87615,0.0,0.0,0.0
2026-07-08 02:40:00,02:40,5.8,81.5,0.0,2.7,92.2,-0.013523,-0.006762,0.0,0.894723,0.0,0.0,0.0
2026-07-08 02:50:00,02:50,5.4,81.7,0.0,2.7,92.2,-0.01354,-0.00677,0.0,0.893885,0.0,0.0,0.0
2026-07-08 03:00:00,03:00,5.7,81.2,0.0,5.1,92.2,-0.013544,-0.006772,0.001064,0.923909,0.000983,0.006383,0.005897
2026-07-08 03:10:00,03:10,6.4,77.3,0.0,5.4,92.2,-0.013683,-0.006842,0.001719,0.943738,0.001623,0.010316,0.009736
2026-07-08 03:20:00,03:20,6.2,78.0,0.0,0.7,92.3,-0.013662,-0.006831,0.0,0.886112,0.0,0.0,0.0
2026-07-08 03:30:00,03:30,6.2,77.2,0.0,0.3,92.2,-0.013701,-0.00685,0.0,0.884808,0.0,0.0,0.0
2026-07-08 03:40:00,03:40,6.0,77.7,0.0,2.4,92.2,-0.013689,-0.006844,5.5e-05,0.907151,5e-05,0.000329,0.000298
2026-07-08 03:50:00,03:50,6.0,78.3,0.0,1.2,92.3,-0.01366,-0.00683,0.0,0.890673,0.0,0.0,0.0
2026-07-08 04:00:00,04:00,6.0,77.9,0.0,7.9,92.2,-0.013679,-0.00684,0.002737,0.970317,0.002656,0.016424,0.015937
2026-07-08 04:10:00,04:10,6.2,77.5,0.0,8.4,92.2,-0.013686,-0.006843,0.003044,0.977811,0.002976,0.018263,0.017858
2026-07-08 04:20:00,04:20,6.2,77.8,0.0,3.1,92.2,-0.013672,-0.006836,0.000448,0.914878,0.00041,0.002686,0.002458
2026-07-08 04:30:00,04:30,6.5,75.5,0.0,5.3,92.2,-0.013765,-0.006883,0.0019,0.950115,0.001806,0.011402,0.010833
2026-07-08 04:40:00,04:40,6.0,77.2,0.0,4.6,92.3,-0.013713,-0.006856,0.001298,0.934848,0.001214,0.00779,0.007283
2026-07-08 04:50:00,04:50,6.4,76.0,0.0,3.6,92.2,-0.013747,-0.006873,0.000885,0.928238,0.000821,0.005307,0.004926
2026-07-08 05:00:00,05:00,6.3,77.6,1.0,2.6,92.3,-0.013195,-0.006598,0.000229,0.909898,0.000209,0.001376,0.001252
2026-07-08 05:10:00,05:10,6.3,77.7,8.0,6.6,92.2,-0.00983,-0.000983,0.00188,0.956027,0.001797,0.011281,0.010785
2026-07-08 05:20:00,05:20,6.4,78.4,15.0,3.3,92.3,-0.00643,-0.000643,0.000715,0.914692,0.000654,0.004292,0.003926
2026-07-08 05:30:00,05:30,6.7,78.4,24.0,5.1,92.3,-0.033844,-0.003384,0.0,0.935639,0.0,0.0,0.0
2026-07-08 05:40:00,05:40,6.9,77.3,40.0,6.1,92.3,-0.010678,-0.001068,0.001609,0.951884,0.001532,0.009657,0.009192
2026-07-08 05:50:00,05:50,7.4,75.5,60.0,8.2,92.3,0.002196,0.00022,0.00503,0.983863,0.004949,0.030179,0.029692
2026-07-08 06:00:00,06:00,8.0,74.0,73.0,7.1,92.3,0.013576,0.001358,0.006757,0.977346,0.006604,0.040542,0.039623
2026-07-08 06:10:00,06:10,8.4,72.1,96.0,5.2,92.3,0.023468,0.002347,0.007887,0.963195,0.007597,0.047321,0.04558
2026-07-08 06:20:00,06:20,8.9,70.7,106.0,6.9,92.3,0.03188,0.003188,0.010569,0.988843,0.010451,0.063412,0.062704
2026-07-08 06:30:00,06:30,9.2,69.2,111.0,7.1,92.3,0.038182,0.003818,0.012124,0.997455,0.012093,0.072746,0.07256
2026-07-08 06:40:00,06:40,9.5,67.5,115.0,1.6,92.3,0.043212,0.004321,0.010131,0.940573,0.009529,0.060785,0.057173
2026-07-08 06:50:00,06:50,9.9,66.7,141.0,2.6,92.3,0.053333,0.005333,0.012966,0.955561,0.01239,0.077797,0.074339
2026-07-08 07:00:00,07:00,10.2,65.3,153.0,1.5,92.3,0.059895,0.00599,0.013741,0.948626,0.013035,0.082444,0.078209
2026-07-08 07:10:00,07:10,10.6,64.0,162.0,4.1,92.3,0.065391,0.006539,0.016806,0.984328,0.016542,0.100835,0.099255
2026-07-08 07:20:00,07:20,10.7,62.3,184.0,3.2,92.3,0.074731,0.007473,0.018276,0.980977,0.017928,0.109657,0.107571
2026-07-08 07:30:00,07:30,11.2,60.7,206.0,1.8,92.3,0.084246,0.008425,0.01961,0.971388,0.019049,0.11766,0.114294
2026-07-08 07:40:00,07:40,11.5,56.3,220.0,5.7,92.2,0.09094,0.009094,0.024347,1.035205,0.025204,0.146084,0.151226
2026-07-08 07:50:00,07:50,11.6,54.6,229.0,2.8,92.2,0.096028,0.009603,0.023462,1.00858,0.023663,0.140772,0.14198
2026-07-08 08:00:00,08:00,11.9,54.5,245.0,3.9,92.2,0.103576,0.010358,0.026054,1.021799,0.026622,0.156325,0.159733
2026-07-08 08:10:00,08:10,12.1,51.1,237.0,3.7,92.2,0.102267,0.010227,0.026166,1.033716,0.027048,0.156996,0.162289
2026-07-08 08:20:00,08:20,12.3,50.5,262.0,5.0,92.2,0.112863,0.011286,0.029587,1.051357,0.031107,0.177522,0.186639
2026-07-08 08:30:00,08:30,12.5,48.2,323.0,4.0,92.2,0.136684,0.013668,0.034032,1.049356,0.035711,0.20419,0.214268
2026-07-08 08:40:00,08:40,12.9,44.0,339.0,12.7,92.1,0.143885,0.014389,0.042887,1.168193,0.0501,0.257322,0.300601
2026-07-08 08:50:00,08:50,13.1,44.2,367.0,6.7,92.2,0.156002,0.0156,0.041194,1.097533,0.045212,0.247167,0.271273
2026-07-08 09:00:00,09:00,13.4,43.7,455.0,19.6,92.2,0.190892,0.019089,0.054806,1.249745,0.068493,0.328835,0.41096
2026-07-08 09:10:00,09:10,13.4,43.3,458.0,19.9,92.2,0.19366,0.019366,0.055525,1.254912,0.069679,0.333151,0.418075
2026-07-08 09:20:00,09:20,13.3,43.2,393.0,8.8,92.2,0.170038,0.017004,0.045813,1.12616,0.051593,0.274878,0.309556
2026-07-08 09:30:00,09:30,13.7,42.4,467.0,19.5,92.2,0.199941,0.019994,0.057345,1.254028,0.071912,0.344071,0.431474
2026-07-08 09:40:00,09:40,13.8,41.6,487.0,15.2,92.2,0.208923,0.020892,0.057501,1.20734,0.069424,0.345007,0.416541
2026-07-08 09:50:00,09:50,13.9,41.2,510.0,15.3,92.2,0.219112,0.021911,0.059593,1.210179,0.072118,0.357559,0.432711
2026-07-08 10:00:00,10:00,14.2,41.8,645.0,11.7,92.2,0.273832,0.027383,0.068121,1.165772,0.079413,0.408724,0.476479
2026-07-08 10:10:00,10:10,14.2,41.5,710.0,17.9,92.2,0.300912,0.030091,0.074322,1.239179,0.092099,0.445935,0.552593
2026-07-08 10:20:00,10:20,14.5,39.7,602.0,11.1,92.2,0.258676,0.025868,0.066416,1.167588,0.077546,0.398494,0.465277
2026-07-08 10:30:00,10:30,14.9,39.2,565.0,12.2,92.2,0.244762,0.024476,0.065329,1.182483,0.07725,0.391973,0.463502
2026-07-08 10:40:00,10:40,14.9,38.8,634.0,22.5,92.2,0.273222,0.027322,0.074149,1.30402,0.096692,0.444894,0.580151
2026-07-08 10:50:00,10:50,14.8,39.0,597.0,8.7,92.2,0.259156,0.025916,0.066155,1.142591,0.075588,0.396928,0.453526
2026-07-08 11:00:00,11:00,15.0,39.5,606.0,12.7,92.2,0.263571,0.026357,0.069066,1.187045,0.081984,0.414394,0.491904
2026-07-08 11:10:00,11:10,15.5,39.8,654.0,12.9,92.2,0.283731,0.028373,0.073765,1.188115,0.087642,0.442592,0.525851
2026-07-08 11:20:00,11:20,15.5,39.6,644.0,13.6,92.2,0.280188,0.028019,0.073458,1.197099,0.087937,0.440749,0.52762
2026-07-08 11:30:00,11:30,15.5,40.4,726.0,17.6,92.2,0.314226,0.031423,0.080236,1.240296,0.099516,0.481413,0.597095
2026-07-08 11:40:00,11:40,15.9,40.9,797.0,15.3,92.2,0.343829,0.034383,0.085729,1.211436,0.103855,0.514374,0.623131
2026-07-08 11:50:00,11:50,15.7,39.4,696.0,9.7,92.2,0.302582,0.030258,0.076697,1.152553,0.088398,0.460183,0.530385
2026-07-08 12:00:00,12:00,15.8,39.9,695.0,8.3,92.2,0.302557,0.030256,0.076233,1.134166,0.086461,0.457399,0.518766
2026-07-08 12:10:00,12:10,16.2,39.5,675.0,21.2,92.2,0.294529,0.029453,0.080163,1.285959,0.103087,0.480981,0.618522
2026-07-08 12:20:00,12:20,16.2,39.1,590.0,20.3,92.2,0.259799,0.02598,0.074383,1.277162,0.095,0.446301,0.569998
2026-07-08 12:30:00,12:30,16.2,38.7,780.0,19.3,92.2,0.337464,0.033746,0.087186,1.267201,0.110482,0.523118,0.662895
2026-07-08 12:40:00,12:40,16.1,37.8,727.0,16.6,92.1,0.315551,0.031555,0.082935,1.239551,0.102802,0.497611,0.616814
2026-07-08 12:50:00,12:50,16.2,39.4,742.0,13.2,92.2,0.321961,0.032196,0.082648,1.193282,0.098623,0.49589,0.591736
2026-07-08 13:00:00,13:00,16.2,39.0,621.0,13.7,92.1,0.272242,0.027224,0.073827,1.200777,0.088649,0.442959,0.531895
2026-07-08 13:10:00,13:10,16.5,37.9,705.0,21.7,92.1,0.306101,0.03061,0.08388,1.298481,0.108917,0.503282,0.653502
2026-07-08 13:20:00,13:20,16.6,37.7,682.0,14.9,92.1,0.296369,0.029637,0.080189,1.220187,0.097846,0.481135,0.587075
2026-07-08 13:30:00,13:30,16.5,37.8,632.0,18.6,92.1,0.275651,0.027565,0.077762,1.262825,0.0982,0.466572,0.589199
2026-07-08 13:40:00,13:40,16.4,38.0,611.0,11.2,92.1,0.266712,0.026671,0.072319,1.175873,0.085038,0.433913,0.510227
2026-07-08 13:50:00,13:50,16.8,37.7,615.0,19.6,92.1,0.267807,0.026781,0.077637,1.274881,0.098977,0.46582,0.593865
2026-07-08 14:00:00,14:00,16.9,37.2,593.0,26.4,92.1,0.258242,0.025824,0.079431,1.356107,0.107717,0.476587,0.646303
2026-07-08 14:10:00,14:10,16.9,37.3,541.0,16.9,92.1,0.23666,0.023666,0.071295,1.245137,0.088772,0.427768,0.53263
2026-07-08 14:20:00,14:20,16.6,37.3,546.0,12.5,92.1,0.237976,0.023798,0.068234,1.193934,0.081467,0.409402,0.488799
2026-07-08 14:30:00,14:30,17.1,37.9,527.0,19.6,92.1,0.229747,0.022975,0.071752,1.274043,0.091415,0.43051,0.548488
2026-07-08 14:40:00,14:40,16.9,37.6,490.0,10.8,92.1,0.214098,0.02141,0.062844,1.172894,0.073709,0.377064,0.442256
2026-07-08 14:50:00,14:50,17.3,37.2,459.0,14.0,92.1,0.200901,0.02009,0.063645,1.211808,0.077126,0.381871,0.462754
2026-07-08 15:00:00,15:00,16.9,38.0,455.0,11.2,92.1,0.198516,0.019852,0.059968,1.175873,0.070515,0.359809,0.423089
2026-07-08 15:10:00,15:10,16.9,36.7,392.0,13.2,92.1,0.172613,0.017261,0.057151,1.204593,0.068843,0.342905,0.413061
2026-07-08 15:20:00,15:20,16.9,38.0,407.0,15.9,92.1,0.177684,0.017768,0.059743,1.230567,0.073518,0.358458,0.441107
2026-07-08 15:30:00,15:30,16.5,37.5,361.0,17.5,92.1,0.158672,0.015867,0.057093,1.251281,0.07144,0.34256,0.428639
2026-07-08 15:40:00,15:40,16.5,37.5,332.0,19.0,92.1,0.146441,0.014644,0.05613,1.268737,0.071214,0.336779,0.427284
2026-07-08 15:50:00,15:50,16.7,38.9,316.0,10.3,92.1,0.139371,0.013937,0.046911,1.16163,0.054493,0.281465,0.326958
2026-07-08 16:00:00,16:00,16.2,38.0,161.0,23.6,92.1,0.07462,0.007462,0.047218,1.320172,0.062335,0.283306,0.374013
2026-07-08 16:10:00,16:10,16.3,38.6,268.0,16.2,92.1,0.118912,0.011891,0.048223,1.231545,0.059389,0.289339,0.356334
2026-07-08 16:20:00,16:20,15.9,40.0,105.0,16.9,92.1,0.047773,0.004777,0.035299,1.233826,0.043553,0.211794,0.261316
2026-07-08 16:30:00,16:30,15.5,40.8,153.0,13.0,92.1,0.070824,0.007082,0.034597,1.18509,0.041,0.207581,0.246002
2026-07-08 16:40:00,16:40,15.5,40.7,138.0,16.1,92.1,0.063622,0.006362,0.036465,1.221584,0.044545,0.218789,0.26727
2026-07-08 16:50:00,16:50,15.1,42.3,94.0,15.2,92.1,0.042526,0.004253,0.030815,1.204407,0.037114,0.184891,0.222684
2026-07-08 17:00:00,17:00,15.0,42.6,102.0,13.7,92.1,0.04637,0.004637,0.029745,1.185695,0.035268,0.17847,0.211611
2026-07-08 17:10:00,17:10,14.7,43.1,58.0,21.6,92.1,0.025255,0.002526,0.032996,1.275533,0.042087,0.197975,0.252524
2026-07-08 17:20:00,17:20,14.2,44.4,41.0,15.7,92.1,0.017111,0.001711,0.025273,1.201428,0.030364,0.151637,0.182181
2026-07-08 17:30:00,17:30,14.0,45.5,32.0,12.4,92.1,0.012806,0.001281,0.020565,1.158418,0.023823,0.123392,0.14294
2026-07-08 17:40:00,17:40,13.8,45.3,23.0,17.4,92.1,0.008481,0.000848,0.024737,1.217441,0.030115,0.14842,0.180692
2026-07-08 17:50:00,17:50,13.7,45.5,13.0,13.1,92.1,0.003684,0.000368,0.019523,1.166564,0.022774,0.117136,0.136647
2026-07-08 18:00:00,18:00,13.4,46.2,6.0,16.5,92.1,0.000331,3.3e-05,0.021882,1.203197,0.026328,0.131291,0.157969
2026-07-08 18:10:00,18:10,13.0,47.3,1.0,11.0,92.1,-0.002056,-0.001028,0.01539,1.134585,0.017461,0.092339,0.104766
2026-07-08 18:20:00,18:20,12.8,47.5,0.0,9.0,92.1,-0.01521,-0.007605,0.011607,1.110473,0.012889,0.069642,0.077335
2026-07-08 18:30:00,18:30,12.6,48.6,0.0,6.8,92.2,-0.015128,-0.007564,0.008539,1.080264,0.009224,0.051232,0.055344
2026-07-08 18:40:00,18:40,12.0,50.9,0.0,1.9,92.2,-0.014975,-0.007487,0.001233,1.013607,0.00125,0.0074,0.0075
2026-07-08 18:50:00,18:50,11.6,52.3,0.0,4.9,92.2,-0.014888,-0.007444,0.005258,1.042653,0.005482,0.031549,0.032895
2026-07-08 19:00:00,19:00,11.3,53.1,0.0,5.5,92.2,-0.014844,-0.007422,0.00583,1.046284,0.0061,0.034979,0.036598
2026-07-08 19:10:00,19:10,11.0,54.1,0.0,6.1,92.3,-0.014786,-0.007393,0.006316,1.049076,0.006626,0.037896,0.039756
2026-07-08 19:20:00,19:20,11.1,53.6,0.0,3.7,92.3,-0.014818,-0.007409,0.003492,1.023242,0.003573,0.020949,0.021436
2026-07-08 19:30:00,19:30,10.7,54.8,0.0,2.3,92.3,-0.014752,-0.007376,0.001516,1.001923,0.001519,0.009097,0.009114
2026-07-08 19:40:00,19:40,10.5,56.3,0.0,1.7,92.3,-0.014657,-0.007328,0.000628,0.988657,0.000621,0.003769,0.003726
2026-07-08 19:50:00,19:50,10.2,58.6,0.0,1.1,92.3,-0.014517,-0.007258,0.0,0.972039,0.0,0.0,0.0
2026-07-08 20:00:00,20:00,10.0,60.1,0.0,0.3,92.4,-0.014429,-0.007215,0.0,0.956446,0.0,0.0,0.0
2026-07-08 20:10:00,20:10,9.8,62.1,0.0,0.6,92.4,-0.014312,-0.007156,0.0,0.951558,0.0,0.0,0.0
2026-07-08 20:20:00,20:20,9.7,62.9,0.0,2.5,92.4,-0.014267,-0.007134,0.00118,0.970317,0.001145,0.007079,0.006869
2026-07-08 20:30:00,20:30,9.6,62.5,0.0,1.8,92.4,-0.014299,-0.00715,0.000441,0.963847,0.000425,0.002648,0.002552
2026-07-08 20:40:00,20:40,9.5,62.8,0.0,2.4,92.4,-0.014287,-0.007143,0.00107,0.969572,0.001038,0.006422,0.006227
2026-07-08 20:50:00,20:50,9.6,63.0,0.0,0.2,92.4,-0.014268,-0.007134,0.0,0.943133,0.0,0.0,0.0
2026-07-08 21:00:00,21:00,9.7,61.3,0.0,2.4,92.3,-0.014369,-0.007185,0.001173,0.975856,0.001145,0.00704,0.00687
2026-07-08 21:10:00,21:10,9.7,59.4,0.0,2.9,92.3,-0.014492,-0.007246,0.001866,0.989635,0.001847,0.011197,0.011081
2026-07-08 21:20:00,21:20,10.0,60.0,0.0,2.2,92.3,-0.014436,-0.007218,0.00104,0.978975,0.001018,0.006241,0.00611
2026-07-08 21:30:00,21:30,9.6,60.9,0.0,2.4,92.3,-0.014401,-0.0072,0.001194,0.977532,0.001167,0.007162,0.007001
2026-07-08 21:40:00,21:40,9.4,60.2,0.0,0.8,92.3,-0.014457,-0.007228,0.0,0.961845,0.0,0.0,0.0
2026-07-08 21:50:00,21:50,9.6,60.5,0.0,0.9,92.3,-0.014427,-0.007213,0.0,0.961752,0.0,0.0,0.0
2026-07-08 22:00:00,22:00,8.9,63.1,0.0,3.8,92.3,-0.014304,-0.007152,0.002408,0.984607,0.002371,0.014449,0.014226
2026-07-08 22:10:00,22:10,8.8,63.6,0.0,5.3,92.4,-0.014279,-0.00714,0.003706,0.999968,0.003706,0.022238,0.022237
2026-07-08 22:20:00,22:20,8.9,63.4,0.0,2.5,92.4,-0.014286,-0.007143,0.001106,0.968222,0.001071,0.006636,0.006425
2026-07-08 22:30:00,22:30,8.8,64.3,0.0,0.0,92.4,-0.014237,-0.007119,0.0,0.93536,0.0,0.0,0.0
2026-07-08 22:40:00,22:40,8.6,64.6,0.0,5.0,92.4,-0.014231,-0.007116,0.003291,0.992288,0.003265,0.019744,0.019592
2026-07-08 22:50:00,22:50,8.7,64.3,0.0,4.2,92.4,-0.014243,-0.007122,0.002638,0.984235,0.002596,0.015826,0.015576
2026-07-08 23:00:00,23:00,8.2,67.9,0.0,0.0,92.4,-0.014064,-0.007032,0.0,0.920278,0.0,0.0,0.0
2026-07-08 23:10:00,23:10,8.2,67.7,0.0,4.3,92.4,-0.014075,-0.007037,0.002304,0.971155,0.002238,0.013826,0.013427
2026-07-08 23:20:00,23:20,8.2,68.2,0.0,1.7,92.4,-0.014047,-0.007023,5.6e-05,0.938804,5.3e-05,0.000336,0.000315
2026-07-08 23:30:00,23:30,7.9,68.7,0.0,3.5,92.4,-0.014037,-0.007019,0.001543,0.957656,0.001478,0.00926,0.008868
2026-07-08 23:40:00,23:40,7.9,69.3,0.0,1.1,92.4,-0.014004,-0.007002,0.0,0.927214,0.0,0.0,0.0
2026-07-08 23:50:00,23:50,7.7,70.0,0.0,3.5,92.4,-0.013978,-0.006989,0.001416,0.95221,0.001348,0.008493,0.008088
2026-07-09 00:00:00,00:00,8.0,67.6,0.0,6.0,92.3,-0.014093,-0.007046,0.003583,0.991357,0.003552,0.021497,0.021311
2026-07-09 00:10:00,00:10,8.0,67.4,0.0,3.2,92.3,-0.014104,-0.007052,0.001411,0.959611,0.001354,0.008466,0.008124
2026-07-09 00:20:00,00:20,8.2,66.6,0.0,3.6,92.3,-0.014138,-0.007069,0.001834,0.967617,0.001775,0.011006,0.010649
2026-07-09 00:30:00,00:30,8.2,67.1,0.0,1.1,92.3,-0.014109,-0.007055,0.0,0.93643,0.0,0.0,0.0
2026-07-09 00:40:00,00:40,8.2,66.2,0.0,4.1,92.2,-0.014161,-0.00708,0.002295,0.975112,0.002237,0.013767,0.013424
2026-07-09 00:50:00,00:50,8.1,66.6,0.0,3.5,92.2,-0.014143,-0.007072,0.001739,0.966454,0.00168,0.010433,0.010083
2026-07-09 01:00:00,01:00,8.0,66.7,0.0,3.6,92.2,-0.014143,-0.007072,0.001807,0.967198,0.001748,0.010844,0.010489
2026-07-09 01:10:00,01:10,7.8,67.5,0.0,6.3,92.2,-0.01411,-0.007055,0.00378,0.995267,0.003762,0.02268,0.022573
2026-07-09 01:20:00,01:20,7.5,68.1,0.0,5.0,92.2,-0.014093,-0.007047,0.002718,0.977625,0.002657,0.016306,0.015941
2026-07-09 01:30:00,01:30,7.4,68.8,0.0,5.8,92.2,-0.01406,-0.00703,0.003185,0.984002,0.003134,0.01911,0.018804
2026-07-09 01:40:00,01:40,7.4,69.1,0.0,2.2,92.2,-0.014044,-0.007022,0.000427,0.940852,0.000401,0.002559,0.002408
2026-07-09 01:50:00,01:50,7.2,70.9,0.0,3.6,92.3,-0.013959,-0.00698,0.001377,0.949603,0.001307,0.008261,0.007844
2026-07-09 02:00:00,02:00,7.1,71.3,0.0,4.3,92.2,-0.013944,-0.006972,0.00182,0.956073,0.00174,0.01092,0.01044
2026-07-09 02:10:00,02:10,7.0,71.6,0.0,3.4,92.2,-0.013934,-0.006967,0.00116,0.944343,0.001095,0.006959,0.006571
2026-07-09 02:20:00,02:20,6.9,72.3,0.0,1.0,92.2,-0.013903,-0.006952,0.0,0.913482,0.0,0.0,0.0
2026-07-09 02:30:00,02:30,6.6,72.9,0.0,2.2,92.2,-0.01389,-0.006945,0.000202,0.924933,0.000187,0.001215,0.001123
2026-07-09 02:40:00,02:40,6.6,73.0,0.0,0.9,92.2,-0.013885,-0.006942,0.0,0.909386,0.0,0.0,0.0
2026-07-09 02:50:00,02:50,6.4,74.4,0.0,2.1,92.2,-0.013826,-0.006913,5.1e-05,0.917485,4.7e-05,0.000308,0.000283
2026-07-09 03:00:00,03:00,6.4,74.1,0.0,2.1,92.2,-0.013841,-0.00692,6.7e-05,0.918742,6.1e-05,0.000399,0.000367
2026-07-09 03:10:00,03:10,6.6,73.2,0.0,0.5,92.2,-0.013875,-0.006937,0.0,0.903893,0.0,0.0,0.0
2026-07-09 03:20:00,03:20,6.7,72.0,0.0,4.0,92.2,-0.01393,-0.006965,0.001518,0.94965,0.001441,0.009107,0.008649
2026-07-09 03:30:00,03:30,7.0,70.5,0.0,0.5,92.2,-0.013992,-0.006996,0.0,0.915204,0.0,0.0,0.0
2026-07-09 03:40:00,03:40,7.0,70.7,0.0,0.0,92.1,-0.013981,-0.006991,0.0,0.908548,0.0,0.0,0.0
2026-07-09 03:50:00,03:50,7.0,70.0,0.0,2.8,92.1,-0.014018,-0.007009,0.000836,0.944064,0.00079,0.005019,0.004738
2026-07-09 04:00:00,04:00,6.2,70.3,0.0,2.4,92.1,-0.014041,-0.007021,0.000483,0.938152,0.000453,0.0029,0.002721
2026-07-09 04:10:00,04:10,5.0,76.6,0.0,4.0,92.1,-0.013793,-0.006897,0.000986,0.930379,0.000917,0.005916,0.005504
2026-07-09 04:20:00,04:20,4.6,79.2,0.0,2.8,92.1,-0.013695,-0.006848,0.000156,0.905522,0.000141,0.000934,0.000846
2026-07-09 04:30:00,04:30,4.2,80.5,0.0,2.6,92.1,-0.013657,-0.006829,0.0,0.897749,0.0,0.0,0.0
2026-07-09 04:40:00,04:40,4.1,82.2,0.0,2.4,92.1,-0.013589,-0.006795,0.0,0.888299,0.0,0.0,0.0
2026-07-09 04:50:00,04:50,3.9,83.4,1.0,2.9,92.1,-0.013069,-0.006534,0.0,0.889091,0.0,0.0,0.0
2026-07-09 05:00:00,05:00,4.1,82.9,5.0,1.7,92.1,-0.01116,-0.00558,0.0,0.877221,0.0,0.0,0.0
2026-07-09 05:10:00,05:10,4.5,82.3,14.0,5.0,92.1,-0.006845,-0.000685,0.000947,0.918137,0.000869,0.00568,0.005215
2026-07-09 05:20:00,05:20,4.9,80.8,29.0,4.4,92.1,0.000311,3.1e-05,0.002025,0.917439,0.001858,0.012151,0.011148
2026-07-09 05:30:00,05:30,5.5,79.5,45.0,4.6,92.1,-0.023847,-0.002385,0.0,0.925212,0.0,0.0,0.0
2026-07-09 05:40:00,05:40,6.0,77.5,66.0,6.0,92.0,-0.013981,-0.001398,0.00094,0.949883,0.000893,0.005642,0.005359
2026-07-09 05:50:00,05:50,6.5,77.9,85.0,3.1,92.1,-0.004607,-0.000461,0.000966,0.914459,0.000883,0.005794,0.005299
2026-07-09 06:00:00,06:00,7.1,77.0,109.0,3.1,92.0,0.011814,0.001181,0.003979,0.91823,0.003654,0.023877,0.021924
2026-07-09 06:10:00,06:10,7.9,74.3,134.0,2.8,92.0,0.026003,0.0026,0.006744,0.92605,0.006245,0.040464,0.037472
2026-07-09 06:20:00,06:20,8.6,72.8,159.0,5.8,92.0,0.039518,0.003952,0.010928,0.967245,0.01057,0.065569,0.063421
2026-07-09 06:30:00,06:30,9.5,69.9,188.0,4.9,92.0,0.053183,0.005318,0.01372,0.968921,0.013293,0.082319,0.079761
2026-07-09 06:40:00,06:40,10.2,66.5,213.0,5.9,92.0,0.065773,0.006577,0.017334,0.994801,0.017244,0.104003,0.103462
2026-07-09 06:50:00,06:50,10.7,65.1,241.0,3.4,92.0,0.07918,0.007918,0.019012,0.971574,0.018472,0.114072,0.11083
2026-07-09 07:00:00,07:00,11.3,62.9,270.0,5.3,92.0,0.092707,0.009271,0.023272,1.002901,0.023339,0.13963,0.140035
2026-07-09 07:10:00,07:10,11.8,61.1,297.0,5.4,92.0,0.105668,0.010567,0.026439,1.011605,0.026746,0.158634,0.160475
2026-07-09 07:20:00,07:20,12.3,58.3,324.0,2.5,91.9,0.118357,0.011836,0.028036,0.989588,0.027744,0.168215,0.166464
2026-07-09 07:30:00,07:30,13.2,54.8,353.0,3.9,91.9,0.131546,0.013155,0.032739,1.020542,0.033411,0.196433,0.200469
2026-07-09 07:40:00,07:40,13.6,50.2,383.0,4.1,91.9,0.144646,0.014465,0.036533,1.042141,0.038072,0.219198,0.228435
2026-07-09 07:50:00,07:50,14.0,47.7,410.0,5.6,91.9,0.15713,0.015713,0.040992,1.07007,0.043865,0.245955,0.263189
2026-07-09 08:00:00,08:00,14.3,46.4,437.0,4.6,91.9,0.169798,0.01698,0.04339,1.063879,0.046162,0.260343,0.276973
2026-07-09 08:10:00,08:10,14.8,44.2,465.0,5.4,91.9,0.182561,0.018256,0.047593,1.082405,0.051515,0.285557,0.309088
2026-07-09 08:20:00,08:20,14.7,43.1,488.0,6.3,91.9,0.193651,0.019365,0.050621,1.097486,0.055555,0.303724,0.333333
2026-07-09 08:30:00,08:30,14.8,40.3,514.0,9.1,91.8,0.205322,0.020532,0.055685,1.1418,0.063581,0.334108,0.381485
2026-07-09 08:40:00,08:40,15.2,41.2,534.0,3.7,91.9,0.215713,0.021571,0.054269,1.07519,0.058349,0.325614,0.350097
2026-07-09 08:50:00,08:50,15.6,40.0,560.0,4.6,91.9,0.227681,0.022768,0.058261,1.09069,0.063545,0.349568,0.38127
2026-07-09 09:00:00,09:00,15.6,40.5,589.0,7.7,91.9,0.241136,0.024114,0.063093,1.12467,0.070959,0.37856,0.425755
2026-07-09 09:10:00,09:10,15.7,39.3,608.0,10.7,91.9,0.250289,0.025029,0.06713,1.164609,0.07818,0.402781,0.469082
2026-07-09 09:20:00,09:20,16.0,39.5,627.0,5.4,91.9,0.259756,0.025976,0.066395,1.102095,0.073174,0.39837,0.439041
2026-07-09 09:30:00,09:30,16.3,39.2,649.0,9.2,91.9,0.270155,0.027016,0.071373,1.147572,0.081906,0.428239,0.491435
2026-07-09 09:40:00,09:40,16.3,39.4,664.0,6.3,91.9,0.277849,0.027785,0.071309,1.112987,0.079366,0.427851,0.476193
2026-07-09 09:50:00,09:50,16.3,39.3,684.0,3.7,91.9,0.287321,0.028732,0.071888,1.08315,0.077866,0.431328,0.467193
2026-07-09 10:00:00,10:00,16.7,39.1,713.0,7.2,91.9,0.300305,0.03003,0.077311,1.124717,0.086953,0.463869,0.521721
2026-07-09 10:10:00,10:10,16.9,39.2,725.0,8.6,91.9,0.306557,0.030656,0.079633,1.14059,0.090829,0.4778,0.544974
2026-07-09 10:20:00,10:20,17.2,38.1,739.0,12.3,91.9,0.313165,0.031317,0.083548,1.188255,0.099277,0.50129,0.595661
2026-07-09 10:30:00,10:30,17.5,35.5,752.0,11.6,91.9,0.318806,0.031881,0.085968,1.191001,0.102388,0.515809,0.614329
2026-07-09 10:40:00,10:40,17.8,34.9,768.0,4.4,91.9,0.326163,0.032616,0.084258,1.109729,0.093504,0.505551,0.561024
2026-07-09 10:50:00,10:50,18.3,33.8,780.0,7.3,91.9,0.331689,0.033169,0.08852,1.148084,0.101628,0.531119,0.60977
2026-07-09 11:00:00,11:00,18.5,33.9,784.0,3.6,91.9,0.334267,0.033427,0.086979,1.104608,0.096077,0.521872,0.576464
2026-07-09 11:10:00,11:10,18.4,32.2,791.0,5.8,91.9,0.33731,0.033731,0.089332,1.137332,0.101601,0.535995,0.609604
2026-07-09 11:20:00,11:20,19.0,33.5,787.0,10.5,91.9,0.336913,0.033691,0.093198,1.186579,0.110587,0.559189,0.663522
2026-07-09 11:30:00,11:30,18.9,34.7,789.0,5.5,91.9,0.338698,0.03387,0.089918,1.123367,0.10101,0.539506,0.606063
2026-07-09 11:40:00,11:40,19.1,34.3,789.0,7.3,91.9,0.339098,0.03391,0.091665,1.145989,0.105048,0.549993,0.630286
2026-07-09 11:50:00,11:50,19.8,32.5,790.0,5.1,91.9,0.339418,0.033942,0.091917,1.127929,0.103676,0.551501,0.622054
2026-07-09 12:00:00,12:00,20.2,32.7,783.0,7.0,91.9,0.337023,0.033702,0.093617,1.149201,0.107585,0.561702,0.645508
2026-07-09 12:10:00,12:10,19.6,32.3,778.0,9.6,91.8,0.335006,0.033501,0.093981,1.181133,0.111004,0.563883,0.666021
2026-07-09 12:20:00,12:20,19.8,31.1,775.0,1.9,91.8,0.333563,0.033356,0.087839,1.096555,0.096321,0.527037,0.577925
2026-07-09 12:30:00,12:30,19.7,33.3,763.0,5.6,91.9,0.32944,0.032944,0.08966,1.130396,0.101351,0.537958,0.608106
2026-07-09 12:40:00,12:40,20.2,32.2,753.0,5.5,91.9,0.325072,0.032507,0.089703,1.13384,0.101709,0.538217,0.610253
2026-07-09 12:50:00,12:50,20.5,31.1,740.0,6.9,91.8,0.319378,0.031938,0.090499,1.154741,0.104503,0.542992,0.627015
2026-07-09 13:00:00,13:00,20.6,32.2,724.0,8.9,91.9,0.313057,0.031306,0.090756,1.173406,0.106493,0.544534,0.63896
2026-07-09 13:10:00,13:10,20.4,31.0,710.0,2.3,91.8,0.306729,0.030673,0.082521,1.101629,0.090907,0.495124,0.545443
2026-07-09 13:20:00,13:20,20.7,30.8,689.0,9.5,91.8,0.297871,0.029787,0.088607,1.186254,0.105111,0.531644,0.630665
2026-07-09 13:30:00,13:30,21.0,31.5,674.0,7.8,91.8,0.29164,0.029164,0.085864,1.163538,0.099906,0.515185,0.599437
2026-07-09 13:40:00,13:40,21.2,29.5,655.0,1.7,91.8,0.282936,0.028294,0.076968,1.100931,0.084736,0.461805,0.508416
2026-07-09 13:50:00,13:50,21.1,31.6,632.0,9.5,91.8,0.273711,0.027371,0.083758,1.182902,0.099078,0.50255,0.594467
2026-07-09 14:00:00,14:00,21.1,29.7,611.0,1.7,91.8,0.264149,0.026415,0.072043,1.100093,0.079254,0.432257,0.475523
2026-07-09 14:10:00,14:10,21.4,29.8,587.0,8.6,91.8,0.253924,0.025392,0.07939,1.17997,0.093678,0.47634,0.562066
2026-07-09 14:20:00,14:20,21.3,29.0,565.0,10.2,91.7,0.244196,0.02442,0.079277,1.20194,0.095286,0.475661,0.571716
2026-07-09 14:30:00,14:30,21.3,28.1,539.0,5.4,91.7,0.232852,0.023285,0.070383,1.149853,0.08093,0.422298,0.485581
2026-07-09 14:40:00,14:40,21.3,29.0,512.0,5.5,91.7,0.221537,0.022154,0.067644,1.147246,0.077604,0.405862,0.465623
2026-07-09 14:50:00,14:50,21.5,29.1,489.0,6.1,91.7,0.211605,0.02116,0.066441,1.15381,0.07666,0.398644,0.459959
2026-07-09 15:00:00,15:00,21.8,29.7,461.0,6.8,91.7,0.199815,0.019982,0.064986,1.159442,0.075347,0.389914,0.452083
2026-07-09 15:10:00,15:10,22.1,28.6,433.0,8.5,91.7,0.187693,0.018769,0.065532,1.183833,0.077579,0.393192,0.465474
2026-07-09 15:20:00,15:20,21.8,30.0,403.0,10.9,91.7,0.175259,0.017526,0.065418,1.205897,0.078887,0.392506,0.473322
2026-07-09 15:30:00,15:30,21.8,30.5,373.0,8.9,91.7,0.162701,0.01627,0.059419,1.180528,0.070145,0.356512,0.420873
2026-07-09 15:40:00,15:40,21.7,30.4,344.0,9.7,91.7,0.150478,0.015048,0.057804,1.190257,0.068802,0.346826,0.412812
2026-07-09 15:50:00,15:50,21.8,29.9,314.0,12.6,91.7,0.137915,0.013791,0.059798,1.226099,0.073318,0.358788,0.439909
2026-07-09 16:00:00,16:00,21.8,30.1,284.0,5.3,91.7,0.125531,0.012553,0.044536,1.140311,0.050785,0.267216,0.304709
2026-07-09 16:10:00,16:10,22.0,29.5,256.0,6.0,91.7,0.113934,0.011393,0.043403,1.15097,0.049956,0.260418,0.299733
2026-07-09 16:20:00,16:20,21.8,30.3,227.0,9.9,91.7,0.102197,0.01022,0.047437,1.193003,0.056592,0.284621,0.339554
2026-07-09 16:30:00,16:30,21.6,32.1,199.0,6.8,91.7,0.090992,0.009099,0.038528,1.149387,0.044283,0.231167,0.2657
2026-07-09 16:40:00,16:40,21.5,31.9,170.0,11.1,91.7,0.078862,0.007886,0.0434,1.200265,0.052092,0.2604,0.312549
2026-07-09 16:50:00,16:50,21.4,31.7,142.0,8.4,91.7,0.065415,0.006542,0.035564,1.169682,0.041599,0.213387,0.249595
2026-07-09 17:00:00,17:00,21.2,33.0,116.0,10.7,91.7,0.052965,0.005297,0.036337,1.191001,0.043277,0.218022,0.259665
2026-07-09 17:10:00,17:10,20.7,34.3,90.0,14.5,91.7,0.04051,0.004051,0.038863,1.229776,0.047793,0.23318,0.286759
2026-07-09 17:20:00,17:20,20.3,36.3,66.0,5.3,91.7,0.029031,0.002903,0.019293,1.114337,0.021499,0.115757,0.128992
2026-07-09 17:30:00,17:30,19.7,36.7,46.0,10.4,91.7,0.019431,0.001943,0.02607,1.17201,0.030554,0.156417,0.183323
2026-07-09 17:40:00,17:40,19.0,38.0,26.0,5.9,91.7,0.00985,0.000985,0.015173,1.114197,0.016905,0.091036,0.101432
2026-07-09 17:50:00,17:50,18.4,40.2,13.0,6.7,91.7,0.003646,0.000365,0.014556,1.11429,0.016219,0.087335,0.097317
2026-07-09 18:00:00,18:00,17.8,41.5,5.0,6.0,91.7,-0.000177,-8.9e-05,0.011993,1.100698,0.0132,0.071956,0.079202
2026-07-09 18:10:00,18:10,17.2,43.7,1.0,9.6,91.7,-0.002065,-0.001033,0.016784,1.133375,0.019023,0.100706,0.114138
2026-07-09 18:20:00,18:20,16.8,44.0,0.0,6.2,91.7,-0.015275,-0.007637,0.009701,1.092552,0.010599,0.058205,0.063592
2026-07-09 18:30:00,18:30,16.4,46.0,0.0,6.7,91.7,-0.015103,-0.007551,0.009991,1.089992,0.010891,0.059948,0.065343
2026-07-09 18:40:00,18:40,15.7,49.3,0.0,4.1,91.8,-0.014843,-0.007422,0.00519,1.045911,0.005428,0.03114,0.03257
2026-07-09 18:50:00,18:50,15.8,47.6,0.0,6.0,91.7,-0.014997,-0.007498,0.008433,1.075143,0.009067,0.050599,0.054402
2026-07-09 19:00:00,19:00,15.7,48.3,0.0,3.6,91.8,-0.014938,-0.007469,0.004495,1.044282,0.004694,0.026967,0.028161
2026-07-09 19:10:00,19:10,15.5,48.6,0.0,5.5,91.8,-0.014927,-0.007464,0.007431,1.065136,0.007915,0.044588,0.047492
2026-07-09 19:20:00,19:20,15.3,48.9,0.0,5.1,91.8,-0.014917,-0.007458,0.006732,1.059224,0.00713,0.04039,0.042782
2026-07-09 19:30:00,19:30,15.1,49.2,0.0,5.3,91.8,-0.014906,-0.007453,0.006943,1.060295,0.007362,0.04166,0.044172
2026-07-09 19:40:00,19:40,14.9,50.2,0.0,4.2,91.8,-0.014832,-0.007416,0.005103,1.043304,0.005324,0.03062,0.031946
2026-07-09 19:50:00,19:50,14.7,50.7,0.0,6.0,91.8,-0.014804,-0.007402,0.007606,1.062156,0.008078,0.045633,0.04847
2026-07-09 20:00:00,20:00,14.5,51.4,0.0,3.8,91.8,-0.014759,-0.00738,0.004295,1.033622,0.004439,0.025767,0.026633
2026-07-09 20:10:00,20:10,14.5,51.7,0.0,5.3,91.8,-0.014733,-0.007367,0.006419,1.049821,0.006739,0.038516,0.040435
2026-07-09 20:20:00,20:20,14.2,52.4,0.0,4.1,91.8,-0.014699,-0.007349,0.004573,1.032924,0.004723,0.027436,0.028339
2026-07-09 20:30:00,20:30,14.1,53.1,0.0,2.8,91.8,-0.014648,-0.007324,0.002586,1.014864,0.002625,0.015519,0.015749
2026-07-09 20:40:00,20:40,13.7,54.7,0.0,3.2,91.8,-0.01455,-0.007275,0.002985,1.012815,0.003023,0.017911,0.018141
2026-07-09 20:50:00,20:50,13.4,55.2,0.0,0.0,91.8,-0.014535,-0.007268,0.0,0.973482,0.0,0.0,0.0
2026-07-09 21:00:00,21:00,13.7,53.9,0.0,2.8,91.8,-0.014615,-0.007308,0.002485,1.011512,0.002514,0.01491,0.015082
2026-07-09 21:10:00,21:10,13.6,54.2,0.0,4.8,91.8,-0.014599,-0.0073,0.0052,1.033529,0.005375,0.031203,0.032249
2026-07-09 21:20:00,21:20,14.0,52.7,0.0,5.7,91.8,-0.01469,-0.007345,0.006694,1.050287,0.00703,0.040161,0.042181
2026-07-09 21:30:00,21:30,13.9,53.1,0.0,3.1,91.8,-0.014665,-0.007332,0.003011,1.018355,0.003066,0.018066,0.018398
2026-07-09 21:40:00,21:40,14.0,52.4,0.0,1.2,91.8,-0.014716,-0.007358,0.000124,0.999177,0.000124,0.000742,0.000741
2026-07-09 21:50:00,21:50,14.1,51.8,0.0,3.3,91.8,-0.014758,-0.007379,0.003452,1.026128,0.003543,0.020714,0.021255
2026-07-09 22:00:00,22:00,14.1,51.9,0.0,2.5,91.8,-0.01475,-0.007375,0.002223,1.0164,0.002259,0.013337,0.013555
2026-07-09 22:10:00,22:10,14.0,52.2,0.0,1.3,91.8,-0.014733,-0.007366,0.000293,1.001178,0.000293,0.001758,0.00176
2026-07-09 22:20:00,22:20,13.8,52.1,0.0,2.3,91.8,-0.014757,-0.007379,0.001876,1.013234,0.001901,0.011258,0.011407
2026-07-09 22:30:00,22:30,13.7,55.7,0.0,0.8,91.8,-0.014468,-0.007234,0.0,0.980697,0.0,0.0,0.0
2026-07-09 22:40:00,22:40,13.7,55.0,0.0,2.4,91.8,-0.014525,-0.007263,0.001822,1.002249,0.001826,0.010933,0.010958
2026-07-09 22:50:00,22:50,13.8,52.2,0.0,3.5,91.7,-0.014749,-0.007374,0.003668,1.02678,0.003767,0.02201,0.0226
2026-07-09 23:00:00,23:00,13.6,53.3,0.0,4.1,91.8,-0.014673,-0.007337,0.004375,1.029154,0.004503,0.026251,0.027017
2026-07-09 23:10:00,23:10,13.7,53.0,0.0,4.8,91.8,-0.01469,-0.007345,0.005387,1.038557,0.005594,0.03232,0.033566
2026-07-09 23:20:00,23:20,13.2,55.1,0.0,4.3,91.8,-0.01456,-0.00728,0.004364,1.02394,0.004468,0.026183,0.02681
2026-07-09 23:30:00,23:30,12.9,56.4,0.0,4.4,91.8,-0.014483,-0.007242,0.004283,1.019658,0.004368,0.0257,0.026206
2026-07-09 23:40:00,23:40,13.2,56.2,0.0,5.6,91.8,-0.014473,-0.007237,0.005829,1.03446,0.006029,0.034971,0.036176
2026-07-09 23:50:00,23:50,12.0,60.0,0.0,6.6,91.8,-0.01429,-0.007145,0.006031,1.030178,0.006213,0.036186,0.037278
2026-07-10 00:00:00,00:00,11.7,64.1,0.0,6.8,91.8,-0.014028,-0.007014,0.005411,1.015329,0.005494,0.032467,0.032965
2026-07-10 00:10:00,00:10,11.3,64.6,0.0,5.7,91.8,-0.014031,-0.007015,0.00427,1.000434,0.004272,0.025621,0.025632
2026-07-10 00:20:00,00:20,10.9,66.3,0.0,6.7,91.8,-0.013955,-0.006977,0.004779,1.004949,0.004803,0.028677,0.028819
2026-07-10 00:30:00,00:30,10.7,67.4,0.0,3.5,91.8,-0.013902,-0.006951,0.001848,0.963102,0.00178,0.011087,0.010678
2026-07-10 00:40:00,00:40,11.3,66.1,0.0,4.0,91.7,-0.01393,-0.006965,0.002495,0.974367,0.002431,0.014971,0.014587
2026-07-10 00:50:00,00:50,11.7,63.8,0.0,5.7,91.7,-0.014048,-0.007024,0.004454,1.003785,0.004471,0.026727,0.026828
2026-07-10 01:00:00,01:00,11.7,63.6,0.0,5.6,91.7,-0.014062,-0.007031,0.004391,1.003459,0.004406,0.026347,0.026438
2026-07-10 01:10:00,01:10,11.6,62.6,0.0,4.2,91.7,-0.014141,-0.00707,0.003125,0.991357,0.003098,0.018748,0.018586
2026-07-10 01:20:00,01:20,10.1,69.4,0.0,3.4,91.7,-0.013831,-0.006915,0.001527,0.95356,0.001456,0.009162,0.008737
2026-07-10 01:30:00,01:30,9.3,72.6,0.0,3.6,91.7,-0.013712,-0.006856,0.001335,0.942481,0.001259,0.008012,0.007551
2026-07-10 01:40:00,01:40,8.6,76.4,0.0,1.0,91.7,-0.013561,-0.00678,0.0,0.896306,0.0,0.0,0.0
2026-07-10 01:50:00,01:50,8.6,76.0,0.0,2.6,91.6,-0.013583,-0.006791,0.000328,0.916601,0.000301,0.001968,0.001804
2026-07-10 02:00:00,02:00,8.2,77.0,0.0,6.6,91.6,-0.013564,-0.006782,0.00252,0.958959,0.002417,0.015123,0.014502
2026-07-10 02:10:00,02:10,8.2,78.8,0.0,4.7,91.6,-0.013468,-0.006734,0.00129,0.929308,0.001199,0.007739,0.007192
2026-07-10 02:20:00,02:20,8.3,78.4,0.0,6.9,91.6,-0.013481,-0.00674,0.002451,0.956585,0.002344,0.014704,0.014066
2026-07-10 02:30:00,02:30,8.2,78.3,0.0,1.5,91.6,-0.013495,-0.006747,0.0,0.894165,0.0,0.0,0.0
2026-07-10 02:40:00,02:40,8.4,79.8,0.0,0.8,91.6,-0.013397,-0.006699,0.0,0.879735,0.0,0.0,0.0
2026-07-10 02:50:00,02:50,9.0,77.1,0.0,4.7,91.6,-0.013485,-0.006743,0.001545,0.93643,0.001447,0.009272,0.008682
2026-07-10 03:00:00,03:00,9.1,75.3,0.0,5.9,91.6,-0.013576,-0.006788,0.002495,0.957935,0.00239,0.014971,0.014342
2026-07-10 03:10:00,03:10,9.2,74.5,0.0,0.3,91.6,-0.013612,-0.006806,0.0,0.89612,0.0,0.0,0.0
2026-07-10 03:20:00,03:20,9.0,74.9,0.0,1.8,91.6,-0.013608,-0.006804,0.0,0.911899,0.0,0.0,0.0
2026-07-10 03:30:00,03:30,8.7,76.8,0.0,1.4,91.6,-0.01353,-0.006765,0.0,0.899285,0.0,0.0,0.0
2026-07-10 03:40:00,03:40,9.8,72.1,0.0,1.5,91.5,-0.013695,-0.006848,0.0,0.920138,0.0,0.0,0.0
2026-07-10 03:50:00,03:50,9.7,71.1,0.0,2.3,91.5,-0.013764,-0.006882,0.000448,0.933637,0.000418,0.002689,0.002511
2026-07-10 04:00:00,04:00,9.8,70.6,0.0,1.9,91.5,-0.013785,-0.006893,0.000137,0.931077,0.000128,0.000822,0.000765
2026-07-10 04:10:00,04:10,9.4,71.0,0.0,3.0,91.6,-0.013796,-0.006898,0.001018,0.942202,0.000959,0.006109,0.005756
2026-07-10 04:20:00,04:20,8.5,73.7,0.0,5.0,91.6,-0.013718,-0.006859,0.002108,0.954165,0.002011,0.012647,0.012067
2026-07-10 04:30:00,04:30,8.5,76.1,0.0,6.5,91.6,-0.013586,-0.006793,0.002644,0.961566,0.002543,0.015866,0.015256
2026-07-10 04:40:00,04:40,9.0,73.8,0.0,3.5,91.6,-0.01367,-0.006835,0.001133,0.93629,0.00106,0.006796,0.006363
2026-07-10 04:50:00,04:50,8.9,74.1,4.0,2.7,91.6,-0.011742,-0.005871,0.00074,0.925724,0.000685,0.00444,0.00411
2026-07-10 05:00:00,05:00,8.8,74.6,14.0,2.7,91.6,-0.006922,-0.000692,0.000623,0.923629,0.000576,0.003739,0.003454
2026-07-10 05:10:00,05:10,8.7,75.8,35.0,1.3,91.7,0.003215,0.000322,0.001552,0.90231,0.0014,0.009313,0.008403
2026-07-10 05:20:00,05:20,9.1,74.3,35.0,1.9,91.6,0.003167,0.000317,0.002041,0.915577,0.001869,0.012248,0.011214
2026-07-10 05:30:00,05:30,9.5,73.8,53.0,0.0,91.6,-0.019974,-0.001997,0.0,0.895561,0.0,0.0,0.0
2026-07-10 05:40:00,05:40,10.2,72.3,99.0,2.6,91.6,0.002038,0.000204,0.002535,0.932101,0.002363,0.015212,0.014179
2026-07-10 05:50:00,05:50,10.5,72.5,74.0,2.9,91.6,-0.002982,-0.000298,0.001776,0.934754,0.00166,0.010657,0.009961
2026-07-10 06:00:00,06:00,10.5,72.2,85.0,0.1,91.6,0.012112,0.001211,0.00267,0.903428,0.002412,0.016018,0.014471
2026-07-10 06:10:00,06:10,11.2,71.4,176.0,0.7,91.6,0.039163,0.003916,0.008994,0.913761,0.008218,0.053964,0.04931
2026-07-10 06:20:00,06:20,12.1,68.9,174.0,0.3,91.6,0.041507,0.004151,0.00945,0.91958,0.00869,0.056698,0.052139
2026-07-10 06:30:00,06:30,12.9,66.9,180.0,2.1,91.6,0.0516,0.00516,0.013324,0.948905,0.012643,0.079944,0.07586
2026-07-10 06:40:00,06:40,14.2,62.7,237.0,3.1,91.6,0.07141,0.007141,0.019232,0.978137,0.018812,0.115392,0.11287
2026-07-10 06:50:00,06:50,15.0,60.3,256.0,2.3,91.6,0.083066,0.008307,0.021733,0.978882,0.021275,0.130401,0.127647
2026-07-10 07:00:00,07:00,15.7,56.4,288.0,5.2,91.6,0.09737,0.009737,0.028254,1.028968,0.029072,0.169524,0.174435
2026-07-10 07:10:00,07:10,15.6,54.8,313.0,7.1,91.6,0.109885,0.010988,0.032649,1.057781,0.034535,0.195893,0.207212
2026-07-10 07:20:00,07:20,15.6,57.4,344.0,7.5,91.6,0.125171,0.012517,0.035457,1.051543,0.037284,0.212741,0.223706
2026-07-10 07:40:00,07:40,16.4,52.8,382.0,6.4,91.6,0.145437,0.014544,0.040714,1.058014,0.043076,0.244282,0.258453
2026-07-10 08:00:00,08:00,17.0,49.5,434.0,5.3,91.7,0.169992,0.016999,0.046428,1.059038,0.04917,0.278571,0.295017
2026-07-10 08:20:00,08:20,17.4,49.5,490.0,8.2,91.7,0.196525,0.019653,0.054668,1.092785,0.05974,0.328006,0.35844
2026-07-10 08:40:00,08:40,18.2,49.5,549.0,4.8,91.7,0.224189,0.022419,0.059606,1.053219,0.062779,0.357639,0.376672
2026-07-10 09:00:00,09:00,19.4,45.7,596.0,7.2,91.7,0.24614,0.024614,0.068628,1.097067,0.07529,0.411769,0.451739
2026-07-10 09:20:00,09:20,20.5,41.0,640.0,8.4,91.7,0.266167,0.026617,0.077046,1.130722,0.087118,0.462277,0.522707
2026-07-10 09:40:00,09:40,21.5,35.0,678.0,14.2,91.6,0.282803,0.02828,0.089575,1.223352,0.109582,0.537449,0.65749
2026-07-10 10:00:00,10:00,22.0,34.0,715.0,9.6,91.6,0.300349,0.030035,0.090773,1.174011,0.106568,0.544636,0.639409
2026-07-10 10:20:00,10:20,22.8,31.9,737.0,10.6,91.6,0.311203,0.03112,0.096578,1.194446,0.115358,0.579471,0.692146
2026-07-10 10:40:00,10:40,23.6,29.0,760.0,9.4,91.5,0.321638,0.032164,0.10039,1.192631,0.119728,0.602338,0.718367
2026-07-10 11:00:00,11:00,24.1,27.8,778.0,11.2,91.6,0.330337,0.033034,0.105994,1.218604,0.129164,0.635962,0.774987
2026-07-10 11:20:00,11:20,24.8,26.2,788.0,11.8,91.5,0.335272,0.033527,0.110089,1.23229,0.135662,0.660535,0.813971
2026-07-10 11:40:00,11:40,25.3,25.5,789.0,14.0,91.5,0.336586,0.033659,0.114565,1.260824,0.144446,0.687389,0.866677
2026-07-10 12:00:00,12:00,26.1,25.2,792.0,11.1,91.5,0.338566,0.033857,0.11325,1.228333,0.139109,0.6795,0.834652
2026-07-10 12:20:00,12:20,26.4,24.6,738.0,12.6,91.5,0.317006,0.031701,0.111147,1.248302,0.138745,0.66688,0.832467
2026-07-10 12:40:00,12:40,26.9,22.4,736.0,13.1,91.5,0.315267,0.031527,0.113656,1.263337,0.143586,0.681935,0.861513
2026-07-10 13:00:00,13:00,27.5,22.4,506.0,11.9,91.5,0.223073,0.022307,0.090606,1.249373,0.1132,0.543633,0.679201
2026-07-10 13:20:00,13:20,27.6,21.8,697.0,12.4,91.5,0.298536,0.029854,0.110311,1.257705,0.138739,0.661867,0.832433
2026-07-10 13:40:00,13:40,28.5,19.4,546.0,19.8,91.4,0.236852,0.023685,0.11197,1.353873,0.151594,0.671823,0.909563
2026-07-10 14:00:00,14:00,27.9,18.4,505.0,20.5,91.3,0.219288,0.021929,0.108492,1.366208,0.148223,0.650955,0.88934
2026-07-10 14:20:00,14:20,28.6,19.1,700.0,10.5,91.3,0.294087,0.029409,0.108936,1.246906,0.135833,0.653616,0.814997
2026-07-10 14:40:00,14:40,28.5,19.1,496.0,10.4,91.3,0.212976,0.021298,0.088087,1.245742,0.109734,0.528524,0.658405
2026-07-10 15:00:00,15:00,28.3,19.1,319.0,12.4,91.3,0.143325,0.014332,0.07498,1.269016,0.095151,0.449881,0.570906
2026-07-10 15:20:00,15:20,28.2,20.0,348.0,14.3,91.3,0.152719,0.015272,0.08085,1.287356,0.104083,0.485103,0.6245
2026-07-10 15:40:00,15:40,27.8,21.1,196.0,7.7,91.3,0.091067,0.009107,0.04884,1.205943,0.058898,0.293038,0.353387
2026-07-10 16:00:00,16:00,27.1,23.3,170.0,8.2,91.3,0.078666,0.007867,0.045651,1.202545,0.054897,0.273905,0.329384
2026-07-10 16:20:00,16:20,26.4,26.6,136.0,4.5,91.3,0.062455,0.006246,0.030515,1.145664,0.03496,0.183089,0.209758
2026-07-10 16:40:00,16:40,25.7,29.2,106.0,5.3,91.3,0.048129,0.004813,0.027965,1.144081,0.031994,0.16779,0.191966
2026-07-10 16:50:00,16:50,25.4,30.4,90.0,6.2,91.3,0.040482,0.004048,0.027793,1.149527,0.031949,0.166759,0.191694
2026-07-10 17:00:00,17:00,25.7,31.1,223.0,4.6,91.3,0.095261,0.009526,0.038132,1.127975,0.043012,0.228794,0.258074
2026-07-10 17:10:00,17:10,26.7,25.3,199.0,10.6,91.2,0.084637,0.008464,0.051731,1.222096,0.06322,0.310386,0.379321
2026-07-10 17:20:00,17:20,26.7,25.0,125.0,7.5,91.2,0.057124,0.005712,0.037535,1.187278,0.044565,0.225211,0.267388
2026-07-10 17:30:00,17:30,26.3,26.2,66.0,7.6,91.2,0.02884,0.002884,0.029993,1.183414,0.035494,0.179959,0.212966
2026-07-10 17:40:00,17:40,25.2,28.3,31.0,6.2,91.2,0.012092,0.001209,0.021013,1.158325,0.02434,0.126079,0.14604
2026-07-10 17:50:00,17:50,24.0,30.7,23.0,8.4,91.2,0.008305,0.000831,0.024177,1.173872,0.02838,0.145061,0.170283
2026-07-10 18:00:00,18:00,22.9,32.5,15.0,7.1,91.2,0.004497,0.00045,0.019251,1.151203,0.022162,0.115507,0.132972
2026-07-10 18:10:00,18:10,22.1,35.0,4.0,7.7,91.2,-0.000731,-0.000366,0.018359,1.147712,0.02107,0.110151,0.126422
2026-07-10 18:20:00,18:20,21.5,36.3,1.0,8.1,91.2,-0.00215,-0.001075,0.018358,1.14692,0.021055,0.110149,0.126333
2026-07-10 18:30:00,18:30,21.0,36.5,0.0,8.4,91.2,-0.015802,-0.007901,0.016944,1.149574,0.019478,0.101664,0.11687
2026-07-10 18:40:00,18:40,20.0,39.2,0.0,8.4,91.2,-0.015539,-0.00777,0.015759,1.138262,0.017938,0.094557,0.10763
2026-07-10 18:50:00,18:50,19.6,39.7,0.0,8.7,91.2,-0.015515,-0.007758,0.01599,1.139659,0.018223,0.095941,0.10934
2026-07-10 19:00:00,19:00,19.2,39.6,0.0,7.5,91.2,-0.015566,-0.007783,0.013681,1.126113,0.015406,0.082085,0.092437
2026-07-10 19:10:00,19:10,19.3,40.0,0.0,6.4,91.2,-0.015507,-0.007754,0.011566,1.111637,0.012857,0.069394,0.077141
2026-07-10 19:20:00,19:20,18.9,40.7,0.0,5.7,91.2,-0.01546,-0.00773,0.009975,1.100559,0.010978,0.059852,0.06587
2026-07-10 19:30:00,19:30,18.7,40.9,0.0,2.7,91.2,-0.015455,-0.007727,0.003873,1.06481,0.004124,0.023236,0.024742
2026-07-10 19:40:00,19:40,18.5,40.6,0.0,3.3,91.2,-0.015508,-0.007754,0.005134,1.073049,0.005509,0.030803,0.033053
2026-07-10 19:50:00,19:50,18.5,41.2,0.0,6.3,91.2,-0.015438,-0.007719,0.010886,1.105446,0.012033,0.065313,0.0722
2026-07-10 20:00:00,20:00,18.4,42.5,0.0,5.8,91.2,-0.015296,-0.007648,0.009691,1.094181,0.010603,0.058143,0.063619
2026-07-10 20:10:00,20:10,17.9,44.5,0.0,4.4,91.3,-0.01512,-0.00756,0.006702,1.069511,0.007167,0.04021,0.043005
2026-07-10 20:20:00,20:20,17.5,45.8,0.0,4.0,91.3,-0.015019,-0.00751,0.005731,1.05941,0.006072,0.034386,0.036429
2026-07-10 20:30:00,20:30,17.5,44.7,0.0,3.9,91.3,-0.015137,-0.007569,0.005688,1.062855,0.006045,0.034126,0.036271
2026-07-10 20:40:00,20:40,17.2,45.8,0.0,4.5,91.3,-0.015049,-0.007525,0.006562,1.065229,0.00699,0.039374,0.041942
2026-07-10 20:50:00,20:50,16.9,47.6,0.0,6.3,91.3,-0.014893,-0.007446,0.009156,1.078634,0.009876,0.054939,0.059259
2026-07-10 21:00:00,21:00,16.8,47.9,0.0,7.2,91.3,-0.014873,-0.007436,0.010437,1.087851,0.011354,0.06262,0.068122
2026-07-10 21:10:00,21:10,16.7,47.9,0.0,7.4,91.3,-0.014883,-0.007441,0.010702,1.090178,0.011667,0.064211,0.070001
2026-07-10 21:20:00,21:20,17.0,46.1,0.0,3.9,91.3,-0.015037,-0.007519,0.005434,1.05699,0.005743,0.032602,0.03446
2026-07-10 21:30:00,21:30,17.3,44.8,0.0,1.5,91.3,-0.015146,-0.007573,0.001041,1.034507,0.001077,0.006247,0.006463
2026-07-10 21:40:00,21:40,19.5,36.0,0.0,1.3,91.2,-0.016,-0.008,0.001013,1.069046,0.001083,0.006078,0.006498
2026-07-10 21:50:00,21:50,19.4,32.9,0.0,0.3,91.2,-0.016423,-0.008212,0.0,1.070395,0.0,0.0,0.0
2026-07-10 22:00:00,22:00,19.4,38.6,0.0,2.2,91.3,-0.015673,-0.007837,0.003021,1.068627,0.003228,0.018124,0.019368
2026-07-10 22:10:00,22:10,18.1,41.2,0.0,0.8,91.2,-0.015473,-0.007737,0.0,1.041443,0.0,0.0,0.0
2026-07-10 22:20:00,22:20,18.0,42.6,0.0,0.8,91.3,-0.015322,-0.007661,0.0,1.035577,0.0,0.0,0.0
2026-07-10 22:30:00,22:30,16.9,45.9,0.0,0.6,91.2,-0.015067,-0.007534,0.0,1.019425,0.0,0.0,0.0
2026-07-10 22:40:00,22:40,16.8,45.7,0.0,1.2,91.2,-0.015097,-0.007549,0.000388,1.027245,0.000398,0.002327,0.002391
2026-07-10 22:50:00,22:50,16.9,43.4,0.0,3.2,91.2,-0.01533,-0.007665,0.004429,1.060155,0.004696,0.026576,0.028174
2026-07-10 23:00:00,23:00,17.8,40.4,0.0,2.7,91.2,-0.01559,-0.007795,0.003814,1.066904,0.004069,0.022885,0.024417
2026-07-10 23:10:00,23:10,18.0,39.8,0.0,5.2,91.2,-0.015644,-0.007822,0.008941,1.09851,0.009822,0.053648,0.058933
2026-07-10 23:20:00,23:20,17.2,44.4,0.0,2.6,91.2,-0.015198,-0.007599,0.003224,1.048983,0.003382,0.019345,0.020293
2026-07-10 23:30:00,23:30,17.4,40.5,0.0,0.6,91.1,-0.015609,-0.007805,0.0,1.042048,0.0,0.0,0.0
2026-07-10 23:40:00,23:40,16.9,45.0,0.0,3.2,91.2,-0.015161,-0.007581,0.00427,1.053452,0.004499,0.025623,0.026992
2026-07-10 23:50:00,23:50,16.7,44.0,0.0,0.1,91.2,-0.015283,-0.007642,0.0,1.021567,0.0,0.0,0.0
2026-07-11 00:00:00,00:00,16.7,42.5,0.0,1.5,91.1,-0.015442,-0.007721,0.001102,1.044142,0.00115,0.00661,0.006901
2026-07-11 00:10:00,00:10,16.7,43.2,0.0,1.6,91.1,-0.015368,-0.007684,0.001277,1.042374,0.001331,0.007661,0.007985
2026-07-11 00:20:00,00:20,16.6,44.3,0.0,2.1,91.1,-0.01526,-0.00763,0.002206,1.043584,0.002302,0.013236,0.013813
2026-07-11 00:30:00,00:30,15.5,50.9,0.0,1.1,91.2,-0.014713,-0.007356,1.8e-05,1.004297,1.8e-05,0.00011,0.00011
2026-07-11 00:40:00,00:40,15.5,48.0,0.0,2.7,91.1,-0.014984,-0.007492,0.002947,1.035065,0.00305,0.017681,0.018301
2026-07-11 00:50:00,00:50,16.0,44.7,0.0,3.7,91.1,-0.015267,-0.007633,0.005077,1.060527,0.005385,0.030464,0.032308
2026-07-11 01:00:00,01:00,16.5,43.4,0.0,7.6,91.1,-0.015362,-0.007681,0.01195,1.111358,0.013281,0.071702,0.079687
2026-07-11 01:10:00,01:10,17.9,37.9,0.0,7.1,91.0,-0.015876,-0.007938,0.01284,1.128581,0.014491,0.077041,0.086947
2026-07-11 01:20:00,01:20,16.8,42.9,0.0,5.6,91.1,-0.015392,-0.007696,0.008834,1.090178,0.00963,0.053003,0.057783
2026-07-11 01:30:00,01:30,14.0,51.8,0.0,2.8,91.1,-0.014767,-0.007383,0.002659,1.02031,0.002713,0.015953,0.016277
2026-07-11 01:40:00,01:40,14.5,50.5,0.0,1.7,91.1,-0.014839,-0.007419,0.001022,1.012955,0.001035,0.006133,0.006212
2026-07-11 01:50:00,01:50,13.7,54.1,0.0,6.6,91.1,-0.014599,-0.007299,0.007473,1.054895,0.007883,0.044838,0.047299
2026-07-11 02:00:00,02:00,13.7,53.4,0.0,3.2,91.1,-0.014657,-0.007328,0.003081,1.018262,0.003137,0.018483,0.018821
2026-07-11 02:10:00,02:10,14.5,52.0,0.0,0.3,91.1,-0.014707,-0.007353,0.0,0.990379,0.0,0.0,0.0
2026-07-11 02:20:00,02:20,14.0,54.0,0.0,1.3,91.1,-0.014581,-0.00729,0.000217,0.993638,0.000216,0.001301,0.001293
2026-07-11 02:30:00,02:30,13.2,57.5,0.0,4.2,91.2,-0.014371,-0.007185,0.003915,1.012722,0.003965,0.02349,0.023788
2026-07-11 02:40:00,02:40,13.3,57.7,0.0,6.0,91.2,-0.014346,-0.007173,0.006035,1.032831,0.006233,0.036207,0.037396
2026-07-11 02:50:00,02:50,13.4,58.9,0.0,3.5,91.2,-0.014242,-0.007121,0.002915,0.998711,0.002911,0.017491,0.017469
2026-07-11 03:00:00,03:00,13.2,58.7,0.0,5.0,91.1,-0.014278,-0.007139,0.004707,1.017005,0.004787,0.028241,0.028721
2026-07-11 03:10:00,03:10,13.3,59.0,0.0,2.0,91.2,-0.014245,-0.007122,0.000976,0.980837,0.000958,0.005859,0.005747
2026-07-11 03:20:00,03:20,13.1,59.1,0.0,1.5,91.2,-0.014257,-0.007128,0.000296,0.9746,0.000289,0.001778,0.001733
2026-07-11 03:30:00,03:30,13.8,55.3,0.0,6.0,91.1,-0.014491,-0.007246,0.006548,1.042886,0.006829,0.039287,0.040972
2026-07-11 03:40:00,03:40,13.7,57.0,0.0,2.4,91.2,-0.014363,-0.007182,0.001665,0.99387,0.001655,0.009991,0.00993
2026-07-11 03:50:00,03:50,13.3,59.1,0.0,2.7,91.2,-0.014237,-0.007118,0.001881,0.988564,0.001859,0.011284,0.011155
2026-07-11 04:00:00,04:00,14.0,54.9,0.0,4.9,91.1,-0.014506,-0.007253,0.005265,1.031761,0.005432,0.031591,0.032595
2026-07-11 04:10:00,04:10,14.2,54.4,0.0,3.0,91.1,-0.014529,-0.007264,0.002752,1.011745,0.002785,0.016513,0.016707
2026-07-11 04:20:00,04:20,14.3,53.6,0.0,8.7,91.1,-0.014587,-0.007294,0.010241,1.081427,0.011075,0.061444,0.066448
2026-07-11 04:30:00,04:30,14.1,55.2,0.0,1.1,91.2,-0.014471,-0.007236,0.0,0.986283,0.0,0.0,0.0
2026-07-11 04:40:00,04:40,14.0,56.6,0.0,3.8,91.2,-0.014366,-0.007183,0.003614,1.011838,0.003656,0.021681,0.021938
2026-07-11 04:50:00,04:50,14.1,56.1,0.0,6.6,91.2,-0.014397,-0.007198,0.007196,1.046516,0.007531,0.043176,0.045184
2026-07-11 05:00:00,05:00,13.9,57.8,1.0,2.7,91.2,-0.013799,-0.006899,0.002086,0.99401,0.002073,0.012514,0.012439
2026-07-11 05:10:00,05:10,14.1,56.6,10.0,1.8,91.2,-0.009556,-0.000956,0.000513,0.988564,0.000507,0.003077,0.003042
2026-07-11 05:20:00,05:20,14.5,55.5,18.0,1.0,91.2,-0.005767,-0.000577,0.000229,0.983863,0.000225,0.001375,0.001353
2026-07-11 05:30:00,05:30,14.8,54.4,0.0,0.5,91.2,-0.01447,-0.007235,0.0,0.982652,0.0,0.0,0.0
2026-07-11 05:40:00,05:40,15.1,54.0,44.0,0.5,91.2,-0.021542,-0.002154,0.0,0.984328,0.0,0.0,0.0
2026-07-11 05:50:00,05:50,15.8,51.0,64.0,3.5,91.2,-0.004046,-0.000405,0.004936,1.031807,0.005093,0.029613,0.030555
2026-07-11 06:00:00,06:00,15.9,51.4,73.0,3.2,91.2,0.01034,0.001034,0.007659,1.02664,0.007863,0.045955,0.047179
2026-07-11 06:10:00,06:10,16.1,52.0,81.0,8.0,91.2,0.020226,0.002023,0.016163,1.079984,0.017456,0.096979,0.104736
2026-07-11 06:20:00,06:20,16.3,51.9,60.0,4.5,91.3,0.024287,0.002429,0.01266,1.039674,0.013163,0.075963,0.078976
2026-07-11 06:30:00,06:30,16.2,53.6,85.0,2.1,91.3,0.032203,0.00322,0.010896,1.004623,0.010946,0.065374,0.065676
2026-07-11 06:40:00,06:40,16.5,52.8,136.0,8.6,91.3,0.046913,0.004691,0.022298,1.083615,0.024162,0.133788,0.144975
2026-07-11 06:50:00,06:50,17.2,51.5,100.0,1.7,91.3,0.042021,0.004202,0.013014,1.008766,0.013128,0.078083,0.078768
2026-07-11 07:00:00,07:00,17.7,49.4,97.0,3.7,91.3,0.043592,0.004359,0.016716,1.040837,0.017399,0.100298,0.104394
2026-07-11 07:10:00,07:10,18.0,48.5,154.0,3.2,91.3,0.062179,0.006218,0.020537,1.038789,0.021334,0.123223,0.128003
2026-07-11 07:20:00,07:20,19.7,44.5,251.0,3.1,91.3,0.094214,0.009421,0.029347,1.054383,0.030943,0.176083,0.185659
2026-07-11 07:30:00,07:30,20.1,42.7,154.0,3.5,91.3,0.066566,0.006657,0.023731,1.066578,0.025311,0.142387,0.151867
2026-07-11 07:40:00,07:40,20.6,44.5,439.0,4.0,91.4,0.163271,0.016327,0.048007,1.064856,0.05112,0.288041,0.306722
2026-07-11 07:50:00,07:50,21.8,40.7,325.0,5.4,91.3,0.127941,0.012794,0.043137,1.097067,0.047325,0.258824,0.283947
2026-07-11 08:00:00,08:00,21.9,40.8,451.0,4.0,91.3,0.17469,0.017469,0.052598,1.080357,0.056825,0.315591,0.340951
2026-07-11 08:10:00,08:10,22.3,39.0,492.0,4.9,91.4,0.192102,0.01921,0.058872,1.098371,0.064664,0.353235,0.387983
2026-07-11 08:20:00,08:20,22.6,34.7,214.0,0.7,91.3,0.09477,0.009477,0.0271,1.067509,0.02893,0.1626,0.173577
2026-07-11 08:30:00,08:30,22.7,33.6,264.0,3.3,91.3,0.114064,0.011406,0.037835,1.102374,0.041709,0.227011,0.250251
2026-07-11 08:40:00,08:40,22.8,33.2,323.0,4.4,91.3,0.137073,0.013707,0.045933,1.11685,0.051301,0.2756,0.307804
2026-07-11 08:50:00,08:50,22.9,30.8,239.0,1.8,91.3,0.107308,0.010731,0.033256,1.096649,0.03647,0.199535,0.218819
2026-07-11 09:00:00,09:00,23.3,31.9,531.0,7.1,91.3,0.217763,0.021776,0.071188,1.153716,0.08213,0.427126,0.492783
2026-07-11 09:10:00,09:10,23.8,32.0,727.0,5.4,91.3,0.29494,0.029494,0.08848,1.133515,0.100293,0.530878,0.601758
2026-07-11 09:20:00,09:20,24.7,29.5,442.0,4.8,91.3,0.187318,0.018732,0.061881,1.137006,0.070359,0.371284,0.422152
2026-07-11 09:30:00,09:30,25.1,27.8,616.0,4.9,91.3,0.254757,0.025476,0.080213,1.145291,0.091867,0.481279,0.551205
2026-07-11 09:40:00,09:40,25.5,25.8,283.0,6.9,91.3,0.12833,0.012833,0.052935,1.176944,0.062301,0.317607,0.373806
2026-07-11 09:50:00,09:50,25.9,26.4,759.0,6.8,91.3,0.312964,0.031296,0.0998,1.173267,0.117092,0.598799,0.70255
2026-07-11 10:00:00,10:00,26.5,27.7,403.0,4.0,91.4,0.176789,0.017679,0.05951,1.135237,0.067557,0.357057,0.405345
2026-07-11 10:10:00,10:10,25.9,24.2,428.0,6.8,91.3,0.186616,0.018662,0.068327,1.182483,0.080796,0.409963,0.484774
2026-07-11 10:20:00,10:20,25.5,26.0,293.0,6.1,91.3,0.134892,0.013489,0.052754,1.166796,0.061554,0.316527,0.369322
2026-07-11 10:30:00,10:30,25.4,24.6,416.0,6.8,91.2,0.18358,0.018358,0.066862,1.180807,0.078951,0.401171,0.473706
2026-07-11 10:40:00,10:40,25.5,28.5,353.0,6.5,91.3,0.159875,0.015987,0.059321,1.160978,0.06887,0.355924,0.413219
2026-07-11 10:50:00,10:50,25.7,26.4,416.0,4.3,91.3,0.185167,0.018517,0.061878,1.144174,0.070799,0.371268,0.424795
2026-07-11 11:00:00,11:00,25.7,26.1,320.0,2.0,91.3,0.147399,0.01474,0.046467,1.118666,0.051981,0.278801,0.311885
2026-07-11 11:10:00,11:10,25.6,28.3,227.0,3.9,91.3,0.106179,0.010618,0.039774,1.13156,0.045006,0.238642,0.270038
2026-07-11 11:20:00,11:20,25.5,28.0,158.0,4.1,91.2,0.073047,0.007305,0.031546,1.135144,0.035809,0.189274,0.214853
2026-07-11 11:30:00,11:30,25.2,29.2,160.0,5.1,91.3,0.074041,0.007404,0.033888,1.141754,0.038691,0.203326,0.232148
2026-07-11 11:40:00,11:40,25.5,29.5,279.0,2.3,91.3,0.131175,0.013118,0.042365,1.107913,0.046937,0.254193,0.281623
2026-07-11 11:50:00,11:50,26.2,28.0,465.0,3.1,91.2,0.207429,0.020743,0.06544,1.123507,0.073523,0.392643,0.441137
2026-07-11 12:00:00,12:00,26.8,27.0,284.0,1.4,91.3,0.133516,0.013352,0.041693,1.107913,0.046192,0.250157,0.277153
2026-07-11 12:10:00,12:10,26.9,27.4,346.0,1.6,91.3,0.159557,0.015956,0.049476,1.108565,0.054847,0.296853,0.329081
2026-07-11 12:20:00,12:20,27.1,28.1,366.0,3.6,91.3,0.167801,0.01678,0.056632,1.128906,0.063932,0.339793,0.383595
2026-07-11 12:30:00,12:30,27.7,26.2,393.0,2.6,91.3,0.178585,0.017859,0.057913,1.125229,0.065165,0.347475,0.390989
2026-07-11 12:40:00,12:40,27.0,28.7,307.0,2.8,91.2,0.143903,0.01439,0.048078,1.117083,0.053707,0.28847,0.322245
2026-07-11 12:50:00,12:50,26.9,27.8,347.0,2.3,91.2,0.160026,0.016003,0.05131,1.115035,0.057213,0.307861,0.343276
2026-07-11 13:00:00,13:00,27.6,27.5,392.0,1.4,91.2,0.178172,0.017817,0.054634,1.105819,0.060415,0.327804,0.362492
2026-07-11 13:10:00,13:10,27.9,27.5,160.0,2.5,91.2,0.074035,0.007404,0.028659,1.118619,0.032058,0.171952,0.192349
2026-07-11 13:20:00,13:20,27.4,28.9,186.0,7.1,91.2,0.086554,0.008655,0.043432,1.166284,0.050654,0.26059,0.303922
2026-07-11 13:30:00,13:30,26.5,29.9,226.0,5.5,91.1,0.105768,0.010577,0.043745,1.143476,0.050021,0.262467,0.300125
2026-07-11 13:40:00,13:40,27.7,27.8,449.0,5.6,91.1,0.200349,0.020035,0.070433,1.153437,0.08124,0.422598,0.487441
2026-07-11 13:50:00,13:50,28.5,27.7,543.0,3.4,91.2,0.237905,0.02379,0.076683,1.128255,0.086518,0.460101,0.519111
2026-07-11 14:00:00,14:00,29.0,25.6,271.0,4.1,91.1,0.127267,0.012727,0.048648,1.145198,0.055712,0.291891,0.334273
2026-07-11 14:10:00,14:10,29.4,27.1,342.0,4.8,91.2,0.156226,0.015623,0.058418,1.14706,0.067009,0.350507,0.402053
2026-07-11 14:20:00,14:20,29.2,27.7,275.0,3.1,91.2,0.129053,0.012905,0.046257,1.124764,0.052028,0.277542,0.31217
2026-07-11 14:30:00,14:30,29.5,27.5,484.0,5.2,91.2,0.211932,0.021193,0.074623,1.150039,0.085819,0.447738,0.514916
2026-07-11 14:40:00,14:40,30.4,25.8,472.0,2.3,91.2,0.206056,0.020606,0.067003,1.123414,0.075272,0.402016,0.45163
2026-07-11 14:50:00,14:50,30.8,24.0,471.0,6.5,91.2,0.204287,0.020429,0.07789,1.17983,0.091897,0.467339,0.551381
2026-07-11 15:00:00,15:00,31.0,22.5,362.0,3.1,91.1,0.160575,0.016058,0.057055,1.146548,0.065416,0.342329,0.392497
2026-07-11 15:10:00,15:10,31.2,24.3,380.0,5.9,91.2,0.167114,0.016711,0.066444,1.171591,0.077845,0.398664,0.467071
2026-07-11 15:20:00,15:20,31.2,22.5,314.0,6.1,91.1,0.140427,0.014043,0.060092,1.181459,0.070996,0.360553,0.425978
2026-07-11 15:30:00,15:30,31.2,22.2,217.0,3.9,91.1,0.101247,0.010125,0.042744,1.157114,0.049459,0.256462,0.296756
2026-07-11 15:40:00,15:40,30.9,23.6,192.0,4.3,91.1,0.089304,0.00893,0.040167,1.155904,0.04643,0.241004,0.278578
2026-07-11 15:50:00,15:50,30.2,23.9,118.0,4.3,91.1,0.053782,0.005378,0.029831,1.154647,0.034444,0.178986,0.206665
2026-07-11 16:00:00,16:00,30.1,23.9,146.0,4.4,91.1,0.06722,0.006722,0.033833,1.155811,0.039105,0.203,0.234629
2026-07-11 16:10:00,16:10,29.4,28.9,98.0,5.1,91.1,0.044363,0.004436,0.028185,1.14301,0.032215,0.169107,0.193292
2026-07-11 16:20:00,16:20,29.4,27.2,166.0,5.1,91.1,0.076938,0.007694,0.037471,1.150132,0.043097,0.224827,0.258581
2026-07-11 16:30:00,16:30,29.2,29.9,120.0,7.0,91.1,0.054955,0.005495,0.035769,1.160931,0.041525,0.214612,0.249149
2026-07-11 16:40:00,16:40,29.5,23.9,112.0,5.5,91.0,0.050888,0.005089,0.03232,1.168612,0.037769,0.193918,0.226615
2026-07-11 16:50:00,16:50,29.5,24.9,115.0,4.3,91.0,0.052369,0.005237,0.028943,1.150458,0.033298,0.17366,0.199788
2026-07-11 17:00:00,17:00,29.3,26.3,82.0,7.1,91.0,0.036581,0.003658,0.032281,1.177177,0.038001,0.193688,0.228004
2026-07-11 17:10:00,17:10,28.9,27.0,65.0,7.7,91.0,0.028439,0.002844,0.031332,1.181226,0.03701,0.187993,0.222063
2026-07-11 17:20:00,17:20,28.4,30.5,60.0,1.9,91.0,0.026154,0.002615,0.013365,1.099069,0.014689,0.080188,0.088132
2026-07-11 17:30:00,17:30,27.2,33.0,36.0,3.7,91.0,0.014685,0.001469,0.014734,1.109542,0.016348,0.088405,0.098089
2026-07-11 17:40:00,17:40,26.9,34.7,20.0,5.2,91.0,0.007051,0.000705,0.016215,1.119876,0.018158,0.097287,0.10895
2026-07-11 17:50:00,17:50,26.1,35.0,11.0,2.9,91.0,0.002717,0.000272,0.008849,1.091854,0.009662,0.053096,0.057973
2026-07-11 18:00:00,18:00,26.0,31.4,4.0,3.9,91.0,-0.000755,-0.000377,0.011219,1.118573,0.012549,0.067315,0.075297
2026-07-11 18:10:00,18:10,25.8,34.1,1.0,2.8,91.0,-0.002117,-0.001059,0.007598,1.094461,0.008315,0.045586,0.049893
2026-07-11 18:20:00,18:20,25.3,35.1,0.0,3.4,91.0,-0.015485,-0.007743,0.007016,1.097254,0.007698,0.042095,0.046189
2026-07-11 18:30:00,18:30,24.9,37.6,0.0,1.0,91.0,-0.015129,-0.007565,0.000411,1.058852,0.000436,0.002469,0.002614
2026-07-11 18:40:00,18:40,24.2,39.8,0.0,0.8,91.1,-0.014896,-0.007448,0.0,1.047308,0.0,0.0,0.0
2026-07-11 18:50:00,18:50,23.8,41.7,0.0,3.1,91.1,-0.014677,-0.007339,0.005316,1.066113,0.005668,0.031898,0.034007
2026-07-11 19:00:00,19:00,24.3,35.8,0.0,8.5,91.0,-0.015514,-0.007757,0.018791,1.15367,0.021679,0.112746,0.130072
2026-07-11 19:10:00,19:10,25.0,35.2,0.0,2.5,91.1,-0.015513,-0.007756,0.004582,1.086361,0.004978,0.027493,0.029867
2026-07-11 19:20:00,19:20,24.8,35.5,0.0,1.6,91.1,-0.015492,-0.007746,0.002107,1.074631,0.002264,0.012639,0.013582
2026-07-11 19:30:00,19:30,24.7,35.2,0.0,3.5,91.1,-0.015556,-0.007778,0.007173,1.097998,0.007876,0.043038,0.047256
2026-07-11 19:40:00,19:40,24.6,35.8,0.0,3.4,91.1,-0.015471,-0.007736,0.006828,1.094321,0.007472,0.040965,0.044829
2026-07-11 19:50:00,19:50,24.1,39.0,0.0,2.8,91.1,-0.015036,-0.007518,0.004911,1.073933,0.005274,0.029465,0.031643
2026-07-11 20:00:00,20:00,23.7,40.7,0.0,4.9,91.1,-0.014842,-0.007421,0.009515,1.091249,0.010383,0.057087,0.062297
2026-07-11 20:10:00,20:10,22.9,43.6,0.0,4.8,91.1,-0.014559,-0.00728,0.008623,1.077936,0.009295,0.051738,0.055771
2026-07-11 20:20:00,20:20,22.9,44.2,0.0,4.6,91.1,-0.014476,-0.007238,0.008109,1.073095,0.008702,0.048655,0.052211
2026-07-11 20:30:00,20:30,22.9,46.1,0.0,5.1,91.2,-0.014216,-0.007108,0.0088,1.070954,0.009425,0.052802,0.056548
2026-07-11 20:40:00,20:40,22.2,47.2,0.0,5.5,91.1,-0.014199,-0.007099,0.009192,1.071001,0.009845,0.055153,0.059069
2026-07-11 20:50:00,20:50,22.4,47.4,0.0,0.9,91.2,-0.014136,-0.007068,0.0,1.016632,0.0,0.0,0.0
2026-07-11 21:00:00,21:00,22.4,46.2,0.0,1.9,91.2,-0.014294,-0.007147,0.002117,1.033297,0.002187,0.0127,0.013123
2026-07-11 21:10:00,21:10,22.4,47.4,0.0,3.5,91.2,-0.014136,-0.007068,0.005338,1.046889,0.005588,0.032025,0.033527
2026-07-11 21:20:00,21:20,22.0,51.1,0.0,5.2,91.3,-0.013743,-0.006872,0.00789,1.051171,0.008293,0.047337,0.04976
2026-07-11 21:30:00,21:30,21.4,53.3,0.0,1.6,91.2,-0.013597,-0.006799,0.001069,1.000061,0.001069,0.006413,0.006413
2026-07-11 21:40:00,21:40,21.6,52.4,0.0,1.2,91.3,-0.013664,-0.006832,0.000359,0.999177,0.000358,0.002152,0.00215
2026-07-11 21:50:00,21:50,21.9,49.2,0.0,2.6,91.3,-0.013999,-0.006999,0.003305,1.028875,0.003401,0.019832,0.020405
2026-07-11 22:00:00,22:00,22.5,44.3,0.0,9.0,91.2,-0.014531,-0.007265,0.016415,1.123879,0.018448,0.098488,0.110689
2026-07-11 22:10:00,22:10,22.5,42.8,0.0,3.3,91.2,-0.014736,-0.007368,0.005469,1.063832,0.005818,0.032816,0.034911
2026-07-11 22:20:00,22:20,22.7,41.0,0.0,0.9,91.2,-0.014957,-0.007478,1.7e-05,1.043444,1.8e-05,0.000101,0.000106
2026-07-11 22:30:00,22:30,22.2,44.4,0.0,5.8,91.2,-0.014567,-0.007283,0.010329,1.086222,0.011219,0.061972,0.067315
2026-07-11 22:40:00,22:40,21.8,47.7,0.0,2.5,91.3,-0.014206,-0.007103,0.003221,1.033995,0.00333,0.019326,0.019983
2026-07-11 22:50:00,22:50,21.8,42.8,0.0,1.0,91.2,-0.014843,-0.007422,0.000193,1.037067,0.0002,0.001157,0.0012
2026-07-11 23:00:00,23:00,21.8,45.8,0.0,3.1,91.2,-0.014449,-0.007224,0.004622,1.048937,0.004849,0.027734,0.029091
2026-07-11 23:10:00,23:10,22.7,41.3,0.0,6.8,91.2,-0.014914,-0.007457,0.013144,1.110846,0.014601,0.078867,0.087609
2026-07-11 23:20:00,23:20,21.7,47.6,0.0,7.7,91.3,-0.014236,-0.007118,0.012907,1.094926,0.014133,0.077444,0.084795
2026-07-11 23:30:00,23:30,22.0,43.0,0.0,7.6,91.2,-0.014786,-0.007393,0.014035,1.113033,0.015622,0.084211,0.093729
2026-07-11 23:40:00,23:40,22.8,37.9,0.0,7.4,91.1,-0.015393,-0.007696,0.015248,1.132072,0.017262,0.09149,0.103573
2026-07-11 23:50:00,23:50,22.5,41.8,0.0,2.8,91.2,-0.014874,-0.007437,0.004456,1.062203,0.004733,0.026735,0.028398
2026-07-12 00:00:00,00:00,22.5,43.5,0.0,2.4,91.2,-0.01464,-0.00732,0.003409,1.050426,0.003581,0.020456,0.021487
2026-07-12 00:10:00,00:10,21.7,45.7,0.0,5.6,91.2,-0.014478,-0.007239,0.009559,1.078448,0.010309,0.057352,0.061852
2026-07-12 00:20:00,00:20,22.1,42.2,0.0,5.4,91.2,-0.01488,-0.00744,0.009934,1.090783,0.010836,0.059604,0.065015
2026-07-12 00:30:00,00:30,21.9,44.4,0.0,4.4,91.2,-0.014615,-0.007308,0.007477,1.06993,0.008,0.044862,0.047999
2026-07-12 00:40:00,00:40,22.1,42.5,0.0,3.3,91.1,-0.014839,-0.007419,0.005439,1.065089,0.005793,0.032633,0.034757
2026-07-12 00:50:00,00:50,21.4,45.5,0.0,4.6,91.1,-0.014552,-0.007276,0.007598,1.067649,0.008112,0.045586,0.04867
2026-07-12 01:00:00,01:00,20.5,49.3,0.0,6.5,91.2,-0.014231,-0.007116,0.010097,1.07384,0.010842,0.060581,0.065054
2026-07-12 01:10:00,01:10,20.2,50.3,0.0,2.7,91.1,-0.014164,-0.007082,0.003217,1.02543,0.003299,0.019301,0.019792
2026-07-12 01:20:00,01:20,20.4,49.6,0.0,4.0,91.1,-0.014213,-0.007106,0.005693,1.043491,0.00594,0.034156,0.035641
2026-07-12 01:30:00,01:30,19.9,52.9,0.0,8.0,91.2,-0.013922,-0.006961,0.011371,1.076214,0.012238,0.068226,0.073426
2026-07-12 01:40:00,01:40,19.4,53.9,0.0,8.7,91.1,-0.013898,-0.006949,0.011903,1.080171,0.012857,0.071416,0.077142
2026-07-12 01:50:00,01:50,19.7,52.3,0.0,3.0,91.1,-0.014022,-0.007011,0.003515,1.020542,0.003587,0.021091,0.021525
2026-07-12 02:00:00,02:00,19.6,52.7,0.0,0.6,91.1,-0.013994,-0.006997,0.0,0.990938,0.0,0.0,0.0
2026-07-12 02:10:00,02:10,19.1,55.0,0.0,1.2,91.1,-0.013833,-0.006916,0.000172,0.988285,0.00017,0.001029,0.001017
2026-07-12 02:20:00,02:20,18.7,56.8,0.0,2.3,91.0,-0.013716,-0.006858,0.001874,0.993545,0.001862,0.011244,0.011171
2026-07-12 02:30:00,02:30,18.7,57.0,0.0,2.4,91.0,-0.013695,-0.006848,0.002016,0.99387,0.002004,0.012098,0.012024
2026-07-12 02:40:00,02:40,18.7,55.8,0.0,2.1,91.1,-0.013817,-0.006909,0.001625,0.995407,0.001618,0.009751,0.009706
2026-07-12 02:50:00,02:50,18.7,56.2,0.0,3.1,91.1,-0.013776,-0.006888,0.003183,1.005368,0.0032,0.019096,0.019199
2026-07-12 03:00:00,03:00,18.6,55.6,0.0,5.0,91.0,-0.013854,-0.006927,0.006103,1.029992,0.006286,0.036617,0.037715
2026-07-12 03:10:00,03:10,18.5,57.0,0.0,5.7,91.1,-0.013729,-0.006865,0.006836,1.032273,0.007056,0.041014,0.042338
2026-07-12 03:20:00,03:20,18.4,56.0,0.0,0.3,91.1,-0.013846,-0.006923,0.0,0.973622,0.0,0.0,0.0
2026-07-12 03:30:00,03:30,18.5,54.5,0.0,3.6,91.0,-0.013982,-0.006991,0.004122,1.018308,0.004197,0.02473,0.025183
2026-07-12 03:40:00,03:40,18.4,54.5,0.0,3.3,91.0,-0.013998,-0.006999,0.003636,1.014817,0.00369,0.021814,0.022137
2026-07-12 03:50:00,03:50,18.7,51.4,0.0,1.2,91.0,-0.014275,-0.007138,0.000269,1.003366,0.00027,0.001613,0.001619
2026-07-12 04:00:00,04:00,19.2,49.7,0.0,3.7,91.0,-0.014386,-0.007193,0.004958,1.039581,0.005154,0.029745,0.030922
2026-07-12 04:10:00,04:10,18.7,52.1,0.0,7.6,91.1,-0.014201,-0.0071,0.010614,1.074911,0.011409,0.063683,0.068453
2026-07-12 04:20:00,04:20,18.6,52.3,0.0,6.2,91.1,-0.014195,-0.007097,0.008489,1.057781,0.00898,0.050935,0.053878
2026-07-12 04:30:00,04:30,18.6,53.1,0.0,3.5,91.1,-0.014111,-0.007056,0.004141,1.02301,0.004237,0.024848,0.025419
2026-07-12 04:40:00,04:40,18.6,52.7,0.0,5.8,91.1,-0.014153,-0.007076,0.00781,1.05145,0.008211,0.046858,0.049269
2026-07-12 04:50:00,04:50,18.6,53.0,0.0,3.9,91.2,-0.014122,-0.007061,0.004807,1.028083,0.004942,0.028842,0.029652
2026-07-12 05:00:00,05:00,18.6,53.0,1.0,4.1,91.2,-0.013642,-0.006821,0.00519,1.030411,0.005348,0.03114,0.032087
2026-07-12 05:10:00,05:10,18.6,52.2,3.0,12.4,91.2,-0.012765,-0.006383,0.017039,1.130349,0.01926,0.102234,0.11556
2026-07-12 05:20:00,05:20,19.2,47.2,11.0,10.0,91.1,-0.009386,-0.000939,0.015409,1.123367,0.01731,0.092452,0.103858
2026-07-12 05:30:00,05:30,19.3,48.7,19.0,5.0,91.2,-0.039158,-0.003916,0.000161,1.058898,0.000171,0.000968,0.001025
2026-07-12 05:40:00,05:40,18.9,51.5,22.0,10.2,91.2,-0.003344,-0.000334,0.015424,1.10768,0.017085,0.092544,0.102509
2026-07-12 05:50:00,05:50,18.2,58.4,40.0,3.5,91.2,0.004245,0.000424,0.006259,1.000806,0.006264,0.037553,0.037583
2026-07-12 06:00:00,06:00,18.3,60.3,66.0,5.7,91.2,0.012088,0.001209,0.010582,1.018448,0.010777,0.063492,0.064663
2026-07-12 06:10:00,06:10,18.4,60.8,166.0,1.5,91.2,0.0351,0.00351,0.010801,0.967478,0.010449,0.064804,0.062696
2026-07-12 06:20:00,06:20,19.6,56.5,178.0,0.3,91.2,0.041159,0.004116,0.011039,0.971527,0.010725,0.066237,0.064351
2026-07-12 06:30:00,06:30,20.0,57.1,177.0,4.1,91.2,0.050841,0.005084,0.01874,1.013234,0.018988,0.112439,0.113927
2026-07-12 06:40:00,06:40,20.0,56.4,150.0,2.1,91.2,0.051136,0.005114,0.016255,0.992893,0.01614,0.097531,0.096838
2026-07-12 06:50:00,06:50,20.8,54.6,166.0,0.5,91.2,0.059715,0.005972,0.016423,0.981814,0.016124,0.098539,0.096747
2026-07-12 07:00:00,07:00,21.7,49.2,132.0,3.5,91.2,0.053438,0.005344,0.020301,1.039348,0.0211,0.121807,0.1266
2026-07-12 07:10:00,07:10,21.8,47.9,157.0,3.7,91.2,0.063342,0.006334,0.023322,1.047121,0.024421,0.139931,0.146525
2026-07-12 07:20:00,07:20,22.1,48.1,188.0,0.4,91.2,0.075644,0.007564,0.020933,1.007881,0.021098,0.125599,0.126589
2026-07-12 07:30:00,07:30,22.2,45.6,256.0,4.4,91.1,0.099926,0.009993,0.034106,1.064903,0.036319,0.204634,0.217916
2026-07-12 07:40:00,07:40,22.3,44.4,214.0,5.4,91.1,0.088572,0.008857,0.033173,1.081567,0.035879,0.199038,0.215272
2026-07-12 07:50:00,07:50,22.6,45.2,165.0,0.9,91.2,0.073847,0.007385,0.02162,1.025849,0.022179,0.129719,0.133072
2026-07-12 08:00:00,08:00,22.6,42.6,201.0,0.9,91.1,0.087757,0.008776,0.025407,1.036741,0.026341,0.152444,0.158045
2026-07-12 08:10:00,08:10,23.0,41.8,216.0,2.2,91.2,0.094591,0.009459,0.029917,1.055221,0.031569,0.179504,0.189416
2026-07-12 08:20:00,08:20,23.5,35.8,235.0,0.4,91.1,0.102368,0.010237,0.028812,1.05941,0.030524,0.172871,0.183141
2026-07-12 08:30:00,08:30,24.1,35.9,194.0,1.3,91.2,0.088885,0.008889,0.027449,1.069464,0.029355,0.164692,0.176132
2026-07-12 08:40:00,08:40,24.4,34.8,301.0,3.5,91.2,0.129383,0.012938,0.043169,1.099674,0.047472,0.259016,0.284834
2026-07-12 08:50:00,08:50,24.9,31.5,251.0,0.8,91.1,0.111852,0.011185,0.033043,1.082079,0.035755,0.198255,0.214528
2026-07-12 09:00:00,09:00,24.7,31.5,194.0,3.2,91.1,0.090421,0.009042,0.032955,1.110008,0.03658,0.197729,0.219481
2026-07-12 09:10:00,09:10,24.6,31.6,176.0,5.6,91.1,0.081782,0.008178,0.036113,1.137518,0.04108,0.21668,0.246478
2026-07-12 09:20:00,09:20,24.4,33.0,176.0,5.3,91.2,0.081819,0.008182,0.035037,1.128162,0.039527,0.21022,0.237162
2026-07-12 09:30:00,09:30,24.5,34.0,136.0,1.8,91.2,0.062649,0.006265,0.021862,1.083243,0.023682,0.131172,0.142091
2026-07-12 09:40:00,09:40,24.5,34.0,227.0,4.1,91.1,0.106329,0.010633,0.038618,1.110008,0.042866,0.231707,0.257197
2026-07-12 09:50:00,09:50,24.8,33.8,310.0,5.3,91.1,0.14023,0.014023,0.050017,1.12481,0.05626,0.300101,0.337557
2026-07-12 10:00:00,10:00,25.0,33.9,203.0,4.4,91.2,0.094817,0.009482,0.03661,1.113918,0.040781,0.219662,0.244685
2026-07-12 10:10:00,10:10,25.0,31.4,164.0,7.1,91.1,0.076024,0.007602,0.038269,1.155811,0.044232,0.229616,0.265392
2026-07-12 10:20:00,10:20,24.8,31.7,177.0,9.4,91.1,0.082269,0.008227,0.044305,1.181319,0.052339,0.265832,0.314033
2026-07-12 10:30:00,10:30,24.7,34.3,153.0,4.5,91.1,0.070822,0.007082,0.030379,1.113406,0.033824,0.182271,0.202942
2026-07-12 10:40:00,10:40,24.7,34.4,145.0,6.9,91.1,0.066985,0.006698,0.034555,1.140916,0.039425,0.207331,0.236548
2026-07-12 10:50:00,10:50,24.6,36.9,106.0,4.6,91.1,0.048332,0.004833,0.024277,1.103677,0.026794,0.145664,0.160766
2026-07-12 11:00:00,11:00,24.5,36.7,87.0,1.7,91.1,0.039204,0.00392,0.015122,1.070768,0.016192,0.090731,0.097152
2026-07-12 11:10:00,11:10,24.5,39.1,134.0,6.2,91.1,0.061828,0.006183,0.030507,1.11308,0.033957,0.183044,0.203743
2026-07-12 11:20:00,11:20,24.2,38.4,121.0,8.1,91.1,0.055561,0.005556,0.032632,1.138123,0.037139,0.195791,0.222834
2026-07-12 11:30:00,11:30,24.2,36.2,251.0,11.6,91.0,0.117903,0.01179,0.054201,1.188069,0.064394,0.325206,0.386367
2026-07-12 11:40:00,11:40,24.6,35.8,251.0,11.6,91.0,0.117901,0.01179,0.054838,1.189745,0.065244,0.32903,0.391462
2026-07-12 11:50:00,11:50,25.0,35.1,255.0,8.7,91.0,0.119812,0.011981,0.05107,1.15893,0.059186,0.306419,0.355118
2026-07-12 12:00:00,12:00,25.2,34.6,186.0,7.0,91.0,0.086682,0.008668,0.039965,1.141242,0.04561,0.239793,0.273662
2026-07-12 12:10:00,12:10,24.7,33.8,160.0,8.2,90.9,0.074168,0.007417,0.03914,1.158557,0.045346,0.234842,0.272078
2026-07-12 12:20:00,12:20,24.7,34.8,141.0,5.8,91.0,0.065076,0.006508,0.031643,1.126439,0.035644,0.18986,0.213866
2026-07-12 12:30:00,12:30,24.5,35.0,147.0,5.1,91.0,0.067957,0.006796,0.030712,1.117456,0.03432,0.184275,0.205919
2026-07-12 12:40:00,12:40,24.7,35.1,166.0,4.8,91.0,0.077084,0.007708,0.032492,1.113545,0.036181,0.194951,0.217087
2026-07-12 12:50:00,12:50,24.9,34.9,229.0,4.8,91.0,0.107324,0.010732,0.040433,1.114383,0.045058,0.2426,0.27035
2026-07-12 13:00:00,13:00,25.2,33.1,240.0,5.7,90.9,0.112559,0.011256,0.04423,1.132397,0.050086,0.265381,0.300517
2026-07-12 13:10:00,13:10,25.5,31.5,307.0,5.0,90.9,0.14374,0.014374,0.0514,1.130954,0.058131,0.308399,0.348785
2026-07-12 13:20:00,13:20,25.7,31.8,266.0,6.3,91.0,0.125011,0.012501,0.049372,1.144826,0.056522,0.296231,0.339133
2026-07-12 13:30:00,13:30,25.9,31.6,322.0,7.1,90.9,0.149529,0.014953,0.057448,1.154973,0.066351,0.344688,0.398105
2026-07-12 13:40:00,13:40,26.0,31.4,336.0,8.5,90.9,0.154972,0.015497,0.061659,1.172103,0.072271,0.369956,0.433627
2026-07-12 13:50:00,13:50,26.1,31.9,277.0,8.8,90.9,0.130303,0.01303,0.056039,1.173499,0.065761,0.336232,0.394568
2026-07-12 14:00:00,14:00,25.9,32.2,294.0,6.5,90.9,0.137447,0.013745,0.053023,1.145477,0.060737,0.31814,0.364422
2026-07-12 14:10:00,14:10,26.1,33.0,279.0,4.1,90.9,0.13111,0.013111,0.046367,1.114197,0.051662,0.278201,0.309971
2026-07-12 14:20:00,14:20,26.0,31.6,297.0,12.6,90.9,0.137942,0.013794,0.064825,1.218977,0.07902,0.388948,0.474119
2026-07-12 14:30:00,14:30,26.1,32.0,352.0,11.6,90.9,0.159587,0.015959,0.0682,1.205664,0.082226,0.4092,0.493358
2026-07-12 14:40:00,14:40,25.9,31.5,340.0,11.6,90.9,0.154181,0.015418,0.066862,1.207759,0.080753,0.40117,0.484516
2026-07-12 14:50:00,14:50,25.7,32.3,244.0,17.2,90.9,0.114466,0.011447,0.066207,1.269575,0.084055,0.397242,0.504329
2026-07-12 15:00:00,15:00,25.4,34.8,216.0,9.3,90.9,0.101093,0.010109,0.048087,1.167169,0.056125,0.28852,0.336752
2026-07-12 15:10:00,15:10,25.1,36.5,186.0,11.1,90.9,0.086734,0.008673,0.046931,1.180994,0.055425,0.281585,0.33255
2026-07-12 15:20:00,15:20,24.8,37.5,169.0,10.4,90.9,0.078593,0.007859,0.043096,1.168658,0.050365,0.258577,0.302188
2026-07-12 15:30:00,15:30,24.5,38.0,183.0,11.6,90.9,0.085318,0.008532,0.046217,1.180528,0.054561,0.277304,0.327365
2026-07-12 15:40:00,15:40,24.5,39.0,193.0,8.0,91.0,0.090145,0.009014,0.040885,1.134446,0.046382,0.245311,0.278292
2026-07-12 15:50:00,15:50,24.6,39.1,214.0,12.5,90.9,0.10023,0.010023,0.050702,1.186393,0.060153,0.304213,0.360916
2026-07-12 16:00:00,16:00,24.6,39.7,149.0,8.1,91.0,0.069046,0.006905,0.035771,1.132677,0.040517,0.214626,0.243102
2026-07-12 16:10:00,16:10,24.6,39.7,199.0,14.5,91.0,0.093046,0.009305,0.051768,1.207154,0.062492,0.310608,0.374952
2026-07-12 16:20:00,16:20,25.0,38.7,293.0,9.8,91.0,0.127688,0.012769,0.053552,1.156649,0.061941,0.321314,0.371647
2026-07-12 16:30:00,16:30,25.1,39.0,121.0,9.9,91.0,0.055602,0.00556,0.036397,1.156556,0.042096,0.218385,0.252574
2026-07-12 16:40:00,16:40,24.1,41.0,91.0,9.6,90.9,0.041225,0.004123,0.030973,1.144686,0.035455,0.18584,0.212729
2026-07-12 16:50:00,16:50,23.8,42.4,129.0,9.9,90.9,0.059491,0.005949,0.035064,1.142312,0.040054,0.210386,0.240327
2026-07-12 17:00:00,17:00,23.9,41.0,76.0,9.2,90.9,0.034019,0.003402,0.028425,1.140031,0.032406,0.170551,0.194434
2026-07-12 17:10:00,17:10,23.6,41.5,54.0,5.9,90.9,0.023463,0.002346,0.019331,1.099535,0.021255,0.115988,0.127533
2026-07-12 17:20:00,17:20,23.3,42.1,41.0,6.1,90.9,0.017229,0.001723,0.017933,1.099348,0.019714,0.107595,0.118285
2026-07-12 17:30:00,17:30,23.0,43.0,20.0,4.8,91.0,0.007162,0.000716,0.012557,1.08045,0.013567,0.07534,0.081401
2026-07-12 17:40:00,17:40,22.7,44.2,10.0,5.4,91.0,0.002382,0.000238,0.012255,1.082405,0.013265,0.073529,0.079588
2026-07-12 17:50:00,17:50,22.5,43.7,5.0,7.3,90.9,-3.5e-05,-1.8e-05,0.015355,1.10661,0.016992,0.092131,0.101953
2026-07-12 18:00:00,18:00,22.2,46.3,1.0,5.4,91.0,-0.001906,-0.000953,0.010848,1.073607,0.011647,0.065091,0.069882
2026-07-12 18:10:00,18:10,21.7,48.0,0.0,2.7,91.0,-0.014186,-0.007093,0.003574,1.035065,0.003699,0.021444,0.022196
2026-07-12 18:20:00,18:20,21.3,49.2,0.0,3.5,91.0,-0.014107,-0.007054,0.004952,1.039348,0.005147,0.029713,0.030882
2026-07-12 18:30:00,18:30,21.2,49.5,0.0,3.7,91.0,-0.014089,-0.007044,0.005275,1.040418,0.005488,0.031649,0.032928
2026-07-12 18:40:00,18:40,20.7,52.0,0.0,5.0,91.0,-0.013882,-0.006941,0.007103,1.045073,0.007423,0.042617,0.044538
2026-07-12 18:50:00,18:50,20.3,54.1,0.0,8.9,91.0,-0.013717,-0.006859,0.012421,1.08166,0.013435,0.074524,0.08061
2026-07-12 19:00:00,19:00,20.0,54.1,0.0,5.5,91.0,-0.013772,-0.006886,0.007387,1.042094,0.007698,0.04432,0.046186
2026-07-12 19:10:00,19:10,19.9,54.1,0.0,4.4,91.0,-0.01379,-0.006895,0.005646,1.029294,0.005811,0.033875,0.034867
2026-07-12 19:20:00,19:20,19.7,55.6,0.0,3.2,91.0,-0.013664,-0.006832,0.003507,1.009045,0.003539,0.021044,0.021234
2026-07-12 19:30:00,19:30,19.4,56.0,0.0,4.2,91.0,-0.013675,-0.006838,0.004982,1.019006,0.005076,0.02989,0.030458
2026-07-12 19:40:00,19:40,19.3,56.1,0.0,3.4,91.0,-0.013683,-0.006841,0.003723,1.009278,0.003758,0.022338,0.022545
2026-07-12 19:50:00,19:50,19.2,55.6,0.0,4.5,91.1,-0.013753,-0.006876,0.005469,1.024173,0.005601,0.032815,0.033608
2026-07-12 20:00:00,20:00,19.0,57.3,0.0,0.7,91.1,-0.013612,-0.006806,0.0,0.972831,0.0,0.0,0.0
2026-07-12 20:10:00,20:10,18.9,57.4,0.0,3.9,91.0,-0.01362,-0.00681,0.004274,1.00965,0.004315,0.025642,0.025889
2026-07-12 20:20:00,20:20,18.9,57.8,0.0,4.4,91.1,-0.013579,-0.00679,0.00495,1.013793,0.005018,0.029698,0.030107
2026-07-12 20:30:00,20:30,18.7,57.9,0.0,3.1,91.1,-0.013605,-0.006802,0.003011,0.998246,0.003006,0.018067,0.018035
2026-07-12 20:40:00,20:40,18.2,59.8,0.0,2.8,91.1,-0.013506,-0.006753,0.002344,0.986795,0.002314,0.014067,0.013881
2026-07-12 20:50:00,20:50,17.7,62.1,0.0,3.4,91.1,-0.013378,-0.006689,0.002884,0.984142,0.002839,0.017307,0.017033
2026-07-12 21:00:00,21:00,17.5,64.0,0.0,5.7,91.1,-0.01324,-0.00662,0.005356,1.002947,0.005371,0.032134,0.032229
2026-07-12 21:10:00,21:10,17.2,65.3,0.0,6.8,91.0,-0.013179,-0.00659,0.006218,1.010302,0.006282,0.037307,0.037692
2026-07-12 21:20:00,21:20,17.1,64.1,0.0,6.7,91.0,-0.013303,-0.006652,0.006348,1.014165,0.006438,0.038088,0.038628
2026-07-12 21:30:00,21:30,16.7,65.0,0.0,4.8,91.1,-0.013294,-0.006647,0.004064,0.988285,0.004016,0.024381,0.024096
2026-07-12 21:40:00,21:40,16.5,65.9,0.0,4.5,91.1,-0.013252,-0.006626,0.003577,0.981023,0.003509,0.021461,0.021053
2026-07-12 21:50:00,21:50,16.5,65.2,0.0,6.3,91.1,-0.013311,-0.006656,0.005596,1.004902,0.005624,0.033577,0.033742
2026-07-12 22:00:00,22:00,16.3,65.8,0.0,4.3,91.1,-0.013294,-0.006647,0.003349,0.979115,0.003279,0.020095,0.019675
2026-07-12 22:10:00,22:10,16.3,65.8,0.0,6.1,91.1,-0.013294,-0.006647,0.005241,1.000061,0.005241,0.031445,0.031447
2026-07-12 22:20:00,22:20,16.3,65.9,0.0,5.4,91.1,-0.013286,-0.006643,0.004505,0.991496,0.004466,0.027028,0.026798
2026-07-12 22:30:00,22:30,16.3,65.7,0.0,4.0,91.1,-0.013303,-0.006651,0.003033,0.976043,0.00296,0.018197,0.017761
2026-07-12 22:40:00,22:40,16.3,65.9,0.0,3.4,91.1,-0.013286,-0.006643,0.002339,0.968222,0.002265,0.014034,0.013588
2026-07-12 22:50:00,22:50,16.3,65.9,0.0,3.7,91.1,-0.013286,-0.006643,0.002675,0.971714,0.0026,0.016052,0.015598
2026-07-12 23:00:00,23:00,16.3,65.9,0.0,5.3,91.1,-0.013286,-0.006643,0.0044,0.990333,0.004358,0.026403,0.026148
2026-07-12 23:10:00,23:10,15.8,67.7,0.0,8.9,91.1,-0.013222,-0.006611,0.007301,1.024685,0.007481,0.043804,0.044885
2026-07-12 23:20:00,23:20,15.4,68.7,0.0,8.7,91.1,-0.013209,-0.006604,0.006781,1.018169,0.006904,0.040687,0.041427
2026-07-12 23:30:00,23:30,15.2,68.6,0.0,9.1,91.1,-0.013249,-0.006625,0.007083,1.023242,0.007247,0.042496,0.043484
2026-07-12 23:40:00,23:40,14.9,69.6,0.0,6.2,91.1,-0.01322,-0.00661,0.004393,0.985306,0.004329,0.02636,0.025973
2026-07-12 23:50:00,23:50,14.7,70.5,0.0,8.0,91.1,-0.013184,-0.006592,0.005639,1.002482,0.005653,0.033832,0.033916
2026-07-13 00:00:00,00:00,14.3,71.9,0.0,7.8,91.1,-0.013143,-0.006572,0.005093,0.994289,0.005064,0.030561,0.030386
2026-07-13 00:10:00,00:10,14.2,72.8,0.0,6.7,91.1,-0.013093,-0.006547,0.004078,0.977718,0.003987,0.024468,0.023923
2026-07-13 00:20:00,00:20,14.3,71.8,0.0,8.1,91.1,-0.013151,-0.006575,0.005335,0.998199,0.005325,0.03201,0.031952
2026-07-13 00:30:00,00:30,14.0,73.4,0.0,9.9,91.1,-0.013082,-0.006541,0.00609,1.012443,0.006165,0.036538,0.036993
2026-07-13 00:40:00,00:40,14.1,73.6,0.0,10.3,91.1,-0.013052,-0.006526,0.006307,1.01626,0.006409,0.037841,0.038457
2026-07-13 00:50:00,00:50,13.8,74.8,0.0,7.8,91.1,-0.013015,-0.006507,0.004362,0.98214,0.004284,0.026173,0.025706
2026-07-13 01:00:00,01:00,13.7,75.8,0.0,9.1,91.1,-0.012961,-0.00648,0.004912,0.993079,0.004878,0.029473,0.029269
2026-07-13 01:10:00,01:10,13.7,76.0,0.0,10.0,91.2,-0.012947,-0.006473,0.005383,1.002715,0.005397,0.032296,0.032384
2026-07-13 01:20:00,01:20,14.2,74.8,0.0,6.7,91.2,-0.012949,-0.006474,0.003691,0.96934,0.003578,0.022146,0.021467
2026-07-13 01:30:00,01:30,14.7,72.6,0.0,7.9,91.2,-0.013026,-0.006513,0.005084,0.992521,0.005046,0.030505,0.030277
2026-07-13 01:40:00,01:40,15.7,67.3,0.0,3.9,91.2,-0.013271,-0.006635,0.002669,0.968176,0.002584,0.016013,0.015503
2026-07-13 01:50:00,01:50,15.8,66.9,0.0,3.1,91.2,-0.013287,-0.006643,0.001866,0.960542,0.001792,0.011193,0.010752
2026-07-13 02:00:00,02:00,15.6,67.9,0.0,3.0,91.2,-0.013239,-0.00662,0.001648,0.955189,0.001575,0.00989,0.009447
2026-07-13 02:10:00,02:10,15.4,69.1,0.0,0.6,91.3,-0.013177,-0.006588,0.0,0.922233,0.0,0.0,0.0
2026-07-13 02:20:00,02:20,15.5,68.4,0.0,2.8,91.2,-0.013216,-0.006608,0.001385,0.950767,0.001317,0.008313,0.007903
2026-07-13 02:30:00,02:30,15.7,67.3,0.0,2.4,91.2,-0.013271,-0.006635,0.001052,0.95072,0.001,0.006311,0.006
2026-07-13 02:40:00,02:40,15.4,69.0,0.0,3.2,91.2,-0.013185,-0.006592,0.001736,0.952908,0.001654,0.010416,0.009926
2026-07-13 02:50:00,02:50,15.2,69.8,0.0,3.0,91.2,-0.013155,-0.006578,0.001445,0.947229,0.001369,0.008673,0.008215
2026-07-13 03:00:00,03:00,15.0,71.6,0.0,2.4,91.2,-0.013051,-0.006525,0.000703,0.932706,0.000656,0.004218,0.003934
2026-07-13 03:10:00,03:10,14.9,72.3,0.0,2.1,91.2,-0.013015,-0.006507,0.000367,0.926283,0.00034,0.002204,0.002041
2026-07-13 03:20:00,03:20,14.7,73.7,0.0,5.4,91.2,-0.012944,-0.006472,0.003004,0.95882,0.00288,0.018025,0.017283
2026-07-13 03:30:00,03:30,14.4,74.7,0.0,2.6,91.1,-0.012922,-0.006461,0.000618,0.922047,0.00057,0.00371,0.00342
2026-07-13 03:40:00,03:40,14.4,75.2,0.0,7.2,91.1,-0.012886,-0.006443,0.003973,0.973482,0.003868,0.02384,0.023208
2026-07-13 03:50:00,03:50,13.8,80.5,0.0,7.4,91.2,-0.012621,-0.00631,0.0029,0.953606,0.002765,0.0174,0.016593
2026-07-13 04:00:00,04:00,13.6,82.1,0.0,6.4,91.2,-0.012549,-0.006275,0.002058,0.935266,0.001924,0.012346,0.011547
2026-07-13 04:10:00,04:10,13.7,83.0,0.0,8.1,91.3,-0.012471,-0.006235,0.002676,0.951279,0.002545,0.016054,0.015272
2026-07-13 04:20:00,04:20,13.7,82.8,0.0,4.8,91.3,-0.012484,-0.006242,0.00115,0.913715,0.001051,0.006899,0.006304
2026-07-13 04:30:00,04:30,13.7,82.7,0.0,4.8,91.3,-0.012491,-0.006245,0.001164,0.914134,0.001064,0.006984,0.006385
2026-07-13 04:40:00,04:40,13.6,83.2,0.0,4.2,91.2,-0.012476,-0.006238,0.000782,0.905057,0.000708,0.004691,0.004245
2026-07-13 04:50:00,04:50,13.5,84.6,0.0,6.5,91.3,-0.012403,-0.006201,0.001633,0.925957,0.001512,0.009798,0.009072
2026-07-13 05:00:00,05:00,13.6,85.7,0.0,12.3,91.4,-0.012312,-0.006156,0.003489,0.988843,0.00345,0.020936,0.020702
2026-07-13 05:10:00,05:10,13.7,85.5,0.0,1.7,91.3,-0.012306,-0.006153,0.0,0.866329,0.0,0.0,0.0
2026-07-13 05:20:00,05:20,13.6,86.1,2.0,1.9,91.3,-0.011326,-0.005663,0.0,0.866143,0.0,0.0,0.0
2026-07-13 05:30:00,05:30,13.5,87.3,7.0,2.9,91.3,-0.015656,-0.001566,0.0,0.872752,0.0,0.0,0.0
2026-07-13 05:40:00,05:40,13.5,88.2,5.0,0.3,91.4,0.000372,0.000186,0.000169,0.838726,0.000142,0.001015,0.000851
2026-07-13 05:50:00,05:50,13.5,88.8,18.0,0.4,91.4,0.006618,0.000662,0.001656,0.837376,0.001386,0.009933,0.008318
2026-07-13 06:00:00,06:00,13.6,89.1,13.0,3.4,91.3,0.004225,0.000422,0.002085,0.87103,0.001816,0.012508,0.010894
2026-07-13 06:10:00,06:10,13.7,89.8,18.0,1.2,91.4,0.006635,0.000664,0.001898,0.842496,0.001599,0.011388,0.009594
2026-07-13 06:20:00,06:20,14.0,90.5,24.0,2.7,91.4,0.009533,0.000953,0.002917,0.857019,0.0025,0.017503,0.015
2026-07-13 06:30:00,06:30,14.0,90.5,19.0,2.6,91.4,0.007133,0.000713,0.00237,0.855855,0.002028,0.014221,0.012171
2026-07-13 06:40:00,06:40,14.1,90.7,18.0,2.2,91.4,0.006659,0.000666,0.002152,0.850363,0.00183,0.01291,0.010978
2026-07-13 06:50:00,06:50,14.1,91.2,13.0,1.8,91.4,0.004265,0.000426,0.001483,0.843613,0.001251,0.008901,0.007509
2026-07-13 07:00:00,07:00,14.0,91.3,83.0,6.8,91.3,0.037862,0.003786,0.009298,0.901379,0.008381,0.055787,0.050285
2026-07-13 07:10:00,07:10,14.3,91.9,256.0,3.8,91.3,0.097788,0.009779,0.021865,0.863955,0.018891,0.131192,0.113344
2026-07-13 07:20:00,07:20,14.6,91.7,163.0,1.5,91.4,0.069455,0.006946,0.016147,0.838028,0.013531,0.096881,0.081189
2026-07-13 07:30:00,07:30,15.0,91.0,207.0,0.4,91.4,0.086842,0.008684,0.020464,0.828159,0.016947,0.122781,0.101682
2026-07-13 07:40:00,07:40,15.0,89.3,56.0,9.6,91.5,0.024917,0.002492,0.007817,0.942342,0.007366,0.046899,0.044195
2026-07-13 07:50:00,07:50,14.9,88.8,41.0,12.6,91.5,0.017708,0.001771,0.007123,0.979347,0.006975,0.042735,0.041853
2026-07-13 08:00:00,08:00,15.0,88.8,91.0,4.4,91.4,0.041711,0.004171,0.010538,0.883924,0.009315,0.06323,0.05589
2026-07-13 08:10:00,08:10,15.3,89.0,179.0,6.4,91.4,0.082248,0.008225,0.019229,0.90636,0.017428,0.115374,0.104571
2026-07-13 08:20:00,08:20,15.7,85.3,278.0,9.0,91.4,0.12144,0.012144,0.02811,0.952117,0.026764,0.168658,0.160582
2026-07-13 08:30:00,08:30,16.7,82.2,236.0,6.1,91.4,0.106283,0.010628,0.026447,0.931356,0.024632,0.158685,0.147792
2026-07-13 08:40:00,08:40,17.2,76.1,285.0,1.7,91.3,0.12632,0.012632,0.031527,0.905708,0.028554,0.189162,0.171325
2026-07-13 08:50:00,08:50,17.5,75.3,221.0,5.1,91.3,0.101995,0.010199,0.02712,0.948626,0.025726,0.162718,0.154359
2026-07-13 09:00:00,09:00,17.5,75.3,178.0,7.3,91.3,0.083396,0.00834,0.023817,0.974227,0.023204,0.142905,0.139222
2026-07-13 09:10:00,09:10,17.4,78.5,205.0,9.6,91.3,0.096396,0.00964,0.026264,0.987586,0.025938,0.157587,0.15563
2026-07-13 09:20:00,09:20,18.0,77.4,456.0,8.0,91.3,0.199809,0.019981,0.048708,0.973575,0.047421,0.29225,0.284527
2026-07-13 09:30:00,09:30,19.0,72.6,905.0,3.1,91.3,0.393921,0.039392,0.097438,0.936663,0.091267,0.58463,0.547601
2026-07-13 09:40:00,09:40,18.8,69.7,701.0,4.1,91.3,0.301414,0.030141,0.075009,0.960449,0.072042,0.450051,0.432251
2026-07-13 09:50:00,09:50,19.1,69.2,317.0,9.9,91.3,0.144902,0.01449,0.040792,1.030038,0.042017,0.244751,0.252103
2026-07-13 10:00:00,10:00,19.7,66.5,788.0,5.3,91.3,0.339681,0.033968,0.085548,0.987819,0.084506,0.513288,0.507035
2026-07-13 10:10:00,10:10,19.5,67.9,320.0,8.1,91.3,0.147199,0.01472,0.041428,1.014538,0.04203,0.248567,0.252181
2026-07-13 10:20:00,10:20,19.2,66.5,304.0,4.5,91.3,0.140923,0.014092,0.038458,0.97851,0.037632,0.23075,0.225791
2026-07-13 10:30:00,10:30,19.6,70.6,377.0,7.7,91.3,0.172061,0.017206,0.046181,0.998572,0.046115,0.277084,0.276688
2026-07-13 10:40:00,10:40,20.0,67.9,291.0,9.6,91.2,0.136336,0.013634,0.040131,1.031993,0.041415,0.240786,0.24849
2026-07-13 10:50:00,10:50,20.5,67.1,769.0,6.0,91.2,0.337522,0.033752,0.086111,0.993452,0.085547,0.516663,0.51328
2026-07-13 11:00:00,11:00,20.8,62.7,764.0,6.7,91.2,0.335153,0.033515,0.086956,1.02003,0.088698,0.521735,0.532185
2026-07-13 11:10:00,11:10,21.1,64.4,774.0,7.7,91.2,0.340599,0.03406,0.088163,1.024546,0.090327,0.528979,0.541963
2026-07-13 11:20:00,11:20,21.5,63.5,781.0,8.8,91.2,0.344094,0.034409,0.0898,1.041117,0.093493,0.538802,0.560955
2026-07-13 11:30:00,11:30,21.6,61.3,774.0,9.2,91.2,0.341074,0.034107,0.089973,1.054988,0.09492,0.539838,0.569523
2026-07-13 11:40:00,11:40,22.2,62.3,776.0,10.8,91.2,0.342934,0.034293,0.091115,1.069418,0.09744,0.546688,0.584638
2026-07-13 11:50:00,11:50,22.8,60.7,775.0,7.3,91.2,0.342757,0.034276,0.092756,1.035391,0.096039,0.556538,0.576235
2026-07-13 12:00:00,12:00,23.2,58.7,774.0,9.7,91.2,0.342264,0.034226,0.094177,1.071699,0.100929,0.56506,0.605574
2026-07-13 12:10:00,12:10,23.3,57.9,821.0,7.5,91.2,0.362167,0.036217,0.099109,1.049449,0.10401,0.594654,0.624059
2026-07-13 12:20:00,12:20,23.7,54.4,752.0,13.2,91.1,0.332325,0.033233,0.095392,1.130442,0.107835,0.572351,0.64701
2026-07-13 12:30:00,12:30,24.1,54.1,759.0,16.3,91.1,0.335463,0.033546,0.097959,1.167774,0.114394,0.587752,0.686362
2026-07-13 12:40:00,12:40,24.2,50.6,778.0,16.5,91.2,0.342432,0.034243,0.101699,1.184764,0.12049,0.610196,0.722938
2026-07-13 12:50:00,12:50,24.2,50.3,314.0,12.4,91.2,0.147436,0.014744,0.055867,1.138309,0.063594,0.335203,0.381565
2026-07-13 13:00:00,13:00,23.8,50.1,388.0,6.1,91.2,0.178357,0.017836,0.056172,1.065834,0.05987,0.33703,0.359218
2026-07-13 13:10:00,13:10,25.2,46.9,495.0,10.4,91.2,0.22291,0.022291,0.074212,1.129279,0.083806,0.445274,0.502838
2026-07-13 13:20:00,13:20,25.3,46.5,721.0,15.0,91.1,0.317063,0.031706,0.100099,1.184485,0.118565,0.600592,0.711392
2026-07-13 13:30:00,13:30,25.4,45.3,506.0,5.8,91.1,0.226834,0.022683,0.070935,1.082451,0.076784,0.425609,0.460701
2026-07-13 13:40:00,13:40,25.2,46.4,346.0,12.6,91.1,0.16005,0.016005,0.06201,1.156975,0.071744,0.372062,0.430466
2026-07-13 13:50:00,13:50,25.4,47.2,808.0,10.8,91.1,0.352281,0.035228,0.105616,1.132677,0.119628,0.633694,0.71777
2026-07-13 14:00:00,14:00,25.4,47.1,636.0,12.9,91.1,0.280109,0.028011,0.090101,1.157533,0.104295,0.540605,0.625769
2026-07-13 14:10:00,14:10,25.6,47.0,616.0,14.6,91.1,0.271285,0.027129,0.089798,1.177735,0.105758,0.538787,0.634549
2026-07-13 14:20:00,14:20,26.0,44.8,597.0,8.8,91.0,0.262348,0.026235,0.08415,1.119457,0.094202,0.504899,0.565213
2026-07-13 14:30:00,14:30,25.7,42.7,118.0,8.4,91.0,0.05428,0.005428,0.032448,1.1236,0.036459,0.19469,0.218754
2026-07-13 14:40:00,14:40,25.1,44.7,121.0,12.6,91.0,0.05575,0.005575,0.038532,1.164097,0.044855,0.23119,0.269127
2026-07-13 14:50:00,14:50,23.1,55.8,178.0,15.4,91.1,0.083287,0.008329,0.040745,1.150179,0.046864,0.244469,0.281183
2026-07-13 15:00:00,15:00,23.5,48.6,135.0,11.4,91.1,0.062507,0.006251,0.035358,1.133794,0.040089,0.212148,0.240532
2026-07-13 15:10:00,15:10,24.1,51.5,136.0,17.2,91.1,0.063074,0.006307,0.041636,1.18914,0.049511,0.249815,0.297065
2026-07-13 15:20:00,15:20,22.7,53.5,119.0,8.5,91.1,0.054904,0.00549,0.027449,1.079519,0.029632,0.164697,0.177793
2026-07-13 15:30:00,15:30,20.9,63.3,94.0,15.2,91.1,0.043021,0.004302,0.026525,1.116431,0.029614,0.159153,0.177683
2026-07-13 15:40:00,15:40,20.7,66.4,107.0,17.4,91.1,0.049307,0.004931,0.027605,1.129046,0.031168,0.165631,0.187005
2026-07-13 15:50:00,15:50,21.0,65.9,110.0,9.3,91.1,0.050751,0.005075,0.022435,1.036881,0.023262,0.134609,0.139574
2026-07-13 16:00:00,16:00,21.2,66.6,73.0,11.4,91.1,0.033011,0.003301,0.020116,1.058386,0.02129,0.120695,0.127742
2026-07-13 16:10:00,16:10,21.0,64.2,110.0,13.2,91.1,0.050721,0.005072,0.026217,1.089387,0.02856,0.1573,0.171361
2026-07-13 16:20:00,16:20,21.2,67.8,173.0,13.5,91.1,0.081032,0.008103,0.031363,1.077797,0.033803,0.188178,0.202817
2026-07-13 16:30:00,16:30,21.3,69.4,233.0,5.8,91.1,0.10558,0.010558,0.03178,0.981489,0.031192,0.190682,0.187153
2026-07-13 16:40:00,16:40,21.5,66.0,184.0,10.6,91.2,0.085412,0.008541,0.03141,1.05159,0.033031,0.188461,0.198184
2026-07-13 16:50:00,16:50,20.4,68.1,40.0,14.1,91.1,0.017163,0.001716,0.017867,1.083522,0.019359,0.107201,0.116154
2026-07-13 17:00:00,17:00,19.5,72.8,16.0,15.3,91.1,0.00568,0.000568,0.013821,1.077797,0.014896,0.082927,0.089378
2026-07-13 17:10:00,17:10,19.2,78.8,10.0,8.9,91.2,0.002877,0.000288,0.006963,0.978184,0.006811,0.041778,0.040867
2026-07-13 17:20:00,17:20,19.2,78.3,7.0,3.6,91.3,0.001429,0.000143,0.00323,0.918602,0.002968,0.019383,0.017805
2026-07-13 17:30:00,17:30,18.7,82.4,11.0,4.1,91.3,0.003385,0.000339,0.003403,0.907245,0.003088,0.02042,0.018526
2026-07-13 17:40:00,17:40,17.9,84.2,12.0,12.2,91.3,0.003854,0.000385,0.00667,0.993964,0.006629,0.040018,0.039776
2026-07-13 17:50:00,17:50,17.7,83.8,3.0,8.2,91.3,-0.00048,-0.00024,0.004285,0.949091,0.004067,0.025709,0.0244
2026-07-13 18:00:00,18:00,17.8,79.2,4.0,14.2,91.3,-5.8e-05,-2.9e-05,0.00872,1.038184,0.009053,0.05232,0.054318
2026-07-13 18:10:00,18:10,17.6,81.0,0.0,5.9,91.4,-0.011772,-0.005886,0.002376,0.934056,0.002219,0.014256,0.013315
2026-07-13 18:20:00,18:20,17.3,82.2,0.0,2.9,91.4,-0.011751,-0.005875,0.000334,0.894118,0.000299,0.002006,0.001793
2026-07-13 18:30:00,18:30,17.0,83.4,0.0,6.7,91.4,-0.011732,-0.005866,0.002274,0.933311,0.002123,0.013645,0.012735
2026-07-13 18:40:00,18:40,16.6,82.4,0.0,4.5,91.5,-0.011905,-0.005952,0.001237,0.911899,0.001128,0.007421,0.006767
2026-07-13 18:50:00,18:50,16.2,83.8,0.0,1.1,91.5,-0.011893,-0.005946,0.0,0.866468,0.0,0.0,0.0
2026-07-13 19:00:00,19:00,16.1,84.3,0.0,3.0,91.6,-0.011879,-0.00594,0.000146,0.886484,0.00013,0.000878,0.000778
2026-07-13 19:10:00,19:10,15.8,83.6,0.0,6.4,91.6,-0.011999,-0.006,0.001978,0.928982,0.001838,0.011869,0.011026
2026-07-13 19:20:00,19:20,15.4,85.0,0.0,5.8,91.5,-0.011987,-0.005994,0.001399,0.916135,0.001281,0.008393,0.007689
2026-07-13 19:30:00,19:30,15.3,86.8,0.0,2.9,91.6,-0.011883,-0.005941,0.0,0.874847,0.0,0.0,0.0
2026-07-13 19:40:00,19:40,15.0,86.4,0.0,3.8,91.6,-0.011977,-0.005989,0.000273,0.886996,0.000242,0.001636,0.001451
2026-07-13 19:50:00,19:50,14.7,86.5,0.0,5.0,91.6,-0.012035,-0.006018,0.000762,0.900542,0.000686,0.004571,0.004116
2026-07-13 20:00:00,20:00,14.4,86.5,0.0,7.2,91.6,-0.012099,-0.006049,0.001613,0.926143,0.001494,0.009676,0.008962
2026-07-13 20:10:00,20:10,14.4,87.2,0.0,6.9,91.6,-0.012052,-0.006026,0.001357,0.919719,0.001248,0.008142,0.007489
2026-07-13 20:20:00,20:20,14.2,88.0,0.0,6.9,91.7,-0.01204,-0.00602,0.001184,0.916368,0.001085,0.007102,0.006508
2026-07-13 20:30:00,20:30,14.1,88.4,0.0,5.5,91.7,-0.012035,-0.006018,0.000624,0.8984,0.00056,0.003741,0.003361
2026-07-13 20:40:00,20:40,13.9,89.0,0.0,7.5,91.7,-0.012037,-0.006019,0.001148,0.919161,0.001055,0.006886,0.00633
2026-07-13 20:50:00,20:50,13.6,89.7,0.0,5.9,91.7,-0.012054,-0.006027,0.000512,0.897609,0.000459,0.003069,0.002755
2026-07-13 21:00:00,21:00,13.5,90.2,0.0,0.3,91.7,-0.012043,-0.006021,0.0,0.830347,0.0,0.0,0.0
2026-07-13 21:10:00,21:10,13.5,90.5,0.0,5.1,91.7,-0.012024,-0.006012,0.000141,0.884948,0.000125,0.000848,0.000751
2026-07-13 21:20:00,21:20,13.5,90.6,0.0,5.5,91.7,-0.012018,-0.006009,0.00024,0.889184,0.000214,0.001442,0.001282
2026-07-13 21:30:00,21:30,13.5,90.6,0.0,8.2,91.7,-0.012018,-0.006009,0.00096,0.920604,0.000884,0.005761,0.005303
2026-07-13 21:40:00,21:40,13.5,90.5,0.0,2.2,91.7,-0.012024,-0.006012,0.0,0.851201,0.0,0.0,0.0
2026-07-13 21:50:00,21:50,13.4,90.4,0.0,1.5,91.8,-0.01205,-0.006025,0.0,0.843474,0.0,0.0,0.0
2026-07-13 22:00:00,22:00,13.2,90.7,0.0,3.1,91.7,-0.012072,-0.006036,0.0,0.860836,0.0,0.0,0.0
2026-07-13 22:10:00,22:10,13.1,91.0,0.0,7.5,91.8,-0.012073,-0.006037,0.000678,0.910782,0.000618,0.004069,0.003706
2026-07-13 22:20:00,22:20,13.0,91.0,0.0,5.2,91.8,-0.012093,-0.006047,8e-05,0.884017,7e-05,0.000478,0.000423
2026-07-13 22:30:00,22:30,12.9,91.3,0.0,4.6,91.8,-0.012094,-0.006047,0.0,0.875778,0.0,0.0,0.0
2026-07-13 22:40:00,22:40,12.7,91.6,0.0,6.9,91.8,-0.012115,-0.006058,0.000395,0.901286,0.000356,0.002371,0.002137
2026-07-13 22:50:00,22:50,12.7,92.0,0.0,6.9,91.8,-0.012091,-0.006045,0.000318,0.899611,0.000286,0.001907,0.001716
2026-07-13 23:00:00,23:00,12.7,91.9,0.0,4.1,91.8,-0.012097,-0.006048,0.0,0.867446,0.0,0.0,0.0
2026-07-13 23:10:00,23:10,12.4,92.1,0.0,7.7,91.8,-0.012143,-0.006071,0.000461,0.908501,0.000419,0.002766,0.002513
2026-07-13 23:20:00,23:20,12.3,92.3,0.0,8.4,91.8,-0.01215,-0.006075,0.000558,0.915809,0.000511,0.003347,0.003065
2026-07-13 23:30:00,23:30,12.3,92.8,0.0,4.0,91.7,-0.01212,-0.00606,0.0,0.862512,0.0,0.0,0.0
2026-07-13 23:40:00,23:40,12.1,92.8,0.0,6.4,91.7,-0.012158,-0.006079,4.1e-05,0.890441,3.7e-05,0.000248,0.000221
2026-07-13 23:50:00,23:50,12.0,93.0,0.0,8.4,91.7,-0.012165,-0.006082,0.000386,0.912877,0.000353,0.002318,0.002117
2026-07-14 00:00:00,00:00,12.0,93.2,0.0,8.3,91.7,-0.012153,-0.006077,0.000324,0.910875,0.000295,0.001942,0.001769
2026-07-14 00:10:00,00:10,12.0,93.5,0.0,9.8,91.7,-0.012136,-0.006068,0.000508,0.927074,0.000471,0.003049,0.002826
2026-07-14 00:20:00,00:20,12.1,93.7,0.0,7.7,91.7,-0.012105,-0.006053,0.000113,0.901798,0.000102,0.00068,0.000613
2026-07-14 00:30:00,00:30,12.2,93.6,0.0,6.3,91.7,-0.012092,-0.006046,0.0,0.885926,0.0,0.0,0.0
2026-07-14 00:40:00,00:40,12.1,93.9,0.0,4.3,91.7,-0.012094,-0.006047,0.0,0.861395,0.0,0.0,0.0
2026-07-14 00:50:00,00:50,12.2,93.6,0.0,1.7,91.6,-0.012092,-0.006046,0.0,0.832395,0.0,0.0,0.0
2026-07-14 01:00:00,01:00,12.0,93.6,0.0,5.8,91.6,-0.01213,-0.006065,0.0,0.880107,0.0,0.0,0.0
2026-07-14 01:10:00,01:10,12.0,93.9,0.0,5.8,91.7,-0.012113,-0.006056,0.0,0.87885,0.0,0.0,0.0
2026-07-14 01:20:00,01:20,12.0,93.9,0.0,7.2,91.7,-0.012113,-0.006056,0.0,0.895142,0.0,0.0,0.0
2026-07-14 01:30:00,01:30,11.9,93.9,0.0,6.3,91.7,-0.012131,-0.006066,0.0,0.884669,0.0,0.0,0.0
2026-07-14 01:40:00,01:40,11.8,93.8,0.0,5.3,91.6,-0.012156,-0.006078,0.0,0.873451,0.0,0.0,0.0
2026-07-14 01:50:00,01:50,11.8,94.0,0.0,4.3,91.6,-0.012144,-0.006072,0.0,0.860976,0.0,0.0,0.0
2026-07-14 02:00:00,02:00,11.8,94.0,0.0,4.2,91.6,-0.012144,-0.006072,0.0,0.859812,0.0,0.0,0.0
2026-07-14 02:10:00,02:10,11.9,94.0,0.0,1.9,91.6,-0.012126,-0.006063,0.0,0.833047,0.0,0.0,0.0
2026-07-14 02:20:00,02:20,11.9,93.8,0.0,3.6,91.6,-0.012137,-0.006069,0.0,0.853668,0.0,0.0,0.0
2026-07-14 02:30:00,02:30,12.0,94.0,0.0,6.2,91.6,-0.012107,-0.006053,0.0,0.883086,0.0,0.0,0.0
2026-07-14 02:40:00,02:40,12.0,93.7,0.0,6.4,91.6,-0.012124,-0.006062,0.0,0.88667,0.0,0.0,0.0
2026-07-14 02:50:00,02:50,11.9,93.7,0.0,1.1,91.6,-0.012143,-0.006071,0.0,0.824994,0.0,0.0,0.0
2026-07-14 03:00:00,03:00,12.0,93.9,0.0,2.6,91.6,-0.012113,-0.006056,0.0,0.841612,0.0,0.0,0.0
2026-07-14 03:10:00,03:10,12.0,93.7,0.0,4.3,91.5,-0.012124,-0.006062,0.0,0.862233,0.0,0.0,0.0
2026-07-14 03:20:00,03:20,12.1,93.7,0.0,6.2,91.6,-0.012105,-0.006053,0.0,0.884343,0.0,0.0,0.0
2026-07-14 03:30:00,03:30,12.3,93.8,0.0,0.8,91.6,-0.012061,-0.006031,0.0,0.821084,0.0,0.0,0.0
2026-07-14 03:40:00,03:40,12.3,93.7,0.0,1.4,91.6,-0.012067,-0.006034,0.0,0.828485,0.0,0.0,0.0
2026-07-14 03:50:00,03:50,12.3,93.7,0.0,3.2,91.6,-0.012067,-0.006034,0.0,0.849432,0.0,0.0,0.0
2026-07-14 04:00:00,04:00,12.3,93.5,0.0,3.7,91.6,-0.012079,-0.006039,0.0,0.856088,0.0,0.0,0.0
2026-07-14 04:10:00,04:10,12.3,93.5,0.0,2.7,91.6,-0.012079,-0.006039,0.0,0.844451,0.0,0.0,0.0
2026-07-14 04:20:00,04:20,12.1,93.4,0.0,0.6,91.6,-0.012123,-0.006061,0.0,0.820432,0.0,0.0,0.0
2026-07-14 04:30:00,04:30,11.8,93.5,0.0,4.5,91.6,-0.012173,-0.006086,0.0,0.865398,0.0,0.0,0.0
2026-07-14 04:40:00,04:40,11.9,93.9,0.0,3.9,91.6,-0.012131,-0.006066,0.0,0.85674,0.0,0.0,0.0
2026-07-14 04:50:00,04:50,12.1,93.9,2.0,3.3,91.6,-0.011134,-0.005567,0.0,0.849758,0.0,0.0,0.0
2026-07-14 05:00:00,05:00,12.3,93.7,7.0,1.5,91.6,-0.008707,-0.000871,0.0,0.829649,0.0,0.0,0.0
2026-07-14 05:10:00,05:10,12.5,93.5,5.0,2.7,91.7,-0.00964,-0.00482,0.0,0.844451,0.0,0.0,0.0
2026-07-14 05:20:00,05:20,12.7,93.3,6.0,2.4,91.7,-0.009133,-0.000913,0.0,0.841798,0.0,0.0,0.0
2026-07-14 05:30:00,05:30,12.8,93.0,8.0,4.9,91.7,-0.02579,-0.002579,0.0,0.872147,0.0,0.0,0.0
2026-07-14 05:40:00,05:40,13.0,92.8,17.0,2.8,91.7,0.000404,4e-05,0.000732,0.848547,0.000621,0.004394,0.003728
2026-07-14 05:50:00,05:50,12.7,92.4,37.0,0.5,91.6,0.005262,0.000526,0.001296,0.823458,0.001068,0.007779,0.006405
2026-07-14 06:00:00,06:00,12.7,92.6,38.0,0.3,91.7,0.013444,0.001344,0.003075,0.820293,0.002522,0.018449,0.015134
2026-07-14 06:10:00,06:10,12.8,92.8,36.0,2.7,91.7,0.015276,0.001528,0.003841,0.847384,0.003254,0.023043,0.019527
2026-07-14 06:20:00,06:20,12.6,92.8,36.0,5.1,91.7,0.01527,0.001527,0.004129,0.875313,0.003614,0.024774,0.021685
2026-07-14 06:30:00,06:30,12.5,93.1,46.0,4.4,91.7,0.020069,0.002007,0.004955,0.86591,0.004291,0.029732,0.025745
2026-07-14 06:40:00,06:40,12.5,93.3,51.0,3.7,91.7,0.022471,0.002247,0.005356,0.856926,0.004589,0.032134,0.027537
2026-07-14 06:50:00,06:50,12.5,93.3,56.0,2.7,91.7,0.024871,0.002487,0.005776,0.845289,0.004882,0.034653,0.029292
2026-07-14 07:00:00,07:00,12.8,93.5,72.0,1.9,91.7,0.032563,0.003256,0.007399,0.835142,0.006179,0.044393,0.037075
2026-07-14 07:10:00,07:10,12.8,93.1,90.0,2.6,91.7,0.041199,0.00412,0.009277,0.844963,0.007839,0.055663,0.047033
2026-07-14 07:20:00,07:20,13.0,93.1,119.0,2.7,91.7,0.054262,0.005426,0.012089,0.846127,0.010229,0.072533,0.061372
2026-07-14 07:30:00,07:30,13.3,93.0,176.0,0.5,91.7,0.075606,0.007561,0.017131,0.820944,0.014064,0.102788,0.084384
2026-07-14 07:40:00,07:40,13.8,92.4,213.0,3.2,91.7,0.090673,0.009067,0.020136,0.854878,0.017214,0.120814,0.103281
2026-07-14 07:50:00,07:50,14.5,90.6,395.0,0.6,91.8,0.159624,0.015962,0.036955,0.832163,0.030753,0.221732,0.184517
2026-07-14 08:00:00,08:00,15.5,85.9,476.0,3.6,91.7,0.192532,0.019253,0.044065,0.886763,0.039076,0.264393,0.234454
2026-07-14 08:20:00,08:20,16.5,78.3,456.0,4.2,91.7,0.189375,0.018937,0.045183,0.925584,0.041821,0.271097,0.250924
2026-07-14 08:40:00,08:40,16.6,75.2,444.0,7.3,91.7,0.188329,0.018833,0.045262,0.974646,0.044114,0.271572,0.264687
2026-07-14 09:00:00,09:00,16.6,76.6,364.0,5.8,91.8,0.159786,0.015979,0.038939,0.951326,0.037043,0.233632,0.22226
2026-07-14 09:20:00,09:20,17.0,74.4,264.0,3.0,91.7,0.121323,0.012132,0.030652,0.927958,0.028443,0.18391,0.17066
2026-07-14 09:40:00,09:40,17.8,73.4,615.0,6.0,91.7,0.266396,0.02664,0.064218,0.967059,0.062102,0.385305,0.372613
2026-07-14 10:00:00,10:00,18.8,70.1,824.0,2.9,91.7,0.354899,0.03549,0.088047,0.944809,0.083188,0.528284,0.499127
2026-07-14 10:20:00,10:20,19.7,68.8,659.0,5.8,91.7,0.288937,0.028894,0.073104,0.984002,0.071935,0.438627,0.43161
2026-07-14 10:40:00,10:40,19.6,66.7,593.0,3.7,91.7,0.262476,0.026248,0.067332,0.968362,0.065202,0.403992,0.39121
2026-07-14 11:00:00,11:00,19.6,65.8,800.0,6.3,91.7,0.350311,0.035031,0.087522,1.002389,0.087731,0.525133,0.526387
2026-07-14 11:20:00,11:20,20.8,63.3,786.0,4.8,91.6,0.345689,0.034569,0.089498,0.995407,0.089087,0.536988,0.534522
2026-07-14 11:40:00,11:40,21.5,60.0,791.0,5.0,91.6,0.348195,0.034819,0.091884,1.011559,0.092946,0.551304,0.557677
2026-07-14 12:00:00,12:00,22.1,58.5,784.0,6.7,91.5,0.34576,0.034576,0.092716,1.037626,0.096204,0.556294,0.577225
2026-07-14 12:20:00,12:20,22.2,57.0,771.0,4.7,91.5,0.340224,0.034022,0.091679,1.020636,0.093571,0.550076,0.561427
2026-07-14 12:40:00,12:40,23.1,54.2,752.0,5.3,91.5,0.331957,0.033196,0.091788,1.039348,0.0954,0.55073,0.5724
2026-07-14 13:00:00,13:00,23.7,50.0,730.0,9.3,91.5,0.321596,0.03216,0.093154,1.103491,0.102795,0.558926,0.616769
2026-07-14 13:20:00,13:20,24.0,46.2,700.0,7.2,91.4,0.30761,0.030761,0.090246,1.094973,0.098817,0.541478,0.592904
2026-07-14 13:40:00,13:40,24.6,45.7,664.0,6.2,91.5,0.291988,0.029199,0.086634,1.08543,0.094035,0.519805,0.564212
2026-07-14 14:00:00,14:00,24.9,46.4,620.0,7.3,91.5,0.273053,0.027305,0.083153,1.095299,0.091077,0.498915,0.546461
2026-07-14 14:20:00,14:20,25.0,47.0,572.0,10.2,91.5,0.252186,0.025219,0.080644,1.126532,0.090848,0.483864,0.545089
2026-07-14 14:40:00,14:40,25.5,46.2,520.0,5.7,91.4,0.229382,0.022938,0.071346,1.077517,0.076876,0.428074,0.461257
2026-07-14 15:00:00,15:00,25.4,46.5,470.0,5.5,91.4,0.207396,0.02074,0.065288,1.073933,0.070114,0.391725,0.420687
2026-07-14 15:20:00,15:20,25.4,45.5,417.0,7.0,91.4,0.183991,0.018399,0.061505,1.095578,0.067384,0.369032,0.404304
2026-07-14 15:40:00,15:40,25.7,44.6,364.0,8.6,91.3,0.160797,0.01608,0.058478,1.117968,0.065376,0.350868,0.392259
2026-07-14 16:00:00,16:00,25.6,44.2,304.0,7.7,91.3,0.135037,0.013504,0.050821,1.10917,0.056369,0.304925,0.338214
2026-07-14 16:20:00,16:20,25.2,45.6,248.0,10.4,91.3,0.111328,0.011133,0.048099,1.134725,0.054579,0.288595,0.327476
2026-07-14 16:40:00,16:40,25.2,45.9,190.0,12.4,91.3,0.08725,0.008725,0.045111,1.156742,0.052181,0.270664,0.313089
2026-07-14 17:00:00,17:00,25.4,45.6,138.0,5.6,91.4,0.063944,0.006394,0.028862,1.078867,0.031138,0.173173,0.18683
2026-07-14 17:20:00,17:20,24.9,47.5,71.0,6.2,91.3,0.031812,0.003181,0.02109,1.07789,0.022733,0.126541,0.136397
2026-07-14 17:40:00,17:40,23.9,49.6,46.0,5.8,91.3,0.019824,0.001982,0.016511,1.064437,0.017575,0.099069,0.105452
2026-07-14 18:00:00,18:00,22.8,52.7,13.0,4.6,91.4,0.004011,0.000401,0.00958,1.037486,0.009939,0.057481,0.059636
2026-07-14 18:10:00,18:10,21.8,57.3,6.0,3.9,91.4,0.000706,7.1e-05,0.006678,1.010069,0.006746,0.04007,0.040474
2026-07-14 18:20:00,18:20,21.3,62.0,1.0,3.7,91.4,-0.001626,-0.000813,0.005227,0.988052,0.005165,0.031363,0.030988
2026-07-14 18:30:00,18:30,20.9,61.3,0.0,3.7,91.4,-0.012806,-0.006403,0.003758,0.990984,0.003725,0.02255,0.022347
2026-07-14 18:40:00,18:40,20.7,60.9,0.0,1.9,91.4,-0.012894,-0.006447,0.001129,0.971714,0.001097,0.006774,0.006583
2026-07-14 18:50:00,18:50,20.7,60.1,0.0,2.7,91.4,-0.01298,-0.00649,0.002403,0.984375,0.002366,0.014419,0.014194
2026-07-14 19:00:00,19:00,20.7,59.4,0.0,0.9,91.4,-0.013056,-0.006528,0.0,0.966361,0.0,0.0,0.0
2026-07-14 19:10:00,19:10,20.5,60.0,0.0,1.7,91.4,-0.013035,-0.006517,0.000859,0.973157,0.000836,0.005152,0.005014
2026-07-14 19:20:00,19:20,20.7,60.9,0.0,4.2,91.4,-0.012894,-0.006447,0.004492,0.998479,0.004486,0.026954,0.026913
2026-07-14 19:30:00,19:30,20.6,62.0,0.0,3.2,91.4,-0.0128,-0.0064,0.002934,0.982233,0.002882,0.017605,0.017292
2026-07-14 19:40:00,19:40,20.5,63.4,0.0,1.9,91.4,-0.012677,-0.006339,0.000966,0.96124,0.000929,0.005797,0.005572
2026-07-14 19:50:00,19:50,20.3,66.1,0.0,3.0,91.4,-0.012449,-0.006224,0.002207,0.96273,0.002125,0.013242,0.012748
2026-07-14 20:00:00,20:00,20.2,67.4,0.0,3.5,91.5,-0.012343,-0.006172,0.00267,0.963102,0.002571,0.016019,0.015428
2026-07-14 20:10:00,20:10,20.1,69.0,0.0,1.5,91.5,-0.01221,-0.006105,0.000123,0.933125,0.000115,0.00074,0.000691
2026-07-14 20:20:00,20:20,19.8,70.4,0.0,2.9,91.5,-0.01215,-0.006075,0.001623,0.943552,0.001531,0.009737,0.009187
2026-07-14 20:30:00,20:30,19.5,71.8,0.0,1.2,91.5,-0.012094,-0.006047,0.0,0.917904,0.0,0.0,0.0
2026-07-14 20:40:00,20:40,19.2,73.0,0.0,2.4,91.5,-0.012058,-0.006029,0.000827,0.926841,0.000766,0.004961,0.004598
2026-07-14 20:50:00,20:50,19.4,72.9,0.0,3.1,91.5,-0.012017,-0.006008,0.001548,0.935406,0.001448,0.00929,0.00869
2026-07-14 21:00:00,21:00,18.9,74.4,0.0,3.1,91.5,-0.012007,-0.006003,0.001356,0.929122,0.001259,0.008133,0.007557
2026-07-14 21:10:00,21:10,19.2,74.3,0.0,2.8,91.5,-0.01194,-0.00597,0.001106,0.92605,0.001024,0.006634,0.006143
2026-07-14 21:20:00,21:20,18.8,76.0,0.0,1.4,91.5,-0.01189,-0.005945,0.0,0.902636,0.0,0.0,0.0
2026-07-14 21:30:00,21:30,18.9,77.2,0.0,0.1,91.4,-0.011759,-0.00588,0.0,0.882481,0.0,0.0,0.0
2026-07-14 21:40:00,21:40,18.5,77.2,0.0,2.4,91.5,-0.011862,-0.005931,0.000459,0.909246,0.000417,0.002752,0.002502
2026-07-14 21:50:00,21:50,18.5,77.3,0.0,1.7,91.5,-0.011853,-0.005927,0.0,0.900681,0.0,0.0,0.0
2026-07-14 22:00:00,22:00,18.5,78.2,0.0,1.5,91.5,-0.011776,-0.005888,0.0,0.894583,0.0,0.0,0.0
2026-07-14 22:10:00,22:10,18.6,77.6,0.0,1.8,91.4,-0.011802,-0.005901,0.0,0.900588,0.0,0.0,0.0
2026-07-14 22:20:00,22:20,18.0,80.1,0.0,0.6,91.5,-0.011745,-0.005872,0.0,0.87615,0.0,0.0,0.0
2026-07-14 22:30:00,22:30,17.8,79.8,0.0,0.8,91.4,-0.01182,-0.00591,0.0,0.879735,0.0,0.0,0.0
2026-07-14 22:40:00,22:40,17.5,81.3,0.0,0.8,91.4,-0.011773,-0.005886,0.0,0.873451,0.0,0.0,0.0
2026-07-14 22:50:00,22:50,17.4,81.7,0.0,0.3,91.4,-0.011766,-0.005883,0.0,0.865956,0.0,0.0,0.0
2026-07-14 23:00:00,23:00,16.5,82.3,0.0,1.5,91.4,-0.011936,-0.005968,0.0,0.877407,0.0,0.0,0.0
2026-07-14 23:10:00,23:10,15.8,85.3,0.0,1.4,91.4,-0.011876,-0.005938,0.0,0.863676,0.0,0.0,0.0
2026-07-14 23:20:00,23:20,15.6,86.7,0.0,1.6,91.4,-0.011821,-0.005911,0.0,0.860138,0.0,0.0,0.0
2026-07-14 23:30:00,23:30,15.3,87.5,0.0,3.0,91.4,-0.011834,-0.005917,0.0,0.873078,0.0,0.0,0.0
2026-07-14 23:40:00,23:40,15.3,87.7,0.0,4.4,91.4,-0.01182,-0.00591,0.000369,0.888532,0.000328,0.002215,0.001968
2026-07-14 23:50:00,23:50,15.3,88.9,0.0,3.9,91.4,-0.011737,-0.005868,2.2e-05,0.877686,2e-05,0.000134,0.000118
2026-07-15 00:00:00,00:00,15.5,89.6,0.0,3.3,91.4,-0.011641,-0.00582,0.0,0.867772,0.0,0.0,0.0
2026-07-15 00:10:00,00:10,15.2,89.4,0.0,4.6,91.4,-0.011725,-0.005863,0.000202,0.883738,0.000178,0.00121,0.00107
2026-07-15 00:20:00,00:20,15.3,89.3,0.0,2.2,91.4,-0.011709,-0.005854,0.0,0.856228,0.0,0.0,0.0
2026-07-15 00:30:00,00:30,15.2,89.6,0.0,1.6,91.4,-0.011712,-0.005856,0.0,0.847989,0.0,0.0,0.0
2026-07-15 00:40:00,00:40,14.7,89.8,0.0,2.4,91.4,-0.011812,-0.005906,0.0,0.856461,0.0,0.0,0.0
2026-07-15 00:50:00,00:50,14.9,90.5,0.0,2.7,91.4,-0.01172,-0.00586,0.0,0.857019,0.0,0.0,0.0
2026-07-15 01:00:00,01:00,14.6,90.5,0.0,1.2,91.4,-0.011788,-0.005894,0.0,0.839564,0.0,0.0,0.0
2026-07-15 01:10:00,01:10,14.7,90.7,0.0,1.3,91.4,-0.011752,-0.005876,0.0,0.839889,0.0,0.0,0.0
2026-07-15 01:20:00,01:20,14.7,90.3,0.0,1.4,91.4,-0.011779,-0.005889,0.0,0.842729,0.0,0.0,0.0
2026-07-15 01:30:00,01:30,15.2,90.3,0.0,0.4,91.4,-0.011664,-0.005832,0.0,0.831092,0.0,0.0,0.0
2026-07-15 01:40:00,01:40,14.8,87.2,0.0,5.5,91.4,-0.011966,-0.005983,0.000853,0.903428,0.00077,0.005116,0.004622
2026-07-15 01:50:00,01:50,14.0,89.6,0.0,3.9,91.4,-0.011978,-0.005989,0.0,0.874754,0.0,0.0,0.0
2026-07-15 02:00:00,02:00,13.9,90.6,0.0,4.7,91.4,-0.011934,-0.005967,1.8e-05,0.879874,1.6e-05,0.000108,9.5e-05
2026-07-15 02:10:00,02:10,13.7,91.0,0.0,5.1,91.4,-0.011951,-0.005975,6.8e-05,0.882853,6e-05,0.000408,0.00036
2026-07-15 02:20:00,02:20,13.7,91.3,0.0,3.1,91.4,-0.011932,-0.005966,0.0,0.858323,0.0,0.0,0.0
2026-07-15 02:30:00,02:30,13.8,91.5,0.0,4.9,91.4,-0.011898,-0.005949,0.0,0.878431,0.0,0.0,0.0
2026-07-15 02:40:00,02:40,13.8,91.3,0.0,2.3,91.4,-0.011911,-0.005955,0.0,0.849013,0.0,0.0,0.0
2026-07-15 02:50:00,02:50,13.7,91.1,0.0,3.7,91.4,-0.011944,-0.005972,0.0,0.866143,0.0,0.0,0.0
2026-07-15 03:00:00,03:00,13.8,91.3,0.0,4.1,91.4,-0.011911,-0.005955,0.0,0.86996,0.0,0.0,0.0
2026-07-15 03:10:00,03:10,13.8,91.1,0.0,1.9,91.4,-0.011923,-0.005962,0.0,0.845196,0.0,0.0,0.0
2026-07-15 03:20:00,03:20,13.7,90.6,0.0,6.2,91.4,-0.011976,-0.005988,0.000438,0.89733,0.000393,0.00263,0.00236
2026-07-15 03:30:00,03:30,13.7,90.6,0.0,4.2,91.4,-0.011976,-0.005988,0.0,0.874056,0.0,0.0,0.0
2026-07-15 03:40:00,03:40,13.7,90.4,0.0,3.7,91.4,-0.011989,-0.005994,0.0,0.869075,0.0,0.0,0.0
2026-07-15 03:50:00,03:50,13.5,90.4,0.0,3.3,91.4,-0.01203,-0.006015,0.0,0.86442,0.0,0.0,0.0
2026-07-15 04:00:00,04:00,13.2,90.7,0.0,5.7,91.4,-0.012072,-0.006036,0.000264,0.891092,0.000235,0.001584,0.001412
2026-07-15 04:10:00,04:10,12.9,90.7,0.0,6.9,91.4,-0.012131,-0.006066,0.000571,0.905057,0.000517,0.003428,0.003103
2026-07-15 04:20:00,04:20,13.0,91.5,0.0,7.0,91.4,-0.012062,-0.006031,0.000444,0.902869,0.000401,0.002663,0.002404
2026-07-15 04:30:00,04:30,13.5,90.8,0.0,5.2,91.4,-0.012005,-0.006002,0.00012,0.884855,0.000106,0.000719,0.000636
2026-07-15 04:40:00,04:40,13.6,89.6,0.0,8.4,91.4,-0.012061,-0.00603,0.001246,0.927121,0.001155,0.007474,0.006929
2026-07-15 04:50:00,04:50,13.9,88.1,1.0,6.9,91.4,-0.011616,-0.005808,0.00119,0.915949,0.00109,0.007143,0.006542
2026-07-15 05:00:00,05:00,14.0,88.3,9.0,3.7,91.4,-0.007742,-0.000774,0.0,0.877873,0.0,0.0,0.0
2026-07-15 05:10:00,05:10,14.4,87.2,16.0,5.9,91.4,-0.004372,-0.000437,0.001457,0.908082,0.001324,0.008745,0.007941
2026-07-15 05:20:00,05:20,14.9,85.7,37.0,3.3,91.4,0.005712,0.000571,0.002825,0.88411,0.002498,0.016953,0.014988
2026-07-15 05:30:00,05:30,15.2,84.2,53.0,1.9,91.4,-0.014853,-0.001485,0.0,0.874102,0.0,0.0,0.0
2026-07-15 05:40:00,05:40,15.3,83.1,79.0,2.3,91.4,-0.002563,-0.000256,0.000763,0.883365,0.000674,0.00458,0.004046
2026-07-15 05:50:00,05:50,15.3,83.5,100.0,0.9,91.5,0.007613,0.000761,0.002302,0.865398,0.001992,0.013809,0.01195
2026-07-15 06:00:00,06:00,15.6,83.6,129.0,0.6,91.5,0.021774,0.002177,0.005491,0.861488,0.00473,0.032946,0.028383
2026-07-15 06:10:00,06:10,16.0,83.2,128.0,0.3,91.5,0.026553,0.002655,0.006541,0.859672,0.005623,0.039243,0.033736
2026-07-15 06:20:00,06:20,16.6,82.5,175.0,2.1,91.5,0.044447,0.004445,0.011665,0.883552,0.010306,0.069988,0.061838
2026-07-15 06:30:00,06:30,17.5,80.2,204.0,2.4,91.5,0.059788,0.005979,0.015814,0.896678,0.01418,0.094886,0.085082
2026-07-15 06:40:00,06:40,18.5,77.2,246.0,2.7,91.5,0.07854,0.007854,0.021033,0.912737,0.019198,0.1262,0.115188
2026-07-15 06:50:00,06:50,18.4,76.4,196.0,3.4,91.5,0.070077,0.007008,0.019397,0.924235,0.017928,0.116383,0.107565
2026-07-15 07:00:00,07:00,18.3,76.2,209.0,2.7,91.5,0.078138,0.007814,0.020955,0.916927,0.019214,0.125727,0.115283
2026-07-15 07:10:00,07:10,18.6,75.6,153.0,2.9,91.5,0.063563,0.006356,0.017764,0.921768,0.016375,0.106586,0.098248
2026-07-15 07:20:00,07:20,19.2,74.5,342.0,4.1,91.5,0.129702,0.01297,0.03439,0.94034,0.032338,0.206337,0.194027
2026-07-15 07:30:00,07:30,19.8,72.1,368.0,2.4,91.5,0.142513,0.014251,0.037629,0.930612,0.035018,0.225775,0.210109
2026-07-15 07:40:00,07:40,20.7,67.8,404.0,4.0,91.5,0.158441,0.015844,0.043368,0.967245,0.041948,0.260211,0.251688
2026-07-15 07:50:00,07:50,21.4,66.0,447.0,2.7,91.5,0.177515,0.017752,0.048282,0.959658,0.046335,0.289694,0.278007
2026-07-15 08:00:00,08:00,22.0,61.3,394.0,7.2,91.5,0.160158,0.016016,0.048086,1.031714,0.049611,0.288515,0.297665
2026-07-15 08:10:00,08:10,22.5,59.8,503.0,2.1,91.5,0.203512,0.020351,0.056116,0.978649,0.054918,0.336696,0.329508
2026-07-15 08:20:00,08:20,23.4,51.1,465.0,1.2,91.5,0.189723,0.018972,0.053017,1.004623,0.053262,0.318101,0.319572
2026-07-15 08:30:00,08:30,23.9,49.0,553.0,1.1,91.5,0.225078,0.022508,0.062882,1.012257,0.063653,0.377292,0.381916
2026-07-15 08:40:00,08:40,24.7,45.5,565.0,4.1,91.5,0.231368,0.023137,0.0692,1.061831,0.073478,0.415197,0.440869
2026-07-15 08:50:00,08:50,24.9,45.4,590.0,2.7,91.6,0.243505,0.024351,0.070922,1.045958,0.074181,0.425531,0.445087
2026-07-15 09:00:00,09:00,25.6,43.5,605.0,3.7,91.6,0.251212,0.025121,0.075219,1.065554,0.08015,0.451313,0.480898
2026-07-15 09:10:00,09:10,25.5,43.9,618.0,4.0,91.6,0.258504,0.02585,0.077329,1.06737,0.082539,0.463974,0.495231
2026-07-15 09:20:00,09:20,25.7,43.6,640.0,3.0,91.6,0.269091,0.026909,0.079199,1.05699,0.083712,0.475193,0.502274
2026-07-15 09:30:00,09:30,26.2,42.7,661.0,2.1,91.6,0.279124,0.027912,0.081439,1.050287,0.085534,0.488632,0.513204
2026-07-15 09:40:00,09:40,27.0,41.0,683.0,4.8,91.6,0.289287,0.028929,0.088856,1.088828,0.096749,0.533135,0.580492
2026-07-15 09:50:00,09:50,26.7,43.0,699.0,3.5,91.6,0.297983,0.029798,0.088833,1.065322,0.094636,0.532998,0.567814
2026-07-15 10:00:00,10:00,26.5,43.5,713.0,6.1,91.6,0.305147,0.030515,0.093246,1.093483,0.101963,0.559477,0.611779
2026-07-15 10:10:00,10:10,26.6,41.6,730.0,10.3,91.5,0.312568,0.031257,0.100162,1.150318,0.115218,0.600971,0.691308
2026-07-15 10:20:00,10:20,26.9,40.8,744.0,8.4,91.6,0.319284,0.031928,0.100712,1.13156,0.113962,0.604272,0.68377
2026-07-15 10:30:00,10:30,27.0,41.2,753.0,8.3,91.6,0.324299,0.03243,0.101908,1.12872,0.115025,0.611446,0.690151
2026-07-15 10:40:00,10:40,27.0,41.1,766.0,8.4,91.5,0.330574,0.033057,0.103643,1.130303,0.117148,0.62186,0.702891
2026-07-15 10:50:00,10:50,27.2,39.2,777.0,8.1,91.5,0.335245,0.033524,0.1055,1.134771,0.119718,0.632998,0.718308
2026-07-15 11:00:00,11:00,27.9,36.6,786.0,13.5,91.5,0.338911,0.033891,0.114731,1.208504,0.138653,0.688388,0.831919
2026-07-15 11:10:00,11:10,28.2,39.0,790.0,6.6,91.5,0.342613,0.034261,0.107427,1.118154,0.12012,0.644565,0.720723
2026-07-15 11:20:00,11:20,28.1,37.6,791.0,10.8,91.5,0.342938,0.034294,0.11269,1.172894,0.132174,0.676141,0.793042
2026-07-15 11:30:00,11:30,27.9,38.0,791.0,7.1,91.5,0.343564,0.034356,0.108072,1.128162,0.121923,0.648435,0.731539
2026-07-15 11:40:00,11:40,28.9,37.2,794.0,9.6,91.5,0.345437,0.034544,0.113602,1.160606,0.131847,0.681609,0.791079
2026-07-15 11:50:00,11:50,28.8,37.1,794.0,9.0,91.5,0.345708,0.034571,0.112794,1.154042,0.130169,0.676763,0.781013
2026-07-15 12:00:00,12:00,28.6,35.6,791.0,7.8,91.5,0.343945,0.034394,0.110988,1.146362,0.127233,0.66593,0.763397
2026-07-15 12:10:00,12:10,29.2,35.1,788.0,8.7,91.5,0.342989,0.034299,0.113156,1.15893,0.13114,0.678936,0.786839
2026-07-15 12:20:00,12:20,29.1,34.2,778.0,12.0,91.4,0.338513,0.033851,0.116581,1.201102,0.140026,0.699488,0.840157
2026-07-15 12:30:00,12:30,29.5,32.2,772.0,7.6,91.4,0.335315,0.033531,0.111069,1.158278,0.128649,0.666415,0.771894
2026-07-15 12:40:00,12:40,29.7,34.1,770.0,9.0,91.4,0.335493,0.033549,0.112878,1.16661,0.131685,0.67727,0.790111
2026-07-15 12:50:00,12:50,30.1,31.9,757.0,4.4,91.4,0.329152,0.032915,0.105055,1.122297,0.117902,0.630327,0.707414
2026-07-15 13:00:00,13:00,30.3,31.6,748.0,8.5,91.4,0.325219,0.032522,0.111356,1.171265,0.130427,0.668133,0.782561
2026-07-15 13:10:00,13:10,30.4,29.0,741.0,10.6,91.4,0.320825,0.032083,0.114927,1.206595,0.13867,0.689561,0.83202
2026-07-15 13:20:00,13:20,30.6,29.3,792.0,9.5,91.4,0.341531,0.034153,0.118724,1.192538,0.141583,0.712344,0.849496
2026-07-15 13:30:00,13:30,29.1,30.2,126.0,6.6,91.3,0.057843,0.005784,0.035387,1.15502,0.040872,0.21232,0.245234
2026-07-15 13:40:00,13:40,28.6,30.4,109.0,7.5,91.3,0.049676,0.004968,0.035159,1.164655,0.040949,0.210956,0.245691
2026-07-15 13:50:00,13:50,28.5,30.5,82.0,1.4,91.3,0.036717,0.003672,0.014887,1.093251,0.016275,0.089322,0.097652
2026-07-15 14:00:00,14:00,28.0,32.2,66.0,8.3,91.3,0.029082,0.002908,0.030835,1.166424,0.035967,0.185009,0.215799
2026-07-15 14:10:00,14:10,27.6,34.1,53.0,11.2,91.3,0.022892,0.002289,0.034925,1.192212,0.041638,0.20955,0.249828
2026-07-15 14:20:00,14:20,26.4,25.6,30.0,15.6,91.2,0.01154,0.001154,0.045046,1.279024,0.057615,0.270274,0.345687
2026-07-15 14:30:00,14:30,25.9,31.3,40.0,13.5,91.3,0.01652,0.001652,0.038253,1.230707,0.047078,0.229516,0.282467
2026-07-15 14:40:00,14:40,21.1,59.8,498.0,6.0,91.4,0.221342,0.022134,0.061252,1.024034,0.062724,0.367511,0.376344
2026-07-15 14:50:00,14:50,21.2,57.7,543.0,7.0,91.3,0.238859,0.023886,0.066452,1.044468,0.069407,0.398712,0.416442
2026-07-15 15:00:00,15:00,23.3,48.8,487.0,8.1,91.3,0.214107,0.021411,0.066641,1.094554,0.072942,0.399845,0.437652
2026-07-15 15:10:00,15:10,24.5,42.4,448.0,7.8,91.3,0.196547,0.019655,0.065532,1.117874,0.073256,0.393191,0.439538
2026-07-15 15:20:00,15:20,25.6,36.6,388.0,18.2,91.3,0.170888,0.017089,0.077195,1.263197,0.097512,0.463169,0.585074
2026-07-15 15:30:00,15:30,25.2,39.1,131.0,7.7,91.3,0.060408,0.006041,0.033512,1.130536,0.037886,0.20107,0.227317
2026-07-15 15:40:00,15:40,25.3,40.0,430.0,7.3,91.3,0.185859,0.018586,0.063856,1.12211,0.071654,0.383137,0.429922
2026-07-15 15:50:00,15:50,26.2,38.8,327.0,6.3,91.3,0.144414,0.014441,0.052974,1.115501,0.059093,0.317844,0.354555
2026-07-15 16:00:00,16:00,26.4,37.7,177.0,7.5,91.3,0.082485,0.008249,0.039897,1.134073,0.045247,0.239384,0.271479
2026-07-15 16:10:00,16:10,25.8,45.4,70.0,5.2,91.4,0.031314,0.003131,0.01991,1.07505,0.021405,0.119463,0.128428
2026-07-15 16:20:00,16:20,23.6,54.4,113.0,10.6,91.4,0.052078,0.005208,0.029712,1.100186,0.032689,0.178274,0.196135
2026-07-15 16:30:00,16:30,23.8,44.6,103.0,11.7,91.3,0.047064,0.004706,0.03419,1.154042,0.039457,0.205142,0.236743
2026-07-15 16:40:00,16:40,24.1,40.8,57.0,4.9,91.4,0.0249,0.00249,0.018013,1.09083,0.019649,0.108077,0.117894
2026-07-15 16:50:00,16:50,23.5,42.7,49.0,8.1,91.3,0.021089,0.002109,0.022621,1.120109,0.025338,0.135725,0.152027
2026-07-15 17:00:00,17:00,22.7,53.6,40.0,3.3,91.4,0.016986,0.001699,0.010478,1.018587,0.010673,0.06287,0.064039
2026-07-15 17:10:00,17:10,22.6,49.3,46.0,5.5,91.4,0.019771,0.001977,0.015632,1.062203,0.016604,0.093791,0.099626
2026-07-15 17:20:00,17:20,22.5,53.2,45.0,4.3,91.5,0.01937,0.001937,0.012759,1.0319,0.013166,0.076554,0.078996
2026-07-15 17:30:00,17:30,22.0,56.2,70.0,5.8,91.4,0.031412,0.003141,0.017225,1.036788,0.017859,0.103353,0.107155
2026-07-15 17:40:00,17:40,22.4,53.8,67.0,3.9,91.4,0.029939,0.002994,0.014631,1.024732,0.014993,0.087786,0.089957
2026-07-15 17:50:00,17:50,22.1,54.8,32.0,1.5,91.4,0.013148,0.001315,0.006196,0.992614,0.00615,0.037176,0.036901
2026-07-15 18:00:00,18:00,21.7,59.1,13.0,3.4,91.5,0.004096,0.00041,0.006493,0.99671,0.006471,0.038957,0.038829
2026-07-15 18:10:00,18:10,20.9,62.4,2.0,1.1,91.4,-0.001155,-0.000577,0.001501,0.95612,0.001436,0.009008,0.008613
2026-07-15 18:30:00,18:30,20.1,64.1,0.0,1.5,91.5,-0.012698,-0.006349,0.000344,0.953653,0.000328,0.002067,0.001971
2026-07-15 18:40:00,18:40,19.5,67.1,0.0,8.4,91.5,-0.012539,-0.006269,0.007932,1.02138,0.008101,0.047591,0.048609
2026-07-15 18:50:00,18:50,19.6,66.0,0.0,2.9,91.5,-0.012623,-0.006311,0.002034,0.961985,0.001957,0.012203,0.011739
2026-07-15 19:00:00,19:00,19.5,67.2,0.0,1.0,91.5,-0.012529,-0.006265,0.0,0.934848,0.0,0.0,0.0
2026-07-15 19:10:00,19:10,19.4,64.9,0.0,5.9,91.5,-0.012775,-0.006387,0.005765,1.001504,0.005774,0.034592,0.034644
2026-07-15 19:30:00,19:30,20.0,58.9,0.0,3.5,91.6,-0.013256,-0.006628,0.003663,0.998711,0.003659,0.02198,0.021951
2026-07-15 19:40:00,19:40,19.7,62.2,0.0,0.8,91.6,-0.012978,-0.006489,0.0,0.953467,0.0,0.0,0.0
2026-07-15 20:00:00,20:00,19.4,62.8,0.0,0.6,91.6,-0.012981,-0.006491,0.0,0.948626,0.0,0.0,0.0
2026-07-15 20:10:00,20:10,19.5,59.7,0.0,0.3,91.6,-0.013273,-0.006637,0.0,0.958122,0.0,0.0,0.0
2026-07-15 20:20:00,20:20,19.2,58.6,0.0,0.2,91.6,-0.013443,-0.006722,0.0,0.961566,0.0,0.0,0.0
2026-07-15 20:30:00,20:30,19.6,56.0,0.0,4.4,91.6,-0.013639,-0.00682,0.005351,1.021334,0.005465,0.032104,0.032789
2026-07-15 20:40:00,20:40,20.2,53.2,0.0,3.2,91.6,-0.013836,-0.006918,0.003849,1.019099,0.003923,0.023095,0.023537
2026-07-15 20:50:00,20:50,20.4,54.4,0.0,6.9,91.6,-0.013665,-0.006833,0.009574,1.057129,0.010121,0.057444,0.060726
2026-07-15 21:00:00,21:00,18.6,62.5,0.0,4.1,91.6,-0.013173,-0.006586,0.003863,0.990612,0.003827,0.023177,0.02296
2026-07-15 21:10:00,21:10,17.8,66.7,0.0,5.8,91.6,-0.012941,-0.00647,0.00504,0.9928,0.005003,0.030237,0.03002
2026-07-15 21:20:00,21:20,17.4,70.0,0.0,0.9,91.6,-0.012732,-0.006366,0.0,0.921954,0.0,0.0,0.0
2026-07-15 21:30:00,21:30,17.2,70.1,0.0,3.6,91.6,-0.012764,-0.006382,0.002181,0.952955,0.002079,0.013087,0.012471
2026-07-15 21:40:00,21:40,17.2,70.4,0.0,2.1,91.6,-0.012738,-0.006369,0.000597,0.934242,0.000558,0.003581,0.003346
2026-07-15 21:50:00,21:50,17.1,69.4,0.0,7.0,91.6,-0.012843,-0.006422,0.005534,0.995453,0.005509,0.033202,0.033051
2026-07-15 22:00:00,22:00,17.2,70.2,0.0,1.2,91.6,-0.012755,-0.006378,0.0,0.924607,0.0,0.0,0.0
2026-07-15 22:10:00,22:10,17.0,69.1,0.0,7.1,91.6,-0.012888,-0.006444,0.005672,0.997874,0.00566,0.034032,0.033959
2026-07-15 22:20:00,22:20,16.9,69.7,0.0,1.7,91.6,-0.012857,-0.006428,0.000192,0.93252,0.000179,0.001149,0.001072
2026-07-15 22:30:00,22:30,16.7,70.8,0.0,5.3,91.6,-0.012804,-0.006402,0.003659,0.969805,0.003548,0.021952,0.021289
2026-07-15 22:40:00,22:40,16.7,70.6,0.0,6.4,91.6,-0.012821,-0.00641,0.004678,0.983444,0.004601,0.028071,0.027606
2026-07-15 22:50:00,22:50,16.5,71.1,0.0,6.9,91.6,-0.012818,-0.006409,0.004971,0.987168,0.004907,0.029827,0.029444
2026-07-15 23:00:00,23:00,16.6,68.8,0.0,7.7,91.6,-0.012989,-0.006495,0.006198,1.006113,0.006236,0.037188,0.037416
2026-07-15 23:10:00,23:10,17.0,66.3,0.0,7.9,91.6,-0.013128,-0.006564,0.007071,1.018913,0.007205,0.042426,0.043228
2026-07-15 23:20:00,23:20,17.4,64.9,0.0,7.9,91.6,-0.013178,-0.006589,0.007509,1.024778,0.007695,0.045054,0.04617
2026-07-15 23:30:00,23:30,17.3,63.7,0.0,2.2,91.6,-0.013303,-0.006652,0.001169,0.963475,0.001126,0.007012,0.006756
2026-07-15 23:40:00,23:40,16.5,68.6,0.0,2.6,91.6,-0.013025,-0.006512,0.001229,0.947602,0.001164,0.007372,0.006986
2026-07-15 23:50:00,23:50,15.7,73.8,0.0,4.1,91.6,-0.012756,-0.006378,0.002059,0.943273,0.001942,0.012351,0.011651
2026-07-16 00:00:00,00:00,14.9,78.1,0.0,1.8,91.6,-0.012586,-0.006293,0.0,0.898493,0.0,0.0,0.0
2026-07-16 00:10:00,00:10,14.7,79.9,0.0,4.0,91.6,-0.012495,-0.006247,0.001146,0.916554,0.001051,0.006878,0.006304
2026-07-16 00:20:00,00:20,14.8,79.8,0.0,2.3,91.6,-0.012483,-0.006241,3.8e-05,0.89719,3.5e-05,0.000231,0.000207
2026-07-16 00:30:00,00:30,14.6,79.7,0.0,6.3,91.6,-0.012528,-0.006264,0.00256,0.944157,0.002417,0.015359,0.014501
2026-07-16 00:40:00,00:40,14.4,82.4,0.0,3.1,91.6,-0.012378,-0.006189,0.000316,0.895607,0.000283,0.001894,0.001696
2026-07-16 00:50:00,00:50,15.2,75.8,0.0,3.8,91.6,-0.012698,-0.006349,0.001532,0.931403,0.001427,0.00919,0.00856
2026-07-16 01:00:00,01:00,14.9,77.4,0.0,0.4,91.6,-0.012637,-0.006318,0.0,0.885134,0.0,0.0,0.0
2026-07-16 01:10:00,01:10,15.1,75.8,0.0,6.2,91.6,-0.012717,-0.006359,0.003285,0.959332,0.003151,0.01971,0.018908
2026-07-16 01:20:00,01:20,15.0,76.0,0.0,6.0,91.6,-0.012721,-0.00636,0.003097,0.956167,0.002961,0.01858,0.017766
2026-07-16 01:30:00,01:30,15.4,72.0,0.0,8.5,91.6,-0.01295,-0.006475,0.005819,1.002016,0.005831,0.034917,0.034987
2026-07-16 01:40:00,01:40,15.8,69.6,0.0,6.0,91.6,-0.013069,-0.006534,0.004377,0.982978,0.004302,0.026262,0.025815
2026-07-16 01:50:00,01:50,15.7,69.9,0.0,4.6,91.6,-0.013062,-0.006531,0.003032,0.96543,0.002927,0.018192,0.017563
2026-07-16 02:00:00,02:00,15.9,68.4,0.0,0.7,91.6,-0.013148,-0.006574,0.0,0.926329,0.0,0.0,0.0
2026-07-16 02:20:00,02:20,16.2,66.0,0.0,6.6,91.6,-0.013295,-0.006647,0.005709,1.005042,0.005738,0.034257,0.03443
2026-07-16 02:30:00,02:30,16.1,66.2,0.0,4.7,91.6,-0.013295,-0.006647,0.003718,0.982094,0.003651,0.022307,0.021907
2026-07-16 02:40:00,02:40,16.0,66.1,0.0,5.5,91.6,-0.01332,-0.00666,0.004551,0.991822,0.004514,0.027308,0.027085
2026-07-16 02:50:00,02:50,16.0,65.9,0.0,4.0,91.6,-0.013336,-0.006668,0.002994,0.975205,0.00292,0.017965,0.017519
2026-07-16 03:00:00,03:00,16.0,65.2,0.0,7.4,91.6,-0.013395,-0.006697,0.006624,1.017703,0.006742,0.039746,0.04045
2026-07-16 03:10:00,03:10,15.7,67.9,0.0,3.3,91.6,-0.013222,-0.006611,0.001985,0.95868,0.001903,0.011913,0.011421
2026-07-16 03:20:00,03:20,14.8,71.4,0.0,5.1,91.6,-0.013099,-0.00655,0.003152,0.964964,0.003042,0.018913,0.01825
2026-07-16 03:30:00,03:30,14.1,75.8,0.0,7.3,91.6,-0.012894,-0.006447,0.003888,0.972132,0.00378,0.02333,0.02268
2026-07-16 03:40:00,03:40,14.5,73.5,0.0,8.8,91.6,-0.012993,-0.006497,0.005475,0.999223,0.005471,0.032852,0.032826
2026-07-16 03:50:00,03:50,14.4,73.8,0.0,4.0,91.6,-0.012988,-0.006494,0.001869,0.942109,0.001761,0.011213,0.010564
2026-07-16 04:00:00,04:00,14.3,74.1,0.0,5.7,91.6,-0.012983,-0.006491,0.003132,0.960635,0.003009,0.018792,0.018052
2026-07-16 04:10:00,04:10,14.1,75.2,0.0,5.0,91.7,-0.012937,-0.006469,0.002424,0.947881,0.002298,0.014544,0.013786
2026-07-16 04:20:00,04:20,14.1,75.6,0.0,4.6,91.7,-0.012909,-0.006454,0.002075,0.94155,0.001954,0.012449,0.011721
2026-07-16 04:30:00,04:30,13.8,77.3,0.0,3.6,91.7,-0.01284,-0.00642,0.001126,0.922792,0.001039,0.006755,0.006234
2026-07-16 04:40:00,04:40,13.4,80.5,1.0,3.6,91.7,-0.012211,-0.006106,0.000816,0.909386,0.000742,0.004899,0.004455
2026-07-16 04:50:00,04:50,13.1,81.5,5.0,4.4,91.7,-0.010277,-0.005138,0.001359,0.914506,0.001243,0.008154,0.007457
2026-07-16 05:00:00,05:00,13.0,82.7,13.0,3.3,91.7,-0.006376,-0.000638,0.00048,0.896678,0.00043,0.002877,0.00258
2026-07-16 05:10:00,05:10,13.2,82.8,26.0,3.5,91.7,-9.4e-05,-9e-06,0.001892,0.898587,0.0017,0.011349,0.010198
2026-07-16 05:20:00,05:20,13.4,82.7,42.0,2.9,91.7,0.007615,0.000761,0.003245,0.892023,0.002895,0.01947,0.017368
2026-07-16 05:30:00,05:30,13.8,81.8,63.0,5.3,91.7,-0.011536,-0.001154,0.000645,0.923723,0.000596,0.003872,0.003576
2026-07-16 05:40:00,05:40,14.4,80.6,85.0,4.5,91.7,-0.000877,-8.8e-05,0.002621,0.91944,0.00241,0.015728,0.014461
2026-07-16 05:50:00,05:50,15.0,78.9,108.0,2.3,91.7,0.010144,0.001014,0.003936,0.900961,0.003546,0.023617,0.021278
2026-07-16 06:00:00,06:00,16.0,77.3,129.0,1.7,91.7,0.020495,0.00205,0.006127,0.900681,0.005519,0.036763,0.033112
2026-07-16 06:10:00,06:10,16.9,73.5,157.0,5.9,91.7,0.033555,0.003356,0.012501,0.965476,0.01207,0.075007,0.072418
2026-07-16 06:20:00,06:20,17.8,71.3,186.0,7.3,91.8,0.047496,0.00475,0.017221,0.990984,0.017066,0.103325,0.102393
2026-07-16 06:30:00,06:30,18.8,68.6,204.0,2.8,91.8,0.057046,0.005705,0.016939,0.949929,0.016091,0.101634,0.096545
2026-07-16 06:40:00,06:40,19.7,66.4,236.0,2.2,91.8,0.072776,0.007278,0.02077,0.952163,0.019777,0.124621,0.118659
2026-07-16 06:50:00,06:50,20.3,59.3,264.0,5.9,91.8,0.08546,0.008546,0.028664,1.024965,0.029379,0.171983,0.176276
2026-07-16 07:00:00,07:00,20.9,58.0,306.0,6.9,91.8,0.103779,0.010378,0.034586,1.042048,0.03604,0.207517,0.216242
2026-07-16 07:10:00,07:10,21.7,58.0,326.0,5.3,91.8,0.116245,0.011624,0.036563,1.023428,0.037419,0.219376,0.224516
2026-07-16 07:20:00,07:20,22.4,55.2,354.0,2.9,91.8,0.12977,0.012977,0.038279,1.00723,0.038556,0.229676,0.231336
2026-07-16 07:30:00,07:30,23.2,52.0,383.0,7.5,91.8,0.143353,0.014335,0.048052,1.074166,0.051616,0.288313,0.309696
2026-07-16 07:40:00,07:40,23.7,51.0,413.0,4.7,91.8,0.157798,0.01578,0.049102,1.045772,0.05135,0.294613,0.308098
2026-07-16 07:50:00,07:50,24.0,53.2,439.0,3.4,91.9,0.171899,0.01719,0.051083,1.021427,0.052178,0.306498,0.313066
2026-07-16 08:00:00,08:00,24.3,49.7,467.0,7.8,91.9,0.184325,0.018432,0.060072,1.087292,0.065316,0.360432,0.391895
2026-07-16 08:10:00,08:10,24.5,50.2,489.0,3.0,91.9,0.195997,0.0196,0.057733,1.02934,0.059426,0.346396,0.356559
2026-07-16 08:20:00,08:20,24.9,47.3,517.0,5.7,91.8,0.208504,0.02085,0.065051,1.072909,0.069794,0.390308,0.418764
2026-07-16 08:30:00,08:30,25.4,44.0,542.0,4.8,91.8,0.219635,0.021963,0.068045,1.07626,0.073234,0.408272,0.439407
2026-07-16 08:40:00,08:40,25.9,43.7,568.0,3.0,91.8,0.232352,0.023235,0.069539,1.056571,0.073473,0.417235,0.440838
2026-07-16 08:50:00,08:50,26.4,37.1,594.0,2.2,91.8,0.241938,0.024194,0.072144,1.074911,0.077549,0.432867,0.465293
2026-07-16 09:00:00,09:00,26.9,37.2,623.0,5.2,91.8,0.2558,0.02558,0.081229,1.109403,0.090116,0.487374,0.540694
2026-07-16 09:10:00,09:10,27.2,35.6,637.0,3.2,91.8,0.262828,0.026283,0.080535,1.092832,0.088011,0.483209,0.528066
2026-07-16 09:20:00,09:20,27.4,34.1,658.0,3.7,91.8,0.272412,0.027241,0.084437,1.104934,0.093298,0.506624,0.559786
2026-07-16 09:30:00,09:30,27.7,32.1,685.0,5.2,91.8,0.283972,0.028397,0.090852,1.130768,0.102732,0.545111,0.616394
2026-07-16 09:40:00,09:40,28.4,29.5,694.0,4.6,91.8,0.288216,0.028822,0.092394,1.134678,0.104837,0.554364,0.629025
2026-07-16 09:50:00,09:50,28.3,30.3,701.0,3.7,91.8,0.293164,0.029316,0.091792,1.120854,0.102885,0.55075,0.61731
2026-07-16 10:00:00,10:00,28.5,34.8,756.0,1.9,91.8,0.319228,0.031923,0.095525,1.081055,0.103267,0.573147,0.619604
2026-07-16 10:10:00,10:10,28.5,31.1,699.0,3.1,91.8,0.295942,0.029594,0.09156,1.11052,0.10168,0.549362,0.610078
2026-07-16 10:20:00,10:20,28.5,32.7,644.0,6.7,91.8,0.275994,0.027599,0.092216,1.14571,0.105653,0.553294,0.633915
2026-07-16 11:00:00,11:00,30.2,31.4,772.0,3.5,91.8,0.331613,0.033161,0.104284,1.113918,0.116164,0.625703,0.696982
2026-07-16 11:10:00,11:10,29.6,32.8,677.0,7.6,91.8,0.294057,0.029406,0.100063,1.155765,0.115649,0.600378,0.693895
2026-07-16 11:20:00,11:20,29.6,33.5,748.0,4.7,91.8,0.324022,0.032402,0.103101,1.119085,0.115378,0.618605,0.692271
2026-07-16 11:30:00,11:30,29.6,33.5,600.0,3.2,91.8,0.263809,0.026381,0.083672,1.101629,0.092175,0.502031,0.553052
2026-07-16 11:40:00,11:40,30.2,30.0,692.0,13.2,91.7,0.300683,0.030068,0.113178,1.232662,0.13951,0.679069,0.837063
2026-07-16 11:50:00,11:50,30.4,27.0,784.0,6.4,91.7,0.337011,0.033701,0.112459,1.166098,0.131138,0.674754,0.78683
2026-07-16 12:00:00,12:00,30.3,27.1,627.0,1.4,91.7,0.273618,0.027362,0.083958,1.107494,0.092983,0.503747,0.557897
2026-07-16 12:10:00,12:10,30.8,28.3,598.0,7.2,91.7,0.262601,0.02626,0.094033,1.169962,0.110015,0.564196,0.660087
2026-07-16 12:20:00,12:20,31.0,26.1,810.0,5.7,91.7,0.347983,0.034798,0.115268,1.161723,0.13391,0.691609,0.803458
2026-07-16 12:40:00,12:40,31.7,25.7,697.0,4.8,91.7,0.302181,0.030218,0.101639,1.152925,0.117182,0.609834,0.703093
2026-07-16 12:50:00,12:50,31.5,26.1,544.0,8.2,91.7,0.24008,0.024008,0.091771,1.190815,0.109282,0.550627,0.655695
2026-07-16 13:00:00,13:00,31.3,28.2,503.0,6.3,91.7,0.223851,0.022385,0.082124,1.159907,0.095257,0.492746,0.57154
2026-07-16 13:20:00,13:20,31.3,26.3,489.0,3.8,91.7,0.217229,0.021723,0.074692,1.138775,0.085058,0.448154,0.510347
2026-07-16 13:40:00,13:40,31.5,25.1,394.0,8.6,91.6,0.178034,0.017803,0.076353,1.199659,0.091598,0.45812,0.549588
2026-07-16 13:50:00,13:50,31.7,25.7,462.0,9.7,91.6,0.205203,0.02052,0.086232,1.209947,0.104336,0.517392,0.626017
2026-07-16 14:40:00,14:40,30.9,25.3,267.0,8.3,91.5,0.124924,0.012492,0.060648,1.19533,0.072494,0.363888,0.434966
2026-07-16 14:50:00,14:50,30.8,25.7,265.0,6.8,91.5,0.123665,0.012366,0.056176,1.176199,0.066074,0.337056,0.396445
2026-07-16 15:00:00,15:00,30.7,27.3,232.0,6.4,91.5,0.108657,0.010866,0.050477,1.164841,0.058798,0.302864,0.352789
2026-07-16 15:10:00,15:10,30.3,28.7,208.0,7.1,91.5,0.097181,0.009718,0.048472,1.167122,0.056573,0.290834,0.339439
2026-07-16 15:20:00,15:20,30.2,26.6,209.0,6.4,91.5,0.097575,0.009757,0.047302,1.167774,0.055238,0.283813,0.331429
2026-07-16 15:30:00,15:30,30.1,28.3,201.0,8.1,91.5,0.0938,0.00938,0.050079,1.180435,0.059115,0.300472,0.354688
2026-07-16 15:40:00,15:40,30.1,29.6,198.0,5.4,91.5,0.09241,0.009241,0.042386,1.143569,0.048472,0.254317,0.290829
2026-07-16 15:50:00,15:50,30.1,28.1,206.0,8.4,91.5,0.096192,0.009619,0.051534,1.184764,0.061055,0.309202,0.366332
2026-07-16 16:00:00,16:00,30.0,29.3,169.0,6.0,91.5,0.078476,0.007848,0.040177,1.151808,0.046276,0.24106,0.277654
2026-07-16 16:10:00,16:10,29.7,30.8,147.0,6.4,91.5,0.067963,0.006796,0.037784,1.150179,0.043459,0.226706,0.260752
2026-07-16 16:20:00,16:20,29.3,33.1,132.0,3.2,91.5,0.060833,0.006083,0.026732,1.103305,0.029494,0.160395,0.176965
2026-07-16 16:30:00,16:30,29.1,34.9,108.0,3.7,91.6,0.049368,0.004937,0.024521,1.101583,0.027012,0.147127,0.162072
2026-07-16 16:40:00,16:40,28.6,36.1,81.0,3.4,91.5,0.03643,0.003643,0.019805,1.093064,0.021649,0.118832,0.129891
2026-07-16 17:00:00,17:00,28.0,40.1,68.0,1.9,91.5,0.030292,0.003029,0.013639,1.058852,0.014442,0.081834,0.08665
2026-07-16 17:10:00,17:10,27.8,38.9,60.0,2.7,91.5,0.026409,0.002641,0.014661,1.073188,0.015734,0.087968,0.094406
2026-07-16 17:20:00,17:20,27.5,40.3,41.0,2.9,91.5,0.017319,0.001732,0.012423,1.069651,0.013288,0.074536,0.079728
2026-07-16 17:30:00,17:30,27.4,40.4,33.0,0.9,91.5,0.013478,0.001348,0.006243,1.045958,0.00653,0.037457,0.039179
2026-07-16 17:40:00,17:40,27.3,38.0,20.0,2.4,91.5,0.007164,0.000716,0.008592,1.073468,0.009223,0.05155,0.055338
2026-07-16 17:50:00,17:50,27.0,41.9,13.0,1.0,91.6,0.003906,0.000391,0.00372,1.040837,0.003872,0.022323,0.023235
2026-07-16 18:00:00,18:00,26.7,39.5,5.0,1.6,91.5,-1.3e-05,-7e-06,0.004309,1.057874,0.004559,0.025856,0.027352
2026-07-16 18:10:00,18:10,26.7,38.2,1.0,3.3,91.5,-0.001971,-0.000985,0.008564,1.083103,0.009276,0.051385,0.055655
2026-07-16 18:20:00,18:20,26.4,38.3,0.0,1.2,91.5,-0.014745,-0.007373,0.001029,1.058246,0.001089,0.006172,0.006531
2026-07-16 18:30:00,18:30,26.1,41.3,0.0,1.8,91.5,-0.014301,-0.00715,0.002469,1.052661,0.002599,0.014812,0.015592
2026-07-16 18:40:00,18:40,25.6,43.4,0.0,2.8,91.6,-0.01407,-0.007035,0.004712,1.0555,0.004974,0.028273,0.029842
2026-07-16 18:50:00,18:50,25.5,41.5,0.0,6.4,91.5,-0.014391,-0.007195,0.013173,1.105353,0.014561,0.079038,0.087365
2026-07-16 19:00:00,19:00,25.3,46.1,0.0,4.5,91.6,-0.013722,-0.006861,0.008113,1.063972,0.008632,0.048679,0.051793
2026-07-16 19:10:00,19:10,24.3,47.5,0.0,5.6,91.6,-0.013741,-0.00687,0.009874,1.070907,0.010574,0.059243,0.063444
2026-07-16 19:30:00,19:30,24.3,47.4,0.0,3.8,91.6,-0.013755,-0.006877,0.006269,1.05038,0.006584,0.037611,0.039506
2026-07-16 19:40:00,19:40,23.7,48.7,0.0,6.2,91.7,-0.013704,-0.006852,0.010614,1.072862,0.011388,0.063686,0.068326
2026-07-16 19:50:00,19:50,23.5,45.4,0.0,5.0,91.6,-0.0142,-0.0071,0.008895,1.072723,0.009542,0.053369,0.05725
2026-07-16 20:00:00,20:00,23.8,45.4,0.0,3.9,91.6,-0.014142,-0.007071,0.00667,1.059922,0.00707,0.040019,0.042417
2026-07-16 20:10:00,20:10,24.0,42.5,0.0,3.9,91.6,-0.014523,-0.007262,0.007107,1.072071,0.007619,0.042642,0.045715
2026-07-16 20:20:00,20:20,24.1,45.2,0.0,2.3,91.7,-0.014111,-0.007055,0.003239,1.042141,0.003375,0.019433,0.020252
2026-07-16 20:30:00,20:30,22.2,57.1,0.0,3.7,91.7,-0.012977,-0.006488,0.004482,1.00858,0.004521,0.026894,0.027125
2026-07-16 20:40:00,20:40,22.1,54.2,0.0,0.8,91.7,-0.013345,-0.006672,0.0,0.986981,0.0,0.0,0.0
2026-07-16 21:00:00,21:00,20.5,64.7,0.0,0.9,91.8,-0.012543,-0.006272,0.0,0.944157,0.0,0.0,0.0
2026-07-16 21:10:00,21:10,19.8,70.4,0.0,2.8,91.8,-0.01215,-0.006075,0.001522,0.942388,0.001434,0.00913,0.008604
2026-07-16 21:20:00,21:20,19.4,73.4,0.0,4.0,91.7,-0.011971,-0.005985,0.002362,0.943785,0.00223,0.014174,0.013377
2026-07-16 21:30:00,21:30,19.5,71.8,0.0,2.0,91.7,-0.012094,-0.006047,0.000517,0.927214,0.00048,0.003104,0.002878
2026-07-16 21:40:00,21:40,19.3,75.0,0.0,1.9,91.7,-0.011851,-0.005925,0.000206,0.912644,0.000188,0.001235,0.001127
2026-07-16 21:50:00,21:50,19.3,74.7,0.0,5.1,91.7,-0.011878,-0.005939,0.003139,0.951139,0.002985,0.018832,0.017912
2026-07-16 22:10:00,22:10,19.6,72.1,0.0,5.8,91.7,-0.01204,-0.00602,0.004283,0.970177,0.004155,0.025697,0.02493
2026-07-16 22:20:00,22:20,20.7,63.0,0.0,4.1,91.7,-0.012672,-0.006336,0.004069,0.988517,0.004022,0.024415,0.024135
2026-07-16 22:30:00,22:30,20.8,64.7,0.0,0.4,91.7,-0.012471,-0.006235,0.0,0.938339,0.0,0.0,0.0
2026-07-16 22:40:00,22:40,21.2,54.0,0.0,8.6,91.6,-0.013556,-0.006778,0.012399,1.078588,0.013373,0.074393,0.08024
2026-07-16 22:50:00,22:50,23.9,40.4,0.0,2.1,91.5,-0.014854,-0.007427,0.00308,1.059922,0.003264,0.018477,0.019584
2026-07-16 23:30:00,23:30,23.9,42.2,0.0,5.0,91.6,-0.014586,-0.007293,0.009561,1.086129,0.010385,0.057367,0.062308
2026-07-16 23:40:00,23:40,24.5,39.4,0.0,6.3,91.6,-0.014908,-0.007454,0.013149,1.112987,0.014635,0.078894,0.087808
2026-07-16 23:50:00,23:50,24.2,38.6,0.0,7.8,91.6,-0.015082,-0.007541,0.016511,1.133794,0.01872,0.099066,0.112321
2026-07-17 00:00:00,00:00,23.7,45.2,0.0,1.2,91.7,-0.014189,-0.007095,0.000692,1.02934,0.000712,0.004152,0.004273
2026-07-17 00:10:00,00:10,23.0,44.4,0.0,3.0,91.6,-0.014431,-0.007215,0.004733,1.053638,0.004987,0.028401,0.029924
2026-07-17 00:20:00,00:20,21.9,53.2,0.0,6.4,91.7,-0.013508,-0.006754,0.009479,1.056338,0.010013,0.056874,0.060078
2026-07-17 00:30:00,00:30,21.2,52.3,0.0,2.8,91.7,-0.013754,-0.006877,0.00335,1.018215,0.003411,0.0201,0.020466
2026-07-17 00:40:00,00:40,20.8,51.8,0.0,7.5,91.7,-0.013887,-0.006944,0.01124,1.075004,0.012083,0.06744,0.072498
2026-07-17 00:50:00,00:50,20.8,53.7,0.0,6.2,91.7,-0.013668,-0.006834,0.008781,1.051916,0.009237,0.052686,0.055421
2026-07-17 01:00:00,01:00,20.6,53.3,0.0,5.4,91.7,-0.013752,-0.006876,0.007554,1.044282,0.007889,0.045326,0.047333
2026-07-17 01:10:00,01:10,20.8,52.4,0.0,5.6,91.7,-0.013818,-0.006909,0.008091,1.05038,0.008498,0.048545,0.050991
2026-07-17 01:20:00,01:20,20.7,54.0,0.0,5.4,91.8,-0.013653,-0.006827,0.007452,1.041349,0.007761,0.044714,0.046563
2026-07-17 01:30:00,01:30,21.5,46.0,0.0,9.9,91.7,-0.014472,-0.007236,0.017028,1.127231,0.019195,0.10217,0.115169
2026-07-17 01:40:00,01:40,22.0,48.0,0.0,5.7,91.8,-0.014132,-0.007066,0.009418,1.069977,0.010077,0.056508,0.060462
2026-07-17 01:50:00,01:50,21.8,49.1,0.0,5.7,91.8,-0.01403,-0.007015,0.009149,1.065368,0.009747,0.054895,0.058483
2026-07-17 02:00:00,02:00,21.3,52.8,0.0,4.3,91.8,-0.013676,-0.006838,0.005955,1.033576,0.006155,0.035732,0.036932
2026-07-17 02:10:00,02:10,21.3,48.0,0.0,3.9,91.7,-0.014255,-0.007127,0.005906,1.04903,0.006195,0.035433,0.03717
2026-07-17 02:20:00,02:20,22.3,48.7,0.0,2.0,91.8,-0.013987,-0.006993,0.002191,1.023987,0.002243,0.013144,0.01346
2026-07-17 02:30:00,02:30,21.8,49.3,0.0,6.2,91.8,-0.014005,-0.007002,0.009989,1.070349,0.010692,0.059933,0.064149
2026-07-17 02:40:00,02:40,21.0,51.0,0.0,5.3,91.8,-0.013945,-0.006972,0.007906,1.052754,0.008323,0.047435,0.049938
2026-07-17 02:50:00,02:50,21.1,51.8,0.0,3.5,91.8,-0.013832,-0.006916,0.004659,1.028456,0.004792,0.027956,0.028751
2026-07-17 03:00:00,03:00,21.5,45.7,0.0,9.3,91.7,-0.01451,-0.007255,0.016133,1.121505,0.018094,0.096801,0.108563
2026-07-17 03:10:00,03:10,21.8,40.0,0.0,15.7,91.6,-0.015224,-0.007612,0.028885,1.219861,0.035236,0.173313,0.211418
2026-07-17 03:20:00,03:20,21.6,40.7,0.0,9.1,91.6,-0.015154,-0.007577,0.017369,1.140124,0.019803,0.104217,0.11882
2026-07-17 03:30:00,03:30,21.2,42.4,0.0,9.2,91.7,-0.014981,-0.007491,0.016858,1.134166,0.01912,0.101148,0.114719
2026-07-17 03:40:00,03:40,21.0,42.7,0.0,9.6,91.7,-0.01497,-0.007485,0.017369,1.137564,0.019759,0.104215,0.118551
2026-07-17 03:50:00,03:50,21.1,41.3,0.0,11.6,91.7,-0.015139,-0.00757,0.021293,1.166703,0.024843,0.127758,0.149055
2026-07-17 04:00:00,04:00,20.9,42.3,0.0,6.8,91.7,-0.015035,-0.007517,0.01238,1.106656,0.0137,0.074279,0.082201
2026-07-17 04:10:00,04:10,20.4,44.1,0.0,4.5,91.7,-0.014873,-0.007437,0.007465,1.07235,0.008006,0.044793,0.048034
2026-07-17 04:20:00,04:20,20.0,45.1,0.0,2.4,91.8,-0.014805,-0.007402,0.003069,1.043723,0.003203,0.018413,0.019218
2026-07-17 04:30:00,04:30,19.8,45.0,0.0,5.8,91.8,-0.014843,-0.007422,0.009636,1.083708,0.010443,0.057818,0.062658
2026-07-17 04:40:00,04:40,19.7,46.9,0.0,2.6,91.8,-0.014633,-0.007316,0.003299,1.03851,0.003426,0.019792,0.020554
2026-07-17 04:50:00,04:50,19.2,52.2,0.0,3.0,91.9,-0.014114,-0.007057,0.003506,1.020961,0.00358,0.021039,0.02148
2026-07-17 05:00:00,05:00,18.1,56.4,1.0,4.0,91.9,-0.013375,-0.006687,0.004548,1.015003,0.004616,0.027289,0.027698
2026-07-17 05:10:00,05:10,18.6,52.9,7.0,1.3,91.9,-0.010772,-0.001077,0.0,0.998246,0.0,0.0,0.0
2026-07-17 05:20:00,05:20,18.7,51.8,13.0,2.6,91.9,-0.007993,-0.000799,0.002776,1.017982,0.002825,0.016653,0.016953
2026-07-17 05:30:00,05:30,18.5,54.1,19.0,0.4,92.0,-0.037624,-0.003762,0.0,0.982745,0.0,0.0,0.0
2026-07-17 05:40:00,05:40,18.5,49.9,33.0,4.0,91.9,-0.027245,-0.002725,0.000934,1.042234,0.000974,0.005606,0.005842
2026-07-17 05:50:00,05:50,19.1,45.2,34.0,9.2,91.8,0.000829,8.3e-05,0.017052,1.122436,0.01914,0.102312,0.114838
2026-07-17 06:00:00,06:00,19.8,43.2,25.0,5.9,91.9,0.00949,0.000949,0.014295,1.092413,0.015616,0.085769,0.093695
2026-07-17 06:10:00,06:10,19.8,44.8,34.0,5.4,91.9,0.013842,0.001384,0.014084,1.079891,0.01521,0.084506,0.091257
2026-07-17 06:20:00,06:20,20.0,42.7,45.0,7.5,91.9,0.019084,0.001908,0.019466,1.113127,0.021668,0.116795,0.130007
2026-07-17 06:30:00,06:30,20.0,43.5,81.0,8.8,92.0,0.029795,0.00298,0.023733,1.124903,0.026697,0.142397,0.160183
2026-07-17 06:40:00,06:40,20.0,43.7,61.0,10.4,92.0,0.026784,0.002678,0.025437,1.142685,0.029066,0.152622,0.174399
2026-07-17 06:50:00,06:50,19.9,44.0,74.0,3.4,91.9,0.033028,0.003303,0.015194,1.059969,0.016105,0.091162,0.096629
2026-07-17 07:00:00,07:00,19.9,45.9,125.0,7.5,92.0,0.050314,0.005031,0.025585,1.099721,0.028136,0.15351,0.168818
2026-07-17 07:10:00,07:10,20.0,45.5,135.0,8.8,92.0,0.055822,0.005582,0.028846,1.116525,0.032207,0.173075,0.193243
2026-07-17 07:20:00,07:20,20.2,44.8,154.0,13.4,92.0,0.063895,0.006389,0.036955,1.172987,0.043348,0.22173,0.260086
2026-07-17 07:30:00,07:30,20.1,45.2,146.0,9.9,92.1,0.063601,0.00636,0.03222,1.130582,0.036427,0.193319,0.218563
2026-07-17 07:40:00,07:40,20.0,45.1,153.0,5.3,92.1,0.067669,0.006767,0.026496,1.077471,0.028549,0.158978,0.171294
2026-07-17 07:50:00,07:50,19.8,47.6,115.0,12.1,92.1,0.052777,0.005278,0.031588,1.146129,0.036204,0.189527,0.217222
2026-07-17 08:00:00,08:00,19.5,48.4,101.0,9.1,92.1,0.046065,0.004607,0.025904,1.107867,0.028698,0.155425,0.17219
2026-07-17 08:10:00,08:10,19.4,49.2,99.0,10.5,92.2,0.045118,0.004512,0.027153,1.120807,0.030433,0.162918,0.182599
2026-07-17 08:20:00,08:20,19.3,50.6,114.0,8.1,92.2,0.052341,0.005234,0.025217,1.087013,0.027412,0.151305,0.16447
2026-07-17 08:30:00,08:30,19.5,50.4,190.0,5.5,92.2,0.087507,0.008751,0.030026,1.057595,0.031756,0.180159,0.190535
2026-07-17 08:40:00,08:40,19.8,50.3,285.0,7.6,92.2,0.124401,0.01244,0.041043,1.082451,0.044427,0.24626,0.266564
2026-07-17 08:50:00,08:50,20.8,47.3,489.0,5.0,92.2,0.203314,0.020331,0.058384,1.064763,0.062165,0.350304,0.372991
2026-07-17 09:00:00,09:00,21.3,47.2,534.0,4.0,92.2,0.222776,0.022278,0.062723,1.053545,0.066082,0.37634,0.396491
2026-07-17 09:10:00,09:10,21.2,48.9,681.0,7.1,92.3,0.282523,0.028252,0.078757,1.082498,0.085254,0.47254,0.511523
2026-07-17 09:20:00,09:20,22.0,45.2,729.0,5.8,92.2,0.302481,0.030248,0.084863,1.08287,0.091896,0.509178,0.551374
2026-07-17 09:30:00,09:30,22.3,44.5,750.0,7.3,92.2,0.312737,0.031274,0.08899,1.103258,0.098179,0.533941,0.589074
2026-07-17 09:40:00,09:40,22.7,43.8,346.0,0.6,92.2,0.154291,0.015429,0.042451,1.028223,0.043649,0.254704,0.261893
2026-07-17 09:50:00,09:50,21.3,47.7,461.0,8.9,92.2,0.201389,0.020139,0.062018,1.108472,0.068745,0.372107,0.41247
2026-07-17 10:00:00,10:00,21.6,47.2,831.0,7.3,92.3,0.351326,0.035133,0.095984,1.091947,0.104809,0.575902,0.628855
2026-07-17 10:10:00,10:10,21.5,47.5,517.0,6.1,92.3,0.225877,0.022588,0.065553,1.076726,0.070583,0.393318,0.423496
2026-07-17 10:20:00,10:20,22.5,46.3,822.0,10.5,92.3,0.350739,0.035074,0.099248,1.132956,0.112443,0.595486,0.674659
2026-07-17 10:30:00,10:30,22.0,46.9,490.0,6.1,92.3,0.216518,0.021652,0.064099,1.07924,0.069178,0.384593,0.415068
2026-07-17 10:40:00,10:40,21.6,46.7,555.0,8.0,92.2,0.243625,0.024363,0.071628,1.102188,0.078947,0.429767,0.473683
2026-07-17 10:50:00,10:50,22.8,45.4,751.0,7.7,92.2,0.324736,0.032474,0.092716,1.104143,0.102372,0.556296,0.614231
2026-07-17 11:00:00,11:00,22.7,43.2,731.0,20.2,92.2,0.316558,0.031656,0.098605,1.258822,0.124126,0.59163,0.744757
2026-07-17 11:10:00,11:10,21.8,43.7,761.0,24.8,92.1,0.329386,0.032939,0.100192,1.310258,0.131278,0.601155,0.787668
2026-07-17 11:20:00,11:20,21.8,44.0,760.0,22.6,92.1,0.329699,0.03297,0.099249,1.283399,0.127376,0.595494,0.764257
2026-07-17 11:30:00,11:30,21.8,45.6,760.0,15.0,92.2,0.330728,0.033073,0.095557,1.188255,0.113546,0.573341,0.681275
2026-07-17 11:40:00,11:40,22.0,44.3,759.0,20.4,92.1,0.330438,0.033044,0.098901,1.256541,0.124273,0.593405,0.745638
2026-07-17 11:50:00,11:50,22.2,44.6,775.0,24.8,92.1,0.337589,0.033759,0.102196,1.306487,0.133518,0.613175,0.801106
2026-07-17 12:00:00,12:00,22.2,44.4,777.0,22.9,92.1,0.338645,0.033864,0.101878,1.285215,0.130935,0.611266,0.785607
2026-07-17 12:10:00,12:10,21.7,44.4,767.0,16.2,92.1,0.334532,0.033453,0.097217,1.207247,0.117365,0.583301,0.704189
2026-07-17 12:20:00,12:20,21.8,43.7,768.0,9.9,92.1,0.334904,0.03349,0.09493,1.136866,0.107923,0.56958,0.647536
2026-07-17 12:30:00,12:30,21.7,45.1,753.0,22.1,92.1,0.329128,0.032913,0.09796,1.272973,0.1247,0.587758,0.748199
2026-07-17 12:40:00,12:40,21.7,42.9,749.0,19.8,92.1,0.326817,0.032682,0.098031,1.255424,0.12307,0.588183,0.738419
2026-07-17 12:50:00,12:50,21.6,45.0,615.0,13.3,92.1,0.271788,0.027179,0.082188,1.170986,0.096241,0.49313,0.577448
2026-07-17 13:00:00,13:00,21.3,45.0,719.0,18.8,92.1,0.314616,0.031462,0.092986,1.234989,0.114837,0.557916,0.68902
2026-07-17 13:10:00,13:10,21.4,44.9,775.0,23.1,92.1,0.337547,0.033755,0.099155,1.285447,0.127459,0.594931,0.764753
2026-07-17 13:20:00,13:20,21.5,44.6,573.0,17.5,92.0,0.253738,0.025374,0.081055,1.221537,0.099012,0.486332,0.594073
2026-07-17 13:30:00,13:30,21.3,46.0,692.0,17.9,92.1,0.302814,0.030281,0.089742,1.220327,0.109514,0.538451,0.657086
2026-07-17 13:40:00,13:40,21.6,46.3,731.0,14.0,92.1,0.318655,0.031865,0.091845,1.173686,0.107797,0.551069,0.646781
2026-07-17 13:50:00,13:50,21.3,47.7,316.0,12.9,92.1,0.147103,0.01471,0.053778,1.15502,0.062115,0.322667,0.372687
2026-07-17 14:00:00,14:00,20.9,47.8,331.0,9.1,92.1,0.152988,0.015299,0.05083,1.11038,0.056441,0.30498,0.338644
2026-07-17 14:10:00,14:10,20.7,48.1,316.0,7.8,92.0,0.146503,0.01465,0.047724,1.093995,0.052209,0.286342,0.313257
2026-07-17 14:20:00,14:20,20.9,47.0,700.0,19.0,92.0,0.303186,0.030319,0.088734,1.228938,0.109049,0.532405,0.654293
2026-07-17 14:30:00,14:30,20.9,46.5,509.0,13.0,92.0,0.224325,0.022432,0.070049,1.161211,0.081342,0.420294,0.48805
2026-07-17 14:40:00,14:40,20.9,46.6,577.0,18.8,92.0,0.251228,0.025123,0.078886,1.228286,0.096894,0.473313,0.581364
2026-07-17 14:50:00,14:50,21.7,44.7,502.0,19.3,92.0,0.219799,0.02198,0.075874,1.242065,0.094241,0.455246,0.565445
2026-07-17 15:00:00,15:00,21.4,45.5,543.0,16.9,92.0,0.235479,0.023548,0.076343,1.210784,0.092435,0.458057,0.554608
2026-07-17 15:10:00,15:10,21.3,45.6,307.0,20.3,91.9,0.139899,0.01399,0.05992,1.249931,0.074896,0.359522,0.449378
2026-07-17 15:20:00,15:20,21.1,44.8,255.0,17.2,91.9,0.118478,0.011848,0.053141,1.217208,0.064684,0.318848,0.388105
2026-07-17 15:30:00,15:30,20.6,46.0,165.0,12.9,91.9,0.076765,0.007676,0.038899,1.162142,0.045206,0.233395,0.271238
2026-07-17 15:40:00,15:40,20.7,46.0,197.0,13.6,91.9,0.092127,0.009213,0.042993,1.170288,0.050314,0.257958,0.301885
2026-07-17 15:50:00,15:50,20.7,45.7,177.0,19.2,91.9,0.082521,0.008252,0.047028,1.236712,0.05816,0.282168,0.34896
2026-07-17 16:00:00,16:00,20.7,45.0,188.0,14.7,91.9,0.087787,0.008779,0.043775,1.187278,0.051973,0.262649,0.311837
2026-07-17 16:10:00,16:10,20.6,45.7,206.0,14.4,91.9,0.095796,0.00958,0.044636,1.180854,0.052709,0.267817,0.316253
2026-07-17 16:20:00,16:20,20.6,46.2,145.0,14.2,91.9,0.067169,0.006717,0.038339,1.176432,0.045103,0.230031,0.270616
2026-07-17 16:30:00,16:30,20.6,45.4,133.0,18.7,91.9,0.061392,0.006139,0.042531,1.23215,0.052405,0.255188,0.31443
2026-07-17 16:40:00,16:40,20.6,46.5,149.0,12.1,91.9,0.069095,0.006909,0.036129,1.150737,0.041574,0.216771,0.249447
2026-07-17 16:50:00,16:50,20.8,45.2,159.0,10.2,91.9,0.073873,0.007387,0.035418,1.134073,0.040167,0.212511,0.241003
2026-07-17 17:00:00,17:00,20.5,44.7,96.0,15.6,91.9,0.043616,0.004362,0.035837,1.199008,0.042969,0.215024,0.257815
2026-07-17 17:10:00,17:10,20.3,46.7,89.0,8.6,91.9,0.040292,0.004029,0.024957,1.10917,0.027681,0.14974,0.166087
2026-07-17 17:40:00,17:40,19.8,47.6,45.0,12.2,91.9,0.019177,0.001918,0.024736,1.147293,0.02838,0.148418,0.170279
2026-07-17 17:50:00,17:50,19.3,49.1,23.0,14.0,91.9,0.008634,0.000863,0.023889,1.161955,0.027758,0.143335,0.166549
2026-07-17 18:00:00,18:00,19.2,50.1,19.0,12.7,91.9,0.00673,0.000673,0.021438,1.142638,0.024495,0.128625,0.146972
2026-07-17 18:10:00,18:10,19.0,49.4,9.0,10.6,91.9,0.001912,0.000191,0.01789,1.121133,0.020057,0.107341,0.120344
2026-07-17 18:20:00,18:20,18.7,50.3,1.0,7.2,91.9,-0.001919,-0.000959,0.012049,1.077797,0.012986,0.072292,0.077916
2026-07-17 18:30:00,18:30,18.4,51.8,0.0,3.3,92.0,-0.014276,-0.007138,0.003972,1.026128,0.004076,0.023831,0.024454
2026-07-17 18:40:00,18:40,18.0,52.7,0.0,3.4,91.9,-0.01424,-0.00712,0.003986,1.023522,0.00408,0.023917,0.024479
2026-07-17 18:50:00,18:50,18.1,52.4,0.0,1.1,92.0,-0.014257,-0.007128,5.9e-05,0.998013,5.9e-05,0.000356,0.000355
2026-07-17 19:00:00,19:00,17.7,58.6,0.0,0.3,92.1,-0.013706,-0.006853,0.0,0.96273,0.0,0.0,0.0
2026-07-17 19:10:00,19:10,17.2,58.5,0.0,0.1,92.0,-0.013795,-0.006897,0.0,0.960821,0.0,0.0,0.0
2026-07-17 19:20:00,19:20,16.9,59.6,0.0,0.5,92.0,-0.01374,-0.00687,0.0,0.960868,0.0,0.0,0.0
2026-07-17 19:30:00,19:30,16.7,59.2,0.0,1.8,92.0,-0.013807,-0.006903,0.000869,0.977672,0.00085,0.005215,0.005098
2026-07-17 19:40:00,19:40,16.5,59.7,0.0,2.3,92.0,-0.013791,-0.006896,0.001544,0.981396,0.001515,0.009263,0.009091
2026-07-17 19:50:00,19:50,16.4,59.0,0.0,2.7,92.0,-0.013869,-0.006934,0.002153,0.988983,0.002129,0.012917,0.012775
2026-07-17 20:00:00,20:00,16.6,58.1,0.0,1.8,92.0,-0.013921,-0.00696,0.000923,0.98228,0.000907,0.005538,0.00544
2026-07-17 20:10:00,20:10,16.6,57.3,0.0,3.7,92.0,-0.013994,-0.006997,0.00375,1.007742,0.003779,0.022499,0.022674
2026-07-17 20:20:00,20:20,16.7,56.5,0.0,2.5,91.9,-0.014054,-0.007027,0.002084,0.997129,0.002078,0.012504,0.012468
2026-07-17 20:30:00,20:30,16.4,59.2,0.0,1.7,92.0,-0.013851,-0.006925,0.000709,0.976508,0.000692,0.004255,0.004155
2026-07-17 20:40:00,20:40,16.0,61.8,0.0,5.7,92.0,-0.013682,-0.006841,0.005536,1.012164,0.005604,0.033217,0.033621
2026-07-17 20:50:00,20:50,15.7,64.2,0.0,6.8,92.1,-0.013525,-0.006763,0.006208,1.01491,0.006301,0.037251,0.037806
2026-07-17 21:00:00,21:00,15.7,64.9,0.0,2.7,92.1,-0.013467,-0.006734,0.001609,0.964266,0.001552,0.009654,0.009309
2026-07-17 21:10:00,21:10,15.9,62.2,0.0,4.9,92.0,-0.013663,-0.006831,0.004531,1.001178,0.004536,0.027186,0.027218
2026-07-17 21:20:00,21:20,16.2,59.8,0.0,7.1,91.9,-0.013826,-0.006913,0.007567,1.036834,0.007845,0.0454,0.047072
2026-07-17 21:30:00,21:30,16.3,58.8,0.0,8.0,91.9,-0.013901,-0.00695,0.008847,1.051497,0.009303,0.053083,0.055816
2026-07-17 21:40:00,21:40,16.2,59.1,0.0,9.8,91.9,-0.013888,-0.006944,0.010697,1.071187,0.011459,0.064185,0.068754
2026-07-17 22:00:00,22:00,16.1,57.8,0.0,5.5,91.9,-0.014017,-0.007009,0.006005,1.026594,0.006164,0.036027,0.036985
2026-07-17 22:10:00,22:10,15.9,58.1,0.0,4.2,91.9,-0.014018,-0.007009,0.004238,1.010209,0.004281,0.025426,0.025686
2026-07-17 22:20:00,22:20,15.9,57.5,0.0,0.0,91.8,-0.014071,-0.007035,0.0,0.963847,0.0,0.0,0.0
2026-07-17 22:30:00,22:30,15.9,57.1,0.0,3.7,91.8,-0.014106,-0.007053,0.003679,1.00858,0.00371,0.022073,0.022262
2026-07-17 22:40:00,22:40,15.7,58.2,0.0,8.5,91.8,-0.014035,-0.007018,0.009373,1.059829,0.009934,0.056237,0.059602
2026-07-17 22:50:00,22:50,15.4,59.9,0.0,2.2,91.9,-0.013929,-0.006964,0.00132,0.979394,0.001293,0.007921,0.007758
2026-07-17 23:00:00,23:00,15.2,60.9,0.0,2.1,91.9,-0.013871,-0.006936,0.00111,0.974041,0.001081,0.00666,0.006487
2026-07-17 23:10:00,23:10,15.0,61.6,0.0,1.1,91.9,-0.01384,-0.00692,0.0,0.959471,0.0,0.0,0.0
2026-07-17 23:20:00,23:20,14.9,62.6,0.0,2.1,91.9,-0.013772,-0.006886,0.000988,0.966919,0.000956,0.00593,0.005734
2026-07-17 23:30:00,23:30,14.4,63.5,0.0,10.1,91.8,-0.013767,-0.006883,0.009127,1.056245,0.00964,0.05476,0.057839
2026-07-17 23:40:00,23:40,14.5,63.4,0.0,8.9,91.8,-0.013762,-0.006881,0.008114,1.042699,0.008461,0.048684,0.050763
2026-07-17 23:50:00,23:50,14.9,62.3,0.0,6.0,91.8,-0.013796,-0.006898,0.005568,1.01356,0.005644,0.033409,0.033862
2026-07-18 00:00:00,00:00,15.0,61.9,0.0,7.8,91.8,-0.013815,-0.006908,0.007549,1.036183,0.007822,0.045294,0.046933
2026-07-18 00:10:00,00:10,14.9,62.0,0.0,4.4,91.7,-0.013821,-0.00691,0.003825,0.996198,0.003811,0.02295,0.022863
2026-07-18 00:20:00,00:20,14.7,60.3,0.0,6.8,91.7,-0.013985,-0.006993,0.006767,1.031249,0.006979,0.040604,0.041873
2026-07-18 00:30:00,00:30,14.7,60.1,0.0,8.5,91.6,-0.014001,-0.007001,0.008593,1.051869,0.009038,0.051556,0.054231
2026-07-18 00:40:00,00:40,14.8,59.0,0.0,9.0,91.6,-0.01408,-0.00704,0.00941,1.062296,0.009997,0.056462,0.05998
2026-07-18 00:50:00,00:50,14.7,59.2,0.0,13.4,91.6,-0.014075,-0.007038,0.013455,1.112661,0.014971,0.080733,0.089828
2026-07-18 01:10:00,01:10,14.3,59.1,0.0,4.2,91.6,-0.01413,-0.007065,0.00388,1.006019,0.003903,0.023279,0.023419
2026-07-18 01:20:00,01:20,14.2,59.0,0.0,7.3,91.6,-0.01415,-0.007075,0.007452,1.042513,0.007769,0.044712,0.046613
2026-07-18 01:30:00,01:30,13.7,61.6,0.0,5.7,91.6,-0.014001,-0.007,0.005142,1.013002,0.005209,0.030852,0.031253
2026-07-18 01:40:00,01:40,13.6,61.2,0.0,4.8,91.6,-0.014043,-0.007021,0.004207,1.004204,0.004224,0.02524,0.025346
2026-07-18 01:50:00,01:50,13.2,62.0,0.0,2.9,91.6,-0.014026,-0.007013,0.001895,0.978742,0.001855,0.011372,0.01113
2026-07-18 02:00:00,02:00,12.9,63.0,0.0,1.5,91.6,-0.013984,-0.006992,0.000141,0.958261,0.000135,0.000848,0.000813
2026-07-18 02:10:00,02:10,13.1,61.5,0.0,6.9,91.6,-0.014074,-0.007037,0.006276,1.027385,0.006448,0.037656,0.038687
2026-07-18 02:20:00,02:20,13.2,62.7,0.0,5.2,91.6,-0.013974,-0.006987,0.00436,1.002575,0.004371,0.026159,0.026226
2026-07-18 02:30:00,02:30,13.0,63.5,0.0,3.5,91.6,-0.013936,-0.006968,0.00242,0.979441,0.002371,0.014522,0.014224
2026-07-18 02:40:00,02:40,13.6,59.6,0.0,2.3,91.5,-0.014167,-0.007084,0.001357,0.981814,0.001332,0.008143,0.007995
2026-07-18 02:50:00,02:50,13.3,61.0,0.0,7.7,91.5,-0.014091,-0.007045,0.007207,1.038789,0.007487,0.043244,0.044922
2026-07-18 03:00:00,03:00,12.8,62.9,0.0,3.0,91.6,-0.014002,-0.007001,0.001904,0.976136,0.001858,0.011422,0.01115
2026-07-18 03:10:00,03:10,12.8,62.0,0.0,2.4,91.5,-0.014068,-0.007034,0.001274,0.972924,0.001239,0.007643,0.007436
2026-07-18 03:20:00,03:20,12.6,64.8,0.0,1.3,91.6,-0.013886,-0.006943,0.0,0.948393,0.0,0.0,0.0
2026-07-18 03:30:00,03:30,12.5,66.6,0.0,4.2,91.6,-0.01377,-0.006885,0.002744,0.9746,0.002674,0.016463,0.016044
2026-07-18 03:40:00,03:40,12.5,66.1,0.0,1.8,91.6,-0.013805,-0.006903,0.000336,0.948765,0.000319,0.002015,0.001912
2026-07-18 03:50:00,03:50,12.4,66.4,0.0,2.5,91.6,-0.013795,-0.006898,0.001059,0.955654,0.001012,0.006354,0.006072
2026-07-18 04:10:00,04:10,12.1,67.1,0.0,1.2,91.6,-0.01378,-0.00689,0.0,0.937594,0.0,0.0,0.0
2026-07-18 04:20:00,04:20,11.6,68.9,0.0,1.2,91.6,-0.013714,-0.006857,0.0,0.930053,0.0,0.0,0.0
2026-07-18 04:30:00,04:30,11.2,71.1,0.0,0.9,91.6,-0.013614,-0.006807,0.0,0.917345,0.0,0.0,0.0
2026-07-18 04:40:00,04:40,11.3,72.6,1.0,2.3,91.6,-0.013027,-0.006514,0.000462,0.927353,0.000428,0.002772,0.00257
2026-07-18 04:50:00,04:50,11.6,71.8,12.0,1.6,91.6,-0.007764,-0.000776,0.0,0.922559,0.0,0.0,0.0
2026-07-18 05:00:00,05:00,11.5,71.5,27.0,1.5,91.6,-0.000595,-5.9e-05,0.00123,0.922652,0.001135,0.007382,0.006811
2026-07-18 05:10:00,05:10,11.9,70.5,45.0,4.7,91.6,0.008027,0.000803,0.005688,0.96408,0.005484,0.034128,0.032902
2026-07-18 05:20:00,05:20,12.2,70.8,49.0,1.7,91.6,0.010003,0.001,0.003728,0.927912,0.003459,0.022368,0.020755
2026-07-18 05:30:00,05:30,12.3,70.5,58.0,3.2,91.6,-0.017243,-0.001724,0.0,0.946624,0.0,0.0,0.0
2026-07-18 05:40:00,05:40,12.7,70.8,68.0,0.9,91.6,-0.012205,-0.00122,0.0,0.918602,0.0,0.0,0.0
2026-07-18 05:50:00,05:50,13.0,69.5,71.0,1.6,91.6,-0.010935,-0.001094,0.0,0.932194,0.0,0.0,0.0
2026-07-18 06:00:00,06:00,13.5,67.2,73.0,5.9,91.6,0.006695,0.000669,0.007204,0.991869,0.007145,0.043223,0.042872
2026-07-18 06:10:00,06:10,13.8,64.6,94.0,3.9,91.5,0.018107,0.001811,0.008219,0.979487,0.008051,0.049316,0.048305
2026-07-18 06:20:00,06:20,14.0,64.1,114.0,0.9,91.6,0.029074,0.002907,0.007696,0.946671,0.007286,0.046177,0.043714
2026-07-18 06:30:00,06:30,14.3,63.0,163.0,2.2,91.5,0.044597,0.00446,0.012603,0.966407,0.01218,0.075619,0.073079
2026-07-18 06:40:00,06:40,15.3,59.7,181.0,6.8,91.5,0.055397,0.00554,0.019955,1.033762,0.020629,0.119731,0.123774
2026-07-18 06:50:00,06:50,15.4,56.7,142.0,7.0,91.4,0.051398,0.00514,0.02002,1.048657,0.020995,0.120123,0.125968
2026-07-18 07:00:00,07:00,15.7,54.6,155.0,1.1,91.4,0.058476,0.005848,0.015457,0.988797,0.015283,0.092739,0.0917
2026-07-18 07:10:00,07:10,15.9,52.4,174.0,6.0,91.4,0.067051,0.006705,0.023442,1.055035,0.024732,0.140653,0.148393
2026-07-18 07:20:00,07:20,16.5,51.9,240.0,2.2,91.4,0.090246,0.009025,0.024704,1.012909,0.025022,0.148221,0.150134
2026-07-18 07:30:00,07:30,17.0,47.0,333.0,2.8,91.4,0.122339,0.012234,0.033596,1.040418,0.034954,0.201578,0.209725
2026-07-18 07:50:00,07:50,17.7,45.5,427.0,1.4,91.4,0.161479,0.016148,0.041848,1.030411,0.043121,0.251091,0.258726
2026-07-18 08:00:00,08:00,18.7,43.2,526.0,5.2,91.4,0.201866,0.020187,0.056617,1.084267,0.061388,0.339703,0.368328
2026-07-18 08:10:00,08:10,19.4,42.3,393.0,2.0,91.4,0.156289,0.015629,0.042904,1.050799,0.045083,0.257423,0.2705
2026-07-18 08:30:00,08:30,21.0,39.3,633.0,5.3,91.4,0.252447,0.025245,0.072308,1.101769,0.079667,0.433848,0.478001
2026-07-18 08:40:00,08:40,21.0,40.7,526.0,4.0,91.5,0.212833,0.021283,0.061043,1.080776,0.065974,0.366258,0.395843
2026-07-18 08:50:00,08:50,21.4,41.4,414.0,8.6,91.5,0.17352,0.017352,0.057544,1.131373,0.065103,0.345262,0.39062
2026-07-18 09:00:00,09:00,20.6,40.7,636.0,2.8,91.4,0.25923,0.025923,0.070661,1.066811,0.075382,0.423965,0.452291
2026-07-18 09:10:00,09:10,20.8,40.4,464.0,1.8,91.4,0.195687,0.019569,0.053804,1.056431,0.05684,0.322822,0.341039
2026-07-18 09:20:00,09:20,21.2,40.2,575.0,2.8,91.4,0.240249,0.024025,0.066719,1.068906,0.071316,0.400311,0.427895
2026-07-18 09:40:00,09:40,21.2,40.1,357.0,3.1,91.4,0.157983,0.015798,0.046593,1.072816,0.049986,0.279561,0.299917
2026-07-18 09:50:00,09:50,21.2,40.6,381.0,3.2,91.4,0.168413,0.016841,0.049274,1.071885,0.052816,0.295645,0.316897
2026-07-18 10:00:00,10:00,20.8,40.4,368.0,6.9,91.4,0.164026,0.016403,0.052867,1.11578,0.058988,0.317201,0.353926
2026-07-18 10:10:00,10:10,21.3,39.1,481.0,1.3,91.4,0.209719,0.020972,0.057233,1.056059,0.060442,0.343399,0.362649
2026-07-18 10:20:00,10:20,21.8,39.0,362.0,9.6,91.4,0.162971,0.016297,0.057658,1.153065,0.066484,0.345949,0.398901
2026-07-18 10:30:00,10:30,21.4,40.1,449.0,4.1,91.4,0.19867,0.019867,0.058248,1.084453,0.063167,0.34949,0.379005
2026-07-18 10:40:00,10:40,21.7,39.2,880.0,1.7,91.4,0.373273,0.037327,0.100269,1.060295,0.106315,0.601617,0.637891
2026-07-18 10:50:00,10:50,22.5,39.7,851.0,10.1,91.4,0.363182,0.036318,0.104481,1.155951,0.120775,0.626885,0.724649
2026-07-18 11:00:00,11:00,22.3,39.1,434.0,2.4,91.4,0.194275,0.019427,0.05579,1.068859,0.059632,0.334741,0.357791
2026-07-18 11:10:00,11:10,22.5,41.1,866.0,8.6,91.4,0.371681,0.037168,0.105124,1.13263,0.119067,0.630745,0.714401
2026-07-18 11:30:00,11:30,23.2,37.8,789.0,6.4,91.3,0.340474,0.034047,0.098487,1.120854,0.110389,0.590921,0.662336
2026-07-18 11:40:00,11:40,23.6,40.6,783.0,10.1,91.4,0.339675,0.033967,0.10108,1.15218,0.116462,0.606477,0.698771
2026-07-18 11:50:00,11:50,23.8,38.0,790.0,8.0,91.4,0.34206,0.034206,0.101282,1.138635,0.115323,0.607693,0.691941
2026-07-18 12:00:00,12:00,24.2,37.2,827.0,8.9,91.3,0.357403,0.03574,0.106787,1.15246,0.123067,0.64072,0.738404
2026-07-18 12:10:00,12:10,24.1,37.0,806.0,2.2,91.3,0.348899,0.03489,0.098228,1.07533,0.105627,0.589367,0.633764
2026-07-18 12:20:00,12:20,24.6,36.7,770.0,2.2,91.3,0.334318,0.033432,0.09509,1.076586,0.102372,0.570539,0.614234
2026-07-18 12:30:00,12:30,24.5,38.2,770.0,9.7,91.3,0.334899,0.03349,0.102351,1.15758,0.11848,0.614107,0.710878
2026-07-18 12:40:00,12:40,24.6,36.8,749.0,2.3,91.3,0.325766,0.032577,0.09292,1.077331,0.100106,0.557519,0.600633
2026-07-18 12:50:00,12:50,24.8,37.4,711.0,3.9,91.3,0.310318,0.031032,0.090973,1.093437,0.099473,0.545837,0.596838
2026-07-18 13:00:00,13:00,24.4,36.9,669.0,8.6,91.3,0.292614,0.029261,0.091407,1.150225,0.105138,0.54844,0.630829
2026-07-18 13:10:00,13:10,24.0,38.7,451.0,9.7,91.3,0.203132,0.020313,0.070121,1.155485,0.081024,0.420725,0.486141
2026-07-18 13:20:00,13:20,24.6,36.3,656.0,6.4,91.3,0.286637,0.028664,0.087895,1.127138,0.099069,0.527369,0.594417
2026-07-18 13:30:00,13:30,25.8,35.2,807.0,6.6,91.3,0.348028,0.034803,0.10587,1.134073,0.120064,0.635218,0.720384
2026-07-18 13:40:00,13:40,25.5,36.3,379.0,8.0,91.3,0.172799,0.01728,0.063047,1.145757,0.072237,0.378284,0.433421
2026-07-18 13:50:00,13:50,25.2,36.3,658.0,8.8,91.3,0.286296,0.02863,0.091669,1.155066,0.105884,0.550015,0.635304
2026-07-18 14:00:00,14:00,24.9,36.1,633.0,15.6,91.2,0.275366,0.027537,0.096077,1.235036,0.118658,0.576461,0.711951
2026-07-18 14:10:00,14:10,24.7,37.9,432.0,6.9,91.3,0.193409,0.019341,0.065045,1.126253,0.073257,0.390268,0.439541
2026-07-18 14:20:00,14:20,24.3,37.7,282.0,7.3,91.2,0.132021,0.013202,0.050148,1.131746,0.056755,0.30089,0.340531
2026-07-18 14:30:00,14:30,24.8,37.6,631.0,8.0,91.3,0.272729,0.027273,0.086323,1.140311,0.098435,0.51794,0.590613
2026-07-18 14:40:00,14:40,25.1,36.9,172.0,7.1,91.2,0.080025,0.008002,0.037795,1.13277,0.042813,0.226768,0.256876
2026-07-18 15:00:00,15:00,24.2,38.6,222.0,5.9,91.2,0.104046,0.010405,0.040441,1.111684,0.044958,0.242646,0.269746
2026-07-18 15:10:00,15:10,24.0,38.8,3.0,4.2,91.2,-0.001074,-0.000537,0.010289,1.091063,0.011226,0.061734,0.067356
2026-07-18 15:20:00,15:20,24.6,38.1,523.0,11.1,91.2,0.224221,0.022422,0.077948,1.174291,0.091534,0.467689,0.549203
2026-07-18 15:30:00,15:30,25.1,36.3,405.0,14.2,91.2,0.176313,0.017631,0.072528,1.217906,0.088333,0.435169,0.529995
2026-07-18 15:40:00,15:40,24.9,36.9,109.0,11.8,91.2,0.049779,0.004978,0.039187,1.187464,0.046533,0.235121,0.279197
2026-07-18 15:50:00,15:50,23.8,38.5,129.0,8.1,91.2,0.059393,0.005939,0.033265,1.137704,0.037846,0.199592,0.227077
2026-07-18 16:00:00,16:00,24.3,38.0,325.0,9.2,91.2,0.141998,0.0142,0.055538,1.152599,0.064013,0.333227,0.384077
2026-07-18 16:10:00,16:10,24.8,37.0,294.0,5.8,91.2,0.128904,0.01289,0.047361,1.117223,0.052912,0.284163,0.317474
2026-07-18 16:20:00,16:20,24.7,37.6,138.0,12.9,91.2,0.063713,0.006371,0.043811,1.197332,0.052456,0.262866,0.314737
2026-07-18 16:30:00,16:30,24.8,36.7,217.0,9.1,91.2,0.097712,0.009771,0.045697,1.156882,0.052867,0.274185,0.317199
2026-07-18 16:40:00,16:40,24.5,36.8,60.0,8.7,91.2,0.026246,0.002625,0.027429,1.151808,0.031593,0.164575,0.189558
2026-07-18 16:50:00,16:50,24.6,37.8,152.0,5.4,91.2,0.070436,0.007044,0.031443,1.109217,0.034877,0.188655,0.20926
2026-07-18 17:00:00,17:00,24.6,37.5,90.0,9.7,91.2,0.040668,0.004067,0.032673,1.160512,0.037917,0.196038,0.227504
2026-07-18 17:20:00,17:20,23.5,40.9,25.0,3.3,91.2,0.009526,0.000953,0.010414,1.071792,0.011162,0.062484,0.06697
2026-07-18 17:30:00,17:30,23.2,42.1,15.0,3.7,91.3,0.004747,0.000475,0.009848,1.071419,0.010552,0.059089,0.06331
2026-07-18 17:40:00,17:40,22.8,42.5,13.0,6.7,91.3,0.003785,0.000379,0.015589,1.104655,0.017221,0.093536,0.103326
2026-07-18 17:50:00,17:50,22.5,43.4,12.0,6.3,91.3,0.003318,0.000332,0.01438,1.09623,0.015764,0.086282,0.094585
2026-07-18 18:00:00,18:00,22.2,44.9,7.0,3.9,91.3,0.000943,9.4e-05,0.008694,1.062017,0.009233,0.052162,0.055397
2026-07-18 18:10:00,18:10,21.7,47.1,2.0,3.5,91.3,-0.001423,-0.000712,0.007062,1.048145,0.007402,0.042373,0.044413
2026-07-18 18:20:00,18:20,21.2,48.6,0.0,3.9,91.3,-0.014198,-0.007099,0.005784,1.046516,0.006053,0.034701,0.036316
2026-07-18 18:40:00,18:40,20.5,50.1,0.0,2.4,91.3,-0.014138,-0.007069,0.002709,1.022777,0.002771,0.016255,0.016626
2026-07-18 18:50:00,18:50,20.5,49.9,0.0,3.4,91.3,-0.014161,-0.00708,0.004592,1.035252,0.004754,0.027553,0.028524
2026-07-18 19:00:00,19:00,20.4,50.1,0.0,3.3,91.4,-0.014154,-0.007077,0.004379,1.03325,0.004524,0.026272,0.027146
2026-07-18 19:10:00,19:10,20.4,50.8,0.0,3.0,91.4,-0.014073,-0.007037,0.003757,1.026826,0.003858,0.022542,0.023147
2026-07-18 19:20:00,19:20,20.2,51.6,0.0,1.9,91.4,-0.014016,-0.007008,0.001648,1.010674,0.001666,0.00989,0.009995
2026-07-18 19:30:00,19:30,20.1,51.9,0.0,1.7,91.4,-0.013999,-0.006999,0.001253,1.00709,0.001262,0.00752,0.007573
2026-07-18 19:50:00,19:50,19.9,53.6,0.0,2.2,91.5,-0.013845,-0.006922,0.002044,1.005787,0.002056,0.012263,0.012334
2026-07-18 20:00:00,20:00,19.7,55.2,0.0,1.2,91.5,-0.013707,-0.006853,0.000196,0.987447,0.000194,0.001176,0.001161
2026-07-18 20:10:00,20:10,19.5,55.0,0.0,4.5,91.5,-0.013763,-0.006882,0.005632,1.026687,0.005782,0.033792,0.034694
2026-07-18 20:20:00,20:20,19.4,56.2,0.0,1.8,91.5,-0.013654,-0.006827,0.001164,0.99024,0.001152,0.006981,0.006913
2026-07-18 20:30:00,20:30,19.0,57.3,0.0,4.0,91.5,-0.013612,-0.006806,0.004473,1.011233,0.004523,0.026837,0.027139
2026-07-18 20:40:00,20:40,18.6,58.8,0.0,5.2,91.5,-0.013533,-0.006766,0.005876,1.018913,0.005987,0.035256,0.035923
2026-07-18 20:50:00,20:50,18.5,59.3,0.0,5.9,91.5,-0.013502,-0.006751,0.006691,1.024965,0.006858,0.040147,0.041149
2026-07-18 21:00:00,21:00,18.3,59.6,0.0,6.4,91.5,-0.013508,-0.006754,0.007226,1.029526,0.00744,0.043358,0.044639
2026-07-18 21:10:00,21:10,17.7,62.6,0.0,3.1,91.5,-0.013332,-0.006666,0.002457,0.978556,0.002405,0.014744,0.014428
2026-07-18 21:20:00,21:20,17.2,64.7,0.0,4.3,91.5,-0.013232,-0.006616,0.003625,0.983723,0.003566,0.021748,0.021394
2026-07-18 21:30:00,21:30,17.0,65.4,0.0,3.4,91.5,-0.013207,-0.006603,0.002471,0.970317,0.002397,0.014824,0.014384
2026-07-18 21:40:00,21:40,16.7,66.9,0.0,2.5,91.5,-0.013131,-0.006566,0.001262,0.95356,0.001204,0.007573,0.007222
2026-07-18 21:50:00,21:50,16.8,66.4,0.0,3.1,91.5,-0.013156,-0.006578,0.002003,0.962637,0.001928,0.012016,0.011567
2026-07-18 22:00:00,22:00,16.5,66.9,0.0,1.8,91.5,-0.013167,-0.006584,0.000435,0.945414,0.000411,0.002608,0.002465
2026-07-18 22:20:00,22:20,16.8,65.0,0.0,3.2,91.5,-0.013277,-0.006638,0.002259,0.969665,0.002191,0.013556,0.013144
2026-07-18 22:30:00,22:30,16.7,65.1,0.0,2.4,91.5,-0.013286,-0.006643,0.001281,0.959937,0.00123,0.007687,0.007379
2026-07-18 22:40:00,22:40,17.0,64.2,0.0,2.1,91.5,-0.013312,-0.006656,0.000987,0.960216,0.000948,0.005922,0.005687
2026-07-18 22:50:00,22:50,17.0,63.3,0.0,3.0,91.5,-0.013391,-0.006696,0.002199,0.97446,0.002143,0.013197,0.01286
2026-07-18 23:00:00,23:00,17.2,61.9,0.0,2.0,91.5,-0.013483,-0.006741,0.00101,0.968688,0.000979,0.006061,0.005872
2026-07-18 23:10:00,23:10,17.2,62.6,0.0,2.6,91.5,-0.01342,-0.00671,0.001764,0.972738,0.001716,0.010582,0.010293
2026-07-18 23:20:00,23:20,17.3,62.6,0.0,1.5,91.5,-0.013402,-0.006701,0.000292,0.959937,0.000281,0.001754,0.001684
2026-07-18 23:30:00,23:30,16.8,62.6,0.0,1.0,91.5,-0.013487,-0.006743,0.0,0.954118,0.0,0.0,0.0
2026-07-18 23:40:00,23:40,17.1,62.4,0.0,1.5,91.5,-0.013455,-0.006727,0.000293,0.960775,0.000282,0.001761,0.001692
2026-07-18 23:50:00,23:50,16.9,62.9,0.0,0.9,91.5,-0.013444,-0.006722,0.0,0.951698,0.0,0.0,0.0
2026-07-19 00:00:00,00:00,16.6,64.6,0.0,1.7,91.5,-0.013346,-0.006673,0.000436,0.953886,0.000416,0.002614,0.002494
2026-07-19 00:10:00,00:10,16.1,66.3,0.0,3.6,91.5,-0.013286,-0.006643,0.002513,0.968874,0.002435,0.015081,0.014611
2026-07-19 00:20:00,00:20,14.7,72.4,0.0,4.0,91.5,-0.013041,-0.00652,0.002061,0.947974,0.001954,0.012365,0.011722
2026-07-19 00:30:00,00:30,14.0,76.5,0.0,2.5,91.5,-0.012862,-0.006431,0.000393,0.913342,0.000359,0.002355,0.002151
2026-07-19 00:40:00,00:40,14.2,77.3,0.0,2.4,91.5,-0.012771,-0.006386,0.000265,0.908827,0.000241,0.001591,0.001446
2026-07-19 00:50:00,00:50,15.0,73.9,0.0,1.5,91.5,-0.012877,-0.006438,0.0,0.912598,0.0,0.0,0.0
2026-07-19 01:00:00,01:00,15.0,73.1,0.0,3.1,91.5,-0.012937,-0.006469,0.001225,0.934568,0.001145,0.007351,0.00687
2026-07-19 01:10:00,01:10,14.6,74.8,0.0,2.6,91.5,-0.012881,-0.00644,0.000628,0.921628,0.000579,0.003768,0.003473
2026-07-19 01:20:00,01:20,14.0,77.6,0.0,1.7,91.4,-0.012785,-0.006392,0.0,0.899424,0.0,0.0,0.0
2026-07-19 01:30:00,01:30,14.0,79.1,0.0,2.4,91.4,-0.012681,-0.00634,0.000128,0.901286,0.000115,0.000767,0.000691
2026-07-19 01:40:00,01:40,13.8,80.2,0.0,2.0,91.4,-0.012641,-0.006321,0.0,0.892023,0.0,0.0,0.0
2026-07-19 01:50:00,01:50,13.8,80.1,0.0,2.1,91.4,-0.012648,-0.006324,0.0,0.893606,0.0,0.0,0.0
2026-07-19 02:00:00,02:00,14.0,80.1,0.0,3.6,91.4,-0.012612,-0.006306,0.000827,0.911061,0.000754,0.004965,0.004523
2026-07-19 02:10:00,02:10,14.2,78.3,0.0,6.5,91.4,-0.012701,-0.00635,0.002893,0.95235,0.002755,0.017357,0.01653
2026-07-19 02:20:00,02:20,14.7,75.8,0.0,5.7,91.4,-0.01279,-0.006395,0.002881,0.953513,0.002747,0.017287,0.016483
2026-07-19 02:30:00,02:30,14.3,77.0,0.0,1.7,91.4,-0.012775,-0.006387,0.0,0.901938,0.0,0.0,0.0
2026-07-19 02:40:00,02:40,14.2,77.9,0.0,2.6,91.4,-0.012729,-0.006364,0.000366,0.908641,0.000333,0.002199,0.001998
2026-07-19 02:50:00,02:50,14.2,78.4,0.0,2.3,91.4,-0.012694,-0.006347,0.000113,0.903055,0.000102,0.000675,0.00061
2026-07-19 03:20:00,03:20,14.4,75.3,0.0,1.8,91.4,-0.012879,-0.00644,0.0,0.910224,0.0,0.0,0.0
2026-07-19 03:30:00,03:30,14.3,75.6,0.0,0.5,91.4,-0.012875,-0.006437,0.0,0.893839,0.0,0.0,0.0
2026-07-19 03:40:00,03:40,14.1,76.7,0.0,0.9,91.4,-0.012831,-0.006415,0.0,0.893885,0.0,0.0,0.0
2026-07-19 03:50:00,03:50,13.8,77.1,0.0,1.8,91.4,-0.012854,-0.006427,0.0,0.902683,0.0,0.0,0.0
2026-07-19 04:00:00,04:00,13.8,77.8,0.0,6.6,91.4,-0.012805,-0.006403,0.003002,0.955608,0.002869,0.018015,0.017215
2026-07-19 04:10:00,04:10,14.3,75.5,0.0,6.4,91.4,-0.012882,-0.006441,0.003372,0.962916,0.003247,0.02023,0.01948
2026-07-19 04:20:00,04:20,14.2,75.3,0.0,1.4,91.5,-0.012913,-0.006457,0.0,0.905569,0.0,0.0,0.0
2026-07-19 04:30:00,04:30,13.8,76.6,0.0,3.4,91.5,-0.012889,-0.006444,0.001051,0.923397,0.00097,0.006304,0.005822
2026-07-19 04:40:00,04:40,13.9,77.0,2.0,2.1,91.5,-0.011884,-0.005942,0.000164,0.906593,0.000149,0.000987,0.000895
2026-07-19 04:50:00,04:50,13.5,77.5,8.0,3.2,91.5,-0.009036,-0.000904,0.000403,0.917299,0.00037,0.00242,0.00222
2026-07-19 05:00:00,05:00,13.7,77.3,18.0,4.7,91.5,-0.004217,-0.000422,0.002472,0.935592,0.002313,0.014834,0.013878
2026-07-19 05:10:00,05:10,14.5,74.4,34.0,3.5,91.5,0.003393,0.000339,0.00368,0.933777,0.003436,0.022081,0.020618
2026-07-19 05:20:00,05:20,15.3,70.1,51.0,8.7,91.5,0.011365,0.001136,0.010105,1.012303,0.010229,0.060631,0.061377
2026-07-19 05:30:00,05:30,15.6,70.7,71.0,4.0,91.5,-0.009308,-0.000931,0.001896,0.955096,0.001811,0.011374,0.010864
2026-07-19 05:40:00,05:40,16.3,67.9,93.0,3.9,91.4,0.00091,9.1e-05,0.004489,0.965662,0.004335,0.026932,0.026007
2026-07-19 05:50:00,05:50,16.8,66.2,115.0,8.4,91.5,0.011289,0.001129,0.01135,1.025151,0.011636,0.068103,0.069815
2026-07-19 06:00:00,06:00,17.3,65.7,139.0,10.5,91.5,0.022969,0.002297,0.015791,1.051683,0.016607,0.094745,0.099642
2026-07-19 06:10:00,06:10,17.9,63.6,165.0,8.5,91.4,0.03519,0.003519,0.017556,1.037207,0.018209,0.105335,0.109255
2026-07-19 06:20:00,06:20,18.5,60.7,189.0,7.5,91.4,0.04617,0.004617,0.020049,1.037719,0.020805,0.120293,0.12483
2026-07-19 06:30:00,06:30,19.0,58.4,214.0,14.4,91.4,0.057718,0.005772,0.029646,1.12765,0.033431,0.177878,0.200585
2026-07-19 06:40:00,06:40,19.6,56.6,241.0,3.2,91.4,0.070427,0.007043,0.022238,1.004856,0.022346,0.133426,0.134074
2026-07-19 06:50:00,06:50,20.5,54.0,270.0,2.6,91.4,0.084048,0.008405,0.025508,1.008766,0.025732,0.153049,0.154391
2026-07-19 07:00:00,07:00,21.1,52.2,300.0,3.1,91.4,0.098985,0.009899,0.030383,1.022125,0.031055,0.182297,0.18633
2026-07-19 07:10:00,07:10,21.4,49.5,330.0,6.3,91.4,0.113168,0.011317,0.038584,1.070675,0.041311,0.231503,0.247865
2026-07-19 07:20:00,07:20,21.7,49.8,359.0,5.6,91.4,0.128047,0.012805,0.041452,1.061272,0.043992,0.248711,0.26395
2026-07-19 07:30:00,07:30,22.6,48.6,388.0,4.1,91.4,0.142536,0.014254,0.044069,1.048844,0.046222,0.264414,0.277329
2026-07-19 07:40:00,07:40,22.8,46.8,417.0,8.8,91.4,0.156218,0.015622,0.053733,1.111078,0.059701,0.322396,0.358207
2026-07-19 07:50:00,07:50,23.5,43.9,445.0,7.3,91.4,0.169236,0.016924,0.056656,1.105772,0.062648,0.339934,0.375889
2026-07-19 08:00:00,08:00,23.7,44.1,473.0,4.0,91.5,0.183181,0.018318,0.055886,1.066532,0.059605,0.335319,0.357628
2026-07-19 08:10:00,08:10,24.3,32.8,497.0,3.2,91.3,0.190367,0.019037,0.058695,1.104562,0.064833,0.352172,0.388996
2026-07-19 08:20:00,08:20,24.6,35.2,523.0,4.0,91.4,0.204526,0.020453,0.063727,1.103817,0.070343,0.38236,0.422055
2026-07-19 08:30:00,08:30,24.7,31.5,546.0,2.7,91.3,0.214319,0.021432,0.064604,1.104189,0.071335,0.387626,0.428013
2026-07-19 08:40:00,08:40,24.9,34.2,572.0,11.2,91.4,0.228381,0.022838,0.081151,1.191793,0.096715,0.486906,0.580291
2026-07-19 08:50:00,08:50,25.2,33.6,598.0,4.7,91.4,0.240712,0.024071,0.075214,1.118666,0.084139,0.451283,0.504835
2026-07-19 09:00:00,09:00,25.7,33.6,621.0,5.3,91.5,0.252222,0.025222,0.079764,1.125648,0.089787,0.478587,0.53872
2026-07-19 09:20:00,09:20,25.6,31.0,652.0,7.2,91.4,0.267393,0.026739,0.087125,1.158651,0.100947,0.52275,0.605684
2026-07-19 09:40:00,09:40,25.8,31.1,688.0,4.7,91.5,0.285495,0.028549,0.088108,1.129139,0.099486,0.528649,0.596918
2026-07-19 10:00:00,10:00,26.5,32.8,722.0,6.9,91.5,0.303416,0.030342,0.09668,1.147619,0.110952,0.580079,0.665709
2026-07-19 10:20:00,10:20,26.9,31.7,753.0,7.6,91.5,0.318204,0.03182,0.102434,1.160373,0.118862,0.614605,0.713171
2026-07-19 10:40:00,10:40,26.6,31.2,772.0,6.3,91.5,0.327845,0.032785,0.102701,1.147339,0.117833,0.616206,0.706998
2026-07-19 11:00:00,11:00,26.9,29.5,791.0,5.2,91.4,0.336684,0.033668,0.104285,1.141661,0.119058,0.62571,0.714348
2026-07-19 11:20:00,11:20,27.2,28.0,802.0,7.2,91.4,0.341995,0.0342,0.109604,1.171219,0.128371,0.657626,0.770223
2026-07-19 11:40:00,11:40,27.6,27.4,798.0,3.2,91.4,0.341369,0.034137,0.103676,1.127184,0.116862,0.622058,0.701174
2026-07-19 12:00:00,12:00,28.0,27.4,792.0,10.3,91.4,0.339851,0.033985,0.115429,1.209807,0.139647,0.692575,0.837882
2026-07-19 12:20:00,12:20,27.9,26.6,781.0,9.4,91.4,0.33536,0.033536,0.113052,1.202685,0.135966,0.678314,0.815798
2026-07-19 12:40:00,12:40,28.4,26.9,760.0,11.8,91.4,0.327209,0.032721,0.115572,1.229357,0.14208,0.693435,0.852479
2026-07-19 13:00:00,13:00,28.4,27.2,742.0,10.3,91.4,0.319779,0.031978,0.111243,1.210645,0.134676,0.667459,0.808056
2026-07-19 13:20:00,13:20,28.3,27.1,673.0,8.8,91.4,0.291203,0.02912,0.101336,1.193608,0.120955,0.608016,0.725732
2026-07-19 13:40:00,13:40,28.8,26.8,666.0,14.4,91.3,0.287482,0.028748,0.11077,1.260032,0.139574,0.664621,0.837444
2026-07-19 14:00:00,14:00,28.6,26.5,467.0,14.8,91.3,0.206407,0.020641,0.091709,1.265944,0.116098,0.550253,0.69659
2026-07-19 14:20:00,14:20,29.0,27.2,588.0,15.4,91.3,0.253751,0.025375,0.104435,1.269993,0.132631,0.626608,0.795788
2026-07-19 14:40:00,14:40,28.6,26.3,526.0,8.4,91.3,0.227002,0.0227,0.084773,1.192305,0.101076,0.50864,0.606454
2026-07-19 15:00:00,15:00,28.6,25.9,478.0,14.9,91.3,0.206063,0.020606,0.092151,1.269621,0.116997,0.552908,0.701984
2026-07-19 15:20:00,15:20,28.4,25.4,416.0,17.9,91.3,0.179682,0.017968,0.091217,1.306627,0.119187,0.547303,0.71512
2026-07-19 15:40:00,15:40,28.0,26.1,342.0,14.0,91.3,0.149253,0.014925,0.075757,1.25831,0.095326,0.454541,0.571953
2026-07-19 16:00:00,16:00,27.9,25.6,300.0,16.4,91.3,0.130985,0.013098,0.076199,1.288333,0.098169,0.457192,0.589016
2026-07-19 16:20:00,16:20,27.5,26.6,240.0,17.0,91.3,0.106565,0.010657,0.070446,1.291126,0.090955,0.422678,0.54573
2026-07-19 16:40:00,16:40,27.0,27.3,184.0,18.6,91.3,0.084111,0.008411,0.067104,1.306813,0.087693,0.402625,0.526156
2026-07-19 17:00:00,17:00,26.7,28.5,129.0,13.9,91.3,0.059166,0.005917,0.051239,1.247092,0.0639,0.307434,0.383398
2026-07-19 17:20:00,17:20,25.6,29.1,43.0,14.0,91.3,0.017884,0.001788,0.040442,1.245742,0.05038,0.242653,0.302283
2026-07-19 17:40:00,17:40,24.9,30.2,12.0,13.4,91.3,0.003026,0.000303,0.034637,1.234151,0.042747,0.207821,0.256482
2026-07-19 18:00:00,18:00,24.1,32.0,6.0,7.8,91.3,0.000184,1.8e-05,0.020496,1.161443,0.023804,0.122973,0.142826
2026-07-19 18:20:00,18:20,23.4,33.4,1.0,9.3,91.4,-0.00219,-0.001095,0.022718,1.173034,0.026649,0.136308,0.159894
2026-07-19 18:30:00,18:30,22.9,34.6,0.0,7.3,91.4,-0.015883,-0.007941,0.015959,1.144733,0.018269,0.095754,0.109613
2026-07-19 18:40:00,18:40,22.6,34.6,0.0,7.7,91.4,-0.015916,-0.007958,0.016721,1.149387,0.019219,0.100325,0.115312
2026-07-19 18:50:00,18:50,22.5,34.3,0.0,11.5,91.4,-0.015972,-0.007986,0.024594,1.194865,0.029387,0.147565,0.17632
2026-07-19 19:00:00,19:00,22.3,35.1,0.0,5.5,91.4,-0.015872,-0.007936,0.011571,1.121691,0.012979,0.069428,0.077877
2026-07-19 19:10:00,19:10,22.0,36.0,0.0,1.6,91.5,-0.01577,-0.007885,0.001914,1.072537,0.002053,0.011484,0.012317
2026-07-19 19:30:00,19:30,20.7,40.7,0.0,12.0,91.5,-0.015268,-0.007634,0.021909,1.173872,0.025718,0.131454,0.15431
2026-07-19 19:40:00,19:40,20.4,42.5,0.0,7.5,91.6,-0.015073,-0.007537,0.01345,1.113964,0.014983,0.080699,0.089896
2026-07-19 19:50:00,19:50,20.3,43.2,0.0,3.4,91.6,-0.014998,-0.007499,0.005342,1.06332,0.005681,0.032054,0.034084
2026-07-19 20:00:00,20:00,20.2,43.0,0.0,5.8,91.6,-0.015036,-0.007518,0.010115,1.092087,0.011046,0.060687,0.066276
2026-07-19 20:10:00,20:10,20.0,43.0,0.0,5.7,91.6,-0.015061,-0.00753,0.009871,1.090923,0.010769,0.059228,0.064613
2026-07-19 20:20:00,20:20,20.0,42.8,0.0,3.5,91.6,-0.015085,-0.007543,0.00555,1.06616,0.005917,0.0333,0.035503
2026-07-19 20:30:00,20:30,19.9,43.7,0.0,1.9,91.6,-0.014987,-0.007494,0.002092,1.04377,0.002183,0.012549,0.013099
2026-07-19 20:40:00,20:40,19.7,43.8,0.0,2.1,91.6,-0.015,-0.0075,0.002497,1.045678,0.002611,0.014984,0.015669
2026-07-19 20:50:00,20:50,19.4,45.1,0.0,2.7,91.6,-0.014883,-0.007441,0.00361,1.047215,0.003781,0.021661,0.022684
2026-07-19 21:00:00,21:00,19.2,44.3,0.0,4.6,91.6,-0.015,-0.0075,0.007379,1.072676,0.007915,0.044274,0.047492
2026-07-19 21:10:00,21:10,19.0,44.7,0.0,6.3,91.6,-0.014977,-0.007489,0.010352,1.090783,0.011292,0.062114,0.067752
2026-07-19 21:20:00,21:20,19.2,44.3,0.0,4.1,91.6,-0.015,-0.0075,0.006425,1.066858,0.006855,0.038553,0.04113
2026-07-19 21:30:00,21:30,18.9,44.9,0.0,8.2,91.6,-0.014966,-0.007483,0.01348,1.112056,0.014991,0.080881,0.089944
2026-07-19 21:40:00,21:40,18.7,45.8,0.0,7.2,91.6,-0.014887,-0.007444,0.011548,1.096649,0.012665,0.069291,0.075988
2026-07-19 21:50:00,21:50,19.3,44.2,0.0,8.2,91.6,-0.015,-0.0075,0.013819,1.114988,0.015408,0.082915,0.09245
2026-07-19 22:00:00,22:00,19.4,44.3,0.0,7.5,91.6,-0.014977,-0.007488,0.012648,1.106424,0.013994,0.075887,0.083964
2026-07-19 22:10:00,22:10,19.0,45.5,0.0,4.3,91.6,-0.014885,-0.007443,0.006602,1.064158,0.007025,0.039609,0.042151
2026-07-19 22:20:00,22:20,18.8,46.3,0.0,6.2,91.6,-0.014819,-0.00741,0.009796,1.082917,0.010608,0.058776,0.06365
2026-07-19 22:30:00,22:30,18.7,46.1,0.0,9.4,91.6,-0.014854,-0.007427,0.014948,1.120993,0.016756,0.089685,0.100537
2026-07-19 22:40:00,22:40,18.6,46.3,0.0,7.5,91.6,-0.014843,-0.007422,0.011886,1.098045,0.013051,0.071313,0.078305
2026-07-19 22:50:00,22:50,18.2,48.1,0.0,3.2,91.6,-0.014695,-0.007347,0.004141,1.040465,0.004309,0.024848,0.025853
2026-07-19 23:00:00,23:00,18.1,48.6,0.0,1.4,91.6,-0.014654,-0.007327,0.000737,1.017424,0.000749,0.00442,0.004497
2026-07-19 23:10:00,23:10,17.8,49.6,0.0,3.9,91.7,-0.014586,-0.007293,0.005146,1.042327,0.005364,0.030879,0.032186
2026-07-19 23:20:00,23:20,18.1,48.5,0.0,6.5,91.6,-0.014664,-0.007332,0.009641,1.077191,0.010385,0.057847,0.062313
2026-07-19 23:40:00,23:40,18.8,46.4,0.0,5.1,91.6,-0.014808,-0.007404,0.007872,1.069697,0.008421,0.047232,0.050524
2026-07-19 23:50:00,23:50,18.8,45.5,0.0,5.5,91.6,-0.014909,-0.007455,0.008736,1.078122,0.009418,0.052415,0.05651
2026-07-20 00:10:00,00:10,18.0,48.0,0.0,5.9,91.6,-0.01473,-0.007365,0.008753,1.072304,0.009386,0.052518,0.056315
2026-07-20 00:20:00,00:20,18.3,47.0,0.0,6.1,91.6,-0.014802,-0.007401,0.009353,1.078821,0.01009,0.056118,0.060541
2026-07-20 00:30:00,00:30,18.1,48.5,0.0,3.8,91.6,-0.014664,-0.007332,0.005151,1.045772,0.005387,0.030906,0.032321
2026-07-20 00:40:00,00:40,17.9,48.1,0.0,7.7,91.6,-0.014731,-0.007365,0.011525,1.092832,0.012595,0.069152,0.075571
2026-07-20 00:50:00,00:50,18.2,47.2,0.0,6.7,91.6,-0.014792,-0.007396,0.010265,1.084965,0.011137,0.061588,0.066821
2026-07-20 01:00:00,01:00,18.3,46.8,0.0,11.0,91.6,-0.014824,-0.007412,0.016868,1.13668,0.019174,0.101208,0.115042
2026-07-20 01:10:00,01:10,18.6,45.3,0.0,6.0,91.5,-0.014955,-0.007478,0.009589,1.084779,0.010402,0.057536,0.062413
2026-07-20 01:20:00,01:20,19.0,44.3,0.0,6.4,91.5,-0.015024,-0.007512,0.010602,1.093623,0.011595,0.063612,0.069567
2026-07-20 01:30:00,01:30,19.0,44.2,0.0,8.5,91.5,-0.015035,-0.007518,0.014185,1.11848,0.015866,0.085112,0.095196
2026-07-20 01:40:00,01:40,18.7,44.5,0.0,3.5,91.5,-0.015035,-0.007517,0.005155,1.059038,0.005459,0.03093,0.032756
2026-07-20 01:50:00,01:50,18.0,47.6,0.0,5.3,91.6,-0.014772,-0.007386,0.007835,1.066997,0.00836,0.047009,0.050158
2026-07-20 02:00:00,02:00,17.4,50.0,0.0,8.6,91.6,-0.014593,-0.007297,0.012171,1.095345,0.013331,0.073025,0.079987
2026-07-20 02:10:00,02:10,17.4,50.2,0.0,6.3,91.6,-0.014573,-0.007286,0.008797,1.067742,0.009393,0.052782,0.056358
2026-07-20 02:20:00,02:20,17.4,49.9,0.0,9.6,91.6,-0.014603,-0.007302,0.013563,1.107401,0.01502,0.08138,0.090121
2026-07-20 02:30:00,02:30,17.4,49.8,0.0,8.6,91.6,-0.014614,-0.007307,0.012224,1.096183,0.0134,0.073343,0.080398
2026-07-20 02:40:00,02:40,17.5,49.4,0.0,5.3,91.5,-0.014643,-0.007321,0.007411,1.059457,0.007851,0.044463,0.047107
2026-07-20 02:50:00,02:50,17.4,49.6,0.0,2.7,91.5,-0.014634,-0.007317,0.003015,1.028363,0.003101,0.018092,0.018605
2026-07-20 03:00:00,03:00,17.3,49.9,0.0,4.9,91.5,-0.014615,-0.007308,0.00665,1.052707,0.007,0.039898,0.042
2026-07-20 03:10:00,03:10,17.0,50.9,0.0,7.2,91.5,-0.014551,-0.007275,0.009846,1.075283,0.010587,0.059074,0.063521
2026-07-20 03:20:00,03:20,16.8,51.4,0.0,2.2,91.5,-0.014525,-0.007263,0.001963,1.015003,0.001992,0.011776,0.011953
2026-07-20 03:30:00,03:30,16.3,52.7,0.0,2.3,91.5,-0.014459,-0.00723,0.002005,1.010721,0.002026,0.012029,0.012158
2026-07-20 03:40:00,03:40,16.6,52.2,0.0,3.2,91.5,-0.014472,-0.007236,0.00353,1.023289,0.003613,0.021182,0.021675
2026-07-20 03:50:00,03:50,16.7,52.9,0.0,2.8,91.5,-0.014392,-0.007196,0.002833,1.015701,0.002878,0.017,0.017267
2026-07-20 04:00:00,04:00,16.5,52.8,0.0,6.1,91.5,-0.014426,-0.007213,0.007769,1.054523,0.008193,0.046617,0.049158
2026-07-20 04:10:00,04:10,16.5,53.9,0.0,0.4,91.6,-0.014322,-0.007161,0.0,0.983583,0.0,0.0,0.0
2026-07-20 04:20:00,04:20,16.9,51.6,0.0,3.8,91.5,-0.014494,-0.007247,0.004593,1.032785,0.004744,0.027558,0.028461
2026-07-20 04:30:00,04:30,16.7,52.6,0.0,5.1,91.5,-0.014421,-0.007211,0.006411,1.043723,0.006691,0.038466,0.040148
2026-07-20 04:40:00,04:40,16.6,52.6,0.0,4.7,91.5,-0.014433,-0.007217,0.005799,1.039069,0.006026,0.034796,0.036155
2026-07-20 04:50:00,04:50,17.3,51.2,3.0,3.3,91.5,-0.013045,-0.006522,0.004062,1.028642,0.004178,0.024372,0.02507
2026-07-20 05:00:00,05:00,17.1,51.5,12.0,1.9,91.5,-0.008719,-0.000872,0.0013,1.011093,0.001315,0.007802,0.007889
2026-07-20 05:10:00,05:10,16.8,52.8,23.0,9.4,91.6,-0.00335,-0.000335,0.013172,1.092925,0.014396,0.079033,0.086377
2026-07-20 05:30:00,05:30,16.9,53.5,54.0,6.5,91.6,-0.021779,-0.002178,0.005331,1.056245,0.00563,0.031984,0.033782
2026-07-20 05:40:00,05:40,17.0,53.9,75.0,6.1,91.6,-0.011528,-0.001153,0.006903,1.049914,0.007248,0.041421,0.043488
2026-07-20 05:50:00,05:50,17.6,53.5,99.0,3.1,91.6,0.000133,1.3e-05,0.005224,1.016679,0.005311,0.031343,0.031866
2026-07-20 06:00:00,06:00,18.3,51.2,125.0,9.9,91.6,0.012156,0.001216,0.018133,1.105446,0.020046,0.108801,0.120274
2026-07-20 06:10:00,06:10,19.0,49.5,147.0,8.1,91.6,0.022436,0.002244,0.018792,1.091621,0.020514,0.112754,0.123085
2026-07-20 06:20:00,06:20,19.5,48.5,174.0,10.1,91.6,0.035262,0.003526,0.024824,1.119085,0.027781,0.148947,0.166684
2026-07-20 06:30:00,06:30,20.1,46.6,200.0,13.2,91.6,0.047294,0.004729,0.032407,1.163119,0.037693,0.194441,0.226158
2026-07-20 06:40:00,06:40,20.8,45.2,227.0,6.3,91.6,0.062016,0.006202,0.027151,1.088689,0.029559,0.162905,0.177353
2026-07-20 06:50:00,06:50,21.5,43.1,257.0,5.2,91.6,0.076715,0.007671,0.029743,1.084686,0.032262,0.17846,0.193573
2026-07-20 07:00:00,07:00,22.0,40.4,288.0,6.9,91.5,0.091077,0.009108,0.036917,1.11578,0.041191,0.221501,0.247146
2026-07-20 07:10:00,07:10,22.2,40.6,315.0,5.5,91.6,0.105305,0.010531,0.038139,1.09865,0.041902,0.228836,0.25141
2026-07-20 07:20:00,07:20,22.7,37.8,344.0,7.8,91.5,0.118705,0.01187,0.046221,1.137145,0.05256,0.277327,0.315361
2026-07-20 07:30:00,07:30,23.2,37.7,372.0,4.9,91.6,0.132837,0.013284,0.045272,1.103817,0.049972,0.271632,0.299832
2026-07-20 07:40:00,07:40,23.5,35.7,400.0,7.7,91.5,0.145883,0.014588,0.053959,1.144779,0.061771,0.323754,0.370627
2026-07-20 07:50:00,07:50,23.5,35.8,428.0,6.7,91.5,0.15966,0.015966,0.055638,1.132723,0.063022,0.333828,0.378134
2026-07-20 08:00:00,08:00,23.6,31.7,455.0,10.3,91.4,0.171043,0.017104,0.065508,1.191793,0.078073,0.393051,0.468435
2026-07-20 08:10:00,08:10,24.0,31.9,480.0,6.2,91.5,0.183768,0.018377,0.06226,1.143243,0.071178,0.373559,0.427069
2026-07-20 08:20:00,08:20,24.4,32.8,505.0,9.9,91.5,0.196715,0.019672,0.071622,1.18253,0.084695,0.42973,0.508168
2026-07-20 08:30:00,08:30,24.3,31.9,531.0,7.3,91.5,0.208862,0.020886,0.070654,1.156044,0.081679,0.423925,0.490076
2026-07-20 08:40:00,08:40,24.6,32.0,559.0,4.3,91.5,0.222269,0.022227,0.069366,1.120714,0.07774,0.416197,0.466437
2026-07-20 08:50:00,08:50,24.7,31.2,585.0,8.7,91.5,0.234358,0.023436,0.079829,1.175268,0.09382,0.478972,0.56292
2026-07-20 09:00:00,09:00,25.1,31.0,605.0,5.0,91.5,0.244529,0.024453,0.077081,1.133049,0.087336,0.462486,0.524019
2026-07-20 09:10:00,09:10,25.0,31.1,631.0,5.3,91.5,0.256827,0.025683,0.080578,1.136121,0.091546,0.483465,0.549275
2026-07-20 09:20:00,09:20,24.7,33.0,653.0,9.5,91.5,0.268361,0.026836,0.088504,1.177037,0.104172,0.531023,0.625034
2026-07-20 09:30:00,09:30,24.9,32.5,670.0,8.8,91.5,0.276852,0.027685,0.090146,1.170986,0.105559,0.540874,0.633356
2026-07-20 09:40:00,09:40,24.9,33.6,691.0,7.9,91.6,0.287491,0.028749,0.091197,1.155904,0.105415,0.547182,0.63249
2026-07-20 09:50:00,09:50,25.0,33.3,708.0,13.0,91.6,0.295832,0.029583,0.099573,1.21651,0.121131,0.597437,0.726789
2026-07-20 10:00:00,10:00,25.1,31.9,726.0,5.9,91.5,0.303925,0.030392,0.093434,1.139752,0.106491,0.560603,0.638949
2026-07-20 10:10:00,10:10,25.3,31.7,740.0,3.2,91.5,0.310965,0.031096,0.091709,1.10917,0.101721,0.550253,0.610324
2026-07-20 10:30:00,10:30,25.7,31.9,766.0,4.0,91.5,0.324241,0.032424,0.096923,1.117642,0.108325,0.581538,0.649951
2026-07-20 10:40:00,10:40,26.2,31.5,772.0,4.1,91.5,0.327787,0.032779,0.098806,1.120481,0.110711,0.592838,0.664264
2026-07-20 10:50:00,10:50,26.1,31.4,780.0,9.7,91.5,0.331958,0.033196,0.107306,1.186067,0.127272,0.643835,0.763632
2026-07-20 11:00:00,11:00,26.2,29.2,788.0,3.7,91.4,0.335037,0.033504,0.100527,1.125462,0.11314,0.603164,0.678838
2026-07-20 11:10:00,11:10,26.3,31.3,792.0,11.4,91.5,0.338577,0.033858,0.11142,1.206269,0.134402,0.668517,0.806412
2026-07-20 11:20:00,11:20,26.4,31.2,797.0,14.1,91.5,0.341309,0.034131,0.115429,1.238108,0.142913,0.692574,0.857481
2026-07-20 11:30:00,11:30,26.8,31.9,800.0,9.7,91.5,0.343636,0.034364,0.111361,1.183973,0.131849,0.668167,0.791092
2026-07-20 11:50:00,11:50,26.9,30.2,799.0,10.5,91.4,0.343379,0.034338,0.113201,1.200404,0.135886,0.679203,0.815318
2026-07-20 12:00:00,12:00,27.0,29.5,794.0,7.9,91.4,0.341375,0.034137,0.109646,1.17308,0.128624,0.657876,0.771741
2026-07-20 12:10:00,12:10,26.7,29.6,787.0,9.7,91.4,0.338732,0.033873,0.110849,1.193608,0.132311,0.665096,0.793864
2026-07-20 12:20:00,12:20,27.0,29.7,787.0,14.5,91.4,0.339029,0.033903,0.117572,1.249047,0.146853,0.705433,0.881119
2026-07-20 12:30:00,12:30,27.2,29.9,778.0,3.4,91.4,0.335595,0.033559,0.101522,1.119038,0.113607,0.609131,0.681641
2026-07-20 12:40:00,12:40,26.8,29.7,771.0,16.0,91.4,0.33251,0.033251,0.117349,1.266502,0.148623,0.704094,0.891737
2026-07-20 13:00:00,13:00,26.6,30.1,743.0,21.5,91.3,0.320959,0.032096,0.119972,1.32883,0.159423,0.719834,0.956537
2026-07-20 13:10:00,13:10,26.7,30.5,729.0,12.1,91.4,0.315205,0.031521,0.107888,1.217767,0.131382,0.647327,0.788293
2026-07-20 13:20:00,13:20,26.7,30.9,713.0,18.7,91.3,0.308529,0.030853,0.11401,1.292895,0.147403,0.684062,0.88442
2026-07-20 13:30:00,13:30,26.9,30.8,693.0,14.6,91.3,0.300011,0.030001,0.107766,1.245602,0.134233,0.646593,0.805398
2026-07-20 13:40:00,13:40,27.2,31.8,669.0,9.9,91.4,0.290266,0.029027,0.099184,1.186719,0.117704,0.595107,0.706224
2026-07-20 13:50:00,13:50,27.1,30.4,650.0,13.5,91.3,0.281458,0.028146,0.102582,1.234477,0.126635,0.61549,0.759808
2026-07-20 14:00:00,14:00,27.3,31.3,626.0,8.3,91.3,0.27153,0.027153,0.0924,1.170194,0.108126,0.554398,0.648754
2026-07-20 14:10:00,14:10,27.4,29.7,602.0,16.7,91.3,0.260631,0.026063,0.103155,1.274648,0.131487,0.618931,0.788919
2026-07-20 14:20:00,14:20,27.4,30.2,576.0,18.0,91.3,0.249627,0.024963,0.102103,1.287682,0.131476,0.612619,0.788859
2026-07-20 14:30:00,14:30,27.5,30.0,556.0,18.8,91.3,0.240775,0.024077,0.101548,1.297829,0.131792,0.609289,0.790754
2026-07-20 14:40:00,14:40,27.9,28.1,525.0,21.7,91.2,0.227037,0.022704,0.104765,1.339536,0.140337,0.628591,0.84202
2026-07-20 14:50:00,14:50,27.7,29.3,502.0,9.6,91.3,0.217342,0.021734,0.082236,1.193701,0.098165,0.493414,0.588988
2026-07-20 15:00:00,15:00,28.1,28.3,471.0,19.5,91.2,0.203929,0.020393,0.09674,1.313097,0.12703,0.580442,0.762177
2026-07-20 15:10:00,15:10,28.0,27.3,454.0,14.6,91.2,0.195925,0.019593,0.087333,1.260265,0.110063,0.523998,0.660376
2026-07-20 15:20:00,15:20,28.1,27.4,428.0,21.7,91.2,0.184765,0.018477,0.096487,1.342469,0.129531,0.578925,0.777188
2026-07-20 15:30:00,15:30,27.8,27.1,392.0,13.0,91.2,0.169625,0.016963,0.077901,1.242484,0.096791,0.467405,0.580743
2026-07-20 15:40:00,15:40,27.7,28.0,383.0,14.8,91.2,0.165167,0.016517,0.079503,1.25966,0.100147,0.477018,0.60088
2026-07-20 15:50:00,15:50,27.6,29.6,356.0,9.8,91.2,0.153972,0.015397,0.066447,1.194772,0.079389,0.39868,0.476332
2026-07-20 16:00:00,16:00,27.5,28.7,321.0,19.0,91.2,0.13928,0.013928,0.079982,1.305603,0.104424,0.479891,0.626547
2026-07-20 16:10:00,16:10,27.6,28.2,295.0,15.7,91.2,0.128194,0.012819,0.072188,1.269295,0.091628,0.433128,0.549767
2026-07-20 16:20:00,16:20,27.5,28.6,261.0,21.1,91.2,0.114405,0.011441,0.078003,1.330459,0.10378,0.468018,0.622679
2026-07-20 16:30:00,16:30,27.6,28.4,235.0,7.8,91.2,0.103611,0.010361,0.049791,1.176525,0.05858,0.298743,0.351479
2026-07-20 16:40:00,16:40,27.5,27.6,200.0,16.7,91.2,0.089725,0.008973,0.06537,1.283446,0.083898,0.392217,0.503389
2026-07-20 16:50:00,16:50,27.2,29.3,176.0,19.2,91.2,0.080114,0.008011,0.066222,1.305417,0.086447,0.397332,0.518684
2026-07-20 17:00:00,17:00,27.1,30.1,149.0,9.9,91.2,0.068828,0.006883,0.044703,1.193841,0.053368,0.268217,0.320209
2026-07-20 17:10:00,17:10,26.9,30.6,126.0,10.7,91.2,0.0578,0.00578,0.043357,1.201056,0.052074,0.260143,0.312447
2026-07-20 17:20:00,17:20,26.4,32.0,101.0,10.9,91.2,0.045833,0.004583,0.03986,1.197518,0.047733,0.239158,0.286396
2026-07-20 17:30:00,17:30,26.1,32.2,76.0,14.1,91.2,0.033832,0.003383,0.043167,1.233919,0.053265,0.259003,0.319589
2026-07-20 17:40:00,17:40,25.6,33.9,52.0,7.2,91.2,0.022352,0.002235,0.024715,1.146502,0.028336,0.148291,0.170016
2026-07-20 17:50:00,17:50,25.2,35.0,33.0,4.9,91.2,0.013254,0.001325,0.016533,1.115128,0.018436,0.099195,0.110615
2026-07-20 18:00:00,18:00,24.7,35.4,16.0,7.1,91.2,0.005093,0.000509,0.019351,1.139054,0.022042,0.116107,0.132252
2026-07-20 18:10:00,18:10,24.2,36.2,7.0,8.2,91.2,0.000783,7.8e-05,0.020272,1.148503,0.023282,0.121631,0.139693
2026-07-20 18:20:00,18:20,23.7,37.2,2.0,7.7,91.2,-0.001603,-0.000801,0.01828,1.138495,0.020811,0.109678,0.124868
2026-07-20 18:30:00,18:30,23.0,38.8,0.0,5.3,91.2,-0.015232,-0.007616,0.010586,1.103863,0.011686,0.063517,0.070114
2026-07-20 18:40:00,18:40,22.7,39.3,0.0,6.7,91.2,-0.015201,-0.0076,0.013413,1.118061,0.014997,0.080478,0.089979
2026-07-20 18:50:00,18:50,22.2,42.4,0.0,0.5,91.3,-0.014837,-0.007419,0.0,1.032924,0.0,0.0,0.0
2026-07-20 19:00:00,19:00,21.5,44.4,0.0,0.2,91.3,-0.014678,-0.007339,0.0,1.021055,0.0,0.0,0.0
2026-07-20 19:10:00,19:10,21.2,43.8,0.0,1.8,91.3,-0.0148,-0.0074,0.001949,1.042187,0.002031,0.011692,0.012186
2026-07-20 19:20:00,19:20,21.2,42.9,0.0,5.9,91.3,-0.014916,-0.007458,0.01057,1.093669,0.01156,0.063418,0.069358
2026-07-20 19:30:00,19:30,21.4,41.9,0.0,5.0,91.3,-0.01502,-0.00751,0.009009,1.087385,0.009796,0.054054,0.058777
2026-07-20 19:40:00,19:40,21.2,42.8,0.0,0.6,91.3,-0.014929,-0.007465,0.0,1.032412,0.0,0.0,0.0
2026-07-20 19:50:00,19:50,20.5,45.9,0.0,3.2,91.3,-0.014638,-0.007319,0.00465,1.049682,0.004881,0.027903,0.029289
2026-07-20 20:00:00,20:00,20.4,46.9,0.0,0.6,91.3,-0.014532,-0.007266,0.0,1.015236,0.0,0.0,0.0
2026-07-20 20:10:00,20:10,20.8,44.6,0.0,1.8,91.3,-0.014756,-0.007378,0.001878,1.038836,0.001951,0.011268,0.011706
2026-07-20 20:20:00,20:20,20.6,47.2,0.0,3.0,91.4,-0.014466,-0.007233,0.004139,1.041908,0.004312,0.024834,0.025874
2026-07-20 20:30:00,20:30,20.3,48.7,0.0,1.5,91.4,-0.014334,-0.007167,0.001028,1.018169,0.001047,0.006168,0.00628
2026-07-20 20:40:00,20:40,20.0,49.3,0.0,2.7,91.4,-0.014311,-0.007156,0.003298,1.029619,0.003396,0.019788,0.020374
2026-07-20 20:50:00,20:50,19.9,49.8,0.0,2.6,91.4,-0.01427,-0.007135,0.003057,1.026361,0.003138,0.018344,0.018828
2026-07-20 21:00:00,21:00,19.5,51.3,0.0,2.2,91.4,-0.014164,-0.007082,0.002169,1.015422,0.002202,0.013014,0.013215
2026-07-20 21:10:00,21:10,19.3,52.0,0.0,1.6,91.4,-0.014119,-0.00706,0.001019,1.005507,0.001025,0.006115,0.006148
2026-07-20 21:20:00,21:20,19.1,52.7,0.0,1.0,91.4,-0.014076,-0.007038,0.0,0.995593,0.0,0.0,0.0
2026-07-20 21:30:00,21:30,19.0,52.1,0.0,2.5,91.4,-0.014155,-0.007078,0.002604,1.015562,0.002644,0.015623,0.015866
2026-07-20 21:40:00,21:40,18.8,52.7,0.0,4.1,91.4,-0.014122,-0.007061,0.00521,1.031667,0.005375,0.031262,0.032252
2026-07-20 21:50:00,21:50,18.2,54.8,0.0,2.2,91.4,-0.013998,-0.006999,0.001831,1.00076,0.001832,0.010984,0.010992
2026-07-20 22:00:00,22:00,18.7,52.8,0.0,3.1,91.4,-0.014127,-0.007064,0.003539,1.019612,0.003608,0.021231,0.021647
2026-07-20 22:10:00,22:10,18.8,53.4,0.0,0.3,91.4,-0.014049,-0.007024,0.0,0.984514,0.0,0.0,0.0
2026-07-20 22:20:00,22:20,17.8,56.1,0.0,1.6,91.4,-0.013931,-0.006966,0.000753,0.988331,0.000744,0.004519,0.004467
2026-07-20 22:30:00,22:30,17.7,57.4,0.0,3.5,91.4,-0.013821,-0.00691,0.003558,1.004995,0.003575,0.021345,0.021452
2026-07-20 22:40:00,22:40,17.4,58.3,0.0,2.6,91.4,-0.013782,-0.006891,0.002128,0.990752,0.002108,0.012767,0.012649
2026-07-20 22:50:00,22:50,18.0,55.1,0.0,4.5,91.4,-0.013999,-0.007,0.005365,1.026268,0.005506,0.032193,0.033038
2026-07-20 23:00:00,23:00,18.2,54.8,0.0,3.8,91.4,-0.013998,-0.006999,0.004377,1.019379,0.004462,0.026264,0.026773
2026-07-20 23:10:00,23:10,18.0,57.0,0.0,1.8,91.4,-0.013812,-0.006906,0.001038,0.986888,0.001025,0.00623,0.006148
2026-07-20 23:20:00,23:20,18.1,55.5,0.0,2.6,91.4,-0.013944,-0.006972,0.002416,1.002482,0.002422,0.014497,0.014533
2026-07-20 23:30:00,23:30,18.5,54.5,0.0,3.8,91.4,-0.013982,-0.006991,0.004455,1.020636,0.004547,0.026732,0.027284
2026-07-20 23:50:00,23:50,15.9,63.6,0.0,4.1,91.5,-0.013544,-0.006772,0.003383,0.986004,0.003336,0.0203,0.020016
2026-07-21 00:00:00,00:00,15.6,66.7,0.0,2.1,91.5,-0.013336,-0.006668,0.000756,0.949743,0.000718,0.004535,0.004307
2026-07-21 00:10:00,00:10,15.4,67.9,0.0,2.5,91.4,-0.013272,-0.006636,0.001105,0.949371,0.001049,0.006631,0.006295
2026-07-21 00:20:00,00:20,15.5,66.6,0.0,5.6,91.4,-0.01336,-0.00668,0.00448,0.990891,0.00444,0.026883,0.026638
2026-07-21 00:30:00,00:30,16.0,64.6,0.0,6.6,91.4,-0.013445,-0.006722,0.005945,1.010907,0.00601,0.035669,0.036058
2026-07-21 00:40:00,00:40,16.2,63.2,0.0,4.4,91.4,-0.013532,-0.006766,0.003818,0.991171,0.003784,0.022906,0.022704
2026-07-21 00:50:00,00:50,16.3,62.4,0.0,0.9,91.3,-0.013585,-0.006792,0.0,0.953793,0.0,0.0,0.0
2026-07-21 01:00:00,01:00,16.3,61.5,0.0,3.3,91.3,-0.013663,-0.006831,0.002688,0.985492,0.002649,0.016131,0.015897
2026-07-21 01:20:00,01:20,16.3,59.8,0.0,2.4,91.3,-0.013812,-0.006906,0.001642,0.98214,0.001612,0.009851,0.009675
2026-07-21 01:30:00,01:30,16.3,60.7,0.0,1.3,91.4,-0.013733,-0.006866,5.2e-05,0.965569,5e-05,0.000313,0.000302
2026-07-21 01:40:00,01:40,16.3,58.8,0.0,5.7,91.3,-0.013901,-0.00695,0.006085,1.024732,0.006236,0.036512,0.037415
2026-07-21 01:50:00,01:50,16.9,56.5,0.0,2.4,91.2,-0.014026,-0.007013,0.001924,0.995965,0.001917,0.011546,0.011499
2026-07-21 02:00:00,02:00,16.6,57.2,0.0,3.1,91.3,-0.014003,-0.007002,0.002877,1.001178,0.002881,0.017264,0.017284
2026-07-21 02:10:00,02:10,16.8,55.7,0.0,6.4,91.2,-0.014114,-0.007057,0.007662,1.045865,0.008013,0.045972,0.048081
2026-07-21 02:20:00,02:20,17.0,54.8,0.0,3.4,91.2,-0.014172,-0.007086,0.003605,1.014724,0.003658,0.021631,0.021949
2026-07-21 02:30:00,02:30,16.7,55.0,0.0,2.3,91.2,-0.014193,-0.007097,0.001863,1.001085,0.001865,0.01118,0.011192
2026-07-21 02:40:00,02:40,16.2,56.8,0.0,8.1,91.2,-0.014094,-0.007047,0.009369,1.061039,0.009941,0.056217,0.059648
2026-07-21 02:50:00,02:50,15.7,58.7,0.0,0.8,91.3,-0.013992,-0.006996,0.0,0.968129,0.0,0.0,0.0
2026-07-21 03:00:00,03:00,16.2,56.0,0.0,2.7,91.3,-0.014166,-0.007083,0.002363,1.001551,0.002366,0.014176,0.014198
2026-07-21 03:10:00,03:10,16.0,55.6,0.0,2.9,91.2,-0.014228,-0.007114,0.002673,1.005554,0.002687,0.016036,0.016125
2026-07-21 03:20:00,03:20,16.2,54.7,0.0,1.9,91.2,-0.014285,-0.007143,0.00122,0.997687,0.001217,0.007321,0.007304
2026-07-21 03:30:00,03:30,16.2,54.5,0.0,0.8,91.2,-0.014304,-0.007152,0.0,0.985725,0.0,0.0,0.0
2026-07-21 03:40:00,03:40,16.5,53.0,0.0,3.5,91.2,-0.014407,-0.007204,0.003893,1.023428,0.003985,0.02336,0.023908
2026-07-21 03:50:00,03:50,16.7,52.4,0.0,1.1,91.2,-0.01444,-0.00722,5e-06,0.998013,5e-06,2.9e-05,2.9e-05
2026-07-21 04:00:00,04:00,16.2,54.1,0.0,4.2,91.3,-0.01434,-0.00717,0.004776,1.026966,0.004905,0.028658,0.029431
2026-07-21 04:10:00,04:10,15.9,53.8,0.0,3.9,91.3,-0.014403,-0.007202,0.004331,1.024732,0.004439,0.025989,0.026631
2026-07-21 04:20:00,04:20,16.2,54.3,0.0,0.8,91.3,-0.014322,-0.007161,0.0,0.986562,0.0,0.0,0.0
2026-07-21 04:30:00,04:30,15.9,54.1,0.0,1.0,91.3,-0.014376,-0.007188,0.0,0.989728,0.0,0.0,0.0
2026-07-21 04:40:00,04:40,16.2,52.3,1.0,2.2,91.2,-0.014028,-0.007014,0.001912,1.011233,0.001934,0.011473,0.011602
2026-07-21 04:50:00,04:50,16.2,52.4,6.0,1.0,91.2,-0.011619,-0.001162,0.0,0.99685,0.0,0.0,0.0
2026-07-21 05:00:00,05:00,16.0,53.2,15.0,0.5,91.3,-0.007247,-0.000725,0.0,0.98768,0.0,0.0,0.0
2026-07-21 05:10:00,05:10,14.8,59.7,31.0,2.3,91.4,0.000858,8.6e-05,0.003349,0.981396,0.003286,0.020093,0.019719
2026-07-21 05:20:00,05:20,14.2,62.9,47.0,1.7,91.5,0.00872,0.000872,0.004091,0.961008,0.003932,0.024547,0.02359
2026-07-21 05:30:00,05:30,14.7,63.4,66.0,0.9,91.5,0.017945,0.001795,0.005282,0.949603,0.005016,0.031692,0.030095
2026-07-21 05:40:00,05:40,16.2,56.5,85.0,0.3,91.4,-0.00627,-0.000627,0.0,0.971527,0.0,0.0,0.0
2026-07-21 06:00:00,06:00,19.1,50.3,132.0,1.9,91.4,0.015576,0.001558,0.007426,1.01612,0.007546,0.044556,0.045275
2026-07-21 06:10:00,06:10,20.5,45.0,157.0,1.9,91.4,0.026198,0.00262,0.010701,1.038324,0.011111,0.064203,0.066664
2026-07-21 06:20:00,06:20,21.1,43.5,184.0,2.5,91.4,0.038811,0.003881,0.01532,1.05159,0.016111,0.091922,0.096664
2026-07-21 06:30:00,06:30,21.4,44.1,210.0,1.4,91.4,0.051695,0.005169,0.016482,1.036276,0.01708,0.098895,0.102482
2026-07-21 06:40:00,06:40,21.3,43.2,239.0,6.7,91.4,0.065177,0.006518,0.029295,1.101722,0.032275,0.175771,0.193651
2026-07-21 06:50:00,06:50,21.6,44.3,256.0,3.5,91.4,0.076556,0.007656,0.026691,1.059876,0.028289,0.160146,0.169734
2026-07-21 07:00:00,07:00,21.8,42.5,304.0,3.9,91.4,0.096309,0.009631,0.03265,1.072071,0.035003,0.195899,0.210018
2026-07-21 07:10:00,07:10,22.1,42.1,338.0,3.5,91.4,0.112596,0.01126,0.036289,1.069092,0.038796,0.217734,0.232777
2026-07-21 07:20:00,07:20,22.3,40.5,360.0,6.8,91.4,0.124137,0.012414,0.044839,1.114197,0.04996,0.269036,0.29976
2026-07-21 07:30:00,07:30,22.8,40.8,380.0,4.0,91.4,0.136252,0.013625,0.043752,1.080357,0.047268,0.262512,0.283606
2026-07-21 07:40:00,07:40,23.5,38.1,411.0,8.5,91.4,0.150279,0.015028,0.055524,1.144034,0.063521,0.333145,0.381129
2026-07-21 07:50:00,07:50,24.2,36.6,436.0,3.7,91.4,0.162746,0.016275,0.051786,1.094461,0.056678,0.310719,0.34007
2026-07-21 08:00:00,08:00,24.3,35.3,467.0,3.4,91.4,0.176899,0.01769,0.055198,1.096416,0.060519,0.331185,0.363117
2026-07-21 08:10:00,08:10,24.8,29.7,489.0,8.7,91.3,0.185761,0.018576,0.068703,1.181552,0.081176,0.412218,0.487058
2026-07-21 08:20:00,08:20,25.2,32.8,514.0,12.5,91.4,0.20001,0.020001,0.077457,1.212786,0.093939,0.464745,0.563636
2026-07-21 08:30:00,08:30,25.0,34.2,541.0,5.9,91.4,0.213698,0.02137,0.069872,1.130117,0.078963,0.41923,0.473779
2026-07-21 08:40:00,08:40,24.9,32.4,565.0,8.2,91.3,0.224614,0.022461,0.076605,1.164423,0.0892,0.459628,0.535201
2026-07-21 08:50:00,08:50,25.3,33.4,593.0,4.1,91.4,0.238522,0.023852,0.073811,1.112521,0.082116,0.442867,0.492699
2026-07-21 09:00:00,09:00,25.1,32.7,605.0,6.2,91.3,0.245265,0.024526,0.078841,1.139892,0.089871,0.473048,0.539224
2026-07-21 09:20:00,09:20,25.4,33.2,687.0,6.3,91.4,0.281642,0.028164,0.088491,1.138961,0.100788,0.530948,0.604729
2026-07-21 09:40:00,09:40,26.3,33.8,700.0,8.9,91.4,0.291584,0.029158,0.09582,1.166703,0.111794,0.574922,0.670764
2026-07-21 10:00:00,10:00,25.9,31.4,713.0,6.5,91.3,0.298767,0.029877,0.094378,1.148829,0.108424,0.566268,0.650545
2026-07-21 10:10:00,10:10,25.9,31.9,699.0,12.4,91.3,0.294994,0.029499,0.101193,1.215393,0.12299,0.60716,0.737937
2026-07-21 10:30:00,10:30,25.7,33.3,765.0,13.3,91.3,0.324464,0.032446,0.108014,1.220001,0.131777,0.648083,0.790661
2026-07-21 10:40:00,10:40,25.4,34.2,782.0,21.5,91.3,0.332755,0.033276,0.116122,1.311654,0.152312,0.696731,0.913871
2026-07-21 10:50:00,10:50,25.3,34.9,792.0,14.4,91.4,0.338115,0.033812,0.1105,1.226099,0.135484,0.662998,0.812901
2026-07-21 11:00:00,11:00,25.2,35.4,790.0,20.6,91.3,0.338412,0.033841,0.115198,1.296153,0.149315,0.691191,0.89589
2026-07-21 11:10:00,11:10,25.4,36.3,803.0,19.5,91.3,0.344988,0.034499,0.115688,1.279582,0.148032,0.694128,0.888194
2026-07-21 11:20:00,11:20,25.5,35.7,833.0,19.5,91.3,0.357699,0.03577,0.119069,1.282096,0.152657,0.714412,0.915944
2026-07-21 11:30:00,11:30,25.3,37.5,635.0,8.9,91.4,0.277894,0.027789,0.089481,1.151203,0.103011,0.536888,0.618067
2026-07-21 11:40:00,11:40,25.4,36.9,817.0,17.7,91.3,0.352788,0.035279,0.115624,1.256122,0.145238,0.693742,0.871425
2026-07-21 11:50:00,11:50,25.6,36.8,817.0,17.5,91.3,0.353246,0.035325,0.116151,1.254214,0.145679,0.696908,0.874071
2026-07-21 12:00:00,12:00,25.4,36.3,817.0,21.5,91.3,0.35327,0.035327,0.118887,1.302856,0.154893,0.713324,0.929359
2026-07-21 12:20:00,12:20,26.0,35.7,477.0,15.7,91.3,0.213889,0.021389,0.084847,1.237875,0.10503,0.509084,0.630182
2026-07-21 12:30:00,12:30,25.5,36.1,656.0,14.8,91.3,0.2875,0.02875,0.09925,1.225726,0.121653,0.595497,0.729917
2026-07-21 12:40:00,12:40,25.4,35.8,318.0,15.8,91.3,0.148529,0.014853,0.069233,1.23862,0.085754,0.4154,0.514523
2026-07-21 12:50:00,12:50,24.5,38.0,114.0,6.1,91.4,0.052198,0.00522,0.028182,1.116525,0.031466,0.169091,0.188795
2026-07-21 13:00:00,13:00,23.9,38.9,76.0,13.3,91.4,0.033966,0.003397,0.036431,1.196541,0.043591,0.218587,0.261549
2026-07-21 13:10:00,13:10,23.5,40.1,88.0,12.1,91.4,0.039746,0.003975,0.034862,1.177549,0.041052,0.209173,0.246312
2026-07-21 13:20:00,13:20,23.3,40.8,128.0,18.8,91.4,0.058958,0.005896,0.048185,1.252585,0.060356,0.28911,0.362135
2026-07-21 13:30:00,13:30,23.1,41.3,268.0,33.7,91.2,0.126165,0.012616,0.074835,1.423881,0.106556,0.449009,0.639335
2026-07-21 13:40:00,13:40,24.3,40.6,718.0,21.3,91.3,0.312418,0.031242,0.104333,1.282515,0.133809,0.626,0.802854
2026-07-21 13:50:00,13:50,24.1,39.6,851.0,25.2,91.2,0.365912,0.036591,0.117229,1.332089,0.15616,0.703376,0.93696
2026-07-21 14:00:00,14:00,24.6,39.4,349.0,18.1,91.3,0.160057,0.016006,0.071242,1.250304,0.089074,0.427453,0.534447
2026-07-21 14:10:00,14:10,23.3,40.9,266.0,19.9,91.2,0.1252,0.01252,0.062873,1.264966,0.079533,0.37724,0.477196
2026-07-21 14:20:00,14:20,23.8,39.7,630.0,22.5,91.2,0.273384,0.027338,0.096657,1.30025,0.125678,0.579941,0.754068
2026-07-21 14:30:00,14:30,23.9,39.8,683.0,15.2,91.2,0.294074,0.029407,0.095685,1.214881,0.116246,0.574111,0.697476
2026-07-21 14:40:00,14:40,23.5,40.0,175.0,14.4,91.2,0.081504,0.00815,0.047663,1.204733,0.057421,0.285978,0.344527
2026-07-21 14:50:00,14:50,23.7,40.0,530.0,18.9,91.2,0.230426,0.023043,0.084717,1.2571,0.106498,0.508301,0.638985
2026-07-21 15:00:00,15:00,23.8,38.9,154.0,13.4,91.2,0.071404,0.00714,0.044821,1.197704,0.053682,0.268927,0.322095
2026-07-21 15:10:00,15:10,23.5,39.6,155.0,14.2,91.2,0.071894,0.007189,0.045471,1.204081,0.054751,0.272825,0.328504
2026-07-21 15:20:00,15:20,23.4,40.2,166.0,13.5,91.2,0.077186,0.007719,0.045215,1.193422,0.053961,0.271293,0.323767
2026-07-21 15:30:00,15:30,23.1,41.3,108.0,11.6,91.2,0.049365,0.004936,0.035364,1.166703,0.041259,0.212183,0.247554
2026-07-21 15:40:00,15:40,23.1,40.9,131.0,14.5,91.3,0.060395,0.00604,0.042346,1.202126,0.050905,0.254076,0.305432
2026-07-21 15:50:00,15:50,23.0,41.4,113.0,13.0,91.3,0.051764,0.005176,0.037932,1.182576,0.044857,0.227592,0.269145
2026-07-21 16:00:00,16:00,22.7,43.2,110.0,11.0,91.3,0.050359,0.005036,0.033584,1.151761,0.03868,0.201502,0.232082
2026-07-21 16:10:00,16:10,22.4,43.6,72.0,8.0,91.3,0.03212,0.003212,0.024221,1.115175,0.027011,0.145325,0.162063
2026-07-21 16:30:00,16:30,21.9,45.0,54.0,14.4,91.3,0.023497,0.00235,0.031213,1.183786,0.03695,0.18728,0.2217
2026-07-21 16:40:00,16:40,22.0,45.2,84.0,12.5,91.4,0.037904,0.00379,0.031662,1.160838,0.036754,0.189971,0.220526
2026-07-21 16:50:00,16:50,22.0,44.5,66.0,17.8,91.3,0.029249,0.002925,0.037197,1.225447,0.045583,0.223181,0.273497
2026-07-21 17:00:00,17:00,21.9,44.7,39.0,13.8,91.4,0.016291,0.001629,0.029004,1.178061,0.034169,0.174024,0.205011
2026-07-21 17:10:00,17:10,21.7,45.3,34.0,11.0,91.4,0.013898,0.00139,0.023958,1.142964,0.027384,0.14375,0.164301
2026-07-21 17:20:00,17:20,21.7,45.2,51.0,13.8,91.3,0.022056,0.002206,0.029828,1.175966,0.035077,0.178968,0.210461
2026-07-21 17:30:00,17:30,21.4,45.9,48.0,12.5,91.4,0.020623,0.002062,0.027189,1.157906,0.031482,0.163133,0.188892
2026-07-21 17:40:00,17:40,21.1,47.6,10.0,5.9,91.4,0.00241,0.000241,0.012056,1.07398,0.012948,0.072335,0.077686
2026-07-21 17:50:00,17:50,21.0,47.9,10.0,4.4,91.4,0.002414,0.000241,0.009305,1.055267,0.009819,0.055828,0.058914
2026-07-21 18:00:00,18:00,20.8,47.6,5.0,5.3,91.4,2e-06,1e-06,0.010352,1.066997,0.011045,0.06211,0.066271
2026-07-21 18:10:00,18:10,20.5,48.3,1.0,13.8,91.4,-0.001912,-0.000956,0.022762,1.16298,0.026471,0.13657,0.158828
2026-07-21 18:20:00,18:20,20.2,48.4,0.0,11.2,91.4,-0.014385,-0.007192,0.017527,1.132304,0.019846,0.105162,0.119075
2026-07-21 18:30:00,18:30,20.1,48.5,0.0,6.3,91.5,-0.014388,-0.007194,0.009853,1.074864,0.010591,0.05912,0.063545
2026-07-21 18:40:00,18:40,20.2,47.6,0.0,2.6,91.5,-0.014479,-0.007239,0.003277,1.035577,0.003394,0.019662,0.020361
2026-07-21 18:50:00,18:50,19.8,52.9,0.0,4.5,91.6,-0.013939,-0.006969,0.006007,1.035484,0.00622,0.036043,0.037322
2026-07-21 19:00:00,19:00,19.5,52.9,0.0,5.3,91.6,-0.013989,-0.006995,0.007232,1.044794,0.007556,0.043394,0.045338
2026-07-21 19:10:00,19:10,19.4,52.7,0.0,4.5,91.6,-0.014027,-0.007014,0.005968,1.036322,0.006185,0.03581,0.037111
2026-07-21 19:20:00,19:20,19.2,55.0,0.0,2.8,91.6,-0.013815,-0.006908,0.002891,1.006904,0.002911,0.017347,0.017467
2026-07-21 19:30:00,19:30,18.8,57.3,0.0,3.7,91.6,-0.013648,-0.006824,0.004006,1.007742,0.004037,0.024038,0.024224
2026-07-21 19:40:00,19:40,18.5,60.9,0.0,1.8,91.6,-0.013346,-0.006673,0.000858,0.97055,0.000832,0.005146,0.004995
2026-07-21 20:00:00,20:00,17.5,66.7,0.0,1.5,91.6,-0.012999,-0.0065,0.000123,0.942761,0.000116,0.000736,0.000694
2026-07-21 20:10:00,20:10,17.3,66.6,0.0,1.2,91.7,-0.013046,-0.006523,0.0,0.939689,0.0,0.0,0.0
2026-07-21 20:20:00,20:20,17.3,67.4,0.0,3.2,91.6,-0.012976,-0.006488,0.00206,0.959611,0.001976,0.012357,0.011858
2026-07-21 20:30:00,20:30,17.2,66.1,0.0,0.7,91.6,-0.013109,-0.006554,0.0,0.935965,0.0,0.0,0.0
2026-07-21 20:40:00,20:40,16.9,67.0,0.0,2.7,91.6,-0.013086,-0.006543,0.0015,0.955468,0.001433,0.008999,0.008599
2026-07-21 20:50:00,20:50,17.0,65.5,0.0,4.9,91.6,-0.013198,-0.006599,0.00416,0.987354,0.004108,0.024961,0.024646
2026-07-21 21:00:00,21:00,16.6,67.2,0.0,2.9,91.7,-0.013124,-0.006562,0.001691,0.956958,0.001618,0.010144,0.009708
2026-07-21 21:10:00,21:10,16.4,67.9,0.0,4.2,91.7,-0.013101,-0.006551,0.002995,0.969153,0.002903,0.017972,0.017417
2026-07-21 21:20:00,21:20,16.3,67.7,0.0,3.0,91.7,-0.013135,-0.006568,0.001733,0.956027,0.001657,0.010397,0.00994
2026-07-21 21:30:00,21:30,16.3,67.7,0.0,2.7,91.7,-0.013135,-0.006568,0.001403,0.952536,0.001336,0.008418,0.008018
2026-07-21 21:40:00,21:40,16.3,66.9,0.0,2.8,91.7,-0.013202,-0.006601,0.001584,0.957051,0.001516,0.009502,0.009094
2026-07-21 21:50:00,21:50,16.2,66.8,0.0,1.7,91.7,-0.013228,-0.006614,0.000314,0.944669,0.000297,0.001883,0.001779
2026-07-21 22:00:00,22:00,16.2,67.3,0.0,3.3,91.8,-0.013186,-0.006593,0.002095,0.961194,0.002014,0.01257,0.012082
2026-07-21 22:10:00,22:10,16.9,63.0,0.0,16.6,91.8,-0.013435,-0.006717,0.015667,1.13398,0.017766,0.094003,0.106597
2026-07-21 22:20:00,22:20,17.7,62.2,0.0,19.8,91.9,-0.013369,-0.006684,0.018954,1.17457,0.022263,0.113724,0.133576
2026-07-21 22:30:00,22:30,17.1,60.3,0.0,21.6,91.8,-0.013645,-0.006822,0.020848,1.203476,0.02509,0.125087,0.150539
2026-07-21 22:40:00,22:40,16.3,62.3,0.0,11.3,91.8,-0.013593,-0.006797,0.011212,1.075236,0.012056,0.067275,0.072336
2026-07-21 22:50:00,22:50,16.0,63.3,0.0,22.3,91.8,-0.013554,-0.006777,0.018883,1.199054,0.022642,0.113297,0.135849
2026-07-21 23:10:00,23:10,16.8,60.0,0.0,15.0,91.7,-0.013719,-0.00686,0.015591,1.127929,0.017586,0.093547,0.105515
2026-07-21 23:20:00,23:20,16.2,65.5,0.0,11.5,91.8,-0.013336,-0.006668,0.0103,1.064158,0.010961,0.061799,0.065764
2026-07-21 23:40:00,23:40,16.5,67.5,0.0,12.9,91.8,-0.013117,-0.006558,0.010821,1.072071,0.011601,0.064927,0.069606
2026-07-21 23:50:00,23:50,16.3,68.8,0.0,19.8,91.8,-0.013044,-0.006522,0.014713,1.14692,0.016874,0.088276,0.101245
2026-07-23 00:00:00,00:00,16.1,68.9,0.0,10.9,91.8,-0.013072,-0.006536,0.008689,1.042932,0.009062,0.052133,0.054371
2026-07-23 00:10:00,00:10,16.2,67.0,0.0,11.9,91.8,-0.013211,-0.006606,0.01012,1.062529,0.010753,0.060722,0.064519
2026-07-23 00:20:00,00:20,16.4,63.8,0.0,13.1,91.7,-0.013448,-0.006724,0.012294,1.089899,0.013399,0.073764,0.080395
2026-07-23 00:30:00,00:30,16.5,61.9,0.0,6.1,91.7,-0.013597,-0.006798,0.006051,1.0164,0.00615,0.036304,0.0369
2026-07-23 00:50:00,00:50,16.6,63.3,0.0,0.0,91.8,-0.013458,-0.006729,0.0,0.939549,0.0,0.0,0.0
2026-07-23 01:00:00,01:00,16.1,67.0,0.0,4.7,91.8,-0.013228,-0.006614,0.003608,0.978742,0.003531,0.021647,0.021187
2026-07-23 01:10:00,01:10,15.4,70.2,0.0,0.9,91.8,-0.01309,-0.006545,0.0,0.921116,0.0,0.0,0.0
2026-07-23 01:20:00,01:20,15.0,71.8,0.0,2.7,91.8,-0.013035,-0.006518,0.000985,0.93536,0.000921,0.00591,0.005528
2026-07-23 01:30:00,01:30,14.5,73.9,0.0,2.9,91.8,-0.012964,-0.006482,0.000957,0.928889,0.000889,0.005745,0.005336
2026-07-23 01:40:00,01:40,14.2,74.7,0.0,3.8,91.8,-0.012956,-0.006478,0.001593,0.936011,0.001491,0.00956,0.008948
2026-07-23 01:50:00,01:50,14.2,74.8,0.0,1.4,91.8,-0.012949,-0.006474,0.0,0.907663,0.0,0.0,0.0
2026-07-23 02:00:00,02:00,14.3,73.9,0.0,5.0,91.8,-0.012997,-0.006499,0.002642,0.953327,0.002519,0.015851,0.015111
2026-07-23 02:10:00,02:10,14.4,71.7,0.0,2.5,91.8,-0.013142,-0.006571,0.000775,0.933451,0.000723,0.00465,0.004341
2026-07-23 02:20:00,02:20,14.0,72.0,0.0,2.8,91.7,-0.013183,-0.006592,0.001004,0.935685,0.000939,0.006023,0.005636
2026-07-23 02:30:00,02:30,14.0,73.2,0.0,4.7,91.7,-0.013096,-0.006548,0.002476,0.952769,0.002359,0.014855,0.014153
2026-07-23 02:40:00,02:40,13.7,74.2,0.0,7.1,91.7,-0.013073,-0.006536,0.004032,0.976508,0.003938,0.024195,0.023627
2026-07-23 02:50:00,02:50,13.6,74.5,0.0,7.2,91.7,-0.013067,-0.006534,0.004024,0.976415,0.003929,0.024142,0.023573
2026-07-23 03:00:00,03:00,13.8,73.5,0.0,4.9,91.7,-0.013107,-0.006553,0.00257,0.953839,0.002451,0.015418,0.014706
2026-07-23 03:10:00,03:10,13.8,73.8,0.0,4.6,91.7,-0.013085,-0.006543,0.002295,0.949091,0.002178,0.013772,0.013071
2026-07-23 03:20:00,03:20,13.7,74.4,0.0,4.1,91.8,-0.013059,-0.006529,0.001825,0.940759,0.001717,0.010951,0.010302
2026-07-23 03:30:00,03:30,13.7,75.1,0.0,7.5,91.8,-0.01301,-0.006505,0.004115,0.977392,0.004022,0.024688,0.02413
2026-07-23 03:40:00,03:40,13.3,77.2,0.0,5.6,91.8,-0.012929,-0.006465,0.002446,0.946485,0.002315,0.014675,0.01389
2026-07-23 04:00:00,04:00,13.5,77.0,0.0,1.6,91.8,-0.012911,-0.006455,0.0,0.900774,0.0,0.0,0.0
2026-07-23 04:10:00,04:10,13.7,76.4,0.0,5.7,91.8,-0.012919,-0.00646,0.002684,0.951,0.002552,0.016104,0.015315
2026-07-23 04:20:00,04:20,13.8,76.6,0.0,5.3,91.8,-0.012889,-0.006444,0.002394,0.945507,0.002263,0.014363,0.013581
2026-07-23 04:30:00,04:30,13.6,77.3,0.0,5.3,91.8,-0.012874,-0.006437,0.002265,0.942574,0.002135,0.013593,0.012812
2026-07-23 04:40:00,04:40,13.4,78.4,1.0,5.1,91.9,-0.012352,-0.006176,0.002009,0.935639,0.00188,0.012055,0.011279
2026-07-23 04:50:00,04:50,13.4,78.8,8.0,4.3,91.9,-0.008965,-0.000896,0.001017,0.924653,0.00094,0.006099,0.00564
2026-07-23 05:00:00,05:00,13.5,78.5,24.0,0.6,91.9,-0.001288,-0.000129,0.000153,0.882853,0.000135,0.000919,0.000811
2026-07-23 05:10:00,05:10,13.8,78.2,31.0,4.6,91.9,0.002102,0.00021,0.003598,0.930658,0.003348,0.021588,0.020091
2026-07-23 05:20:00,05:20,13.8,77.7,25.0,1.8,91.9,-0.000812,-8.1e-05,0.001172,0.900169,0.001055,0.007032,0.00633
2026-07-23 05:40:00,05:40,14.2,77.2,67.0,3.0,91.9,-0.010434,-0.001043,8e-06,0.916228,7e-06,4.7e-05,4.3e-05
2026-07-23 05:50:00,05:50,14.7,73.8,44.0,3.9,91.9,-0.009634,-0.000963,0.001295,0.940945,0.001219,0.00777,0.007311
2026-07-23 06:00:00,06:00,14.7,71.7,27.0,5.1,91.9,0.010555,0.001056,0.006828,0.963707,0.00658,0.040969,0.039482
2026-07-23 06:10:00,06:10,14.9,71.9,60.0,5.3,91.9,0.015684,0.001568,0.008056,0.965197,0.007775,0.048333,0.046651
2026-07-23 06:20:00,06:20,15.0,70.9,56.0,3.1,91.9,0.02137,0.002137,0.007739,0.943785,0.007304,0.046435,0.043825
2026-07-23 06:30:00,06:30,15.1,69.7,36.0,5.9,91.9,0.015083,0.001508,0.008824,0.981396,0.00866,0.052946,0.051961
2026-07-23 06:40:00,06:40,15.1,69.3,56.0,8.1,91.9,0.024678,0.002468,0.01247,1.008673,0.012578,0.074819,0.075468
2026-07-23 06:50:00,06:50,15.3,69.0,32.0,3.0,91.9,0.01316,0.001316,0.006088,0.950581,0.005787,0.036529,0.034724
2026-07-23 07:00:00,07:00,15.4,68.2,57.0,5.4,91.9,0.025152,0.002515,0.010885,0.981861,0.010688,0.065313,0.064128
2026-07-23 07:10:00,07:10,15.6,67.6,67.0,4.4,91.9,0.029949,0.002995,0.01124,0.972738,0.010934,0.067441,0.065602
2026-07-23 07:20:00,07:20,15.8,67.2,80.0,8.2,91.9,0.03619,0.003619,0.015644,1.018634,0.015935,0.093862,0.095611
2026-07-23 07:30:00,07:30,15.7,69.4,100.0,8.2,92.0,0.045816,0.004582,0.016976,1.009417,0.017136,0.101858,0.102817
2026-07-23 07:40:00,07:40,15.4,71.5,123.0,9.0,92.0,0.056875,0.005688,0.018914,1.00993,0.019101,0.113481,0.114608
2026-07-23 07:50:00,07:50,15.7,70.3,147.0,5.0,92.0,0.067227,0.006723,0.01931,0.968409,0.0187,0.115859,0.112198
2026-07-23 08:00:00,08:00,15.9,68.6,162.0,3.5,92.0,0.073835,0.007384,0.02017,0.958075,0.019324,0.12102,0.115946
2026-07-23 08:10:00,08:10,16.2,68.0,189.0,5.3,91.9,0.08494,0.008494,0.023949,0.981535,0.023507,0.143693,0.141039
2026-07-23 08:20:00,08:20,16.4,66.5,203.0,1.5,91.9,0.091317,0.009132,0.023236,0.943599,0.021926,0.139417,0.131553
2026-07-23 08:30:00,08:30,16.8,65.1,265.0,3.0,91.9,0.115908,0.011591,0.030252,0.966919,0.029251,0.181513,0.175509
2026-07-23 08:40:00,08:40,17.3,61.3,223.0,1.0,91.8,0.100959,0.010096,0.025816,0.959565,0.024772,0.154896,0.148632
2026-07-23 08:50:00,08:50,17.6,61.1,264.0,2.7,91.8,0.117797,0.01178,0.031419,0.980185,0.030797,0.188515,0.18478
2026-07-23 09:00:00,09:00,17.6,60.1,205.0,1.7,91.8,0.095765,0.009577,0.025424,0.972738,0.024731,0.152545,0.148386
2026-07-23 09:10:00,09:10,17.6,60.8,191.0,3.0,91.8,0.089427,0.008943,0.025076,0.984933,0.024698,0.150454,0.148187
2026-07-23 09:20:00,09:20,17.5,61.2,175.0,5.2,91.8,0.081751,0.008175,0.025145,1.008859,0.025368,0.150873,0.152209
2026-07-23 09:30:00,09:30,17.7,60.4,144.0,0.3,91.8,0.066864,0.006686,0.01696,0.955189,0.0162,0.101758,0.097198
2026-07-23 09:40:00,09:40,17.7,60.4,105.0,3.2,91.8,0.048144,0.004814,0.015762,0.988936,0.015587,0.094571,0.093525
2026-07-23 09:50:00,09:50,17.7,61.5,118.0,4.7,91.9,0.054401,0.00544,0.018609,1.001784,0.018642,0.111655,0.111854
2026-07-23 10:00:00,10:00,17.4,61.9,135.0,4.1,91.9,0.062559,0.006256,0.019682,0.993126,0.019547,0.118093,0.117282
2026-07-23 10:10:00,10:10,17.4,61.7,128.0,4.7,91.9,0.059196,0.00592,0.019523,1.000946,0.019541,0.117138,0.117248
2026-07-23 10:20:00,10:20,17.4,61.1,143.0,3.1,91.8,0.066386,0.006639,0.019694,0.98484,0.019395,0.118163,0.116372
2026-07-23 10:30:00,10:30,17.5,59.2,145.0,0.6,91.8,0.06732,0.006732,0.017378,0.963707,0.016747,0.104269,0.100485
2026-07-23 10:40:00,10:40,17.8,58.9,132.0,2.7,91.8,0.061083,0.006108,0.018424,0.989402,0.018229,0.110545,0.109373
2026-07-23 10:50:00,10:50,18.0,59.0,156.0,5.0,91.8,0.07261,0.007261,0.023582,1.015748,0.023954,0.141494,0.143723
2026-07-23 11:10:00,11:10,18.7,57.7,196.0,2.4,91.8,0.091809,0.009181,0.025921,0.990938,0.025686,0.155525,0.154115
2026-07-23 11:20:00,11:20,19.0,55.7,236.0,3.5,91.7,0.110984,0.011098,0.032056,1.012117,0.032444,0.192334,0.194665
2026-07-23 11:30:00,11:30,18.7,55.6,210.0,4.0,91.7,0.098494,0.009849,0.02946,1.018355,0.030001,0.176762,0.180006
2026-07-23 11:40:00,11:40,18.4,55.8,131.0,4.9,91.7,0.060569,0.006057,0.021506,1.02799,0.022108,0.129034,0.132646
2026-07-23 11:50:00,11:50,18.3,56.5,160.0,2.1,91.7,0.074498,0.00745,0.021335,0.992474,0.021175,0.128011,0.127047
2026-07-23 12:00:00,12:00,18.6,55.5,209.0,0.6,91.7,0.098009,0.009801,0.025475,0.979208,0.024945,0.152847,0.149669
2026-07-23 12:10:00,12:10,18.8,54.6,248.0,5.0,91.7,0.116719,0.011672,0.034921,1.034181,0.036114,0.209525,0.216687
2026-07-23 12:20:00,12:20,18.8,54.0,212.0,6.3,91.6,0.099429,0.009943,0.032412,1.051823,0.034092,0.194471,0.204549
2026-07-23 12:40:00,12:40,19.1,53.7,212.0,8.8,91.7,0.099432,0.009943,0.035179,1.082172,0.038069,0.211071,0.228415
2026-07-23 12:50:00,12:50,18.9,53.8,182.0,0.9,91.6,0.085028,0.008503,0.022805,0.989821,0.022573,0.136828,0.135435
2026-07-23 13:00:00,13:00,19.0,53.8,192.0,4.6,91.7,0.089831,0.008983,0.028564,1.032878,0.029503,0.171385,0.17702
2026-07-23 13:10:00,13:10,19.0,54.6,171.0,5.1,91.7,0.079765,0.007976,0.026666,1.035345,0.027608,0.159993,0.165648
2026-07-23 13:20:00,13:20,18.6,54.5,160.0,11.4,91.6,0.074472,0.007447,0.031671,1.109077,0.035126,0.190026,0.210753
2026-07-23 13:30:00,13:30,18.6,55.5,147.0,12.5,91.7,0.068249,0.006825,0.031023,1.117688,0.034674,0.186136,0.208042
2026-07-23 13:40:00,13:40,18.7,54.9,143.0,12.2,91.7,0.066322,0.006632,0.030683,1.116711,0.034265,0.184101,0.205587
2026-07-23 13:50:00,13:50,18.5,55.5,125.0,11.6,91.7,0.057687,0.005769,0.027999,1.107215,0.031001,0.167996,0.186008
2026-07-23 14:00:00,14:00,18.2,55.8,128.0,10.8,91.7,0.059124,0.005912,0.027215,1.096649,0.029845,0.163289,0.179071
2026-07-23 14:10:00,14:10,18.1,56.3,144.0,12.3,91.7,0.066809,0.006681,0.029837,1.112009,0.033179,0.179022,0.199074
2026-07-23 14:20:00,14:20,18.0,56.7,141.0,22.2,91.6,0.065373,0.006537,0.036408,1.22554,0.044619,0.218448,0.267716
2026-07-23 14:30:00,14:30,17.8,57.4,123.0,21.4,91.7,0.056739,0.005674,0.033815,1.213298,0.041028,0.202892,0.246169
2026-07-23 14:50:00,14:50,17.7,57.5,109.0,19.5,91.7,0.050018,0.005002,0.03125,1.190769,0.037212,0.187502,0.223271
2026-07-23 15:00:00,15:00,17.6,58.1,104.0,18.6,91.7,0.047625,0.004763,0.029804,1.177782,0.035102,0.178822,0.210614
2026-07-23 15:10:00,15:10,17.5,58.0,116.0,18.9,91.7,0.053381,0.005338,0.030976,1.181692,0.036604,0.185856,0.219624
2026-07-23 15:20:00,15:20,17.5,58.4,125.0,17.6,91.7,0.057707,0.005771,0.030672,1.164888,0.035729,0.184031,0.214376
2026-07-23 15:30:00,15:30,17.4,58.6,125.0,16.5,91.7,0.057708,0.005771,0.029733,1.151249,0.034231,0.1784,0.205383
2026-07-23 15:40:00,15:40,17.4,59.4,115.0,14.8,91.7,0.05292,0.005292,0.027291,1.128115,0.030787,0.163743,0.184721
2026-07-23 15:50:00,15:50,17.3,59.0,117.0,18.4,91.7,0.053871,0.005387,0.030031,1.171684,0.035187,0.180187,0.211122
2026-07-23 16:00:00,16:00,17.2,59.3,93.0,15.3,91.7,0.042353,0.004235,0.025579,1.134352,0.029015,0.153473,0.174092
2026-07-23 16:10:00,16:10,17.2,59.3,84.0,14.5,91.7,0.038033,0.003803,0.024171,1.125043,0.027193,0.145026,0.16316
2026-07-23 16:20:00,16:20,17.2,59.2,51.0,11.8,91.7,0.022192,0.002219,0.018918,1.094042,0.020698,0.11351,0.124185
2026-07-23 16:30:00,16:30,17.1,59.4,68.0,11.8,91.7,0.030352,0.003035,0.020384,1.093204,0.022284,0.122303,0.133703
2026-07-23 16:50:00,16:50,16.9,59.8,41.0,19.8,91.7,0.017393,0.001739,0.023895,1.184624,0.028306,0.143368,0.169838
2026-07-23 17:00:00,17:00,16.9,60.5,48.0,18.3,91.8,0.020764,0.002076,0.023087,1.164236,0.026879,0.138523,0.161273
2026-07-23 17:10:00,17:10,16.7,60.8,34.0,10.5,91.8,0.014043,0.001404,0.015344,1.072211,0.016452,0.092063,0.098711
2026-07-23 17:20:00,17:20,16.6,61.5,13.0,8.9,91.8,0.003971,0.000397,0.011551,1.050659,0.012136,0.069306,0.072817
2026-07-23 17:30:00,17:30,16.5,61.3,7.0,9.8,91.8,0.001085,0.000109,0.011877,1.06197,0.012613,0.071264,0.07568
2026-07-23 17:40:00,17:40,16.7,60.5,3.0,9.6,91.8,-0.000842,-0.000421,0.011679,1.062994,0.012414,0.070072,0.074486
2026-07-23 17:50:00,17:50,16.6,61.3,2.0,10.4,91.8,-0.001312,-0.000656,0.012133,1.068952,0.01297,0.072797,0.077817
2026-07-23 18:00:00,18:00,16.5,61.6,1.0,9.6,91.8,-0.001791,-0.000895,0.011178,1.058386,0.011831,0.067069,0.070985
2026-07-23 18:10:00,18:10,16.2,62.3,0.0,12.6,91.9,-0.013609,-0.006804,0.012346,1.090365,0.013462,0.074075,0.080769
2026-07-23 18:40:00,18:40,15.7,64.7,0.0,7.7,91.9,-0.013484,-0.006742,0.006979,1.023289,0.007142,0.041876,0.042852
2026-07-23 18:50:00,18:50,15.7,66.0,0.0,3.6,92.0,-0.013377,-0.006688,0.002527,0.970131,0.002451,0.01516,0.014708
2026-07-23 19:00:00,19:00,15.4,67.7,0.0,10.7,92.1,-0.013288,-0.006644,0.008718,1.045632,0.009116,0.052308,0.054695
2026-07-23 19:10:00,19:10,15.1,67.8,0.0,0.0,92.0,-0.013328,-0.006664,0.0,0.920697,0.0,0.0,0.0
2026-07-23 19:20:00,19:20,15.0,67.5,0.0,4.6,92.0,-0.013367,-0.006684,0.003308,0.975484,0.003227,0.019846,0.01936
2026-07-23 19:30:00,19:30,15.0,67.5,0.0,9.5,92.0,-0.013367,-0.006684,0.007701,1.032505,0.007952,0.046208,0.04771
2026-07-23 19:40:00,19:40,14.8,68.3,0.0,6.7,92.0,-0.013336,-0.006668,0.005103,0.99657,0.005086,0.030619,0.030514
2026-07-23 19:50:00,19:50,14.6,68.8,0.0,6.8,92.0,-0.013328,-0.006664,0.005055,0.995639,0.005033,0.030328,0.030195
2026-07-23 20:00:00,20:00,14.6,69.2,0.0,4.0,92.0,-0.013298,-0.006649,0.002458,0.96138,0.002363,0.014748,0.014178
2026-07-23 20:10:00,20:10,14.5,69.9,0.0,1.1,92.0,-0.013261,-0.00663,0.0,0.9247,0.0,0.0,0.0
2026-07-23 20:20:00,20:20,14.3,70.5,0.0,6.2,92.0,-0.013247,-0.006623,0.004174,0.981535,0.004097,0.025047,0.024584
2026-07-23 20:30:00,20:30,14.3,70.8,0.0,3.4,92.0,-0.013224,-0.006612,0.00169,0.947695,0.001601,0.010139,0.009608
2026-07-23 20:40:00,20:40,14.4,70.1,0.0,0.9,92.0,-0.013261,-0.006631,0.0,0.921535,0.0,0.0,0.0
2026-07-23 20:50:00,20:50,14.4,70.0,0.0,3.6,92.0,-0.013268,-0.006634,0.001969,0.953374,0.001877,0.011813,0.011262
2026-07-23 21:10:00,21:10,14.5,69.5,0.0,2.7,92.0,-0.013291,-0.006645,0.001151,0.944995,0.001087,0.006904,0.006524
2026-07-23 21:20:00,21:20,14.4,70.6,0.0,2.3,92.1,-0.013224,-0.006612,0.000669,0.935732,0.000626,0.004016,0.003758
2026-07-23 21:30:00,21:30,14.1,72.2,0.0,3.6,92.1,-0.013153,-0.006576,0.001709,0.944157,0.001613,0.010251,0.009679
2026-07-23 21:40:00,21:40,13.9,73.7,0.0,3.3,92.1,-0.013077,-0.006538,0.001285,0.934382,0.0012,0.007707,0.007201
2026-07-23 21:50:00,21:50,14.0,73.4,0.0,3.6,92.1,-0.013082,-0.006541,0.001571,0.93913,0.001475,0.009426,0.008852
2026-07-23 22:00:00,22:00,14.1,72.7,0.0,0.8,92.1,-0.013117,-0.006558,0.0,0.909479,0.0,0.0,0.0
2026-07-23 22:10:00,22:10,14.1,72.7,0.0,1.9,92.1,-0.013117,-0.006558,0.000147,0.92228,0.000136,0.000884,0.000815
2026-07-23 22:20:00,22:20,14.1,72.8,0.0,0.6,92.1,-0.013109,-0.006555,0.0,0.906732,0.0,0.0,0.0
2026-07-23 22:30:00,22:30,13.9,73.7,0.0,3.0,92.1,-0.013077,-0.006538,0.001034,0.930891,0.000963,0.006205,0.005776
2026-07-23 22:40:00,22:40,13.8,73.9,0.0,2.8,92.0,-0.013078,-0.006539,0.000841,0.927726,0.000781,0.005048,0.004684
2026-07-23 22:50:00,22:50,13.8,73.7,0.0,4.7,92.0,-0.013092,-0.006546,0.002396,0.950674,0.002278,0.014375,0.013666
2026-07-23 23:00:00,23:00,13.7,73.8,0.0,4.7,92.0,-0.013101,-0.006551,0.002372,0.950255,0.002254,0.014234,0.013526
2026-07-23 23:10:00,23:10,13.4,75.0,0.0,6.0,91.9,-0.013064,-0.006532,0.003095,0.960356,0.002972,0.018571,0.017835
2026-07-23 23:20:00,23:20,13.2,75.7,0.0,6.1,91.9,-0.013047,-0.006523,0.003017,0.958587,0.002892,0.018101,0.017351
2026-07-23 23:30:00,23:30,13.3,75.7,0.0,4.1,91.8,-0.013031,-0.006516,0.001637,0.935313,0.001531,0.009821,0.009186
2026-07-23 23:40:00,23:40,13.4,74.7,0.0,4.8,91.8,-0.013085,-0.006542,0.002287,0.947648,0.002167,0.013722,0.013004
2026-07-23 23:50:00,23:50,13.4,74.7,0.0,2.0,91.8,-0.013085,-0.006542,9.6e-05,0.915065,8.7e-05,0.000574,0.000525
2026-07-24 00:00:00,00:00,12.8,76.6,0.0,3.5,91.8,-0.013047,-0.006524,0.001074,0.92456,0.000993,0.006442,0.005956
2026-07-24 00:10:00,00:10,12.1,78.9,0.0,6.4,91.9,-0.013002,-0.006501,0.002512,0.948672,0.002383,0.015074,0.014301
2026-07-24 00:20:00,00:20,11.9,81.0,0.0,2.9,91.9,-0.012901,-0.00645,0.000242,0.899145,0.000217,0.001451,0.001304
2026-07-24 00:30:00,00:30,11.8,81.8,0.0,1.2,91.9,-0.012866,-0.006433,0.0,0.876011,0.0,0.0,0.0
2026-07-24 00:40:00,00:40,11.8,82.9,0.0,1.2,91.9,-0.012799,-0.0064,0.0,0.871403,0.0,0.0,0.0
2026-07-24 00:50:00,00:50,11.9,82.5,0.0,1.7,91.8,-0.012808,-0.006404,0.0,0.878897,0.0,0.0,0.0
2026-07-24 01:00:00,01:00,11.9,81.8,0.0,2.9,91.8,-0.012851,-0.006426,0.000174,0.895794,0.000156,0.001042,0.000934
2026-07-24 01:10:00,01:10,11.9,82.1,0.0,1.9,91.8,-0.012833,-0.006416,0.0,0.8829,0.0,0.0,0.0
2026-07-24 01:20:00,01:20,11.5,82.6,0.0,2.1,91.8,-0.012863,-0.006431,0.0,0.883133,0.0,0.0,0.0
2026-07-24 01:30:00,01:30,11.5,82.8,0.0,1.4,91.8,-0.012851,-0.006425,0.0,0.874149,0.0,0.0,0.0
2026-07-24 01:40:00,01:40,11.3,82.7,0.0,2.3,91.8,-0.012886,-0.006443,0.0,0.885041,0.0,0.0,0.0
2026-07-24 02:00:00,02:00,10.9,84.5,0.0,2.4,91.8,-0.012838,-0.006419,0.0,0.878664,0.0,0.0,0.0
2026-07-24 02:10:00,02:10,11.0,84.7,0.0,1.4,91.8,-0.012812,-0.006406,0.0,0.866189,0.0,0.0,0.0
2026-07-24 02:20:00,02:20,10.5,84.5,0.0,2.2,91.8,-0.012895,-0.006447,0.0,0.876337,0.0,0.0,0.0
2026-07-24 02:30:00,02:30,10.4,85.6,0.0,5.9,91.8,-0.012847,-0.006423,0.001029,0.914785,0.000942,0.006177,0.00565
2026-07-24 02:40:00,02:40,11.2,86.0,0.0,3.1,91.8,-0.012707,-0.006353,0.0,0.880526,0.0,0.0,0.0
2026-07-24 02:50:00,02:50,11.9,84.6,0.0,3.7,91.7,-0.01268,-0.00634,0.000315,0.893373,0.000282,0.001893,0.001691
2026-07-24 03:00:00,03:00,12.2,82.0,0.0,8.7,91.7,-0.012792,-0.006396,0.003003,0.962451,0.00289,0.018019,0.017342
2026-07-24 03:10:00,03:10,12.4,81.1,0.0,4.5,91.7,-0.012817,-0.006409,0.001152,0.917345,0.001057,0.006913,0.006342
2026-07-24 03:20:00,03:20,12.5,80.4,0.0,2.9,91.8,-0.012846,-0.006423,0.00031,0.901659,0.000279,0.001858,0.001675
2026-07-24 03:30:00,03:30,12.5,80.2,0.0,2.3,91.8,-0.012859,-0.006429,0.0,0.895514,0.0,0.0,0.0
2026-07-24 03:40:00,03:40,12.6,80.5,0.0,2.2,91.7,-0.012824,-0.006412,0.0,0.893094,0.0,0.0,0.0
2026-07-24 03:50:00,03:50,12.5,79.6,0.0,3.1,91.7,-0.012897,-0.006449,0.000501,0.907338,0.000455,0.003008,0.00273
2026-07-24 04:00:00,04:00,12.6,79.8,0.0,2.0,91.8,-0.012869,-0.006434,0.0,0.893699,0.0,0.0,0.0
2026-07-24 04:10:00,04:10,12.6,80.1,0.0,1.6,91.8,-0.01285,-0.006425,0.0,0.887787,0.0,0.0,0.0
2026-07-24 04:20:00,04:20,12.8,79.5,0.0,5.1,91.8,-0.012857,-0.006428,0.001741,0.931031,0.001621,0.010445,0.009725
2026-07-24 04:30:00,04:30,12.9,78.8,0.0,5.8,91.8,-0.012887,-0.006443,0.002266,0.942109,0.002135,0.013597,0.01281
2026-07-24 04:40:00,04:40,13.0,78.3,1.0,5.5,91.8,-0.012424,-0.006212,0.002231,0.940713,0.002099,0.013388,0.012594
2026-07-24 04:50:00,04:50,13.2,77.7,7.0,8.3,91.8,-0.009552,-0.000955,0.003495,0.97581,0.003411,0.020971,0.020464
2026-07-24 05:00:00,05:00,13.4,76.8,16.0,4.5,91.8,-0.00526,-0.000526,0.002182,0.93536,0.002041,0.013093,0.012247
2026-07-24 05:10:00,05:10,13.5,76.2,31.0,5.2,91.8,0.001915,0.000191,0.004204,0.946019,0.003977,0.025221,0.02386
2026-07-24 05:20:00,05:20,14.0,74.6,66.0,4.5,91.8,0.018684,0.001868,0.007521,0.944576,0.007104,0.045125,0.042624
2026-07-24 05:30:00,05:30,13.9,74.5,31.0,4.2,91.8,0.00186,0.000186,0.003806,0.941504,0.003583,0.022836,0.021501
2026-07-24 05:40:00,05:40,13.7,75.0,42.0,1.4,91.8,-0.023229,-0.002323,0.0,0.906826,0.0,0.0,0.0
2026-07-24 05:50:00,05:50,14.1,74.9,177.0,3.1,91.8,0.041765,0.004176,0.011551,0.927027,0.010708,0.069303,0.064246
2026-07-24 06:00:00,06:00,15.1,71.1,175.0,0.6,91.8,0.040427,0.004043,0.010047,0.913854,0.009182,0.060283,0.05509
2026-07-24 06:20:00,06:20,15.8,67.2,74.0,1.4,91.8,0.022785,0.002279,0.006935,0.939502,0.006515,0.041608,0.03909
2026-07-24 06:30:00,06:30,15.4,68.3,130.0,2.4,91.8,0.037333,0.003733,0.011042,0.946531,0.010452,0.066253,0.062711
2026-07-24 06:40:00,06:40,15.6,68.1,127.0,4.6,91.8,0.042922,0.004292,0.01413,0.97297,0.013748,0.084779,0.082488
2026-07-24 06:50:00,06:50,15.3,68.3,123.0,7.8,91.8,0.046329,0.004633,0.016913,1.009371,0.017072,0.101479,0.10243
2026-07-24 07:00:00,07:00,15.5,67.5,142.0,3.3,91.8,0.054868,0.005487,0.015793,0.960356,0.015166,0.094755,0.090999
2026-07-24 07:20:00,07:20,15.9,65.7,171.0,3.3,91.8,0.069355,0.006936,0.019378,0.967897,0.018756,0.116271,0.112538
2026-07-24 07:30:00,07:30,16.0,65.0,197.0,3.2,91.8,0.080258,0.008026,0.021868,0.969665,0.021205,0.131208,0.127228
2026-07-24 07:40:00,07:40,16.2,64.8,234.0,3.5,91.8,0.095173,0.009517,0.025552,0.973994,0.024887,0.15331,0.149323
2026-07-24 07:50:00,07:50,16.3,63.7,249.0,8.2,92.0,0.102655,0.010265,0.030318,1.033297,0.031328,0.18191,0.187967
2026-07-24 08:00:00,08:00,16.6,63.6,417.0,3.6,92.0,0.164988,0.016499,0.041702,0.980185,0.040876,0.250215,0.245257
2026-07-24 08:20:00,08:20,18.1,59.2,511.0,4.2,92.0,0.205247,0.020525,0.053239,1.005601,0.053537,0.319432,0.321221
2026-07-24 08:30:00,08:30,18.3,57.9,565.0,7.1,92.0,0.228176,0.022818,0.059962,1.044794,0.062648,0.359771,0.375887
2026-07-24 08:40:00,08:40,18.8,56.9,587.0,2.7,92.0,0.239349,0.023935,0.061722,0.99778,0.061585,0.370333,0.369511
2026-07-24 09:00:00,09:00,19.4,53.2,287.0,4.1,92.0,0.127389,0.012739,0.037167,1.029573,0.038266,0.223003,0.229598
2026-07-24 09:20:00,09:20,19.3,50.3,222.0,6.3,92.0,0.103679,0.010368,0.034555,1.067323,0.036882,0.207332,0.221291
2026-07-24 09:40:00,09:40,20.7,48.8,650.0,8.4,92.0,0.275157,0.027516,0.077043,1.098045,0.084596,0.462256,0.507577
2026-07-24 10:00:00,10:00,20.5,48.4,292.0,2.0,92.0,0.134053,0.013405,0.037647,1.025244,0.038598,0.225885,0.231587
2026-07-24 10:20:00,10:20,20.5,50.1,962.0,12.3,92.0,0.414635,0.041463,0.107385,1.137983,0.122203,0.644311,0.733215
2026-07-24 10:40:00,10:40,20.3,50.2,364.0,5.3,92.0,0.165497,0.01655,0.048654,1.056105,0.051384,0.291923,0.308302
2026-07-24 11:00:00,11:00,20.4,49.2,408.0,12.3,91.9,0.184358,0.018436,0.05925,1.141754,0.067649,0.355503,0.405897
2026-07-24 11:20:00,11:20,20.6,49.1,444.0,5.5,91.9,0.199962,0.019996,0.057501,1.063041,0.061126,0.345007,0.366757
2026-07-24 11:40:00,11:40,21.1,48.2,359.0,4.7,91.9,0.165313,0.016531,0.049139,1.057502,0.051965,0.294834,0.311787
2026-07-24 12:00:00,12:00,22.0,46.0,889.0,11.1,91.9,0.385207,0.038521,0.106237,1.141195,0.121237,0.637423,0.727424
2026-07-24 12:20:00,12:20,22.9,42.9,759.0,7.8,91.9,0.331074,0.033107,0.095251,1.11578,0.106279,0.571504,0.637673
2026-07-24 12:40:00,12:40,21.9,44.9,517.0,6.0,91.9,0.231123,0.023112,0.067875,1.086455,0.073743,0.407249,0.442457
2026-07-24 13:00:00,13:00,23.1,42.3,808.0,6.2,91.9,0.350987,0.035099,0.099499,1.099674,0.109417,0.596994,0.656499
2026-07-24 13:20:00,13:20,23.4,41.8,723.0,12.8,91.9,0.315273,0.031527,0.096443,1.178573,0.113666,0.57866,0.681994
2026-07-24 13:40:00,13:40,23.3,40.4,693.0,4.2,91.8,0.301616,0.030162,0.086322,1.08436,0.093604,0.517931,0.561623
2026-07-24 14:00:00,14:00,23.7,40.2,638.0,7.8,91.8,0.278042,0.027804,0.084789,1.127091,0.095565,0.508736,0.573392
2026-07-24 14:20:00,14:20,23.9,39.4,595.0,9.1,91.8,0.25899,0.025899,0.082181,1.145571,0.094145,0.493088,0.564868
2026-07-24 14:40:00,14:40,23.8,38.9,536.0,5.0,91.8,0.233366,0.023337,0.07099,1.099953,0.078086,0.42594,0.468514
2026-07-24 15:00:00,15:00,24.6,38.2,490.0,9.8,91.8,0.21311,0.021311,0.073638,1.158744,0.085327,0.441825,0.511962
2026-07-24 15:20:00,15:20,24.1,38.2,436.0,5.2,91.8,0.189512,0.018951,0.060717,1.105213,0.067105,0.3643,0.402629
2026-07-24 15:40:00,15:40,24.6,37.4,378.0,8.5,91.8,0.164496,0.01645,0.060414,1.146967,0.069293,0.362484,0.415757
2026-07-24 16:00:00,16:00,24.3,38.1,316.0,6.2,91.8,0.13829,0.013829,0.049727,1.117269,0.055559,0.298363,0.333352
2026-07-24 16:20:00,16:20,24.5,38.4,265.0,11.2,91.8,0.116581,0.011658,0.052747,1.174198,0.061936,0.316485,0.371616
2026-07-24 16:40:00,16:40,24.4,37.8,210.0,8.7,91.7,0.093679,0.009368,0.04332,1.147619,0.049715,0.25992,0.298288
2026-07-24 17:00:00,17:00,24.3,38.6,155.0,10.6,91.7,0.071584,0.007158,0.040995,1.166378,0.047816,0.245971,0.286895
2026-07-24 17:20:00,17:20,23.5,41.3,103.0,7.6,91.7,0.046976,0.004698,0.028374,1.120155,0.031783,0.170244,0.190699
2026-07-24 17:40:00,17:40,23.1,42.2,62.0,7.8,91.7,0.027306,0.002731,0.023547,1.118712,0.026342,0.141282,0.158054
2026-07-24 18:00:00,18:00,22.1,43.8,15.0,8.3,91.7,0.004756,0.000476,0.018197,1.117828,0.020341,0.109182,0.122047
2026-07-24 18:20:00,18:20,21.2,46.1,5.0,7.8,91.7,-1.8e-05,-9e-06,0.015196,1.102374,0.016751,0.091174,0.100507
2026-07-24 18:40:00,18:40,20.4,48.7,0.0,6.6,91.7,-0.014318,-0.007159,0.010414,1.077517,0.011222,0.062486,0.06733
2026-07-24 19:00:00,19:00,20.0,49.4,0.0,4.1,91.7,-0.0143,-0.00715,0.005872,1.045492,0.006139,0.035229,0.036832
2026-07-24 19:30:00,19:30,19.5,49.0,0.0,3.6,91.7,-0.014421,-0.00721,0.004946,1.041349,0.00515,0.029674,0.030902
2026-07-24 19:40:00,19:40,19.2,49.3,0.0,3.6,91.7,-0.014431,-0.007215,0.004867,1.040093,0.005062,0.029203,0.030374
2026-07-24 20:00:00,20:00,18.4,51.8,0.0,2.8,91.7,-0.014276,-0.007138,0.003106,1.02031,0.003169,0.018634,0.019012
2026-07-24 20:10:00,20:10,18.2,52.4,0.0,2.2,91.8,-0.014243,-0.007121,0.002008,1.010814,0.00203,0.01205,0.01218
2026-07-24 20:40:00,20:40,17.4,55.5,0.0,3.0,91.8,-0.014049,-0.007025,0.002992,1.007137,0.003013,0.017951,0.018079
2026-07-24 20:50:00,20:50,17.2,55.8,0.0,0.6,91.8,-0.014049,-0.007025,0.0,0.977951,0.0,0.0,0.0
2026-07-24 21:10:00,21:10,17.7,53.6,0.0,2.9,91.8,-0.014192,-0.007096,0.003042,1.013933,0.003085,0.018254,0.018509
2026-07-24 21:20:00,21:20,17.4,54.7,0.0,5.8,91.8,-0.014126,-0.007063,0.007217,1.043072,0.007528,0.043302,0.045167
2026-07-24 21:30:00,21:30,17.0,56.0,0.0,2.9,91.8,-0.014058,-0.007029,0.002753,1.003878,0.002764,0.01652,0.016584
2026-07-24 21:40:00,21:40,17.3,55.3,0.0,4.8,91.8,-0.014083,-0.007041,0.005678,1.028921,0.005842,0.034067,0.035052
2026-07-24 21:50:00,21:50,17.7,55.3,0.0,3.1,91.8,-0.014024,-0.007012,0.003197,1.009138,0.003226,0.019181,0.019356
2026-07-24 22:00:00,22:00,17.9,55.6,0.0,1.9,91.8,-0.013965,-0.006982,0.001283,0.993917,0.001275,0.007696,0.00765
2026-07-24 22:10:00,22:10,16.9,57.4,0.0,3.1,91.8,-0.013942,-0.006971,0.002907,1.000341,0.002908,0.017443,0.017449
2026-07-24 22:30:00,22:30,16.7,59.6,0.0,3.3,91.8,-0.01377,-0.006885,0.002945,0.993452,0.002925,0.017668,0.017552
2026-07-24 22:40:00,22:40,16.0,62.7,0.0,4.6,91.8,-0.013605,-0.006803,0.004112,0.995593,0.004094,0.024674,0.024565
2026-07-24 22:50:00,22:50,16.4,61.7,0.0,5.3,91.8,-0.01363,-0.006815,0.005149,1.007928,0.005189,0.030891,0.031136
2026-07-24 23:00:00,23:00,16.0,63.2,0.0,2.3,91.8,-0.013563,-0.006781,0.00126,0.966733,0.001218,0.00756,0.007309
2026-07-24 23:10:00,23:10,15.7,64.4,0.0,3.2,91.8,-0.013509,-0.006754,0.002235,0.972179,0.002172,0.013407,0.013034
2026-07-24 23:20:00,23:20,15.7,66.0,0.0,0.4,91.8,-0.013377,-0.006688,0.0,0.932892,0.0,0.0,0.0
2026-07-24 23:30:00,23:30,15.8,65.3,0.0,1.1,91.8,-0.013418,-0.006709,0.0,0.943971,0.0,0.0,0.0
2026-07-24 23:40:00,23:40,16.0,64.8,0.0,1.3,91.8,-0.013428,-0.006714,0.0,0.948393,0.0,0.0,0.0
2026-07-24 23:50:00,23:50,15.7,65.3,0.0,2.4,91.8,-0.013434,-0.006717,0.001214,0.959099,0.001164,0.007285,0.006987
2026-07-25 00:00:00,00:00,15.5,67.1,0.0,0.1,91.8,-0.01332,-0.00666,0.0,0.924793,0.0,0.0,0.0
2026-07-25 00:20:00,00:20,15.4,67.4,0.0,1.3,91.8,-0.013312,-0.006656,0.0,0.937501,0.0,0.0,0.0
2026-07-25 00:30:00,00:30,15.3,67.9,0.0,0.8,91.8,-0.013288,-0.006644,0.0,0.929588,0.0,0.0,0.0
2026-07-25 00:40:00,00:40,15.2,67.6,0.0,1.8,91.8,-0.013328,-0.006664,0.000353,0.942481,0.000333,0.002118,0.001996
2026-07-25 00:50:00,00:50,13.5,72.9,0.0,1.1,91.7,-0.013195,-0.006598,0.0,0.912132,0.0,0.0,0.0
2026-07-25 01:00:00,01:00,13.5,73.9,0.0,1.3,91.7,-0.013125,-0.006562,0.0,0.91027,0.0,0.0,0.0
2026-07-25 01:10:00,01:10,13.4,75.0,0.0,0.9,91.7,-0.013064,-0.006532,0.0,0.901007,0.0,0.0,0.0
2026-07-25 01:20:00,01:20,13.2,74.8,0.0,0.3,91.7,-0.013108,-0.006554,0.0,0.894863,0.0,0.0,0.0
2026-07-25 01:30:00,01:30,13.2,75.4,0.0,2.1,91.7,-0.013067,-0.006534,0.000129,0.913296,0.000117,0.000771,0.000704
2026-07-25 01:40:00,01:40,13.3,74.7,0.0,2.3,91.7,-0.0131,-0.00655,0.000339,0.918556,0.000311,0.002034,0.001868
2026-07-25 01:50:00,01:50,12.9,74.8,0.0,1.2,91.7,-0.013153,-0.006577,0.0,0.905336,0.0,0.0,0.0
2026-07-25 02:00:00,02:00,13.3,75.6,0.0,2.0,91.7,-0.013038,-0.006519,3.9e-05,0.911294,3.6e-05,0.000234,0.000214
2026-07-25 02:10:00,02:10,14.0,73.0,0.0,3.8,91.7,-0.013111,-0.006555,0.001771,0.943133,0.00167,0.010623,0.010019
2026-07-25 02:20:00,02:20,13.4,72.3,0.0,4.0,91.8,-0.013252,-0.006626,0.001974,0.948393,0.001872,0.011841,0.01123
2026-07-25 02:30:00,02:30,13.8,71.1,0.0,8.2,91.8,-0.013279,-0.006639,0.005506,1.002296,0.005519,0.033036,0.033112
2026-07-25 02:40:00,02:40,14.8,68.8,0.0,7.2,91.8,-0.013297,-0.006649,0.005422,1.000294,0.005424,0.032535,0.032544
2026-07-25 02:50:00,02:50,13.9,70.4,0.0,5.5,91.8,-0.013315,-0.006657,0.003546,0.973808,0.003453,0.021273,0.020716
2026-07-25 03:00:00,03:00,13.6,71.4,0.0,3.7,91.8,-0.013287,-0.006643,0.001837,0.948672,0.001743,0.011021,0.010455
2026-07-25 03:10:00,03:10,13.1,72.8,0.0,3.3,91.8,-0.013261,-0.00663,0.001316,0.938152,0.001234,0.007894,0.007406
2026-07-25 03:20:00,03:20,13.3,72.6,0.0,2.0,91.8,-0.013246,-0.006623,0.000214,0.923862,0.000198,0.001283,0.001186
2026-07-25 03:30:00,03:30,13.0,73.6,0.0,3.7,91.7,-0.01322,-0.00661,0.00155,0.939456,0.001456,0.009299,0.008736
2026-07-25 03:40:00,03:40,13.3,73.2,0.0,2.7,91.8,-0.013204,-0.006602,0.000785,0.929494,0.00073,0.004712,0.00438
2026-07-25 03:50:00,03:50,13.1,72.9,0.0,7.8,91.8,-0.013254,-0.006627,0.004691,0.9901,0.004644,0.028143,0.027865
2026-07-25 04:00:00,04:00,12.3,76.5,0.0,2.9,91.7,-0.013127,-0.006564,0.000627,0.917997,0.000576,0.003762,0.003454
2026-07-25 04:10:00,04:10,12.0,78.0,0.0,0.8,91.7,-0.013074,-0.006537,0.0,0.887275,0.0,0.0,0.0
2026-07-25 04:20:00,04:20,11.7,79.4,0.0,1.9,91.7,-0.013029,-0.006514,0.0,0.894211,0.0,0.0,0.0
2026-07-25 04:30:00,04:30,11.6,80.9,0.0,3.6,91.8,-0.012951,-0.006476,0.000639,0.90771,0.00058,0.003833,0.003479
2026-07-25 04:40:00,04:40,11.6,80.6,2.0,3.5,91.8,-0.012009,-0.006005,0.000719,0.907803,0.000653,0.004315,0.003917
2026-07-25 04:50:00,04:50,11.9,79.8,6.0,6.3,91.8,-0.010095,-0.00101,0.001732,0.943738,0.001635,0.010393,0.009809
2026-07-25 05:00:00,05:00,11.9,79.4,8.0,2.7,91.8,-0.00916,-0.000916,0.0,0.903521,0.0,0.0,0.0
2026-07-25 05:10:00,05:10,12.3,79.5,30.0,3.1,91.8,0.001466,0.000147,0.002287,0.907757,0.002076,0.01372,0.012454
2026-07-25 05:20:00,05:20,12.9,77.9,47.0,0.9,91.8,0.009614,0.000961,0.002789,0.888858,0.002479,0.016732,0.014873
2026-07-25 05:30:00,05:30,13.9,74.0,67.0,6.8,91.8,0.019105,0.00191,0.009102,0.973855,0.008864,0.054614,0.053186
2026-07-25 05:40:00,05:40,14.5,72.4,87.0,3.3,91.8,-0.00182,-0.000182,0.002623,0.939828,0.002465,0.015737,0.01479
2026-07-25 05:50:00,05:50,15.0,70.1,111.0,7.0,91.8,0.009396,0.00094,0.008398,0.992521,0.008335,0.050386,0.050009
2026-07-25 06:00:00,06:00,15.6,68.8,142.0,4.9,91.9,0.02427,0.002427,0.010246,0.973529,0.009975,0.061477,0.059849
2026-07-25 06:10:00,06:10,16.4,66.4,164.0,5.1,91.9,0.034631,0.003463,0.013285,0.985911,0.013098,0.079713,0.07859
2026-07-25 06:20:00,06:20,17.4,62.9,179.0,3.6,91.9,0.041394,0.004139,0.014229,0.983118,0.013989,0.085374,0.083933
2026-07-25 06:30:00,06:30,18.3,60.2,222.0,2.4,91.9,0.061727,0.006173,0.018303,0.980465,0.017945,0.109815,0.10767
2026-07-25 06:40:00,06:40,18.9,57.2,238.0,4.1,91.9,0.068773,0.006877,0.022491,1.012815,0.02278,0.134948,0.136678
2026-07-25 06:50:00,06:50,19.7,56.5,306.0,2.3,91.9,0.101654,0.010165,0.028827,0.994801,0.028677,0.172961,0.172062
2026-07-25 07:00:00,07:00,20.3,54.2,291.0,2.1,91.9,0.094386,0.009439,0.027292,1.002109,0.027349,0.163751,0.164097
2026-07-25 07:10:00,07:10,20.4,54.5,174.0,2.8,91.9,0.066777,0.006678,0.021394,1.008999,0.021587,0.128364,0.129519
2026-07-25 07:30:00,07:30,20.6,52.5,384.0,3.1,91.9,0.139933,0.013993,0.040117,1.020868,0.040954,0.240702,0.245725
2026-07-25 07:40:00,07:40,21.2,50.5,414.0,2.5,91.9,0.154297,0.01543,0.043672,1.022265,0.044645,0.262035,0.267869
2026-07-25 08:00:00,08:00,21.7,49.0,471.0,7.2,92.0,0.182165,0.018217,0.056182,1.083243,0.060858,0.33709,0.365151
2026-07-25 08:10:00,08:10,22.0,48.3,497.0,5.6,92.0,0.195078,0.019508,0.058173,1.067556,0.062103,0.349036,0.372615
2026-07-25 08:20:00,08:20,22.7,45.9,524.0,2.7,92.0,0.207762,0.020776,0.059254,1.043863,0.061853,0.355526,0.371121
2026-07-25 08:30:00,08:30,23.0,43.4,552.0,6.8,92.0,0.220403,0.02204,0.067916,1.102048,0.074847,0.407497,0.449081
2026-07-25 08:40:00,08:40,23.2,43.3,577.0,2.1,92.0,0.23279,0.023279,0.065754,1.047773,0.068896,0.394526,0.413373
2026-07-25 08:50:00,08:50,23.5,43.7,602.0,6.1,92.0,0.245342,0.024534,0.073818,1.092645,0.080656,0.442906,0.483939
2026-07-25 09:00:00,09:00,23.0,44.2,626.0,4.7,92.0,0.257026,0.025703,0.074502,1.074259,0.080034,0.447011,0.480206
2026-07-25 09:10:00,09:10,23.4,43.6,647.0,11.1,92.0,0.267468,0.026747,0.083618,1.151249,0.096265,0.501708,0.577591
2026-07-25 09:20:00,09:20,23.6,42.6,670.0,6.2,92.0,0.278303,0.02783,0.082433,1.098417,0.090546,0.494597,0.543274
2026-07-25 09:30:00,09:30,23.8,41.4,689.0,11.1,92.0,0.287384,0.028738,0.089788,1.160466,0.104196,0.53873,0.625178
2026-07-25 09:40:00,09:40,23.7,43.2,708.0,7.6,92.0,0.297497,0.02975,0.088375,1.112196,0.09829,0.530248,0.58974
2026-07-25 09:50:00,09:50,24.1,42.3,725.0,4.1,92.0,0.305819,0.030582,0.088094,1.075236,0.094721,0.528561,0.568328
2026-07-25 10:00:00,10:00,24.4,41.4,744.0,8.0,92.0,0.31478,0.031478,0.094641,1.124391,0.106414,0.567849,0.638484
2026-07-25 10:10:00,10:10,24.2,40.7,753.0,12.1,92.0,0.319464,0.031946,0.09903,1.175035,0.116363,0.594177,0.698179
2026-07-25 10:30:00,10:30,25.3,40.1,773.0,12.7,92.0,0.330399,0.03304,0.104608,1.184531,0.123911,0.627648,0.743468
2026-07-25 10:40:00,10:40,24.6,39.2,793.0,10.7,92.0,0.33888,0.033888,0.103858,1.165028,0.120997,0.623147,0.725984
2026-07-25 10:50:00,10:50,24.9,38.2,793.0,9.3,92.0,0.339599,0.03396,0.103801,1.152925,0.119675,0.622807,0.71805
2026-07-25 11:00:00,11:00,25.3,36.8,809.0,14.6,92.0,0.346569,0.034657,0.111528,1.220466,0.136116,0.669165,0.816694
2026-07-25 11:10:00,11:10,25.6,36.4,823.0,4.4,92.0,0.353044,0.035304,0.103947,1.103445,0.114699,0.623679,0.688196
2026-07-25 11:20:00,11:20,25.5,36.4,821.0,5.8,92.0,0.352908,0.035291,0.105284,1.119736,0.117891,0.631705,0.707344
2026-07-25 11:30:00,11:30,26.1,35.0,819.0,4.5,92.0,0.352323,0.035232,0.104937,1.110473,0.116529,0.62962,0.699176
2026-07-25 11:40:00,11:40,25.8,35.7,500.0,11.7,92.0,0.222487,0.022249,0.081251,1.191327,0.096796,0.487505,0.580779
2026-07-25 11:50:00,11:50,26.1,34.7,842.0,8.2,92.0,0.362549,0.036255,0.111878,1.154787,0.129195,0.671266,0.77517
2026-07-25 12:00:00,12:00,26.1,34.9,842.0,13.5,92.0,0.362991,0.036299,0.117194,1.215625,0.142464,0.703164,0.854784
2026-07-25 12:10:00,12:10,26.3,32.9,818.0,11.0,91.9,0.352555,0.035255,0.113587,1.194911,0.135726,0.681521,0.814357
2026-07-25 12:20:00,12:20,26.4,32.4,816.0,15.5,91.9,0.3517,0.03517,0.118613,1.249373,0.148192,0.711679,0.889152
2026-07-25 12:30:00,12:30,27.0,31.5,810.0,3.6,91.9,0.349112,0.034911,0.104869,1.114663,0.116893,0.629212,0.701359
2026-07-25 12:40:00,12:40,26.5,32.1,651.0,6.8,91.9,0.284282,0.028428,0.091794,1.149387,0.105507,0.550764,0.633041
2026-07-25 12:50:00,12:50,26.3,31.1,784.0,15.3,91.9,0.33796,0.033796,0.115765,1.252491,0.144995,0.694592,0.869971
2026-07-25 13:00:00,13:00,26.7,30.8,761.0,7.5,91.9,0.328403,0.03284,0.104779,1.16298,0.121855,0.628672,0.731133
2026-07-25 13:10:00,13:10,26.6,29.9,744.0,9.3,91.9,0.320795,0.03208,0.105515,1.187697,0.12532,0.63309,0.751919
2026-07-25 13:20:00,13:20,27.0,31.5,722.0,6.6,91.9,0.31232,0.031232,0.099643,1.149574,0.114547,0.597857,0.687281
2026-07-25 13:30:00,13:30,26.8,29.9,715.0,9.4,91.9,0.308314,0.030831,0.102932,1.18886,0.122372,0.617595,0.734234
2026-07-25 13:50:00,13:50,27.3,28.7,675.0,15.4,91.9,0.290697,0.02907,0.108709,1.26371,0.137376,0.652252,0.824257
2026-07-25 14:00:00,14:00,27.2,28.8,650.0,9.4,91.9,0.280001,0.028,0.097005,1.193468,0.115772,0.582027,0.694631
2026-07-25 14:10:00,14:10,27.3,27.9,629.0,22.3,91.9,0.270517,0.027052,0.113689,1.347356,0.153179,0.682131,0.919074
2026-07-25 14:20:00,14:20,27.0,27.3,606.0,15.2,91.8,0.260235,0.026024,0.101522,1.267247,0.128654,0.609134,0.771924
2026-07-25 14:30:00,14:30,27.1,26.9,574.0,18.7,91.8,0.246533,0.024653,0.103931,1.309652,0.136114,0.623586,0.816682
2026-07-25 14:40:00,14:40,27.4,26.2,551.0,10.4,91.8,0.236307,0.023631,0.089222,1.215998,0.108494,0.535334,0.650966
2026-07-25 14:50:00,14:50,27.1,26.4,525.0,13.5,91.8,0.2251,0.02251,0.091307,1.251235,0.114247,0.547845,0.685483
2026-07-25 15:00:00,15:00,27.7,23.9,498.0,4.2,91.8,0.212723,0.021272,0.071409,1.153484,0.082369,0.428453,0.494213
2026-07-25 15:10:00,15:10,28.5,21.4,479.0,19.4,91.8,0.203415,0.020342,0.102338,1.34084,0.137218,0.614026,0.82331
2026-07-25 15:20:00,15:20,28.3,23.0,446.0,7.9,91.8,0.190106,0.019011,0.074892,1.200311,0.089893,0.449349,0.539359
2026-07-25 15:30:00,15:30,27.8,23.8,414.0,9.3,91.8,0.176849,0.017685,0.073705,1.213251,0.089422,0.442227,0.536533
2026-07-25 15:40:00,15:40,27.4,25.7,389.0,12.0,91.8,0.166543,0.016654,0.075383,1.236712,0.093228,0.4523,0.559365
2026-07-25 15:50:00,15:50,27.0,27.7,360.0,13.9,91.8,0.154697,0.01547,0.074554,1.250443,0.093226,0.447326,0.559356
2026-07-25 16:00:00,16:00,26.8,26.6,328.0,13.6,91.8,0.141107,0.014111,0.071077,1.25156,0.088958,0.426464,0.533745
2026-07-25 16:10:00,16:10,26.7,27.8,303.0,15.8,91.8,0.130678,0.013068,0.071886,1.272135,0.091449,0.431319,0.548696
2026-07-25 16:20:00,16:20,26.4,27.3,268.0,22.9,91.7,0.116371,0.011637,0.080258,1.356852,0.108898,0.481548,0.653389
2026-07-25 16:30:00,16:30,26.2,28.1,239.0,12.3,91.8,0.104606,0.010461,0.058415,1.230148,0.07186,0.350492,0.431157
2026-07-25 16:40:00,16:40,26.3,27.9,216.0,18.5,91.8,0.094996,0.0095,0.067942,1.303136,0.088537,0.407651,0.531225
2026-07-25 16:50:00,16:50,25.9,29.3,188.0,12.3,91.8,0.083906,0.008391,0.052625,1.225121,0.064472,0.315752,0.386834
2026-07-25 17:00:00,17:00,25.6,30.5,128.0,17.4,91.8,0.058729,0.005873,0.055406,1.279443,0.070889,0.332435,0.425331
2026-07-25 17:10:00,17:10,25.2,29.7,133.0,18.6,91.7,0.061096,0.00611,0.057907,1.296759,0.075092,0.347443,0.45055
2026-07-25 17:20:00,17:20,24.8,31.8,102.0,15.4,91.7,0.046272,0.004627,0.047358,1.250723,0.059232,0.28415,0.355393
2026-07-25 17:30:00,17:30,24.3,32.0,79.0,12.3,91.7,0.035228,0.003523,0.038492,1.21381,0.046722,0.230954,0.280334
2026-07-25 17:40:00,17:40,24.1,32.0,60.0,13.4,91.7,0.026104,0.00261,0.038362,1.226611,0.047055,0.230172,0.282332
2026-07-25 17:50:00,17:50,23.7,34.1,44.0,10.7,91.8,0.018475,0.001848,0.030167,1.186393,0.03579,0.181002,0.21474
2026-07-25 18:00:00,18:00,23.3,34.6,22.0,13.9,91.7,0.007921,0.000792,0.033309,1.221537,0.040688,0.199852,0.244126
2026-07-25 18:10:00,18:10,22.9,36.0,12.0,12.1,91.7,0.003149,0.000315,0.028022,1.194725,0.033478,0.16813,0.200869
2026-07-25 18:20:00,18:20,22.4,37.8,6.0,9.3,91.8,0.000303,3e-05,0.021106,1.154601,0.024369,0.126636,0.146214
2026-07-25 18:50:00,18:50,21.1,42.0,0.0,4.5,91.8,-0.015047,-0.007524,0.007937,1.081148,0.008581,0.047622,0.051487
2026-07-25 19:00:00,19:00,20.7,42.8,0.0,8.1,91.8,-0.014997,-0.007498,0.01459,1.11969,0.016336,0.087537,0.098014
2026-07-25 19:10:00,19:10,20.6,42.6,0.0,9.5,91.8,-0.015035,-0.007518,0.017056,1.13682,0.019389,0.102334,0.116335
2026-07-25 19:20:00,19:20,20.7,42.2,0.0,7.8,91.8,-0.015073,-0.007537,0.014207,1.118712,0.015894,0.085243,0.095362
2026-07-25 19:30:00,19:30,20.4,42.9,0.0,4.0,91.8,-0.015023,-0.007511,0.006643,1.071559,0.007118,0.039858,0.042711
2026-07-25 19:40:00,19:40,19.9,44.3,0.0,3.4,91.8,-0.014914,-0.007457,0.005172,1.058712,0.005476,0.031033,0.032855
2026-07-25 19:50:00,19:50,19.5,44.8,0.0,4.3,91.8,-0.014905,-0.007453,0.006808,1.067091,0.007264,0.040846,0.043587
2026-07-25 20:00:00,20:00,19.4,45.0,0.0,3.1,91.8,-0.014894,-0.007447,0.004429,1.052288,0.004661,0.026576,0.027965
2026-07-25 20:10:00,20:10,19.3,45.2,0.0,5.4,91.8,-0.014883,-0.007442,0.008748,1.078216,0.009432,0.052486,0.056591
2026-07-25 20:20:00,20:20,19.1,45.6,0.0,5.1,91.8,-0.014862,-0.007431,0.008088,1.073049,0.008679,0.04853,0.052075
2026-07-25 20:30:00,20:30,19.0,45.8,0.0,2.8,91.8,-0.014851,-0.007426,0.003713,1.045446,0.003882,0.022277,0.023289
2026-07-25 20:40:00,20:40,18.8,46.7,0.0,4.1,91.8,-0.014774,-0.007387,0.006044,1.056803,0.006388,0.036266,0.038327
2026-07-25 20:50:00,20:50,18.7,47.1,0.0,3.9,91.8,-0.014742,-0.007371,0.00561,1.0528,0.005907,0.033663,0.03544
2026-07-25 21:00:00,21:00,18.7,47.1,0.0,1.8,91.9,-0.014742,-0.007371,0.001627,1.028363,0.001673,0.009762,0.010039
2026-07-25 21:10:00,21:10,18.3,48.8,0.0,1.9,91.8,-0.014607,-0.007304,0.001698,1.022404,0.001736,0.010185,0.010414
2026-07-25 21:30:00,21:30,17.4,53.3,0.0,3.0,91.8,-0.014263,-0.007132,0.003202,1.016353,0.003254,0.019209,0.019524
2026-07-25 21:40:00,21:40,17.3,53.8,0.0,0.0,91.8,-0.014228,-0.007114,0.0,0.979347,0.0,0.0,0.0
2026-07-25 22:00:00,22:00,17.1,54.2,0.0,3.3,91.8,-0.014216,-0.007108,0.003553,1.016074,0.003611,0.021321,0.021663
2026-07-25 22:10:00,22:10,16.8,55.8,0.0,2.8,91.8,-0.014105,-0.007052,0.002601,1.003552,0.00261,0.015606,0.015662
2026-07-25 22:20:00,22:20,16.3,57.5,0.0,2.1,91.8,-0.014017,-0.007009,0.001384,0.988285,0.001367,0.008302,0.008204
2026-07-25 22:30:00,22:30,16.2,57.9,0.0,0.8,91.8,-0.013995,-0.006997,0.0,0.971481,0.0,0.0,0.0
2026-07-25 22:40:00,22:40,16.0,58.9,0.0,0.5,91.8,-0.013934,-0.006967,0.0,0.9638,0.0,0.0,0.0
2026-07-25 22:50:00,22:50,15.6,59.6,0.0,1.3,91.8,-0.013927,-0.006964,8e-05,0.970177,7.7e-05,0.000478,0.000463
2026-07-25 23:00:00,23:00,15.9,58.2,0.0,0.0,91.8,-0.014009,-0.007004,0.0,0.960914,0.0,0.0,0.0
2026-07-25 23:10:00,23:10,15.9,58.9,0.0,0.3,91.8,-0.013947,-0.006974,0.0,0.961473,0.0,0.0,0.0
2026-07-25 23:20:00,23:20,15.9,58.1,0.0,0.5,91.8,-0.014018,-0.007009,0.0,0.967152,0.0,0.0,0.0
2026-07-25 23:30:00,23:30,16.4,56.5,0.0,3.3,91.8,-0.014094,-0.007047,0.003236,1.006438,0.003256,0.019413,0.019538
2026-07-25 23:40:00,23:40,16.5,55.7,0.0,1.7,91.8,-0.014155,-0.007077,0.000882,0.991171,0.000875,0.005294,0.005247
2026-07-25 23:50:00,23:50,15.9,58.1,0.0,4.8,91.8,-0.014018,-0.007009,0.005018,1.017191,0.005105,0.030109,0.030627
2026-07-26 00:00:00,00:00,16.4,56.3,0.0,2.2,91.8,-0.014113,-0.007056,0.001618,0.994476,0.00161,0.009711,0.009657
2026-07-26 00:10:00,00:10,16.1,57.5,0.0,6.0,91.8,-0.014044,-0.007022,0.006684,1.033669,0.006909,0.040106,0.041456
2026-07-26 00:20:00,00:20,16.0,57.1,0.0,6.9,91.8,-0.014093,-0.007047,0.007854,1.045818,0.008214,0.047122,0.049281
2026-07-26 00:30:00,00:30,15.8,57.5,0.0,3.4,91.8,-0.014084,-0.007042,0.003207,1.003413,0.003218,0.019245,0.019311
2026-07-26 00:40:00,00:40,15.7,58.0,0.0,6.8,91.8,-0.014053,-0.007026,0.007473,1.040884,0.007778,0.044837,0.04667
2026-07-26 00:50:00,00:50,15.4,59.2,0.0,3.2,91.7,-0.013988,-0.006994,0.002718,0.993964,0.002702,0.016308,0.016209
2026-07-26 01:00:00,01:00,15.2,59.8,0.0,5.6,91.7,-0.013963,-0.006982,0.005607,1.019379,0.005715,0.03364,0.034292
2026-07-26 01:10:00,01:10,14.8,60.9,0.0,3.5,91.7,-0.013923,-0.006962,0.002869,0.990333,0.002841,0.017212,0.017046
2026-07-26 01:20:00,01:20,14.7,61.3,0.0,7.4,91.8,-0.013904,-0.006952,0.0072,1.034041,0.007445,0.043201,0.044671
2026-07-26 01:40:00,01:40,13.6,65.1,0.0,4.8,91.8,-0.013747,-0.006873,0.003665,0.987866,0.00362,0.021988,0.021722
2026-07-26 01:50:00,01:50,13.5,66.1,0.0,3.5,91.8,-0.013685,-0.006843,0.002204,0.968548,0.002135,0.013223,0.012808
2026-07-26 02:00:00,02:00,13.8,65.3,0.0,1.0,91.8,-0.013706,-0.006853,0.0,0.942807,0.0,0.0,0.0
2026-07-26 02:10:00,02:10,13.9,64.4,0.0,2.4,91.8,-0.013762,-0.006881,0.001176,0.962869,0.001132,0.007057,0.006795
2026-07-26 02:20:00,02:20,14.0,63.3,0.0,3.5,91.8,-0.013834,-0.006917,0.00254,0.980278,0.00249,0.015242,0.014942
2026-07-26 02:30:00,02:30,14.5,63.7,0.0,0.9,91.8,-0.013738,-0.006869,0.0,0.948346,0.0,0.0,0.0
2026-07-26 02:40:00,02:40,14.6,61.1,0.0,2.3,91.7,-0.013932,-0.006966,0.00132,0.975531,0.001288,0.00792,0.007726
2026-07-26 02:50:00,02:50,13.8,63.9,0.0,2.1,91.7,-0.013812,-0.006906,0.00085,0.961473,0.000818,0.005102,0.004905
2026-07-26 03:00:00,03:00,13.6,66.3,0.0,2.1,91.7,-0.013657,-0.006829,0.000696,0.951419,0.000662,0.004174,0.003971
2026-07-26 03:10:00,03:10,13.5,65.3,0.0,3.5,91.7,-0.013744,-0.006872,0.002284,0.9719,0.002219,0.013701,0.013316
2026-07-26 03:20:00,03:20,13.6,65.0,0.0,2.0,91.7,-0.013754,-0.006877,0.00066,0.955701,0.000631,0.00396,0.003784
2026-07-26 03:30:00,03:30,13.4,65.0,0.0,1.3,91.7,-0.013779,-0.006889,0.0,0.947555,0.0,0.0,0.0
2026-07-26 03:40:00,03:40,13.4,64.6,0.0,4.0,91.7,-0.013809,-0.006904,0.002879,0.980651,0.002823,0.017273,0.016939
2026-07-26 03:50:00,03:50,13.5,63.9,0.0,2.8,91.7,-0.013849,-0.006924,0.001646,0.969619,0.001596,0.009873,0.009573
2026-07-26 04:00:00,04:00,13.6,63.3,0.0,0.0,91.7,-0.013882,-0.006941,0.0,0.939549,0.0,0.0,0.0
2026-07-26 04:10:00,04:10,13.6,63.5,0.0,1.6,91.7,-0.013867,-0.006934,0.000263,0.95733,0.000252,0.001577,0.00151
2026-07-26 04:20:00,04:20,13.3,63.1,0.0,3.6,91.7,-0.013932,-0.006966,0.002604,0.98228,0.002558,0.015622,0.015345
2026-07-26 04:30:00,04:30,13.7,62.6,1.0,2.2,91.7,-0.013444,-0.006722,0.001105,0.968083,0.001069,0.006628,0.006416
2026-07-26 04:40:00,04:40,14.0,61.7,3.0,1.2,91.7,-0.012518,-0.006259,1.3e-05,0.960216,1.3e-05,8e-05,7.6e-05
2026-07-26 04:50:00,04:50,13.9,62.7,11.0,3.1,91.7,-0.008612,-0.000861,0.001934,0.978137,0.001892,0.011607,0.011353
2026-07-26 05:40:00,05:40,13.2,67.4,141.0,3.7,91.8,0.022252,0.002225,0.008437,0.96543,0.008145,0.05062,0.04887
2026-07-26 05:50:00,05:50,14.0,65.8,128.0,5.5,91.8,0.015965,0.001597,0.009099,0.993079,0.009036,0.054594,0.054216
2026-07-26 06:00:00,06:00,14.8,63.4,154.0,4.4,91.8,0.028183,0.002818,0.011242,0.990333,0.011133,0.06745,0.066798
2026-07-26 06:10:00,06:10,15.6,59.7,177.0,6.9,91.7,0.038564,0.003856,0.016737,1.034926,0.017322,0.100422,0.103929
2026-07-26 06:20:00,06:20,16.5,58.1,204.0,3.0,91.8,0.051469,0.005147,0.016136,0.996244,0.016075,0.096815,0.096451
2026-07-26 06:30:00,06:30,17.5,56.5,230.0,1.3,91.8,0.06394,0.006394,0.017505,0.983164,0.017211,0.105033,0.103264
2026-07-26 06:40:00,06:40,18.2,54.5,259.0,1.9,91.8,0.077558,0.007756,0.021929,0.998525,0.021897,0.131574,0.13138
2026-07-26 06:50:00,06:50,18.8,52.7,286.0,2.4,91.8,0.090205,0.009021,0.026036,1.011885,0.026345,0.156216,0.158073
2026-07-26 07:10:00,07:10,20.4,43.4,346.0,2.6,91.8,0.116212,0.011621,0.034475,1.053173,0.036308,0.206851,0.21785
2026-07-26 07:20:00,07:20,21.2,39.5,379.0,3.9,91.9,0.130695,0.01307,0.041153,1.084639,0.044636,0.246919,0.267818
2026-07-26 07:30:00,07:30,21.9,35.9,410.0,3.3,91.9,0.144148,0.014415,0.044527,1.092739,0.048656,0.267161,0.291937
2026-07-26 07:40:00,07:40,22.0,34.9,439.0,3.6,91.9,0.15761,0.015761,0.048641,1.100419,0.053526,0.291848,0.321155
2026-07-26 07:50:00,07:50,22.5,34.7,467.0,1.9,91.9,0.171123,0.017112,0.049487,1.081474,0.053518,0.29692,0.321111
2026-07-26 08:00:00,08:00,22.6,34.5,494.0,6.9,91.9,0.184017,0.018402,0.061146,1.140497,0.069737,0.366879,0.418424
2026-07-26 08:20:00,08:20,22.8,32.5,545.0,3.6,91.9,0.208924,0.020892,0.062667,1.110473,0.06959,0.376,0.417538
2026-07-26 08:30:00,08:30,23.4,32.3,572.0,6.2,92.0,0.222357,0.022236,0.070918,1.141567,0.080958,0.425509,0.485747
2026-07-26 08:40:00,08:40,23.6,33.4,598.0,5.9,92.0,0.235864,0.023586,0.073794,1.133468,0.083644,0.442767,0.501862
2026-07-26 08:50:00,08:50,23.5,33.7,622.0,10.9,92.0,0.247981,0.024798,0.083109,1.190396,0.098933,0.498655,0.593597
2026-07-26 09:00:00,09:00,24.0,32.9,646.0,13.0,92.0,0.259614,0.025961,0.08951,1.218186,0.10904,0.53706,0.654239
2026-07-26 09:10:00,09:10,24.0,31.3,668.0,3.6,92.0,0.269763,0.026976,0.079796,1.115501,0.089012,0.478775,0.534073
2026-07-26 09:20:00,09:20,24.6,30.0,691.0,2.7,92.0,0.280503,0.02805,0.082078,1.110473,0.091146,0.49247,0.546874
2026-07-26 09:30:00,09:30,25.1,30.7,711.0,8.2,92.0,0.29107,0.029107,0.093691,1.171544,0.109763,0.562144,0.658576
2026-07-26 09:40:00,09:40,24.9,30.7,721.0,4.5,92.0,0.297028,0.029703,0.089534,1.128487,0.101038,0.537202,0.606225
2026-07-26 09:50:00,09:50,24.8,32.4,746.0,9.5,92.0,0.309593,0.030959,0.098722,1.179551,0.116448,0.592334,0.698688
2026-07-26 10:00:00,10:00,25.2,29.1,759.0,5.3,92.0,0.314847,0.031485,0.096085,1.1445,0.109969,0.576508,0.659814
2026-07-26 10:10:00,10:10,25.3,28.8,777.0,7.5,92.0,0.323464,0.032346,0.101656,1.171358,0.119075,0.609934,0.714451
2026-07-26 10:20:00,10:20,25.9,27.3,790.0,12.6,91.9,0.329463,0.032946,0.111666,1.236991,0.138129,0.669994,0.828776
2026-07-26 10:30:00,10:30,26.0,25.5,803.0,3.6,91.9,0.334985,0.033499,0.100546,1.139799,0.114602,0.603275,0.687612
2026-07-26 10:40:00,10:40,26.7,25.5,815.0,10.0,91.9,0.341234,0.034123,0.113442,1.214275,0.13775,0.680652,0.826499
2026-07-26 10:50:00,10:50,26.7,26.3,821.0,5.7,91.9,0.345304,0.03453,0.107663,1.160885,0.124984,0.645978,0.749906
2026-07-26 11:00:00,11:00,26.3,24.6,827.0,5.1,91.9,0.347627,0.034763,0.107019,1.161024,0.124251,0.642112,0.745508
2026-07-26 11:10:00,11:10,27.0,22.1,830.0,3.2,91.9,0.348357,0.034836,0.105385,1.149387,0.121128,0.632307,0.726766
2026-07-26 11:20:00,11:20,26.7,22.3,836.0,7.8,91.9,0.35167,0.035167,0.113801,1.20208,0.136798,0.682804,0.820785
2026-07-26 11:30:00,11:30,27.3,21.2,834.0,1.0,91.9,0.351014,0.035101,0.102219,1.127556,0.115258,0.613315,0.691547
2026-07-26 11:50:00,11:50,27.7,22.7,828.0,4.8,91.9,0.350795,0.035079,0.110003,1.165493,0.128208,0.660019,0.769247
2026-07-26 12:00:00,12:00,27.9,22.4,823.0,4.3,91.9,0.349046,0.034905,0.108961,1.160931,0.126497,0.653768,0.75898
2026-07-26 12:10:00,12:10,28.2,23.2,816.0,9.3,91.9,0.34709,0.034709,0.117713,1.215765,0.143111,0.706277,0.858667
2026-07-26 12:20:00,12:20,28.2,22.1,808.0,7.9,91.9,0.343399,0.03434,0.114726,1.204081,0.13814,0.688359,0.82884
2026-07-26 12:30:00,12:30,28.5,21.4,800.0,5.1,91.8,0.339914,0.033991,0.109203,1.17443,0.128251,0.655215,0.769505
2026-07-26 12:40:00,12:40,28.8,22.6,788.0,6.4,91.9,0.335893,0.033589,0.110845,1.184531,0.131299,0.66507,0.787796
2026-07-26 12:50:00,12:50,28.6,23.1,776.0,6.7,91.8,0.331224,0.033122,0.109721,1.185928,0.130121,0.658327,0.780729
2026-07-26 13:00:00,13:00,28.2,24.0,763.0,13.2,91.8,0.326223,0.032622,0.118497,1.257798,0.149045,0.71098,0.89427
2026-07-26 13:10:00,13:10,28.7,22.1,748.0,6.0,91.8,0.318981,0.031898,0.105533,1.181971,0.124737,0.633198,0.748422
2026-07-26 13:20:00,13:20,28.7,23.0,729.0,7.5,91.8,0.31151,0.031151,0.106257,1.195656,0.127047,0.637545,0.762284
2026-07-26 13:30:00,13:30,28.9,23.2,713.0,11.1,91.8,0.304806,0.030481,0.111523,1.236712,0.137922,0.669137,0.827529
2026-07-26 13:40:00,13:40,28.9,22.1,691.0,6.1,91.7,0.29492,0.029492,0.099613,1.183135,0.117856,0.597679,0.707135
2026-07-26 13:50:00,13:50,28.7,23.3,669.0,3.6,91.7,0.28612,0.028612,0.091291,1.149015,0.104895,0.547745,0.629367
2026-07-26 14:00:00,14:00,29.1,22.6,649.0,13.2,91.7,0.277216,0.027722,0.10915,1.263663,0.137928,0.654897,0.827569
2026-07-26 14:10:00,14:10,29.0,22.0,625.0,1.5,91.7,0.266646,0.026665,0.081345,1.130023,0.091922,0.488072,0.551533
2026-07-26 14:20:00,14:20,28.9,23.3,598.0,10.5,91.7,0.255737,0.025574,0.097968,1.22931,0.120433,0.587806,0.722596
2026-07-26 14:40:00,14:40,29.3,22.3,546.0,2.6,91.7,0.233092,0.023309,0.074893,1.141567,0.085495,0.449357,0.512971
2026-07-26 14:50:00,14:50,29.6,22.3,520.0,13.4,91.6,0.221976,0.022198,0.096989,1.267247,0.122908,0.581931,0.737451
2026-07-26 15:00:00,15:00,29.4,22.6,492.0,9.7,91.6,0.210115,0.021012,0.085696,1.222933,0.1048,0.514173,0.6288
2026-07-26 15:10:00,15:10,29.3,22.1,469.0,4.9,91.6,0.19989,0.019989,0.071612,1.16917,0.083727,0.429672,0.50236
2026-07-26 15:20:00,15:20,29.3,22.5,442.0,8.1,91.6,0.188477,0.018848,0.076305,1.204733,0.091928,0.457833,0.551567
2026-07-26 15:30:00,15:30,29.4,22.2,412.0,10.2,91.6,0.175723,0.017572,0.078156,1.230428,0.096165,0.468936,0.576992
2026-07-26 15:40:00,15:40,29.4,22.7,381.0,4.5,91.6,0.162884,0.016288,0.060385,1.162002,0.070168,0.362312,0.421008
2026-07-26 15:50:00,15:50,29.2,23.0,353.0,7.6,91.6,0.151127,0.015113,0.064983,1.19682,0.077773,0.389897,0.466637
2026-07-26 16:00:00,16:00,29.6,21.8,324.0,7.5,91.6,0.138755,0.013876,0.062242,1.200683,0.074733,0.373455,0.448401
2026-07-26 16:10:00,16:10,29.2,21.5,295.0,13.8,91.6,0.126667,0.012667,0.074184,1.275253,0.094604,0.445106,0.567623
2026-07-26 16:20:00,16:20,29.1,22.5,266.0,6.5,91.6,0.114986,0.011499,0.052596,1.186114,0.062384,0.315574,0.374307
2026-07-26 16:30:00,16:30,29.2,21.5,237.0,8.0,91.6,0.103101,0.01031,0.053886,1.207759,0.065082,0.323318,0.39049
2026-07-26 16:40:00,16:40,29.3,22.1,208.0,7.3,91.6,0.091657,0.009166,0.04885,1.197099,0.058479,0.293103,0.350873
2026-07-26 16:50:00,16:50,29.4,21.5,182.0,7.8,91.6,0.081296,0.00813,0.047769,1.205431,0.057582,0.286613,0.345492
2026-07-26 17:00:00,17:00,29.3,21.4,153.0,3.6,91.6,0.070259,0.007026,0.032334,1.156975,0.03741,0.194003,0.224457
2026-07-26 17:10:00,17:10,29.2,21.7,126.0,4.1,91.6,0.05751,0.005751,0.030272,1.161537,0.035162,0.181633,0.210974
2026-07-26 17:20:00,17:20,28.5,22.1,98.0,4.1,91.5,0.044077,0.004408,0.02621,1.159861,0.0304,0.157259,0.182399
2026-07-26 17:30:00,17:30,28.3,22.2,72.0,8.9,91.5,0.031599,0.00316,0.036826,1.2153,0.044755,0.220957,0.268529
2026-07-26 17:40:00,17:40,27.8,23.5,51.0,3.0,91.5,0.021563,0.002156,0.016137,1.141195,0.018415,0.096822,0.110493
2026-07-26 17:50:00,17:50,27.4,24.0,35.0,5.7,91.5,0.013897,0.00139,0.022092,1.17052,0.025859,0.13255,0.155153
2026-07-26 18:00:00,18:00,26.8,24.6,19.0,5.9,91.4,0.00623,0.000623,0.02027,1.170334,0.023723,0.121621,0.142337
2026-07-26 18:10:00,18:10,26.0,27.3,9.0,5.7,91.4,0.001513,0.000151,0.017542,1.156696,0.02029,0.10525,0.121742
2026-07-26 18:20:00,18:20,25.2,28.1,2.0,5.6,91.4,-0.001834,-0.000917,0.016167,1.15218,0.018627,0.096999,0.111761
2026-07-26 18:30:00,18:30,24.8,28.8,1.0,7.0,91.4,-0.002299,-0.001149,0.019438,1.16554,0.022656,0.116628,0.135934
2026-07-26 18:40:00,18:40,24.5,29.4,0.0,8.3,91.4,-0.01659,-0.008295,0.020406,1.178154,0.024042,0.122439,0.144252
2026-07-26 18:50:00,18:50,24.1,29.8,0.0,5.5,91.4,-0.016556,-0.008278,0.013114,1.143895,0.015001,0.078683,0.090005
2026-07-26 19:00:00,19:00,23.7,30.5,0.0,2.9,91.4,-0.016472,-0.008236,0.005942,1.110706,0.0066,0.035652,0.039599
2026-07-26 19:10:00,19:10,22.9,33.0,0.0,5.1,91.4,-0.016135,-0.008068,0.011172,1.125834,0.012578,0.067033,0.075468
2026-07-26 19:20:00,19:20,22.3,34.6,0.0,7.4,91.4,-0.015947,-0.007974,0.015946,1.145896,0.018272,0.095673,0.109631
2026-07-26 19:30:00,19:30,21.9,35.1,0.0,5.0,91.4,-0.015913,-0.007957,0.010309,1.115873,0.011503,0.061852,0.069019
2026-07-26 19:40:00,19:40,21.8,34.3,0.0,5.4,91.4,-0.016042,-0.008021,0.011351,1.123879,0.012758,0.068109,0.076546
2026-07-26 19:50:00,19:50,21.7,34.4,0.0,1.4,91.4,-0.016037,-0.008018,0.001434,1.076912,0.001544,0.008604,0.009266
2026-07-26 20:00:00,20:00,21.7,33.6,0.0,7.6,91.4,-0.016156,-0.008078,0.016396,1.152413,0.018896,0.098379,0.113373
2026-07-26 20:10:00,20:10,21.5,33.1,0.0,7.1,91.4,-0.016249,-0.008124,0.015349,1.148689,0.017631,0.092092,0.105785
2026-07-26 20:20:00,20:20,22.0,32.0,0.0,7.7,91.4,-0.016376,-0.008188,0.01716,1.16028,0.01991,0.102959,0.119462
2026-07-26 20:30:00,20:30,20.7,35.2,0.0,3.9,91.4,-0.016012,-0.008006,0.007468,1.102653,0.008235,0.04481,0.04941
2026-07-26 20:40:00,20:40,20.1,35.3,0.0,6.3,91.3,-0.016048,-0.008024,0.012617,1.130163,0.014259,0.0757,0.085553
2026-07-26 21:00:00,21:00,20.9,33.1,0.0,8.2,91.4,-0.016296,-0.008148,0.017462,1.16149,0.020281,0.10477,0.121689
2026-07-26 21:10:00,21:10,20.8,32.3,0.0,7.6,91.4,-0.016421,-0.00821,0.016355,1.157859,0.018937,0.098131,0.113621
2026-07-26 21:20:00,21:20,20.5,33.5,0.0,6.2,91.4,-0.016268,-0.008134,0.012919,1.13654,0.014683,0.077514,0.088097
2026-07-26 21:30:00,21:30,20.2,33.4,0.0,6.5,91.3,-0.016304,-0.008152,0.013481,1.14045,0.015375,0.080887,0.092247
2026-07-26 21:40:00,21:40,19.7,35.1,0.0,2.2,91.3,-0.016105,-0.008053,0.00328,1.083289,0.003554,0.019683,0.021322
2026-07-26 21:50:00,21:50,19.6,35.5,0.0,4.8,91.3,-0.016059,-0.00803,0.009217,1.11187,0.010248,0.0553,0.061486
2026-07-26 22:00:00,22:00,19.8,35.2,0.0,4.3,91.4,-0.016084,-0.008042,0.008205,1.107308,0.009086,0.049233,0.054516
2026-07-26 22:10:00,22:10,19.5,35.8,0.0,2.7,91.3,-0.016027,-0.008013,0.004402,1.086175,0.004781,0.02641,0.028686
2026-07-26 22:20:00,22:20,19.0,36.9,0.0,2.7,91.3,-0.015922,-0.007961,0.00425,1.081567,0.004596,0.025498,0.027578
2026-07-26 22:30:00,22:30,19.0,36.9,0.0,2.7,91.3,-0.015922,-0.007961,0.00425,1.081567,0.004596,0.025498,0.027578
2026-07-26 22:40:00,22:40,18.9,37.9,0.0,3.2,91.3,-0.015803,-0.007902,0.005263,1.083196,0.005701,0.03158,0.034207
2026-07-26 22:50:00,22:50,18.7,37.7,0.0,4.8,91.3,-0.015844,-0.007922,0.008659,1.102653,0.009548,0.051952,0.057285
2026-07-26 23:00:00,23:00,18.7,37.6,0.0,3.7,91.3,-0.015856,-0.007928,0.006353,1.090271,0.006926,0.038118,0.041559
2026-07-26 23:10:00,23:10,19.1,36.9,0.0,6.1,91.3,-0.015914,-0.007957,0.011559,1.121133,0.012959,0.069353,0.077754
2026-07-26 23:20:00,23:20,18.6,38.4,0.0,5.4,91.3,-0.015765,-0.007882,0.009734,1.106703,0.010772,0.058403,0.064635
2026-07-26 23:40:00,23:40,17.9,41.0,0.0,4.2,91.3,-0.015513,-0.007757,0.006805,1.081846,0.007362,0.040832,0.044174
2026-07-26 23:50:00,23:50,18.5,39.6,0.0,3.9,91.3,-0.015628,-0.007814,0.006495,1.08422,0.007042,0.038971,0.042253
2026-07-27 00:00:00,00:00,18.6,39.5,0.0,3.7,91.3,-0.015631,-0.007816,0.00611,1.082312,0.006613,0.036661,0.039679
2026-07-27 00:10:00,00:10,18.2,39.7,0.0,5.9,91.3,-0.01564,-0.00782,0.010356,1.107075,0.011465,0.062139,0.068792
2026-07-27 00:20:00,00:20,19.4,37.1,0.0,5.1,91.3,-0.015865,-0.007932,0.00955,1.108658,0.010588,0.0573,0.063526
2026-07-27 00:30:00,00:30,18.0,40.9,0.0,3.1,91.3,-0.015516,-0.007758,0.004628,1.069464,0.004949,0.027766,0.029694
2026-07-27 00:40:00,00:40,18.1,41.8,0.0,3.7,91.3,-0.015404,-0.007702,0.005755,1.072676,0.006173,0.03453,0.03704
2026-07-27 00:50:00,00:50,16.5,46.2,0.0,5.1,91.3,-0.015073,-0.007537,0.007379,1.070535,0.0079,0.044275,0.047398
2026-07-27 01:00:00,01:00,16.2,47.7,0.0,3.2,91.3,-0.014951,-0.007475,0.003921,1.042141,0.004086,0.023524,0.024516
2026-07-27 01:10:00,01:10,16.1,49.6,0.0,3.8,91.3,-0.014776,-0.007388,0.004706,1.041163,0.0049,0.028236,0.029399
2026-07-27 01:20:00,01:20,16.1,48.9,0.0,4.8,91.3,-0.014843,-0.007422,0.006397,1.055733,0.006753,0.038381,0.04052
2026-07-27 01:30:00,01:30,16.6,46.8,0.0,3.7,91.3,-0.015003,-0.007502,0.004938,1.05173,0.005193,0.029627,0.03116
2026-07-27 01:40:00,01:40,16.8,46.6,0.0,5.3,91.3,-0.015005,-0.007502,0.007711,1.071187,0.00826,0.046267,0.049561
2026-07-27 01:50:00,01:50,16.6,48.3,0.0,1.0,91.3,-0.014853,-0.007426,0.0,1.014026,0.0,0.0,0.0
2026-07-27 02:00:00,02:00,16.2,49.2,0.0,2.3,91.3,-0.014804,-0.007402,0.002232,1.025383,0.002289,0.013393,0.013733
2026-07-27 02:10:00,02:10,16.4,48.7,0.0,2.6,91.3,-0.014833,-0.007417,0.00281,1.030969,0.002897,0.016861,0.017384
2026-07-27 02:20:00,02:20,16.3,49.4,0.0,0.5,91.3,-0.014775,-0.007387,0.0,1.003599,0.0,0.0,0.0
2026-07-27 02:30:00,02:30,15.8,51.1,0.0,0.7,91.3,-0.014664,-0.007332,0.0,0.998805,0.0,0.0,0.0
2026-07-27 02:40:00,02:40,15.7,52.1,0.0,0.1,91.3,-0.014582,-0.007291,0.0,0.987633,0.0,0.0,0.0
2026-07-27 02:50:00,02:50,15.4,51.4,0.0,0.5,91.3,-0.014676,-0.007338,0.0,0.99522,0.0,0.0,0.0
2026-07-27 03:00:00,03:00,15.5,51.0,0.0,0.7,91.3,-0.014703,-0.007352,0.0,0.999223,0.0,0.0,0.0
2026-07-27 03:10:00,03:10,15.7,49.4,0.0,1.2,91.3,-0.014834,-0.007417,0.000246,1.011745,0.000249,0.001477,0.001494
2026-07-27 03:20:00,03:20,15.7,48.3,0.0,2.7,91.3,-0.014938,-0.007469,0.00295,1.033809,0.00305,0.017699,0.018297
2026-07-27 03:30:00,03:30,16.1,46.7,0.0,0.4,91.3,-0.015059,-0.007529,0.0,1.013746,0.0,0.0,0.0
2026-07-27 03:40:00,03:40,16.5,45.1,0.0,3.1,91.3,-0.015186,-0.007593,0.004031,1.051869,0.00424,0.024188,0.025442
2026-07-27 03:50:00,03:50,16.6,44.7,0.0,3.3,91.3,-0.015219,-0.007609,0.004451,1.055872,0.0047,0.026706,0.028198
2026-07-27 04:00:00,04:00,16.6,44.6,0.0,2.7,91.3,-0.015229,-0.007614,0.003342,1.049309,0.003507,0.020054,0.021043
2026-07-27 04:10:00,04:10,16.6,44.4,0.0,3.1,91.3,-0.01525,-0.007625,0.00411,1.054802,0.004336,0.024663,0.026014
2026-07-27 04:20:00,04:20,16.6,44.7,0.0,3.3,91.4,-0.015219,-0.007609,0.004456,1.055872,0.004705,0.026736,0.02823
2026-07-27 04:30:00,04:30,16.6,44.9,1.0,0.7,91.4,-0.014718,-0.007359,0.0,1.024778,0.0,0.0,0.0
2026-07-27 04:40:00,04:40,16.7,45.0,3.0,1.6,91.4,-0.013739,-0.006869,0.001395,1.034833,0.001444,0.00837,0.008661
2026-07-27 04:50:00,04:50,16.5,45.2,11.0,1.8,91.4,-0.009895,-0.00099,0.001234,1.036322,0.001279,0.007404,0.007673
2026-07-27 05:00:00,05:00,16.1,48.1,23.0,2.8,91.4,-0.003881,-0.000388,0.004184,1.03581,0.004334,0.025106,0.026005
2026-07-27 05:10:00,05:10,14.5,53.0,39.0,3.4,91.3,0.0041,0.00041,0.00615,1.022265,0.006287,0.036903,0.037724
2026-07-27 05:20:00,05:20,14.2,55.8,56.0,2.8,91.4,0.012468,0.001247,0.006814,1.003552,0.006838,0.040886,0.041031
2026-07-27 05:30:00,05:30,15.1,55.5,74.0,1.2,91.4,0.021178,0.002118,0.006757,0.98619,0.006664,0.040545,0.039985
2026-07-27 05:40:00,05:40,16.6,51.0,95.0,1.9,91.5,-0.003024,-0.000302,0.002646,1.013188,0.002681,0.015875,0.016084
2026-07-27 05:50:00,05:50,18.7,43.4,122.0,2.1,91.5,0.008023,0.000802,0.006427,1.047354,0.006731,0.038562,0.040388
2026-07-27 06:00:00,06:00,20.5,38.5,143.0,3.2,91.6,0.016707,0.001671,0.011672,1.080683,0.012614,0.070032,0.075683
2026-07-27 06:10:00,06:10,21.4,36.1,169.0,7.8,91.6,0.028391,0.002839,0.024637,1.144267,0.028192,0.147824,0.16915
2026-07-27 06:20:00,06:20,22.0,35.5,198.0,7.5,91.7,0.042227,0.004223,0.027806,1.14329,0.031791,0.166838,0.190744
2026-07-27 06:30:00,06:30,22.7,34.3,227.0,4.0,91.7,0.055789,0.005579,0.024483,1.107587,0.027117,0.146896,0.1627
2026-07-27 06:40:00,06:40,23.3,33.9,259.0,2.8,91.7,0.071159,0.007116,0.026027,1.095299,0.028507,0.15616,0.171042
2026-07-27 06:50:00,06:50,23.8,31.6,283.0,5.0,91.7,0.081594,0.008159,0.034256,1.130536,0.038728,0.205539,0.232369
2026-07-27 07:00:00,07:00,24.5,31.3,313.0,4.1,91.8,0.096071,0.009607,0.036425,1.121319,0.040844,0.21855,0.245064
2026-07-27 07:10:00,07:10,24.9,31.4,340.0,3.0,91.8,0.109242,0.010924,0.037566,1.108099,0.041627,0.225398,0.249764
2026-07-27 07:30:00,07:30,25.6,30.1,398.0,2.6,91.8,0.136561,0.013656,0.0445,1.108891,0.049346,0.267,0.296074
2026-07-27 07:40:00,07:40,25.7,29.2,424.0,4.0,91.8,0.148671,0.014867,0.051116,1.128953,0.057708,0.306696,0.346245
2026-07-27 07:50:00,07:50,25.6,29.2,453.0,3.5,91.8,0.163208,0.016321,0.053764,1.123134,0.060384,0.322583,0.362304
2026-07-27 08:00:00,08:00,25.8,29.3,480.0,7.9,91.8,0.177097,0.01771,0.06651,1.173918,0.078077,0.39906,0.468464
2026-07-27 08:20:00,08:20,26.9,28.3,532.0,4.1,91.9,0.203185,0.020318,0.067019,1.133887,0.075992,0.402116,0.455954
2026-07-27 08:30:00,08:30,27.6,25.2,551.0,4.3,91.9,0.211841,0.021184,0.071053,1.149201,0.081654,0.426319,0.489927
2026-07-27 08:40:00,08:40,27.9,24.7,577.0,2.4,91.9,0.224351,0.022435,0.070384,1.129186,0.079477,0.422304,0.476859
2026-07-27 08:50:00,08:50,28.4,23.4,598.0,2.0,91.9,0.234429,0.023443,0.072798,1.129977,0.08226,0.436788,0.49356
2026-07-27 09:10:00,09:10,28.6,23.7,649.0,1.9,91.9,0.259273,0.025927,0.079699,1.127556,0.089865,0.478192,0.539189
2026-07-27 09:20:00,09:20,29.4,22.3,669.0,7.8,91.9,0.268561,0.026856,0.0969,1.20208,0.116481,0.581399,0.698888
2026-07-27 09:50:00,09:50,29.8,22.4,725.0,6.2,91.9,0.296765,0.029676,0.101523,1.183042,0.120106,0.609139,0.720636
2026-07-27 10:00:00,10:00,30.0,22.5,740.0,12.8,91.9,0.304591,0.030459,0.117078,1.259427,0.147452,0.70247,0.88471
2026-07-27 10:10:00,10:10,30.2,21.5,753.0,6.7,91.9,0.310679,0.031068,0.107213,1.192631,0.127865,0.643277,0.767192
2026-07-27 10:20:00,10:20,30.6,21.4,762.0,7.7,91.9,0.315836,0.031584,0.111412,1.204687,0.134216,0.66847,0.805296
2026-07-27 10:30:00,10:30,30.8,22.4,775.0,6.6,91.9,0.323202,0.03232,0.111035,1.187697,0.131876,0.66621,0.791255
2026-07-27 10:40:00,10:40,31.2,22.3,784.0,5.4,91.9,0.328112,0.032811,0.110363,1.174151,0.129582,0.662175,0.777494
2026-07-27 11:10:00,11:10,31.9,19.6,806.0,13.0,91.8,0.338094,0.033809,0.131469,1.273904,0.167479,0.788814,1.004873
2026-07-27 11:20:00,11:20,32.4,18.7,811.0,12.3,91.8,0.340303,0.03403,0.132124,1.269528,0.167735,0.792742,1.006408
2026-07-27 11:40:00,11:40,33.0,18.8,806.0,12.7,91.8,0.339934,0.033993,0.134054,1.273764,0.170753,0.804324,1.024518
2026-07-27 12:00:00,12:00,33.0,18.5,798.0,12.2,91.7,0.337421,0.033742,0.132464,1.269202,0.168123,0.794782,1.008739
2026-07-27 12:10:00,12:10,32.9,17.9,792.0,12.7,91.7,0.334827,0.033483,0.132999,1.277534,0.169911,0.797995,1.019466
2026-07-27 12:20:00,12:20,33.3,17.0,788.0,6.0,91.7,0.332779,0.033278,0.117491,1.203337,0.141382,0.704949,0.848291
2026-07-27 12:30:00,12:30,33.5,17.8,776.0,12.7,91.7,0.328816,0.032882,0.132683,1.277953,0.169562,0.796097,1.017374
2026-07-27 12:50:00,12:50,33.7,17.6,751.0,6.0,91.7,0.318676,0.031868,0.113874,1.200823,0.136743,0.683244,0.820455
2026-07-27 13:00:00,13:00,33.8,17.3,739.0,7.5,91.7,0.313512,0.031351,0.116609,1.219535,0.142209,0.699656,0.853255
2026-07-27 13:10:00,13:10,34.2,17.0,724.0,15.7,91.7,0.30714,0.030714,0.135767,1.316216,0.178699,0.814603,1.072194
2026-07-27 13:20:00,13:20,34.0,16.3,708.0,12.0,91.6,0.299875,0.029987,0.125082,1.276091,0.159616,0.750492,0.957696
2026-07-27 13:30:00,13:30,34.1,16.6,688.0,8.2,91.6,0.291782,0.029178,0.113083,1.230614,0.139161,0.678497,0.834968
2026-07-27 13:40:00,13:40,34.3,16.9,680.0,9.3,91.6,0.288323,0.028832,0.115235,1.242158,0.14314,0.691411,0.858841
2026-07-27 13:50:00,13:50,34.3,16.9,658.0,6.9,91.6,0.279047,0.027905,0.106092,1.214229,0.12882,0.63655,0.772918
2026-07-27 14:00:00,14:00,34.3,16.1,583.0,7.3,91.6,0.248587,0.024859,0.09889,1.222235,0.120866,0.593338,0.725199
2026-07-27 14:10:00,14:10,34.4,15.6,612.0,8.8,91.6,0.25869,0.025869,0.106338,1.241785,0.132048,0.638025,0.79229
2026-07-27 14:20:00,14:20,34.4,15.4,576.0,5.3,91.6,0.243775,0.024377,0.09184,1.201894,0.110382,0.55104,0.662292
2026-07-27 14:30:00,14:30,34.6,15.5,553.0,15.6,91.6,0.234057,0.023406,0.118327,1.321336,0.156349,0.70996,0.938095
2026-07-27 14:40:00,14:40,34.7,16.4,516.0,7.2,91.6,0.219406,0.021941,0.090699,1.219815,0.110636,0.544196,0.663818
2026-07-27 14:50:00,14:50,34.6,15.7,497.0,5.7,91.5,0.210672,0.021067,0.083668,1.205292,0.100844,0.502008,0.605066
2026-07-27 15:00:00,15:00,34.6,15.1,472.0,13.2,91.5,0.199729,0.019973,0.103109,1.295083,0.133534,0.618652,0.801205
2026-07-27 15:10:00,15:10,34.5,15.4,446.0,3.3,91.5,0.188886,0.018889,0.069422,1.17862,0.081823,0.416534,0.490935
2026-07-27 15:20:00,15:20,34.7,15.0,419.0,9.7,91.5,0.177365,0.017736,0.087044,1.254772,0.10922,0.522262,0.65532
2026-07-27 15:30:00,15:30,34.5,16.8,395.0,4.8,91.5,0.167915,0.016791,0.068034,1.19021,0.080975,0.408205,0.48585
2026-07-27 15:40:00,15:40,34.6,15.1,370.0,6.8,91.5,0.156631,0.015663,0.071919,1.220606,0.087785,0.431516,0.526711
2026-07-27 15:50:00,15:50,34.6,15.5,340.0,4.8,91.5,0.144472,0.014447,0.061599,1.195656,0.073651,0.369591,0.441904
2026-07-27 16:00:00,16:00,34.7,15.4,310.0,9.6,91.5,0.132221,0.013222,0.074057,1.251933,0.092715,0.444343,0.556287
2026-07-27 16:10:00,16:10,34.4,16.2,278.0,5.1,91.5,0.119628,0.011963,0.055127,1.196215,0.065943,0.33076,0.39566
2026-07-27 16:20:00,16:20,34.2,16.1,248.0,5.8,91.5,0.107629,0.010763,0.05397,1.20478,0.065022,0.323821,0.390133
2026-07-27 16:30:00,16:30,34.2,15.4,105.0,10.5,91.5,0.04717,0.004717,0.053117,1.262406,0.067055,0.318701,0.40233
2026-07-27 16:40:00,16:40,34.2,15.9,192.0,7.8,91.5,0.085613,0.008561,0.054565,1.228892,0.067054,0.327389,0.402325
2026-07-27 16:50:00,16:50,34.1,16.2,157.0,5.8,91.5,0.072178,0.007218,0.043733,1.204361,0.05267,0.262397,0.31602
2026-07-27 17:00:00,17:00,33.8,16.3,140.0,8.8,91.5,0.06402,0.006402,0.051425,1.238853,0.063708,0.308549,0.382247
2026-07-27 17:10:00,17:10,33.5,17.0,111.0,5.7,91.5,0.050138,0.005014,0.036559,1.199846,0.043865,0.219353,0.26319
2026-07-27 17:20:00,17:20,33.1,16.0,91.0,8.4,91.4,0.040474,0.004047,0.043201,1.235455,0.053373,0.259207,0.320238
2026-07-27 17:30:00,17:30,32.7,18.1,67.0,4.1,91.4,0.029068,0.002907,0.024252,1.176618,0.028535,0.14551,0.171209
2026-07-27 17:40:00,17:40,32.0,18.9,45.0,5.0,91.4,0.01854,0.001854,0.024035,1.18374,0.028451,0.144211,0.170709
2026-07-27 17:50:00,17:50,31.2,20.3,31.0,3.7,91.4,0.011877,0.001188,0.017089,1.162747,0.019871,0.102536,0.119223
2026-07-27 18:00:00,18:00,30.5,20.6,15.0,2.4,91.4,0.0042,0.00042,0.010115,1.146362,0.011595,0.06069,0.069572
2026-07-27 18:10:00,18:10,30.0,20.4,6.0,4.6,91.4,-0.000136,-1.4e-05,0.016488,1.172801,0.019337,0.098927,0.116022
2026-07-27 18:20:00,18:20,29.6,20.8,2.0,2.2,91.4,-0.002044,-0.001022,0.007736,1.143197,0.008843,0.046414,0.05306
2026-07-27 18:30:00,18:30,29.0,22.1,0.0,2.8,91.3,-0.017734,-0.008867,0.007146,1.144733,0.00818,0.042874,0.04908
2026-07-27 18:40:00,18:40,28.3,23.8,0.0,2.5,91.3,-0.017382,-0.008691,0.005895,1.13412,0.006686,0.03537,0.040113
2026-07-27 18:50:00,18:50,27.7,24.0,0.0,0.9,91.3,-0.017392,-0.008696,0.000387,1.114663,0.000432,0.002324,0.00259
2026-07-27 19:00:00,19:00,27.6,24.3,0.0,1.0,91.3,-0.017333,-0.008666,0.000727,1.11457,0.00081,0.00436,0.004859
2026-07-27 19:10:00,19:10,27.3,24.0,0.0,0.4,91.3,-0.017428,-0.008714,0.0,1.108844,0.0,0.0,0.0
2026-07-27 19:30:00,19:30,26.5,25.6,0.0,1.7,91.3,-0.017148,-0.008574,0.002969,1.117269,0.003317,0.017815,0.019904
2026-07-27 19:40:00,19:40,26.1,26.2,0.0,2.4,91.3,-0.017059,-0.00853,0.005129,1.122902,0.00576,0.030775,0.034557
2026-07-27 19:50:00,19:50,25.6,27.2,0.0,2.8,91.3,-0.016903,-0.008452,0.006215,1.123367,0.006982,0.037292,0.041892
2026-07-27 20:00:00,20:00,25.3,27.3,0.0,3.1,91.3,-0.016911,-0.008455,0.007062,1.126439,0.007954,0.04237,0.047727
2026-07-27 20:10:00,20:10,25.5,26.6,0.0,4.1,91.3,-0.017031,-0.008516,0.010135,1.141009,0.011564,0.060811,0.069386
2026-07-27 20:20:00,20:20,26.1,26.0,0.0,5.5,91.4,-0.0171,-0.00855,0.014462,1.159814,0.016774,0.086775,0.100642
2026-07-27 20:40:00,20:40,25.4,28.0,0.0,6.3,91.4,-0.016765,-0.008383,0.016029,1.160745,0.018605,0.096173,0.111633
2026-07-27 20:50:00,20:50,24.2,30.1,0.0,4.7,91.3,-0.016494,-0.008247,0.01097,1.133328,0.012433,0.06582,0.074596
2026-07-27 21:00:00,21:00,24.5,30.2,0.0,7.7,91.4,-0.016446,-0.008223,0.018715,1.167821,0.021855,0.112287,0.131131
2026-07-27 21:10:00,21:10,24.3,30.5,0.0,6.8,91.4,-0.016413,-0.008206,0.016336,1.15609,0.018886,0.098016,0.113315
2026-07-27 21:20:00,21:20,24.4,30.7,0.0,8.2,91.4,-0.016367,-0.008184,0.019736,1.171544,0.023122,0.118418,0.138731
2026-07-27 21:30:00,21:30,24.3,31.1,0.0,7.1,91.4,-0.016307,-0.008154,0.016927,1.157068,0.019586,0.101562,0.117514
2026-07-27 21:40:00,21:40,23.5,32.7,0.0,4.3,91.3,-0.016121,-0.008061,0.009356,1.117781,0.010458,0.056134,0.062745
2026-07-27 21:50:00,21:50,23.5,32.5,0.0,5.9,91.4,-0.016154,-0.008077,0.013394,1.137238,0.015232,0.080365,0.091394
2026-07-27 22:00:00,22:00,23.5,32.2,0.0,6.0,91.4,-0.016204,-0.008102,0.013701,1.139659,0.015615,0.082207,0.093688
2026-07-27 22:10:00,22:10,22.9,33.5,0.0,4.8,91.3,-0.016056,-0.008028,0.010341,1.120248,0.011585,0.062048,0.069509
2026-07-27 22:20:00,22:20,23.7,31.4,0.0,4.9,91.4,-0.016318,-0.008159,0.011159,1.13021,0.012612,0.066953,0.075671
2026-07-27 22:30:00,22:30,23.8,33.2,0.0,0.7,91.4,-0.016005,-0.008003,0.0,1.073793,0.0,0.0,0.0
2026-07-27 22:40:00,22:40,23.7,31.4,0.0,0.1,91.3,-0.016318,-0.008159,0.0,1.074352,0.0,0.0,0.0
2026-07-27 22:50:00,22:50,25.0,28.6,0.0,4.4,91.4,-0.01669,-0.008345,0.010594,1.136121,0.012036,0.063564,0.072217
2026-07-27 23:00:00,23:00,24.8,31.5,0.0,1.4,91.4,-0.016181,-0.008091,0.001707,1.089061,0.001859,0.010242,0.011154
2026-07-27 23:10:00,23:10,22.9,35.1,0.0,3.7,91.3,-0.015805,-0.007902,0.007396,1.100745,0.008141,0.044376,0.048847
2026-07-27 23:20:00,23:20,22.6,35.0,0.0,1.5,91.3,-0.015854,-0.007927,0.001723,1.075562,0.001853,0.01034,0.011121
2026-07-27 23:30:00,23:30,21.6,36.8,0.0,3.0,91.3,-0.015698,-0.007849,0.005292,1.085477,0.005745,0.031753,0.034467
2026-07-27 23:40:00,23:40,22.2,34.6,0.0,3.9,91.3,-0.015958,-0.007979,0.007824,1.105167,0.008646,0.046942,0.051879
2026-07-27 23:50:00,23:50,20.6,38.2,0.0,3.0,91.2,-0.01561,-0.007805,0.005014,1.079612,0.005413,0.030082,0.032477
2026-07-28 00:00:00,00:00,20.5,38.8,0.0,2.8,91.3,-0.01554,-0.00777,0.004493,1.074771,0.004828,0.026955,0.028971
2026-07-28 00:10:00,00:10,21.9,34.3,0.0,3.7,91.3,-0.016033,-0.008016,0.007317,1.104096,0.008079,0.043904,0.048474
2026-07-28 00:20:00,00:20,22.5,35.4,0.0,2.3,91.3,-0.015804,-0.007902,0.003781,1.083196,0.004096,0.022688,0.024576
2026-07-28 00:30:00,00:30,22.9,33.1,0.0,0.1,91.3,-0.016119,-0.00806,0.0,1.06723,0.0,0.0,0.0
2026-07-28 00:50:00,00:50,21.2,35.8,0.0,5.8,91.2,-0.015881,-0.007941,0.011772,1.12225,0.013211,0.07063,0.079264
2026-07-28 01:00:00,01:00,20.0,40.1,0.0,2.6,91.2,-0.015424,-0.007712,0.003866,1.066997,0.004125,0.023196,0.02475
2026-07-28 01:10:00,01:10,18.2,45.6,0.0,6.0,91.2,-0.014967,-0.007483,0.009399,1.083522,0.010184,0.056394,0.061104
2026-07-28 01:20:00,01:20,18.8,43.2,0.0,6.5,91.2,-0.015174,-0.007587,0.010922,1.099395,0.012008,0.065535,0.072048
2026-07-28 01:30:00,01:30,19.6,40.8,0.0,7.0,91.2,-0.015378,-0.007689,0.012616,1.115268,0.01407,0.075697,0.084422
2026-07-28 01:50:00,01:50,18.5,44.3,0.0,0.9,91.2,-0.015079,-0.00754,0.0,1.029619,0.0,0.0,0.0
2026-07-28 02:00:00,02:00,18.0,46.9,0.0,2.6,91.2,-0.014847,-0.007424,0.003102,1.03851,0.003222,0.018614,0.019331
2026-07-28 02:10:00,02:10,18.5,46.3,0.0,1.0,91.2,-0.014855,-0.007428,1.5e-05,1.022404,1.6e-05,9.1e-05,9.3e-05
2026-07-28 02:20:00,02:20,19.1,43.0,0.0,4.3,91.2,-0.015165,-0.007582,0.006946,1.074631,0.007465,0.041678,0.044789
2026-07-28 02:30:00,02:30,18.5,45.3,0.0,1.5,91.2,-0.014967,-0.007483,0.001074,1.032412,0.001109,0.006446,0.006655
2026-07-28 02:40:00,02:40,18.0,47.1,0.0,2.3,91.2,-0.014826,-0.007413,0.00252,1.034181,0.002606,0.015119,0.015636
2026-07-28 02:50:00,02:50,18.4,45.7,0.0,0.8,91.2,-0.014933,-0.007467,0.0,1.022591,0.0,0.0,0.0
2026-07-28 03:00:00,03:00,18.4,45.2,0.0,0.8,91.2,-0.014989,-0.007495,0.0,1.024685,0.0,0.0,0.0
2026-07-28 03:10:00,03:10,18.3,45.5,0.0,1.9,91.2,-0.014967,-0.007483,0.001864,1.036229,0.001931,0.011182,0.011588
2026-07-28 03:20:00,03:20,18.3,45.1,0.0,3.7,91.2,-0.015011,-0.007506,0.005389,1.058852,0.005706,0.032333,0.034236
2026-07-28 03:30:00,03:30,18.6,43.5,0.0,3.4,91.3,-0.01516,-0.00758,0.005045,1.062063,0.005358,0.03027,0.032149
2026-07-28 03:40:00,03:40,18.9,42.8,0.0,1.2,91.3,-0.01521,-0.007605,0.000547,1.039394,0.000569,0.003285,0.003414
2026-07-28 03:50:00,03:50,18.7,43.8,0.0,3.4,91.3,-0.015115,-0.007558,0.005026,1.060807,0.005332,0.030159,0.031992
2026-07-28 04:00:00,04:00,19.3,40.8,0.0,3.8,91.3,-0.015409,-0.007704,0.006278,1.078029,0.006768,0.037668,0.040607
2026-07-28 04:10:00,04:10,19.7,39.1,0.0,4.8,91.3,-0.015582,-0.007791,0.008669,1.096788,0.009508,0.052016,0.05705
2026-07-28 04:20:00,04:20,19.7,39.7,0.0,4.3,91.3,-0.015506,-0.007753,0.007538,1.088456,0.008205,0.04523,0.049231
2026-07-28 04:30:00,04:30,19.5,39.8,1.0,3.3,91.3,-0.015033,-0.007516,0.005434,1.0764,0.005849,0.032602,0.035092
2026-07-28 04:40:00,04:40,19.4,40.7,6.0,0.9,91.3,-0.012531,-0.001253,0.0,1.044701,0.0,0.0,0.0
2026-07-28 04:50:00,04:50,20.1,38.9,15.0,3.3,91.4,-0.008368,-0.000837,0.005629,1.080171,0.00608,0.033774,0.036482
2026-07-28 05:00:00,05:00,19.6,40.7,30.0,1.3,91.4,-0.00099,-9.9e-05,0.002762,1.049356,0.002899,0.016574,0.017392
2026-07-28 05:10:00,05:10,19.8,40.2,53.0,3.0,91.4,0.010008,0.001001,0.009246,1.071233,0.009905,0.055479,0.059431
2026-07-28 05:20:00,05:20,20.7,37.7,73.0,3.8,91.4,0.019373,0.001937,0.013761,1.091016,0.015014,0.082568,0.090083
2026-07-28 05:30:00,05:30,21.8,36.1,96.0,3.0,91.5,0.030303,0.00303,0.015242,1.08841,0.01659,0.091454,0.099539
2026-07-28 05:40:00,05:40,22.6,36.0,113.0,2.1,91.6,0.0019,0.00019,0.006005,1.078355,0.006475,0.036028,0.038851
2026-07-28 05:50:00,05:50,22.5,39.6,106.0,6.6,91.6,0.000262,2.6e-05,0.015203,1.11564,0.016961,0.09122,0.101769
2026-07-28 06:00:00,06:00,21.5,42.8,156.0,1.2,91.6,0.025257,0.002526,0.009334,1.039394,0.009701,0.056002,0.058208
2026-07-28 06:10:00,06:10,22.8,41.2,182.0,0.7,91.6,0.03765,0.003765,0.011762,1.040279,0.012235,0.070569,0.073412
2026-07-28 06:20:00,06:20,24.3,35.3,219.0,1.4,91.7,0.053134,0.005313,0.018166,1.073142,0.019494,0.108994,0.116967
2026-07-28 06:30:00,06:30,25.9,34.3,238.0,1.4,91.7,0.062461,0.006246,0.021213,1.077331,0.022853,0.127277,0.137119
2026-07-28 06:40:00,06:40,25.6,34.1,262.0,2.9,91.7,0.073711,0.007371,0.027904,1.095624,0.030572,0.167422,0.183432
2026-07-28 06:50:00,06:50,26.1,35.8,294.0,4.6,91.7,0.090336,0.009034,0.036186,1.108286,0.040104,0.217114,0.240624
2026-07-28 07:00:00,07:00,26.0,33.8,330.0,4.1,91.7,0.106373,0.010637,0.039613,1.110846,0.044004,0.237676,0.264021
2026-07-28 07:10:00,07:10,26.2,32.3,355.0,3.5,91.7,0.117554,0.011755,0.041593,1.110147,0.046174,0.249558,0.277046
2026-07-28 07:20:00,07:20,26.9,31.4,384.0,4.5,91.7,0.131241,0.013124,0.048152,1.125555,0.054198,0.288915,0.325189
2026-07-28 07:30:00,07:30,27.5,30.0,412.0,3.8,91.7,0.144041,0.014404,0.05066,1.123274,0.056905,0.30396,0.34143
2026-07-28 07:40:00,07:40,27.9,29.2,428.0,0.7,91.7,0.151359,0.015136,0.045323,1.090551,0.049427,0.271938,0.296562
2026-07-28 08:00:00,08:00,29.4,24.1,472.0,1.9,91.8,0.171925,0.017192,0.055594,1.125881,0.062592,0.333565,0.375554
2026-07-28 08:20:00,08:20,30.7,24.0,524.0,4.4,91.8,0.19862,0.019862,0.070892,1.155392,0.081908,0.42535,0.491446
2026-07-28 08:40:00,08:40,31.5,21.1,574.0,2.0,91.8,0.221459,0.022146,0.071898,1.139612,0.081936,0.431388,0.491615
2026-07-28 09:00:00,09:00,32.7,20.3,613.0,4.4,91.8,0.241663,0.024166,0.085725,1.170893,0.100375,0.514351,0.60225
2026-07-28 09:20:00,09:20,32.5,20.1,667.0,6.1,91.8,0.266813,0.026681,0.097259,1.191513,0.115886,0.583555,0.695314
2026-07-28 09:40:00,09:40,32.8,18.3,707.0,8.9,91.7,0.285048,0.028505,0.110452,1.231638,0.136036,0.662709,0.816218
2026-07-28 10:00:00,10:00,33.6,15.8,724.0,9.7,91.7,0.293464,0.029346,0.117086,1.251421,0.146524,0.702517,0.879145
2026-07-28 10:20:00,10:20,33.7,15.5,762.0,7.6,91.7,0.311208,0.031121,0.116714,1.22824,0.143353,0.700286,0.86012
2026-07-28 10:40:00,10:40,34.3,15.6,786.0,11.2,91.7,0.323683,0.032368,0.130427,1.269714,0.165606,0.782565,0.993633
2026-07-28 11:00:00,11:00,34.6,16.2,802.0,8.3,91.7,0.333032,0.033303,0.125791,1.233453,0.155157,0.754744,0.930941
2026-07-28 11:20:00,11:20,35.2,14.4,810.0,13.6,91.6,0.336334,0.033633,0.142226,1.30267,0.185274,0.853356,1.111642
2026-07-28 11:40:00,11:40,35.5,14.9,811.0,8.6,91.6,0.338777,0.033878,0.130139,1.24239,0.161684,0.780835,0.970102
2026-07-28 12:00:00,12:00,36.1,13.4,812.0,11.9,91.6,0.338639,0.033864,0.140799,1.287077,0.181219,0.844794,1.087315
2026-07-28 12:20:00,12:20,35.9,13.3,794.0,15.3,91.5,0.332031,0.033203,0.147504,1.327061,0.195747,0.885025,1.174482
2026-07-28 12:40:00,12:40,36.1,13.4,773.0,12.8,91.5,0.324066,0.032407,0.1392,1.29755,0.18062,0.835203,1.083717
2026-07-28 13:00:00,13:00,36.4,12.8,744.0,6.8,91.5,0.311878,0.031188,0.119267,1.230241,0.146727,0.715602,0.880363
2026-07-28 13:20:00,13:20,36.5,12.4,717.0,9.1,91.5,0.300277,0.030028,0.123244,1.258682,0.155125,0.739463,0.930749
2026-07-28 13:40:00,13:40,36.8,12.5,686.0,7.7,91.4,0.287294,0.028729,0.115579,1.241972,0.143546,0.693475,0.861276
2026-07-28 14:00:00,14:00,37.4,12.4,642.0,10.7,91.4,0.268857,0.026886,0.120536,1.277302,0.153961,0.723216,0.923765
2026-07-28 14:20:00,14:20,37.2,12.1,592.0,5.5,91.3,0.247663,0.024766,0.09732,1.218046,0.118541,0.583922,0.711244
2026-07-28 14:40:00,14:40,37.2,13.0,526.0,8.4,91.3,0.221289,0.022129,0.099078,1.248023,0.123652,0.594468,0.74191
2026-07-28 15:00:00,15:00,37.1,12.5,481.0,10.1,91.3,0.201672,0.020167,0.099141,1.2699,0.1259,0.594848,0.755398
2026-07-28 15:20:00,15:20,37.3,12.8,427.0,7.9,91.3,0.17927,0.017927,0.085436,1.243042,0.106201,0.512618,0.637206
2026-07-28 15:40:00,15:40,37.3,12.9,262.0,4.0,91.3,0.117163,0.011716,0.052783,1.197239,0.063194,0.316698,0.379163
2026-07-28 16:00:00,16:00,36.6,12.9,248.0,6.7,91.2,0.109804,0.01098,0.060353,1.228659,0.074153,0.362116,0.444917
2026-07-28 16:20:00,16:20,36.5,13.6,248.0,3.3,91.2,0.107043,0.010704,0.046495,1.18616,0.055151,0.278971,0.330904
2026-07-28 16:40:00,16:40,35.7,14.2,102.0,6.0,91.2,0.045668,0.004567,0.038167,1.215067,0.046376,0.229005,0.278256
2026-07-28 17:00:00,17:00,34.8,15.9,64.0,5.1,91.2,0.02753,0.002753,0.028672,1.197472,0.034334,0.172032,0.206004
2026-07-28 17:20:00,17:20,34.1,16.6,80.0,4.2,91.2,0.035243,0.003524,0.027143,1.184066,0.032139,0.162855,0.192831
2026-07-28 17:40:00,17:40,34.0,17.7,64.0,4.0,91.2,0.027626,0.002763,0.02393,1.17713,0.028169,0.143579,0.169011
2026-07-28 18:00:00,18:00,32.8,16.8,16.0,9.1,91.1,0.004517,0.000452,0.035125,1.240249,0.043564,0.21075,0.261382
2026-07-28 18:20:00,18:20,32.6,15.8,5.0,8.3,91.1,-0.000823,-0.000411,0.031328,1.235129,0.038694,0.187968,0.232165
2026-07-28 18:30:00,18:30,32.2,16.6,1.0,2.4,91.1,-0.002701,-0.001351,0.009135,1.163119,0.010625,0.05481,0.063751
2026-07-28 18:40:00,18:40,32.3,16.4,0.0,0.6,91.1,-0.019148,-0.009574,0.0,1.14301,0.0,0.0,0.0
2026-07-28 18:50:00,18:50,31.9,16.0,0.0,2.2,91.1,-0.019306,-0.009653,0.005695,1.163305,0.006625,0.03417,0.039751
2026-07-28 19:00:00,19:00,32.1,15.7,0.0,3.9,91.1,-0.019397,-0.009699,0.012341,1.184345,0.014617,0.074049,0.087699
2026-07-28 19:10:00,19:10,31.7,17.8,0.0,5.6,91.1,-0.018731,-0.009365,0.018138,1.19533,0.021681,0.10883,0.130088
2026-07-28 19:20:00,19:20,29.1,22.2,0.0,0.8,91.1,-0.0177,-0.00885,6.9e-05,1.12104,7.8e-05,0.000416,0.000467
2026-07-28 19:30:00,19:30,28.7,21.4,0.0,8.1,91.1,-0.017937,-0.008969,0.024213,1.209341,0.029282,0.145278,0.17569
2026-07-28 19:40:00,19:40,29.3,21.0,0.0,3.0,91.1,-0.017993,-0.008997,0.007964,1.151668,0.009172,0.047785,0.055033
2026-07-28 19:50:00,19:50,28.8,22.7,0.0,2.2,91.1,-0.017602,-0.008801,0.004991,1.135237,0.005666,0.029948,0.033998
2026-07-28 20:10:00,20:10,27.9,25.1,0.0,2.5,91.1,-0.017121,-0.00856,0.005731,1.128674,0.006469,0.034387,0.038811
2026-07-28 20:20:00,20:20,28.6,24.4,0.0,2.7,91.2,-0.017209,-0.008605,0.006545,1.133934,0.007422,0.03927,0.044529
2026-07-28 20:30:00,20:30,28.3,24.5,0.0,3.2,91.2,-0.017217,-0.008609,0.008136,1.139333,0.00927,0.048816,0.055618
2026-07-28 20:40:00,20:40,27.8,28.3,0.0,0.9,91.2,-0.016429,-0.008214,0.000361,1.096649,0.000396,0.002164,0.002373
2026-07-28 20:50:00,20:50,27.2,27.0,0.0,1.8,91.1,-0.01678,-0.00839,0.003274,1.112568,0.003642,0.019641,0.021852
2026-07-28 21:00:00,21:00,27.4,26.6,0.0,1.1,91.2,-0.016843,-0.008421,0.001022,1.106098,0.001131,0.006133,0.006784
2026-07-28 21:20:00,21:20,28.0,25.0,0.0,6.1,91.2,-0.017133,-0.008567,0.017009,1.170986,0.019917,0.102055,0.119505
2026-07-28 21:30:00,21:30,25.6,30.2,0.0,2.7,91.1,-0.016325,-0.008162,0.005637,1.109635,0.006255,0.03382,0.037528
2026-07-28 21:40:00,21:40,25.5,30.0,0.0,4.0,91.1,-0.016374,-0.008187,0.009347,1.125601,0.010521,0.056082,0.063126
2026-07-28 21:50:00,21:50,25.1,29.8,0.0,7.0,91.1,-0.016456,-0.008228,0.017271,1.16135,0.020057,0.103624,0.120344
2026-07-28 22:00:00,22:00,25.3,30.3,0.0,4.0,91.1,-0.016341,-0.008171,0.009264,1.124345,0.010416,0.055585,0.062497
2026-07-28 22:10:00,22:10,25.7,30.5,0.0,2.4,91.2,-0.016257,-0.008128,0.004757,1.104888,0.005256,0.02854,0.031534
2026-07-28 22:20:00,22:20,24.7,31.6,0.0,1.8,91.1,-0.016175,-0.008088,0.002844,1.093297,0.00311,0.017065,0.018657
2026-07-28 22:30:00,22:30,24.8,29.4,0.0,5.3,91.1,-0.016561,-0.00828,0.012829,1.143243,0.014666,0.076972,0.087998
2026-07-28 22:40:00,22:40,26.2,27.0,0.0,5.4,91.2,-0.016886,-0.008443,0.013982,1.154461,0.016142,0.083892,0.09685
2026-07-28 22:50:00,22:50,23.5,32.8,0.0,3.0,91.0,-0.016105,-0.008052,0.005933,1.102234,0.00654,0.035599,0.039239
2026-07-28 23:00:00,23:00,24.3,30.1,0.0,4.5,91.1,-0.016484,-0.008242,0.010438,1.131001,0.011806,0.062631,0.070836
2026-07-28 23:10:00,23:10,27.3,25.5,0.0,4.9,91.2,-0.017093,-0.008547,0.013106,1.154927,0.015136,0.078636,0.090819
2026-07-28 23:20:00,23:20,23.7,32.5,0.0,3.1,91.1,-0.016133,-0.008066,0.006266,1.104655,0.006922,0.037598,0.041532
2026-07-28 23:30:00,23:30,25.3,26.3,0.0,5.2,91.1,-0.017108,-0.008554,0.013275,1.155066,0.015334,0.07965,0.092001
2026-07-29 00:00:00,00:00,22.7,34.4,0.0,1.7,91.0,-0.015936,-0.007968,0.002276,1.080403,0.002459,0.013654,0.014752
2026-07-29 00:20:00,00:20,24.0,31.2,0.0,0.0,91.1,-0.016322,-0.008161,0.0,1.074026,0.0,0.0,0.0
2026-07-29 00:30:00,00:30,23.3,32.4,0.0,5.6,91.0,-0.016192,-0.008096,0.012574,1.134166,0.01426,0.075441,0.085563
2026-07-29 00:40:00,00:40,22.0,35.5,0.0,2.7,91.0,-0.015844,-0.007922,0.004712,1.087432,0.005124,0.02827,0.030742
2026-07-29 00:50:00,00:50,23.0,33.4,0.0,0.0,91.0,-0.016061,-0.008031,0.0,1.06481,0.0,0.0,0.0
2026-07-29 01:00:00,01:00,21.4,37.1,0.0,4.2,91.0,-0.015677,-0.007838,0.008007,1.098185,0.008793,0.04804,0.052757
2026-07-29 01:10:00,01:10,21.5,37.5,0.0,8.6,91.0,-0.015609,-0.007805,0.017247,1.147712,0.019795,0.103482,0.118767
2026-07-29 01:20:00,01:20,21.4,38.4,0.0,3.5,91.0,-0.015495,-0.007747,0.006242,1.084593,0.00677,0.037449,0.040617
2026-07-29 01:30:00,01:30,21.9,35.4,0.0,6.2,91.0,-0.015869,-0.007935,0.012927,1.128581,0.01459,0.077564,0.087537
2026-07-29 01:40:00,01:40,22.8,32.9,0.0,8.6,91.1,-0.016161,-0.008081,0.019208,1.166983,0.022416,0.115249,0.134494
2026-07-29 01:50:00,01:50,21.8,35.2,0.0,1.0,91.0,-0.015909,-0.007954,0.000344,1.068906,0.000368,0.002067,0.002209
2026-07-29 02:00:00,02:00,23.3,31.8,0.0,2.2,91.1,-0.016291,-0.008145,0.003835,1.097114,0.004207,0.023008,0.025242
2026-07-29 02:10:00,02:10,22.7,32.9,0.0,3.4,91.0,-0.016171,-0.008086,0.006845,1.10647,0.007574,0.041069,0.045441
2026-07-29 02:20:00,02:20,21.8,35.3,0.0,0.0,91.0,-0.015894,-0.007947,0.0,1.05685,0.0,0.0,0.0
2026-07-29 02:30:00,02:30,21.7,34.9,0.0,0.4,91.0,-0.015963,-0.007982,0.0,1.06318,0.0,0.0,0.0
2026-07-29 02:40:00,02:40,21.5,35.6,0.0,3.9,91.0,-0.015881,-0.00794,0.007535,1.100978,0.008296,0.045212,0.049777
2026-07-29 02:50:00,02:50,20.2,38.4,0.0,2.6,90.9,-0.015624,-0.007812,0.004012,1.074119,0.004309,0.024072,0.025856
2026-07-29 03:00:00,03:00,20.2,39.0,0.0,2.4,91.0,-0.015545,-0.007772,0.003512,1.069278,0.003755,0.02107,0.022529
2026-07-29 03:10:00,03:10,20.9,35.4,0.0,3.8,91.0,-0.015966,-0.007983,0.007215,1.100652,0.007941,0.04329,0.047647
2026-07-29 03:20:00,03:20,21.8,34.3,0.0,3.6,91.1,-0.016042,-0.008021,0.007039,1.102933,0.007763,0.042233,0.04658
2026-07-29 03:30:00,03:30,19.0,44.2,0.0,6.9,91.0,-0.015035,-0.007518,0.011447,1.09986,0.01259,0.068682,0.075541
2026-07-29 03:40:00,03:40,17.8,49.8,0.0,0.9,91.0,-0.014565,-0.007282,0.0,1.006578,0.0,0.0,0.0
2026-07-29 03:50:00,03:50,17.6,47.6,0.0,4.0,91.0,-0.014818,-0.007409,0.0055,1.051869,0.005786,0.033001,0.034713
2026-07-29 04:00:00,04:00,18.1,47.0,0.0,5.0,91.0,-0.014825,-0.007413,0.007405,1.06602,0.007894,0.04443,0.047363
2026-07-29 04:10:00,04:10,17.3,50.0,0.0,1.8,91.0,-0.014605,-0.007303,0.001361,1.016214,0.001383,0.008164,0.008297
2026-07-29 04:20:00,04:20,18.1,49.5,0.0,1.4,91.1,-0.014558,-0.007279,0.000689,1.013653,0.000698,0.004132,0.004188
2026-07-29 04:30:00,04:30,18.5,44.7,0.0,1.4,91.1,-0.015034,-0.007517,0.000889,1.033762,0.000919,0.005332,0.005512
2026-07-29 04:40:00,04:40,18.2,46.7,3.0,1.9,91.1,-0.013406,-0.006703,0.001979,1.031202,0.002041,0.011876,0.012247
2026-07-29 04:50:00,04:50,19.7,41.8,7.0,0.9,91.2,-0.011883,-0.001188,0.0,1.040093,0.0,0.0,0.0
2026-07-29 05:00:00,05:00,20.4,40.7,18.0,1.8,91.2,-0.006663,-0.000666,0.002517,1.055174,0.002656,0.015102,0.015935
2026-07-29 05:10:00,05:10,21.3,36.0,31.0,2.6,91.2,-0.000963,-9.6e-05,0.006325,1.084174,0.006857,0.037948,0.041143
2026-07-29 05:20:00,05:20,21.3,37.8,46.0,2.1,91.3,0.006491,0.000649,0.006854,1.070814,0.007339,0.041124,0.044037
2026-07-29 05:30:00,05:30,21.3,37.4,63.0,1.1,91.3,0.014595,0.001459,0.00657,1.060853,0.006969,0.039418,0.041817
2026-07-29 05:40:00,05:40,19.7,46.5,81.0,2.0,91.2,-0.010052,-0.001005,0.001635,1.033204,0.00169,0.009811,0.010137
2026-07-29 05:50:00,05:50,19.4,49.9,103.0,0.8,91.3,0.001657,0.000166,0.00199,1.004995,0.002,0.011943,0.012003
2026-07-29 06:00:00,06:00,20.0,49.5,128.0,1.0,91.3,0.013813,0.001381,0.005504,1.008999,0.005553,0.033022,0.033319
2026-07-29 06:10:00,06:10,21.4,46.5,154.0,2.3,91.3,0.025836,0.002584,0.011446,1.036695,0.011866,0.068676,0.071196
2026-07-29 06:30:00,06:30,22.7,44.6,207.0,2.4,91.4,0.051174,0.005117,0.018648,1.045818,0.019502,0.111888,0.117015
2026-07-29 06:40:00,06:40,23.2,43.7,237.0,1.8,91.4,0.065449,0.006545,0.021433,1.042606,0.022346,0.128598,0.134077
2026-07-29 07:00:00,07:00,25.8,31.9,294.0,3.2,91.5,0.087842,0.008784,0.032782,1.108332,0.036334,0.196693,0.218001
2026-07-29 07:10:00,07:10,26.6,27.8,321.0,7.0,91.5,0.09848,0.009848,0.045993,1.169729,0.053799,0.275957,0.322795
2026-07-29 07:20:00,07:20,27.2,28.7,351.0,5.1,91.6,0.114263,0.011426,0.045821,1.143848,0.052413,0.274928,0.314476
2026-07-29 07:30:00,07:30,27.2,30.5,377.0,3.1,91.6,0.129402,0.01294,0.044734,1.113033,0.049791,0.268405,0.298744
2026-07-29 07:50:00,07:50,27.9,29.4,432.0,4.3,91.6,0.157012,0.015701,0.055756,1.131606,0.063094,0.334536,0.378563
2026-07-29 08:00:00,08:00,28.2,29.0,458.0,9.0,91.6,0.170127,0.017013,0.069887,1.187976,0.083025,0.419325,0.498148
2026-07-29 08:10:00,08:10,28.2,31.2,488.0,5.5,91.6,0.185976,0.018598,0.066083,1.13803,0.075204,0.396496,0.451224
2026-07-29 08:20:00,08:20,28.2,30.0,509.0,7.4,91.6,0.196417,0.019642,0.073075,1.165167,0.085145,0.438452,0.51087
2026-07-29 08:30:00,08:30,28.6,30.8,545.0,5.3,91.6,0.213479,0.021348,0.073546,1.137378,0.08365,0.441277,0.501899
2026-07-29 08:40:00,08:40,29.3,29.7,602.0,4.2,91.7,0.237105,0.023711,0.078635,1.129186,0.088793,0.471807,0.532758
2026-07-29 08:50:00,08:50,29.0,30.1,551.0,9.8,91.6,0.221634,0.022163,0.085234,1.192677,0.101657,0.511406,0.609942
2026-07-29 09:00:00,09:00,29.1,31.7,295.0,7.9,91.6,0.128948,0.012895,0.05687,1.163864,0.066189,0.341222,0.397136
2026-07-29 09:10:00,09:10,29.2,32.2,582.0,5.4,91.6,0.239526,0.023953,0.081114,1.132677,0.091876,0.486684,0.551256
2026-07-29 09:20:00,09:20,29.7,30.2,640.0,9.0,91.6,0.262977,0.026298,0.095424,1.182949,0.112881,0.572542,0.677288
2026-07-29 09:30:00,09:30,30.1,30.1,663.0,9.3,91.7,0.274121,0.027412,0.099527,1.186859,0.118124,0.597161,0.708746
2026-07-29 09:40:00,09:40,30.1,29.8,690.0,10.8,91.6,0.2864,0.02864,0.105492,1.205571,0.127178,0.63295,0.763066
2026-07-29 09:50:00,09:50,30.2,29.5,697.0,10.2,91.6,0.29085,0.029085,0.1059,1.199846,0.127063,0.635397,0.762379
2026-07-29 10:00:00,10:00,30.3,30.0,715.0,10.6,91.6,0.299984,0.029998,0.108905,1.202406,0.130948,0.653431,0.785689
2026-07-29 10:20:00,10:20,30.4,29.7,741.0,15.9,91.6,0.313114,0.031311,0.121002,1.265339,0.153108,0.72601,0.918648
2026-07-29 10:30:00,10:30,30.2,29.4,749.0,13.6,91.6,0.31731,0.031731,0.118289,1.23983,0.146659,0.709737,0.879953
2026-07-29 12:00:00,12:00,31.3,28.9,776.0,15.4,91.6,0.334961,0.033496,0.128125,1.262872,0.161805,0.768748,0.97083
2026-07-29 12:10:00,12:10,31.8,27.3,781.0,10.5,91.6,0.336512,0.033651,0.122169,1.212553,0.148137,0.733016,0.888821
2026-07-29 12:20:00,12:20,31.8,27.0,774.0,11.5,91.6,0.333639,0.033364,0.123368,1.225447,0.151181,0.740207,0.907085
2026-07-29 12:30:00,12:30,32.1,27.5,779.0,16.1,91.6,0.336183,0.033618,0.132245,1.276883,0.168861,0.793471,1.013169
2026-07-29 12:40:00,12:40,32.0,27.0,758.0,13.1,91.5,0.327266,0.032727,0.124959,1.244066,0.155458,0.749756,0.932747
2026-07-29 12:50:00,12:50,32.5,26.5,746.0,13.4,91.6,0.322196,0.03222,0.125473,1.249652,0.156797,0.752836,0.940783
2026-07-29 13:00:00,13:00,32.4,28.2,731.0,12.9,91.5,0.316843,0.031684,0.12202,1.236712,0.150903,0.732119,0.90542
2026-07-29 13:10:00,13:10,32.4,27.6,717.0,12.9,91.5,0.31054,0.031054,0.120713,1.239225,0.149591,0.724279,0.897544
2026-07-29 13:20:00,13:20,32.3,27.6,694.0,15.4,91.5,0.300801,0.03008,0.122516,1.268318,0.155389,0.735096,0.932335
2026-07-29 13:30:00,13:30,32.6,27.6,678.0,13.9,91.5,0.294009,0.029401,0.118661,1.250862,0.148428,0.711963,0.890568
2026-07-29 13:40:00,13:40,32.4,27.6,661.0,14.2,91.5,0.286547,0.028655,0.116917,1.254353,0.146656,0.701504,0.879933
2026-07-29 14:10:00,14:10,32.4,28.3,592.0,19.9,91.5,0.257123,0.025712,0.119203,1.317752,0.15708,0.715217,0.942478
2026-07-29 14:30:00,14:30,32.3,28.8,542.0,12.2,91.4,0.235652,0.023565,0.099015,1.226052,0.121398,0.59409,0.728385
2026-07-29 14:40:00,14:40,32.3,27.9,518.0,15.3,91.4,0.224842,0.022484,0.102905,1.265897,0.130267,0.617431,0.781604
2026-07-29 14:50:00,14:50,32.1,28.7,493.0,11.3,91.4,0.214219,0.021422,0.091291,1.215998,0.111009,0.547744,0.666055
2026-07-29 15:00:00,15:00,32.1,27.8,471.0,16.6,91.4,0.204208,0.020421,0.099964,1.281444,0.128098,0.599784,0.76859
2026-07-29 15:10:00,15:10,32.0,28.1,443.0,16.7,91.4,0.192234,0.019223,0.096799,1.281351,0.124034,0.580796,0.744203
2026-07-29 15:20:00,15:20,32.1,27.7,416.0,13.0,91.4,0.180491,0.018049,0.086636,1.23997,0.107426,0.519818,0.644559
2026-07-29 15:30:00,15:30,32.2,27.4,380.0,25.4,91.4,0.165337,0.016534,0.107355,1.385526,0.148744,0.644133,0.892462
2026-07-29 15:40:00,15:40,31.9,27.9,352.0,28.6,91.4,0.15348,0.015348,0.108859,1.42067,0.154652,0.653152,0.927913
2026-07-29 15:50:00,15:50,31.7,28.0,328.0,22.3,91.4,0.143112,0.014311,0.095079,1.346937,0.128065,0.570472,0.76839
2026-07-29 16:00:00,16:00,31.4,29.7,272.0,10.0,91.4,0.120992,0.012099,0.062494,1.19668,0.074785,0.374963,0.448711
2026-07-29 16:10:00,16:10,30.8,30.0,207.0,20.3,91.4,0.095498,0.00955,0.076955,1.315285,0.101218,0.461731,0.607308
2026-07-29 16:20:00,16:20,30.2,31.2,131.0,17.6,91.4,0.060314,0.006031,0.061596,1.278838,0.078771,0.369573,0.472624
2026-07-29 16:30:00,16:30,30.1,31.9,119.0,8.2,91.4,0.054576,0.005458,0.038635,1.166517,0.045068,0.231808,0.270408
2026-07-29 16:40:00,16:40,29.7,32.0,77.0,14.6,91.4,0.034407,0.003441,0.047986,1.240575,0.05953,0.287917,0.357182
2026-07-29 16:50:00,16:50,29.5,32.4,101.0,14.7,91.4,0.045934,0.004593,0.050584,1.240063,0.062728,0.303506,0.376366
2026-07-29 17:00:00,17:00,29.3,32.4,67.0,18.3,91.4,0.029608,0.002961,0.053813,1.281956,0.068986,0.322877,0.413914
2026-07-29 17:10:00,17:10,28.8,33.0,68.0,12.0,91.4,0.030093,0.003009,0.039893,1.20613,0.048117,0.23936,0.288699
2026-07-29 17:20:00,17:20,28.6,34.4,105.0,13.2,91.4,0.047894,0.004789,0.045968,1.214229,0.055816,0.275807,0.334893
2026-07-29 17:30:00,17:30,28.4,35.1,80.0,14.0,91.4,0.03591,0.003591,0.044127,1.220606,0.053861,0.26476,0.323167
2026-07-29 17:40:00,17:40,28.0,35.5,59.0,12.0,91.4,0.02583,0.002583,0.037026,1.195656,0.04427,0.222155,0.265621
2026-07-29 17:50:00,17:50,27.6,36.5,35.0,11.2,91.4,0.014328,0.001433,0.031769,1.182157,0.037556,0.190616,0.225338
2026-07-29 18:00:00,18:00,27.2,37.1,19.0,14.6,91.4,0.006653,0.000665,0.036217,1.21921,0.044156,0.217303,0.264937
2026-07-29 18:10:00,18:10,26.7,38.3,10.0,14.1,91.4,0.002352,0.000235,0.033212,1.208364,0.040132,0.19927,0.24079
2026-07-29 18:20:00,18:20,26.2,39.3,3.0,4.5,91.4,-0.000996,-0.000498,0.011401,1.092459,0.012455,0.068405,0.07473
2026-07-29 18:30:00,18:30,25.9,40.8,1.0,4.6,91.5,-0.001924,-0.000962,0.011159,1.087339,0.012133,0.066953,0.072801
2026-07-29 18:40:00,18:40,25.1,42.5,0.0,7.7,91.4,-0.014314,-0.007157,0.015516,1.116292,0.01732,0.093095,0.103921
2026-07-29 18:50:00,18:50,25.2,41.0,0.0,8.4,91.5,-0.014529,-0.007265,0.017451,1.130722,0.019732,0.104707,0.118394
2026-07-29 19:10:00,19:10,24.6,42.2,0.0,7.6,91.5,-0.014457,-0.007229,0.015227,1.116385,0.016999,0.091362,0.101995
2026-07-29 19:30:00,19:30,23.9,44.5,0.0,4.3,91.5,-0.014251,-0.007125,0.007662,1.068347,0.008186,0.045974,0.049116
2026-07-29 19:40:00,19:40,23.7,44.7,0.0,5.3,91.5,-0.01426,-0.00713,0.009674,1.079146,0.010439,0.058042,0.062635
2026-07-29 19:50:00,19:50,23.7,44.8,0.0,0.4,91.6,-0.014246,-0.007123,0.0,1.021706,0.0,0.0,0.0
2026-07-29 20:00:00,20:00,23.2,45.2,0.0,5.8,91.6,-0.014284,-0.007142,0.010464,1.08287,0.011332,0.062787,0.06799
2026-07-29 20:10:00,20:10,23.1,45.1,0.0,4.5,91.6,-0.014316,-0.007158,0.007839,1.068161,0.008373,0.047033,0.050239
2026-07-29 20:20:00,20:20,23.0,45.4,0.0,2.3,91.6,-0.014293,-0.007147,0.003111,1.041303,0.003239,0.018666,0.019437
2026-07-29 20:30:00,20:30,22.7,46.3,0.0,1.3,91.6,-0.014226,-0.007113,0.000829,1.025895,0.000851,0.004977,0.005106
2026-07-29 20:40:00,20:40,22.2,49.3,0.0,0.1,91.6,-0.013929,-0.006965,0.0,0.999363,0.0,0.0,0.0
2026-07-29 20:50:00,20:50,21.8,49.1,0.0,1.4,91.6,-0.01403,-0.007015,0.000893,1.015329,0.000907,0.005358,0.00544
2026-07-29 21:00:00,21:00,21.6,49.7,0.0,1.0,91.6,-0.013992,-0.006996,4e-05,1.008161,4.1e-05,0.000242,0.000244
2026-07-29 21:10:00,21:10,21.4,50.0,0.0,4.3,91.7,-0.013992,-0.006996,0.006384,1.045306,0.006673,0.038304,0.04004
2026-07-29 21:20:00,21:20,21.4,50.4,0.0,3.2,91.7,-0.013944,-0.006972,0.004304,1.03083,0.004437,0.025826,0.026622
2026-07-29 21:30:00,21:30,21.3,50.4,0.0,1.6,91.7,-0.013962,-0.006981,0.001216,1.01221,0.001231,0.007295,0.007384
2026-07-29 21:40:00,21:40,21.5,49.3,0.0,4.9,91.7,-0.01406,-0.00703,0.007602,1.055221,0.008022,0.045612,0.048131
2026-07-29 21:50:00,21:50,21.4,50.3,0.0,2.3,91.7,-0.013956,-0.006978,0.0026,1.020775,0.002654,0.015598,0.015922
2026-07-29 22:00:00,22:00,20.8,53.0,0.0,1.6,91.7,-0.013748,-0.006874,0.001063,1.001318,0.001064,0.006378,0.006386
2026-07-29 22:10:00,22:10,20.3,54.3,0.0,6.7,91.7,-0.013695,-0.006847,0.009283,1.055221,0.009796,0.055697,0.058773
2026-07-29 22:20:00,22:20,20.0,55.6,0.0,2.4,91.7,-0.013608,-0.006804,0.002254,0.999735,0.002254,0.013525,0.013521
2026-07-29 22:30:00,22:30,20.0,54.9,0.0,8.6,91.7,-0.013684,-0.006842,0.011744,1.074818,0.012623,0.070465,0.075738
2026-07-29 22:40:00,22:40,19.9,56.4,0.0,3.7,91.7,-0.013541,-0.00677,0.004265,1.011512,0.004314,0.025588,0.025883
2026-07-29 22:50:00,22:50,19.7,56.4,0.0,7.1,91.7,-0.013578,-0.006789,0.00921,1.051078,0.009681,0.055262,0.058085
2026-07-29 23:00:00,23:00,19.7,56.3,0.0,2.7,91.7,-0.013589,-0.006795,0.002663,1.000294,0.002664,0.015978,0.015983
2026-07-29 23:10:00,23:10,19.7,56.2,0.0,6.9,91.7,-0.0136,-0.0068,0.00898,1.049588,0.009426,0.053883,0.056555
2026-07-29 23:20:00,23:20,19.5,56.4,0.0,5.0,91.7,-0.013615,-0.006808,0.006176,1.02664,0.00634,0.037054,0.038042
2026-07-29 23:30:00,23:30,19.5,56.6,0.0,4.9,91.7,-0.013594,-0.006797,0.005995,1.024639,0.006143,0.03597,0.036856
2026-07-29 23:40:00,23:40,19.5,56.2,0.0,6.7,91.7,-0.013636,-0.006818,0.008651,1.047261,0.00906,0.051908,0.054361
2026-07-29 23:50:00,23:50,19.5,56.0,0.0,8.4,91.7,-0.013657,-0.006829,0.011005,1.067882,0.011752,0.066032,0.070514
2026-07-30 00:00:00,00:00,19.5,55.7,0.0,6.3,91.7,-0.013689,-0.006845,0.008195,1.044701,0.008562,0.049173,0.051371
2026-07-30 00:10:00,00:10,19.4,55.8,0.0,5.8,91.7,-0.013696,-0.006848,0.007434,1.038463,0.007719,0.044601,0.046317
2026-07-30 00:30:00,00:30,19.2,56.1,0.0,5.9,91.7,-0.0137,-0.00685,0.007475,1.03837,0.007762,0.044852,0.046573
2026-07-30 00:40:00,00:40,19.2,56.1,0.0,8.4,91.7,-0.0137,-0.00685,0.010883,1.067463,0.011617,0.065295,0.0697
2026-07-30 00:50:00,00:50,19.1,56.1,0.0,6.3,91.7,-0.013718,-0.006859,0.008018,1.043025,0.008363,0.048107,0.050177
2026-07-30 01:00:00,01:00,19.1,56.0,0.0,6.4,91.7,-0.013728,-0.006864,0.008179,1.044608,0.008544,0.049073,0.051262
2026-07-30 01:10:00,01:10,18.8,57.5,0.0,6.5,91.7,-0.013627,-0.006814,0.007925,1.039488,0.008238,0.047553,0.049431
2026-07-30 01:30:00,01:30,18.8,57.7,0.0,5.9,91.7,-0.013607,-0.006804,0.007077,1.031667,0.007301,0.04246,0.043804
2026-07-30 01:40:00,01:40,18.5,58.4,0.0,4.4,91.7,-0.01359,-0.006795,0.004834,1.011279,0.004888,0.029003,0.02933
2026-07-30 01:50:00,01:50,18.4,58.9,0.0,4.4,91.7,-0.013559,-0.006779,0.004746,1.009185,0.00479,0.028478,0.028739
2026-07-30 02:00:00,02:00,18.2,60.1,0.0,2.4,91.7,-0.013477,-0.006739,0.001766,0.980884,0.001732,0.010595,0.010392
2026-07-30 02:10:00,02:10,18.0,60.9,0.0,1.3,91.7,-0.013437,-0.006718,0.000105,0.964731,0.000101,0.000628,0.000606
2026-07-30 02:20:00,02:20,18.0,60.8,0.0,3.8,91.7,-0.013446,-0.006723,0.003621,0.994243,0.003601,0.021729,0.021603
2026-07-30 02:30:00,02:30,17.9,61.4,0.0,2.3,91.7,-0.013407,-0.006704,0.001506,0.974274,0.001467,0.009037,0.008804
2026-07-30 02:40:00,02:40,17.9,62.1,0.0,0.3,91.7,-0.013342,-0.006671,0.0,0.948067,0.0,0.0,0.0
2026-07-30 02:50:00,02:50,17.7,62.3,0.0,2.1,91.7,-0.013359,-0.00668,0.001155,0.968176,0.001119,0.006933,0.006712
2026-07-30 03:00:00,03:00,17.7,62.5,0.0,2.7,91.7,-0.013341,-0.00667,0.001948,0.97432,0.001898,0.011689,0.011389
2026-07-30 03:10:00,03:10,17.6,62.7,0.0,1.2,91.7,-0.01334,-0.00667,0.0,0.956027,0.0,0.0,0.0
2026-07-30 03:20:00,03:20,18.1,60.1,0.0,1.7,91.7,-0.013495,-0.006748,0.000735,0.972738,0.000715,0.004411,0.004291
2026-07-30 03:30:00,03:30,17.9,61.7,0.0,1.3,91.7,-0.013379,-0.00669,7.2e-05,0.96138,6.9e-05,0.000433,0.000417
2026-07-30 03:40:00,03:40,17.8,61.8,0.0,3.7,91.7,-0.013388,-0.006694,0.003344,0.98889,0.003307,0.020063,0.01984
2026-07-30 04:00:00,04:00,17.4,63.0,0.0,0.8,91.7,-0.013349,-0.006674,0.0,0.950115,0.0,0.0,0.0
2026-07-30 04:10:00,04:10,17.3,62.9,0.0,2.8,91.7,-0.013375,-0.006688,0.002012,0.973808,0.00196,0.012075,0.011758
2026-07-30 04:20:00,04:20,17.1,64.4,0.0,3.9,91.7,-0.013276,-0.006638,0.003193,0.980325,0.00313,0.019159,0.018782
2026-07-30 04:30:00,04:30,17.0,64.6,1.0,2.8,91.8,-0.012797,-0.006398,0.001902,0.966686,0.001839,0.011415,0.011035
2026-07-30 04:40:00,04:40,17.1,65.5,4.0,1.1,91.8,-0.01126,-0.00563,0.0,0.943133,0.0,0.0,0.0
2026-07-30 04:50:00,04:50,17.4,63.6,11.0,3.3,91.8,-0.008014,-0.000801,0.002447,0.976694,0.00239,0.014681,0.014339
2026-07-30 05:00:00,05:00,17.4,63.0,21.0,2.4,91.8,-0.003269,-0.000327,0.002466,0.968734,0.002389,0.014798,0.014335
2026-07-30 05:10:00,05:10,17.5,63.3,36.0,5.4,91.8,0.003976,0.000398,0.007694,1.002389,0.007712,0.046162,0.046272
2026-07-30 05:20:00,05:20,17.3,63.5,50.0,1.4,91.8,0.010679,0.001068,0.004451,0.955003,0.004251,0.026708,0.025506
2026-07-30 05:30:00,05:30,17.6,63.8,70.0,0.5,91.8,0.02036,0.002036,0.005684,0.943273,0.005362,0.034105,0.032171
2026-07-30 05:40:00,05:40,18.2,62.4,88.0,2.6,91.8,-0.001955,-0.000196,0.00315,0.973575,0.003067,0.018901,0.018401
2026-07-30 05:50:00,05:50,18.6,61.8,109.0,2.9,91.8,0.008187,0.000819,0.006059,0.97958,0.005935,0.036353,0.035611
2026-07-30 06:00:00,06:00,19.0,60.0,131.0,2.6,91.8,0.018413,0.001841,0.00836,0.98363,0.008223,0.050157,0.049336
2026-07-30 06:10:00,06:10,19.9,57.3,156.0,2.2,91.8,0.030063,0.003006,0.011068,0.990286,0.010961,0.066409,0.065764
2026-07-30 06:20:00,06:20,20.7,53.5,179.0,4.4,91.8,0.04022,0.004022,0.017436,1.031807,0.01799,0.104613,0.107941
2026-07-30 06:30:00,06:30,21.2,51.0,205.0,2.6,91.9,0.052039,0.005204,0.018094,1.021334,0.01848,0.108564,0.110881
2026-07-30 06:40:00,06:40,21.7,49.5,234.0,1.9,91.9,0.065659,0.006566,0.0207,1.019472,0.021103,0.1242,0.126619
2026-07-30 06:50:00,06:50,22.5,47.0,260.0,2.2,91.9,0.077566,0.007757,0.024787,1.033436,0.025616,0.148722,0.153695
2026-07-30 07:00:00,07:00,22.7,44.5,285.0,2.7,91.9,0.088569,0.008857,0.028836,1.049728,0.03027,0.173018,0.181622
2026-07-30 07:10:00,07:10,23.0,42.6,315.0,2.2,91.9,0.102702,0.01027,0.031927,1.051869,0.033583,0.191564,0.2015
2026-07-30 07:20:00,07:20,23.5,41.6,341.0,4.4,91.9,0.116523,0.011652,0.039804,1.08166,0.043055,0.238827,0.258329
2026-07-30 07:30:00,07:30,23.5,40.9,369.0,4.3,91.9,0.130512,0.013051,0.043295,1.083429,0.046908,0.259773,0.281445
2026-07-30 07:40:00,07:40,23.2,42.4,399.0,9.8,91.9,0.145795,0.01458,0.054491,1.141148,0.062183,0.326949,0.373097
2026-07-30 07:50:00,07:50,23.7,41.3,428.0,11.2,91.9,0.159869,0.015987,0.060569,1.162049,0.070384,0.363413,0.422304
2026-07-30 08:00:00,08:00,24.0,39.8,451.0,7.6,91.9,0.171472,0.017147,0.059321,1.126439,0.066822,0.355928,0.400931
2026-07-30 08:10:00,08:10,23.8,40.5,480.0,9.7,91.9,0.185732,0.018573,0.065089,1.147944,0.074719,0.390536,0.448313
2026-07-30 08:20:00,08:20,24.1,40.2,506.0,10.2,91.9,0.198625,0.019862,0.069257,1.15502,0.079993,0.415543,0.47996
2026-07-30 08:30:00,08:30,24.8,39.0,528.0,7.9,91.9,0.209728,0.020973,0.070281,1.133282,0.079648,0.421687,0.47789
2026-07-30 08:40:00,08:40,24.8,37.5,552.0,4.8,91.9,0.220924,0.022092,0.068992,1.103491,0.076132,0.413951,0.456791
2026-07-30 08:50:00,08:50,25.4,37.8,579.0,2.8,91.9,0.23427,0.023427,0.069972,1.07896,0.075497,0.41983,0.45298
2026-07-30 09:00:00,09:00,25.4,37.5,605.0,10.8,91.9,0.246582,0.024658,0.084368,1.173313,0.09899,0.506207,0.593939
2026-07-30 09:10:00,09:10,25.4,35.4,621.0,3.1,91.9,0.254121,0.025412,0.076037,1.092506,0.083071,0.456222,0.498425
2026-07-30 09:20:00,09:20,25.8,36.3,638.0,11.4,91.9,0.263547,0.026355,0.090327,1.185323,0.107066,0.54196,0.642397
2026-07-30 09:30:00,09:30,26.1,34.6,662.0,2.8,91.9,0.274235,0.027423,0.081836,1.092366,0.089395,0.491017,0.53637
2026-07-30 09:40:00,09:40,26.0,34.9,680.0,7.4,91.9,0.283313,0.028331,0.090835,1.14464,0.103974,0.545012,0.623842
2026-07-30 09:50:00,09:50,26.4,34.7,695.0,6.7,91.9,0.291083,0.029108,0.092511,1.137332,0.105216,0.555066,0.631294
2026-07-30 10:00:00,10:00,26.4,34.7,716.0,8.7,91.9,0.301031,0.030103,0.097714,1.160606,0.113408,0.586284,0.680445
2026-07-30 10:10:00,10:10,27.0,34.5,773.0,9.1,91.9,0.325402,0.03254,0.105433,1.166098,0.122946,0.6326,0.737674
2026-07-30 10:20:00,10:20,26.6,33.7,749.0,6.9,91.9,0.316678,0.031668,0.09993,1.143848,0.114305,0.599582,0.68583
2026-07-30 10:30:00,10:30,26.8,34.5,750.0,7.1,91.9,0.318853,0.031885,0.100852,1.142824,0.115256,0.605109,0.691533
2026-07-30 10:40:00,10:40,27.0,32.6,758.0,1.2,91.9,0.322352,0.032235,0.093637,1.082126,0.101327,0.561824,0.607964
2026-07-30 10:50:00,10:50,27.3,33.1,774.0,3.5,91.9,0.33022,0.033022,0.099789,1.106796,0.110446,0.598736,0.662679
2026-07-30 11:00:00,11:00,27.2,34.3,792.0,12.1,91.9,0.339001,0.0339,0.112831,1.201847,0.135605,0.676985,0.813633
2026-07-30 11:10:00,11:10,27.7,33.0,803.0,16.2,91.9,0.343858,0.034386,0.120386,1.255005,0.151085,0.722314,0.906508
2026-07-30 11:20:00,11:20,28.1,33.6,775.0,4.9,91.9,0.333681,0.033368,0.103889,1.120993,0.116459,0.623333,0.698752
2026-07-30 11:30:00,11:30,28.7,31.5,785.0,7.1,91.9,0.337558,0.033756,0.109742,1.155392,0.126794,0.658449,0.760767
2026-07-30 11:40:00,11:40,28.7,31.6,787.0,6.9,91.8,0.338945,0.033894,0.109782,1.152646,0.126539,0.65869,0.759236
2026-07-30 11:50:00,11:50,28.5,32.1,785.0,12.4,91.8,0.338721,0.033872,0.116931,1.214555,0.142019,0.701588,0.852116
2026-07-30 12:00:00,12:00,28.7,32.4,805.0,8.4,91.8,0.347476,0.034748,0.113963,1.16675,0.132966,0.683778,0.797798
2026-07-30 12:10:00,12:10,28.6,31.3,343.0,1.6,91.8,0.15839,0.015839,0.049881,1.092226,0.054482,0.299288,0.32689
2026-07-30 12:20:00,12:20,29.3,31.9,787.0,11.6,91.8,0.34052,0.034052,0.118034,1.206083,0.142359,0.708205,0.854154
2026-07-30 12:30:00,12:30,29.2,29.9,762.0,10.7,91.8,0.329302,0.03293,0.114611,1.203988,0.13799,0.687665,0.827941
2026-07-30 12:40:00,12:40,29.4,32.1,748.0,6.8,91.8,0.324723,0.032472,0.106815,1.149387,0.122772,0.640888,0.736629
2026-07-30 12:50:00,12:50,29.7,29.3,738.0,9.3,91.8,0.319291,0.031929,0.110965,1.19021,0.132072,0.665793,0.792433
2026-07-30 13:00:00,13:00,29.8,29.8,720.0,10.8,91.7,0.312057,0.031206,0.111541,1.205571,0.134471,0.669248,0.806826
2026-07-30 13:10:00,13:10,29.9,29.4,711.0,10.3,91.7,0.307977,0.030798,0.110025,1.201428,0.132187,0.660147,0.79312
2026-07-30 13:20:00,13:20,29.9,30.0,696.0,14.1,91.7,0.301818,0.030182,0.114269,1.243135,0.142052,0.685617,0.852314
2026-07-30 13:30:00,13:30,30.1,28.1,682.0,13.9,91.7,0.294899,0.02949,0.113721,1.248768,0.142011,0.682326,0.852066
2026-07-30 13:40:00,13:40,30.1,28.4,661.0,8.1,91.7,0.286049,0.028605,0.101082,1.180016,0.119279,0.606493,0.715672
2026-07-30 13:50:00,13:50,30.4,27.8,633.0,11.1,91.7,0.274009,0.027401,0.104274,1.217441,0.126947,0.625643,0.761683
2026-07-30 14:00:00,14:00,30.6,27.5,599.0,14.3,91.7,0.259632,0.025963,0.106959,1.255936,0.134334,0.641755,0.806004
2026-07-30 14:10:00,14:10,30.6,28.2,506.0,7.2,91.7,0.221888,0.022189,0.082806,1.170381,0.096914,0.496834,0.581485
2026-07-30 14:20:00,14:20,30.6,27.3,527.0,17.0,91.6,0.229315,0.022932,0.104427,1.288194,0.134522,0.626562,0.807134
2026-07-30 14:30:00,14:30,30.5,27.2,503.0,13.7,91.6,0.218926,0.021893,0.095669,1.250211,0.119607,0.574015,0.71764
2026-07-30 14:40:00,14:40,30.7,27.0,497.0,12.5,91.6,0.215682,0.021568,0.092928,1.237084,0.114959,0.557567,0.689757
2026-07-30 14:50:00,14:50,30.9,27.5,468.0,13.4,91.6,0.203528,0.020353,0.091694,1.245463,0.114202,0.550165,0.68521
2026-07-30 15:00:00,15:00,30.6,26.7,457.0,15.5,91.6,0.197909,0.019791,0.094389,1.273252,0.120181,0.566333,0.721084
2026-07-30 15:10:00,15:10,30.7,27.4,440.0,13.8,91.6,0.19046,0.019046,0.088945,1.250536,0.111229,0.533671,0.667375
2026-07-30 15:20:00,15:20,30.4,27.3,400.0,10.3,91.6,0.173739,0.017374,0.076955,1.210226,0.093133,0.461729,0.558797
2026-07-30 15:30:00,15:30,30.3,26.9,394.0,17.6,91.5,0.170138,0.017014,0.090978,1.296852,0.117985,0.545869,0.707912
2026-07-30 15:40:00,15:40,30.2,26.5,361.0,17.0,91.5,0.156191,0.015619,0.086581,1.291545,0.111823,0.519486,0.670939
2026-07-30 15:50:00,15:50,30.0,27.4,256.0,14.8,91.5,0.115502,0.01155,0.071362,1.262173,0.090072,0.428174,0.54043
2026-07-30 16:00:00,16:00,30.0,26.8,297.0,21.4,91.5,0.129632,0.012963,0.088058,1.341491,0.118129,0.528349,0.708775
2026-07-30 16:10:00,16:10,29.7,27.2,211.0,18.5,91.5,0.096697,0.00967,0.074114,1.306068,0.096798,0.444682,0.580785
2026-07-30 16:20:00,16:20,29.4,26.9,268.0,24.3,91.5,0.116178,0.011618,0.088868,1.37482,0.122177,0.533207,0.733063
2026-07-30 16:30:00,16:30,29.4,27.1,228.0,17.2,91.5,0.100401,0.01004,0.072004,1.291359,0.092983,0.432024,0.557898
2026-07-30 16:40:00,16:40,29.3,27.5,198.0,21.5,91.5,0.088434,0.008843,0.077064,1.339722,0.103244,0.462381,0.619462
2026-07-30 16:50:00,16:50,29.1,27.8,168.0,19.4,91.5,0.076674,0.007667,0.069873,1.314028,0.091815,0.419239,0.550892
2026-07-30 17:00:00,17:00,28.9,28.7,139.0,14.4,91.5,0.064023,0.006402,0.055843,1.252072,0.069919,0.335055,0.419514
2026-07-30 17:10:00,17:10,28.6,29.6,113.0,17.6,91.5,0.051568,0.005157,0.058599,1.285541,0.075332,0.351595,0.45199
2026-07-30 17:20:00,17:20,28.2,30.6,92.0,12.4,91.5,0.041512,0.004151,0.044288,1.220839,0.054068,0.265726,0.324408
2026-07-30 17:30:00,17:30,27.8,31.0,74.0,13.7,91.5,0.032876,0.003288,0.044449,1.234291,0.054864,0.266697,0.329181
2026-07-30 17:40:00,17:40,27.6,31.3,53.0,19.2,91.5,0.0228,0.00228,0.052717,1.297038,0.068376,0.316301,0.410254
2026-07-30 17:50:00,17:50,27.2,32.5,37.0,17.2,91.5,0.015149,0.001515,0.045933,1.268737,0.058277,0.275599,0.349663
2026-07-30 18:00:00,18:00,26.7,33.6,17.0,11.3,91.5,0.005571,0.000557,0.030561,1.19547,0.036535,0.183368,0.219211
2026-07-30 18:10:00,18:10,26.3,34.2,5.0,9.1,91.5,-0.000181,-9.1e-05,0.023774,1.167355,0.027752,0.142642,0.166514
2026-07-30 18:20:00,18:20,25.8,35.2,1.0,10.6,91.5,-0.002085,-0.001043,0.026187,1.180621,0.030917,0.157123,0.185503
2026-07-30 18:30:00,18:30,25.7,35.5,1.0,7.6,91.5,-0.002079,-0.001039,0.019355,1.144453,0.022151,0.116129,0.132904
2026-07-30 18:40:00,18:40,25.3,36.0,0.0,11.7,91.5,-0.015331,-0.007666,0.026109,1.19007,0.031071,0.156653,0.186428
2026-07-30 18:50:00,18:50,24.9,36.8,0.0,8.2,91.5,-0.01526,-0.00763,0.018171,1.145989,0.020824,0.109025,0.124941
2026-07-30 19:00:00,19:00,24.5,37.5,0.0,2.4,91.5,-0.015209,-0.007605,0.004104,1.075562,0.004414,0.024622,0.026483
2026-07-30 19:10:00,19:10,24.2,37.9,0.0,2.1,91.5,-0.015192,-0.007596,0.003272,1.070395,0.003502,0.019632,0.021014
2026-07-30 19:20:00,19:20,24.1,37.7,0.0,3.1,91.5,-0.015239,-0.007619,0.00581,1.08287,0.006291,0.034858,0.037747
2026-07-30 19:30:00,19:30,24.0,38.2,0.0,2.2,91.5,-0.015176,-0.007588,0.003488,1.070302,0.003733,0.020929,0.0224
2026-07-30 19:40:00,19:40,23.5,40.5,0.0,1.5,91.6,-0.014905,-0.007452,0.001566,1.052521,0.001649,0.009398,0.009891
2026-07-30 19:50:00,19:50,22.8,42.0,0.0,1.9,91.5,-0.0148,-0.0074,0.002405,1.050892,0.002527,0.01443,0.015165
2026-07-30 20:00:00,20:00,22.4,43.6,0.0,6.9,91.5,-0.014642,-0.007321,0.012725,1.102374,0.014028,0.076352,0.084169
2026-07-30 20:10:00,20:10,22.6,43.0,0.0,5.3,91.6,-0.014692,-0.007346,0.009739,1.086268,0.01058,0.058437,0.063478
2026-07-30 20:20:00,20:20,22.8,42.2,0.0,6.1,91.6,-0.014771,-0.007386,0.011594,1.098929,0.01274,0.069561,0.076443
2026-07-30 20:30:00,20:30,22.9,42.4,0.0,2.7,91.6,-0.014727,-0.007364,0.004244,1.058526,0.004492,0.025462,0.026953
2026-07-30 20:40:00,20:40,23.3,41.7,0.0,7.1,91.6,-0.014762,-0.007381,0.0139,1.112661,0.015466,0.083398,0.092793
2026-07-30 20:50:00,20:50,23.1,42.7,0.0,8.0,91.6,-0.014652,-0.007326,0.015334,1.118945,0.017158,0.092004,0.102947
2026-07-30 21:00:00,21:00,23.2,42.8,0.0,5.0,91.6,-0.014621,-0.00731,0.009292,1.083615,0.010069,0.055754,0.060416
2026-07-30 21:10:00,21:10,23.1,42.6,0.0,4.4,91.6,-0.014666,-0.007333,0.008022,1.077471,0.008644,0.048135,0.051864
2026-07-30 21:20:00,21:20,22.8,43.1,0.0,6.4,91.6,-0.014645,-0.007323,0.011999,1.09865,0.013183,0.071996,0.079098
2026-07-30 21:30:00,21:30,22.7,43.2,0.0,8.2,91.6,-0.014648,-0.007324,0.015417,1.119178,0.017254,0.0925,0.103524
2026-07-30 21:40:00,21:40,22.8,43.2,0.0,8.0,91.6,-0.014632,-0.007316,0.015079,1.11685,0.016841,0.090472,0.101044
2026-07-30 21:50:00,21:50,22.9,43.3,0.0,7.8,91.6,-0.014601,-0.0073,0.014709,1.114104,0.016387,0.088253,0.098323
2026-07-30 22:00:00,22:00,22.9,42.5,0.0,9.1,91.6,-0.014713,-0.007357,0.017389,1.132584,0.019695,0.104336,0.118169
2026-07-30 22:10:00,22:10,23.2,41.7,0.0,11.4,91.7,-0.014778,-0.007389,0.022011,1.1627,0.025592,0.132063,0.15355
2026-07-30 22:20:00,22:20,23.3,41.3,0.0,14.0,91.7,-0.01482,-0.00741,0.02671,1.194632,0.031909,0.16026,0.191452
2026-07-30 22:30:00,22:30,23.5,40.9,0.0,13.1,91.7,-0.014846,-0.007423,0.025505,1.185835,0.030245,0.153032,0.18147
2026-07-30 22:40:00,22:40,23.5,40.9,0.0,4.2,91.7,-0.014846,-0.007423,0.007927,1.082265,0.008579,0.047562,0.051475
2026-07-30 22:50:00,22:50,23.2,41.3,0.0,3.7,91.6,-0.014836,-0.007418,0.006679,1.074771,0.007178,0.040074,0.04307
2026-07-30 23:00:00,23:00,23.1,40.9,0.0,10.7,91.6,-0.014909,-0.007455,0.020982,1.157906,0.024296,0.125895,0.145774
2026-07-30 23:10:00,23:10,23.0,41.7,0.0,11.8,91.6,-0.01481,-0.007405,0.02258,1.167355,0.026359,0.135482,0.158156
2026-07-30 23:20:00,23:20,22.7,42.3,0.0,9.7,91.6,-0.014773,-0.007387,0.018465,1.140404,0.021057,0.110789,0.126345
2026-07-30 23:30:00,23:30,22.5,42.7,0.0,13.0,91.6,-0.014749,-0.007375,0.023875,1.17713,0.028104,0.143249,0.168622
2026-07-30 23:40:00,23:40,22.2,42.9,0.0,7.9,91.6,-0.014769,-0.007385,0.014747,1.116943,0.016471,0.08848,0.098827
2026-07-30 23:50:00,23:50,22.0,43.9,0.0,7.1,91.6,-0.014666,-0.007333,0.012913,1.103445,0.014249,0.077478,0.085493
2026-07-31 00:10:00,00:10,21.2,45.6,0.0,1.9,91.5,-0.01457,-0.007285,0.002073,1.03581,0.002147,0.012438,0.012884
2026-07-31 00:20:00,00:20,20.8,46.7,0.0,5.3,91.5,-0.014496,-0.007248,0.008622,1.070768,0.009232,0.051733,0.055395
2026-07-31 00:30:00,00:30,20.6,47.1,0.0,6.7,91.5,-0.014478,-0.007239,0.010984,1.085384,0.011922,0.065907,0.071534
2026-07-31 00:40:00,00:40,20.6,47.0,0.0,5.0,91.5,-0.01449,-0.007245,0.007974,1.06602,0.0085,0.047842,0.051
2026-07-31 00:50:00,00:50,20.2,48.9,0.0,6.0,91.5,-0.014326,-0.007163,0.00929,1.069697,0.009937,0.055738,0.059623
2026-07-31 01:00:00,01:00,20.5,47.5,0.0,7.0,91.5,-0.014445,-0.007222,0.011375,1.087199,0.012367,0.068251,0.074202
2026-07-31 01:10:00,01:10,20.6,47.2,0.0,7.7,91.5,-0.014466,-0.007233,0.012659,1.096602,0.013882,0.075954,0.083291
2026-07-31 01:20:00,01:20,20.7,47.2,0.0,7.8,91.5,-0.01445,-0.007225,0.01286,1.097766,0.014118,0.077162,0.084705
2026-07-31 01:30:00,01:30,20.5,47.7,0.0,5.2,91.5,-0.014421,-0.007211,0.008194,1.065415,0.008729,0.049161,0.052377
2026-07-31 01:50:00,01:50,20.2,49.1,0.0,5.0,91.5,-0.014303,-0.007151,0.007532,1.057222,0.007963,0.045193,0.047779
2026-07-31 02:00:00,02:00,20.2,48.7,0.0,3.9,91.5,-0.01435,-0.007175,0.005624,1.046097,0.005883,0.033744,0.035299
2026-07-31 02:10:00,02:10,20.0,50.3,0.0,1.7,91.5,-0.014197,-0.007098,0.001332,1.013793,0.00135,0.007991,0.008101
2026-07-31 02:20:00,02:20,19.7,51.1,0.0,4.7,91.5,-0.014155,-0.007077,0.006593,1.045353,0.006892,0.039556,0.04135
2026-07-31 02:30:00,02:30,19.5,51.7,0.0,2.1,91.5,-0.01412,-0.00706,0.001964,1.012583,0.001988,0.011782,0.011931
2026-07-31 02:40:00,02:40,19.3,52.0,0.0,2.9,91.5,-0.014119,-0.00706,0.003345,1.020636,0.003414,0.02007,0.020484
2026-07-31 02:50:00,02:50,19.0,52.7,0.0,2.0,91.5,-0.014091,-0.007046,0.001686,1.00723,0.001698,0.010113,0.010186
2026-07-31 03:00:00,03:00,19.6,51.7,0.0,0.4,91.5,-0.014104,-0.007052,0.0,0.9928,0.0,0.0,0.0
2026-07-31 03:10:00,03:10,19.4,52.2,0.0,2.4,91.5,-0.014082,-0.007041,0.002459,1.013979,0.002493,0.014752,0.014958
2026-07-31 03:20:00,03:20,19.0,52.6,0.0,2.7,91.5,-0.014102,-0.007051,0.002914,1.015795,0.00296,0.017482,0.017758
2026-07-31 03:30:00,03:30,19.6,51.0,0.0,2.4,91.5,-0.014182,-0.007091,0.002568,1.019006,0.002617,0.015408,0.0157
2026-07-31 03:50:00,03:50,19.2,53.0,0.0,1.8,91.5,-0.014028,-0.007014,0.001327,1.003646,0.001331,0.00796,0.007989
2026-07-31 04:00:00,04:00,19.2,52.8,0.0,3.7,91.5,-0.014049,-0.007025,0.004606,1.026594,0.004728,0.027635,0.02837
2026-07-31 04:20:00,04:20,19.7,50.2,0.0,9.1,91.5,-0.014255,-0.007128,0.013686,1.100326,0.015059,0.082114,0.090352
2026-07-31 04:30:00,04:30,19.6,49.9,1.0,6.5,91.5,-0.013825,-0.006912,0.009807,1.071326,0.010507,0.058845,0.063042
2026-07-31 04:40:00,04:40,19.6,49.5,2.0,7.1,91.5,-0.01339,-0.006695,0.010914,1.079984,0.011787,0.065482,0.070719
2026-07-31 04:50:00,04:50,19.6,48.7,7.0,11.1,91.5,-0.01108,-0.001108,0.016351,1.129884,0.018474,0.098103,0.110845
2026-07-31 05:00:00,05:00,19.6,48.3,18.0,8.6,91.5,-0.005846,-0.000585,0.013927,1.102467,0.015354,0.083562,0.092124
2026-07-31 05:10:00,05:10,19.8,48.2,38.0,11.2,91.6,0.003772,0.000377,0.019912,1.133142,0.022563,0.11947,0.135377
2026-07-31 05:20:00,05:20,20.0,47.8,56.0,3.7,91.6,0.012395,0.001239,0.010268,1.04754,0.010756,0.061606,0.064535
2026-07-31 05:30:00,05:30,20.3,47.0,76.0,8.2,91.6,0.021945,0.002194,0.020163,1.103258,0.022245,0.120976,0.133468
2026-07-31 05:40:00,05:40,20.9,45.9,97.0,6.8,91.7,-0.002036,-0.000204,0.012952,1.091575,0.014138,0.07771,0.084826
2026-07-31 05:50:00,05:50,21.4,45.1,121.0,4.9,91.7,0.009404,0.00094,0.012532,1.072816,0.013445,0.075195,0.08067
2026-07-31 06:00:00,06:00,21.9,43.6,144.0,6.8,91.7,0.020049,0.002005,0.019072,1.10121,0.021002,0.114431,0.126013
2026-07-31 06:10:00,06:10,22.3,41.7,173.0,4.9,91.7,0.033312,0.003331,0.019302,1.08706,0.020982,0.115809,0.125892
2026-07-31 06:20:00,06:20,22.7,39.5,200.0,5.3,91.7,0.045427,0.004543,0.023672,1.100931,0.026061,0.142033,0.156369
2026-07-31 06:40:00,06:40,23.4,38.1,255.0,4.8,91.8,0.071467,0.007147,0.029786,1.100978,0.032794,0.178717,0.196763
2026-07-31 06:50:00,06:50,23.8,36.9,282.0,11.3,91.8,0.083998,0.0084,0.045269,1.181645,0.053491,0.271612,0.320949
2026-07-31 07:00:00,07:00,24.2,35.9,313.0,4.9,91.8,0.098534,0.009853,0.037728,1.111358,0.04193,0.226371,0.251579
2026-07-31 07:10:00,07:10,24.5,34.6,329.0,8.5,91.8,0.105638,0.010564,0.046999,1.158697,0.054457,0.281993,0.326745
2026-07-31 07:20:00,07:20,24.8,33.1,375.0,5.7,91.8,0.126999,0.0127,0.047595,1.132397,0.053897,0.285571,0.32338
2026-07-31 07:30:00,07:30,25.2,32.6,294.0,7.1,91.9,0.104757,0.010476,0.045302,1.150784,0.052132,0.271809,0.312794
2026-07-31 07:40:00,07:40,25.4,31.8,334.0,2.1,91.9,0.121244,0.012124,0.038908,1.09595,0.042641,0.233448,0.255848
2026-07-31 07:50:00,07:50,25.3,31.3,241.0,5.9,91.8,0.095655,0.009566,0.040877,1.142266,0.046692,0.245261,0.280153
2026-07-31 08:00:00,08:00,25.6,32.1,393.0,7.1,91.9,0.148857,0.014886,0.056851,1.152879,0.065542,0.341105,0.393252
2026-07-31 08:10:00,08:10,26.1,31.3,517.0,6.2,91.9,0.194643,0.019464,0.067506,1.145757,0.077346,0.405038,0.464075
2026-07-31 08:20:00,08:20,26.7,28.2,449.0,3.1,91.9,0.173652,0.017365,0.056688,1.122669,0.063642,0.340127,0.38185
2026-07-31 08:30:00,08:30,26.8,28.4,506.0,4.9,91.9,0.197076,0.019708,0.066978,1.142778,0.076541,0.40187,0.459248
2026-07-31 08:40:00,08:40,26.8,28.9,507.0,1.9,91.9,0.200925,0.020093,0.061391,1.105772,0.067885,0.368348,0.407309
2026-07-31 08:50:00,08:50,27.2,27.8,606.0,1.1,91.9,0.239255,0.023926,0.070654,1.101071,0.077795,0.423924,0.46677
2026-07-31 09:00:00,09:00,27.4,27.9,500.0,5.5,91.9,0.203403,0.02034,0.07066,1.151855,0.08139,0.42396,0.488341
2026-07-31 09:10:00,09:10,27.8,28.6,636.0,4.7,91.9,0.256893,0.025689,0.083566,1.139612,0.095233,0.501397,0.571398
2026-07-31 09:20:00,09:20,27.0,29.9,497.0,6.8,91.8,0.207178,0.020718,0.073295,1.158604,0.08492,0.439768,0.509517
2026-07-31 09:30:00,09:30,27.2,29.5,571.0,10.2,91.9,0.237072,0.023707,0.087382,1.199846,0.104845,0.524292,0.62907
2026-07-31 09:40:00,09:40,27.1,29.3,490.0,15.9,91.8,0.207571,0.020757,0.089477,1.267014,0.113369,0.536861,0.680211
2026-07-31 09:50:00,09:50,26.9,28.9,608.0,25.8,91.8,0.254439,0.025444,0.112524,1.383897,0.155722,0.675145,0.93433
2026-07-31 10:00:00,10:00,27.2,30.0,756.0,10.1,91.8,0.314418,0.031442,0.106159,1.196587,0.127028,0.636953,0.76217
2026-07-31 10:10:00,10:10,27.2,29.0,678.0,17.4,91.8,0.284938,0.028494,0.109638,1.285727,0.140964,0.657826,0.845784
2026-07-31 10:20:00,10:20,27.3,30.3,682.0,7.6,91.8,0.288565,0.028856,0.095922,1.166238,0.111868,0.575533,0.671208
2026-07-31 10:30:00,10:30,27.0,29.1,635.0,25.1,91.8,0.270513,0.027051,0.115156,1.374913,0.15833,0.690938,0.94998
2026-07-31 10:50:00,10:50,27.5,29.2,824.0,9.8,91.8,0.348122,0.034812,0.115021,1.196448,0.137616,0.690124,0.825697
2026-07-31 11:10:00,11:10,27.2,28.7,405.0,21.1,91.7,0.181613,0.018161,0.09206,1.33004,0.122443,0.552359,0.73466
2026-07-31 11:20:00,11:20,27.1,28.6,408.0,18.5,91.7,0.183188,0.018319,0.088389,1.300203,0.114924,0.530335,0.689544
2026-07-31 11:40:00,11:40,27.2,29.3,540.0,14.8,91.7,0.237281,0.023728,0.094863,1.254214,0.118978,0.569177,0.71387
2026-07-31 11:50:00,11:50,27.8,28.5,650.0,21.8,91.7,0.281952,0.028195,0.116383,1.339024,0.15584,0.6983,0.935041
2026-07-31 12:00:00,12:00,27.5,28.5,806.0,19.5,91.7,0.345291,0.034529,0.126792,1.312259,0.166384,0.760754,0.998306
2026-07-31 12:10:00,12:10,27.4,28.5,375.0,15.4,91.7,0.171013,0.017101,0.081205,1.264547,0.102688,0.487231,0.616126
2026-07-31 12:20:00,12:20,27.5,29.3,541.0,16.9,91.7,0.238571,0.023857,0.098869,1.278651,0.126419,0.593214,0.758515
2026-07-31 12:40:00,12:40,27.2,28.6,480.0,21.8,91.7,0.213654,0.021365,0.100034,1.338605,0.133906,0.600203,0.803435
2026-07-31 13:00:00,13:00,26.8,29.6,409.0,16.2,91.7,0.184834,0.018483,0.083999,1.269249,0.106616,0.503995,0.639694
2026-07-31 13:10:00,13:10,26.7,30.1,362.0,23.5,91.7,0.165686,0.016569,0.089863,1.352104,0.121504,0.539178,0.729025
2026-07-31 13:20:00,13:20,26.8,29.6,473.0,22.4,91.7,0.210373,0.021037,0.098425,1.341398,0.132027,0.590548,0.792161
2026-07-31 13:30:00,13:30,26.6,29.5,332.0,27.4,91.6,0.153105,0.01531,0.092639,1.400002,0.129694,0.555832,0.778166
2026-07-31 13:50:00,13:50,26.3,30.3,355.0,21.7,91.6,0.161874,0.016187,0.085581,1.33032,0.11385,0.513486,0.683101
2026-07-31 14:00:00,14:00,26.2,29.9,390.0,30.9,91.6,0.175505,0.017551,0.099743,1.439056,0.143535,0.598456,0.861211
2026-07-31 14:10:00,14:10,26.3,30.0,337.0,22.8,91.6,0.15386,0.015386,0.085635,1.344377,0.115126,0.513812,0.690757
2026-07-31 14:20:00,14:20,26.2,30.3,402.0,28.4,91.6,0.179375,0.017937,0.097318,1.408288,0.137051,0.583906,0.822307
2026-07-31 14:30:00,14:30,25.9,31.1,308.0,20.0,91.6,0.141442,0.014144,0.077488,1.307185,0.101291,0.464926,0.607745
2026-07-31 14:40:00,14:40,25.7,30.2,309.0,27.8,91.6,0.141238,0.014124,0.088012,1.401724,0.123368,0.52807,0.740209
2026-07-31 14:50:00,14:50,25.7,30.5,295.0,24.1,91.6,0.135163,0.013516,0.081876,1.357411,0.111139,0.491256,0.666836
2026-07-31 15:00:00,15:00,25.6,31.7,281.0,19.7,91.6,0.12913,0.012913,0.073472,1.301181,0.0956,0.440831,0.573601
2026-07-31 15:10:00,15:10,25.3,31.8,271.0,26.8,91.6,0.124563,0.012456,0.081268,1.383385,0.112426,0.487611,0.674553
2026-07-31 15:20:00,15:20,25.1,32.3,229.0,20.2,91.6,0.107253,0.010725,0.068288,1.304486,0.089081,0.40973,0.534486
2026-07-31 15:30:00,15:30,25.1,32.5,199.0,17.1,91.6,0.092859,0.009286,0.060412,1.267573,0.076577,0.362474,0.459463
2026-07-31 15:50:00,15:50,24.9,32.9,208.0,17.1,91.6,0.097186,0.009719,0.060823,1.265897,0.076996,0.36494,0.461976
2026-07-31 16:00:00,16:00,24.5,32.7,192.0,21.7,91.6,0.089492,0.008949,0.065428,1.320265,0.086382,0.392569,0.518295
2026-07-31 16:10:00,16:10,24.3,33.4,138.0,10.8,91.6,0.063588,0.006359,0.041549,1.190489,0.049463,0.249293,0.29678
2026-07-31 16:20:00,16:20,24.1,33.5,114.0,12.7,91.6,0.052067,0.005207,0.042183,1.212181,0.051134,0.2531,0.306803
2026-07-31 16:30:00,16:30,23.8,33.4,78.0,21.5,91.5,0.034778,0.003478,0.052501,1.315005,0.069039,0.315007,0.414236
2026-07-31 16:40:00,16:40,23.6,33.8,68.0,19.5,91.5,0.029985,0.002999,0.048001,1.290056,0.061924,0.288008,0.371546
2026-07-31 16:50:00,16:50,23.7,34.3,26.0,8.4,91.6,0.009841,0.000984,0.023295,1.15879,0.026994,0.13977,0.161964
2026-07-31 17:00:00,17:00,23.5,34.5,51.0,13.5,91.6,0.021842,0.002184,0.035848,1.217301,0.043638,0.215089,0.261828
2026-07-31 17:10:00,17:10,23.5,34.4,50.0,11.6,91.6,0.021359,0.002136,0.032274,1.19561,0.038587,0.193641,0.231519
2026-07-31 17:20:00,17:20,23.5,34.7,44.0,11.3,91.6,0.018487,0.001849,0.030924,1.190862,0.036826,0.185544,0.220957
2026-07-31 17:30:00,17:30,23.3,35.2,37.0,6.2,91.6,0.015136,0.001514,0.019341,1.129418,0.021844,0.116046,0.131064
2026-07-31 17:40:00,17:40,23.2,35.2,34.0,10.6,91.6,0.013694,0.001369,0.028072,1.180621,0.033142,0.168432,0.198854
2026-07-31 17:50:00,17:50,22.9,35.6,23.0,13.3,91.6,0.008419,0.000842,0.031521,1.210365,0.038152,0.189127,0.228913
2026-07-31 18:00:00,18:00,22.7,36.2,13.0,8.4,91.5,0.00363,0.000363,0.020714,1.15083,0.023838,0.124281,0.143027
2026-07-31 18:10:00,18:10,22.5,37.1,8.0,3.9,91.6,0.001248,0.000125,0.010052,1.094694,0.011004,0.060311,0.066022
2026-07-31 18:20:00,18:20,22.2,38.4,2.0,4.0,91.6,-0.001606,-0.000803,0.009481,1.090411,0.010338,0.056886,0.062029
2026-07-31 18:30:00,18:30,21.8,39.4,0.0,2.6,91.6,-0.015307,-0.007654,0.004147,1.06993,0.004437,0.024879,0.026619
2026-07-31 18:40:00,18:40,21.6,40.3,0.0,5.8,91.6,-0.015209,-0.007604,0.011033,1.103398,0.012174,0.066198,0.073043
2026-07-31 18:50:00,18:50,21.7,39.0,0.0,4.3,91.6,-0.015375,-0.007688,0.008067,1.091389,0.008804,0.0484,0.052823
2026-07-31 19:00:00,19:00,21.5,39.1,0.0,5.5,91.6,-0.015386,-0.007693,0.010611,1.104934,0.011725,0.063668,0.070349
2026-07-31 19:10:00,19:10,21.3,39.3,0.0,4.9,91.6,-0.015383,-0.007691,0.009244,1.097114,0.010142,0.055464,0.06085
2026-07-31 19:20:00,19:20,21.1,39.6,0.0,4.6,91.6,-0.015366,-0.007683,0.008505,1.092366,0.009291,0.051032,0.055745
2026-07-31 19:30:00,19:30,20.9,40.3,0.0,3.6,91.6,-0.015296,-0.007648,0.0062,1.077797,0.006682,0.037201,0.040095
2026-07-31 19:40:00,19:40,20.7,40.8,0.0,7.3,91.6,-0.015254,-0.007627,0.013608,1.118759,0.015224,0.081649,0.091346
2026-07-31 19:50:00,19:50,20.7,41.0,0.0,5.9,91.7,-0.015228,-0.007614,0.010852,1.101629,0.011955,0.065114,0.071732
2026-07-31 20:00:00,20:00,20.7,40.7,0.0,3.2,91.7,-0.015268,-0.007634,0.005253,1.071466,0.005628,0.031518,0.03377
2026-07-31 20:20:00,20:20,20.2,48.1,0.0,17.0,91.8,-0.01442,-0.00721,0.025361,1.201056,0.03046,0.152166,0.18276
2026-07-31 20:40:00,20:40,19.8,49.9,0.0,7.0,91.9,-0.014274,-0.007137,0.010637,1.077145,0.011458,0.063824,0.068748
2026-07-31 20:50:00,20:50,19.9,50.0,0.0,6.8,91.9,-0.014247,-0.007123,0.010324,1.074399,0.011092,0.061945,0.066554
2026-07-31 21:00:00,21:00,19.9,49.9,0.0,12.7,91.9,-0.014258,-0.007129,0.018931,1.143476,0.021647,0.113587,0.129884
2026-07-31 21:10:00,21:10,19.7,50.2,0.0,1.5,91.8,-0.014255,-0.007128,0.000944,1.011885,0.000955,0.005665,0.005732
2026-07-31 21:30:00,21:30,19.6,50.8,0.0,1.0,91.8,-0.014204,-0.007102,0.0,1.003552,0.0,0.0,0.0
2026-07-31 21:40:00,21:40,19.4,51.3,0.0,3.8,91.8,-0.01418,-0.00709,0.005006,1.034041,0.005177,0.030038,0.031061
2026-07-31 21:50:00,21:50,19.6,51.1,0.0,5.2,91.9,-0.014171,-0.007085,0.007431,1.051171,0.007811,0.044585,0.046866
2026-07-31 22:00:00,22:00,19.7,51.1,0.0,8.3,91.9,-0.014155,-0.007077,0.012294,1.087246,0.013367,0.073766,0.080202
2026-07-31 22:10:00,22:10,19.8,49.5,0.0,11.8,91.9,-0.014319,-0.00716,0.017824,1.134678,0.020225,0.106946,0.12135
2026-07-31 22:20:00,22:20,20.0,48.1,0.0,7.2,92.0,-0.01445,-0.007225,0.011459,1.087013,0.012456,0.068752,0.074735
2026-07-31 22:30:00,22:30,19.5,54.4,0.0,12.1,92.0,-0.013828,-0.006914,0.016231,1.117642,0.018141,0.097387,0.108844
2026-07-31 22:40:00,22:40,17.8,65.4,0.0,4.5,92.0,-0.013058,-0.006529,0.003852,0.983118,0.003787,0.023113,0.022723
2026-07-31 22:50:00,22:50,17.3,68.6,0.0,16.8,92.0,-0.012872,-0.006436,0.013475,1.112847,0.014996,0.080851,0.089975
2026-07-31 23:00:00,23:00,17.4,67.7,0.0,10.7,92.0,-0.012931,-0.006465,0.009314,1.045632,0.009739,0.055884,0.058434
2026-07-31 23:10:00,23:10,17.4,66.6,0.0,12.1,92.0,-0.013027,-0.006514,0.010855,1.066532,0.011577,0.06513,0.069464
2026-07-31 23:20:00,23:20,17.6,65.6,0.0,12.1,92.0,-0.013078,-0.006539,0.011286,1.070721,0.012084,0.067717,0.072506
2026-07-31 23:30:00,23:30,17.5,66.3,0.0,5.3,92.0,-0.013035,-0.006517,0.004554,0.988657,0.004502,0.027323,0.027013
2026-07-31 23:40:00,23:40,17.3,68.2,0.0,5.5,92.1,-0.012907,-0.006453,0.004404,0.983025,0.004329,0.026425,0.025976
2026-07-31 23:50:00,23:50,16.9,71.1,0.0,13.1,92.0,-0.01274,-0.00637,0.009783,1.059317,0.010363,0.058697,0.062179
2026-08-01 00:00:00,00:00,16.2,78.5,0.0,6.7,92.1,-0.012293,-0.006147,0.003238,0.953839,0.003088,0.019425,0.018528
2026-08-01 00:10:00,00:10,15.8,81.6,0.0,4.8,92.1,-0.012146,-0.006073,0.001487,0.918742,0.001366,0.00892,0.008195
2026-08-01 00:20:00,00:20,15.8,82.1,0.0,5.8,92.1,-0.012109,-0.006055,0.001966,0.928284,0.001825,0.011797,0.010951
2026-08-01 00:30:00,00:30,15.7,82.8,0.0,1.1,92.0,-0.01208,-0.00604,0.0,0.870658,0.0,0.0,0.0
2026-08-01 00:40:00,00:40,15.8,83.0,0.0,5.2,92.1,-0.012043,-0.006022,0.001489,0.917532,0.001366,0.008936,0.008199
2026-08-01 00:50:00,00:50,15.8,83.9,0.0,2.5,92.1,-0.011977,-0.005989,0.0,0.882341,0.0,0.0,0.0
2026-08-01 01:00:00,01:00,15.6,84.5,0.0,2.7,92.0,-0.011979,-0.005989,0.0,0.882155,0.0,0.0,0.0
2026-08-01 01:10:00,01:10,15.5,83.9,0.0,5.5,92.0,-0.012044,-0.006022,0.001468,0.917252,0.001347,0.008808,0.008079
2026-08-01 01:20:00,01:20,15.7,83.5,0.0,6.8,91.9,-0.012029,-0.006014,0.002191,0.934056,0.002047,0.013148,0.012281
2026-08-01 01:30:00,01:30,15.7,84.9,0.0,8.9,91.9,-0.011927,-0.005964,0.002792,0.952629,0.002659,0.01675,0.015957
2026-08-01 01:40:00,01:40,15.5,86.1,0.0,5.6,91.9,-0.011887,-0.005943,0.001134,0.9092,0.001031,0.006801,0.006184
2026-08-01 01:50:00,01:50,15.5,86.8,0.0,9.7,91.8,-0.011837,-0.005919,0.002548,0.953979,0.002431,0.01529,0.014586
2026-08-01 02:00:00,02:00,15.7,83.8,0.0,1.7,91.8,-0.012007,-0.006003,0.0,0.873451,0.0,0.0,0.0
2026-08-01 02:20:00,02:20,15.7,79.7,0.0,10.7,91.7,-0.012308,-0.006154,0.005094,0.99536,0.005071,0.030565,0.030423
2026-08-01 02:40:00,02:40,15.8,76.0,0.0,7.7,91.8,-0.012568,-0.006284,0.004371,0.975949,0.004266,0.026227,0.025597
2026-08-01 03:00:00,03:00,16.0,74.4,0.0,1.4,91.9,-0.012652,-0.006326,0.0,0.909339,0.0,0.0,0.0
2026-08-01 03:20:00,03:20,15.7,76.1,0.0,1.8,92.0,-0.01258,-0.00629,0.0,0.906872,0.0,0.0,0.0
2026-08-01 03:40:00,03:40,15.4,77.8,0.0,2.7,92.0,-0.012511,-0.006255,0.000511,0.910224,0.000465,0.003063,0.002788
2026-08-01 04:00:00,04:00,15.5,75.8,0.0,7.8,92.2,-0.012641,-0.006321,0.004453,0.977951,0.004355,0.02672,0.026131
2026-08-01 04:20:00,04:20,15.1,77.5,0.0,2.7,92.0,-0.012592,-0.006296,0.000522,0.91148,0.000476,0.003133,0.002856
2026-08-01 04:40:00,04:40,14.7,79.9,2.0,2.5,91.9,-0.011535,-0.005767,0.000288,0.899099,0.000259,0.001726,0.001552
2026-08-01 05:00:00,05:00,14.6,80.2,22.0,2.2,91.9,-0.001933,-0.000193,0.001055,0.894351,0.000943,0.006328,0.005659
2026-08-01 05:20:00,05:20,15.2,80.5,62.0,4.6,91.9,0.017407,0.001741,0.006665,0.921023,0.006138,0.039989,0.03683
2026-08-01 05:40:00,05:40,16.0,79.4,104.0,2.3,92.0,0.009029,0.000903,0.003735,0.898866,0.003357,0.022407,0.020141
2026-08-01 06:00:00,06:00,17.0,73.8,152.0,9.2,92.0,0.031307,0.003131,0.013989,1.002621,0.014025,0.083932,0.084152
2026-08-01 06:20:00,06:20,17.5,70.8,201.0,11.8,92.2,0.054339,0.005434,0.021243,1.045446,0.022209,0.12746,0.133253
2026-08-01 06:40:00,06:40,18.1,67.8,252.0,18.6,91.9,0.078358,0.007836,0.030763,1.137145,0.034982,0.184578,0.209892
2026-08-01 07:00:00,07:00,18.7,64.3,307.0,6.2,91.8,0.104091,0.010409,0.031045,1.007509,0.031278,0.186269,0.187668
2026-08-01 07:20:00,07:20,19.4,61.2,366.0,18.0,91.8,0.131876,0.013188,0.045219,1.157813,0.052355,0.271315,0.314132
2026-08-01 07:40:00,07:40,20.1,61.9,426.0,12.4,92.0,0.161405,0.01614,0.048965,1.089713,0.053358,0.293791,0.320148
2026-08-01 08:00:00,08:00,20.5,60.9,480.0,5.8,92.0,0.187482,0.018748,0.052197,1.017098,0.053089,0.313179,0.318534
2026-08-01 08:20:00,08:20,21.1,57.0,535.0,7.1,91.8,0.213859,0.021386,0.060678,1.048564,0.063625,0.364066,0.381747
2026-08-01 08:40:00,08:40,21.4,54.2,570.0,12.1,91.7,0.232324,0.023232,0.068825,1.11848,0.07698,0.412952,0.461878
2026-08-01 09:00:00,09:00,21.8,52.5,642.0,6.9,91.7,0.264901,0.02649,0.074624,1.065089,0.079481,0.447743,0.476886
2026-08-01 09:20:00,09:20,22.2,51.5,548.0,7.5,91.8,0.23216,0.023216,0.068119,1.07626,0.073314,0.408716,0.439884
2026-08-01 09:40:00,09:40,22.6,47.5,720.0,7.7,91.6,0.302729,0.030273,0.08666,1.095345,0.094923,0.519962,0.569537
2026-08-01 10:00:00,10:00,23.1,46.1,496.0,10.1,91.6,0.215807,0.021581,0.069502,1.129139,0.078477,0.417009,0.470862
2026-08-01 10:20:00,10:20,23.5,44.5,782.0,12.1,91.5,0.333201,0.03332,0.099085,1.159116,0.114851,0.594507,0.689103
2026-08-01 10:40:00,10:40,23.9,44.0,493.0,4.3,91.6,0.217735,0.021773,0.065309,1.070442,0.069909,0.391852,0.419455
2026-08-01 11:00:00,11:00,24.4,43.0,862.0,16.2,91.6,0.370097,0.03701,0.112253,1.213112,0.136175,0.673517,0.817051
2026-08-01 11:20:00,11:20,24.9,40.8,854.0,2.5,91.5,0.367686,0.036769,0.104273,1.062901,0.110832,0.625638,0.664992
2026-08-01 11:40:00,11:40,25.1,40.4,730.0,4.3,91.5,0.317713,0.031771,0.093235,1.085524,0.101209,0.55941,0.607253
2026-08-01 12:00:00,12:00,25.5,40.5,775.0,9.4,91.5,0.337169,0.033717,0.103703,1.144453,0.118683,0.622219,0.712101
2026-08-01 12:20:00,12:20,25.4,41.4,694.0,10.0,91.6,0.304282,0.030428,0.09576,1.147665,0.109901,0.57456,0.659403
2026-08-01 12:30:00,12:30,25.5,39.8,332.0,11.6,91.6,0.154288,0.015429,0.062759,1.172987,0.073615,0.376553,0.441692
2026-08-01 12:40:00,12:40,25.4,40.8,806.0,11.7,91.6,0.35048,0.035048,0.108435,1.169962,0.126865,0.650612,0.761192
2026-08-01 12:50:00,12:50,26.1,39.3,801.0,14.5,91.5,0.348036,0.034804,0.112374,1.208829,0.135841,0.674244,0.815046
2026-08-01 13:10:00,13:10,25.4,41.5,760.0,9.5,91.7,0.331183,0.033118,0.101752,1.141428,0.116143,0.610512,0.696855
2026-08-01 13:20:00,13:20,25.4,40.7,738.0,13.0,91.6,0.321471,0.032147,0.102764,1.185509,0.121827,0.616582,0.730963
2026-08-01 13:30:00,13:30,25.2,41.9,706.0,12.5,91.7,0.308199,0.03082,0.098292,1.174663,0.115459,0.589749,0.692757
2026-08-01 13:40:00,13:40,25.3,41.7,687.0,23.3,91.6,0.299877,0.029988,0.104897,1.301181,0.13649,0.629383,0.818941
2026-08-01 13:50:00,13:50,24.9,43.6,662.0,21.8,91.7,0.289483,0.028948,0.09938,1.275765,0.126785,0.596279,0.760712
2026-08-01 14:00:00,14:00,25.0,44.0,634.0,7.5,91.7,0.277525,0.027753,0.085276,1.10768,0.094459,0.511659,0.566754
2026-08-01 14:10:00,14:10,25.0,43.2,620.0,23.5,91.6,0.270898,0.02709,0.097286,1.297224,0.126202,0.583718,0.757213
2026-08-01 14:20:00,14:20,24.8,44.6,588.0,8.4,91.7,0.257385,0.025738,0.080735,1.11564,0.090071,0.48441,0.540428
2026-08-01 14:30:00,14:30,24.8,44.7,566.0,19.8,91.7,0.247654,0.024765,0.08835,1.247883,0.11025,0.530098,0.661501
2026-08-01 14:40:00,14:40,24.8,44.6,541.0,13.1,91.7,0.23662,0.023662,0.080371,1.170334,0.094061,0.482226,0.564365
2026-08-01 14:50:00,14:50,24.5,45.8,516.0,17.5,91.7,0.225773,0.022577,0.080627,1.21651,0.098084,0.483763,0.588503
2026-08-01 15:00:00,15:00,24.2,45.3,491.0,20.8,91.7,0.214525,0.021453,0.080627,1.257007,0.101348,0.48376,0.608089
2026-08-01 15:20:00,15:20,24.3,45.3,441.0,19.2,91.7,0.192465,0.019246,0.074967,1.238387,0.092838,0.449803,0.55703
2026-08-01 15:40:00,15:40,23.9,46.5,385.0,18.2,91.8,0.168139,0.016814,0.067563,1.221723,0.082543,0.405375,0.495256
2026-08-01 15:50:00,15:50,23.8,46.6,354.0,17.0,91.8,0.154788,0.015479,0.063415,1.20734,0.076564,0.380491,0.459382
2026-08-01 16:00:00,16:00,23.4,48.2,318.0,22.1,91.8,0.13971,0.013971,0.06323,1.259986,0.079669,0.379382,0.478016
2026-08-01 16:10:00,16:10,23.2,49.0,289.0,20.7,91.8,0.127361,0.012736,0.058744,1.240342,0.072863,0.352465,0.437177
2026-08-01 16:20:00,16:20,22.6,50.1,293.0,28.0,91.9,0.127631,0.012763,0.062529,1.320684,0.082581,0.375173,0.495486
2026-08-01 16:30:00,16:30,22.2,51.5,284.0,21.0,91.9,0.122886,0.012289,0.054952,1.23336,0.067776,0.329712,0.406654
2026-08-01 16:40:00,16:40,21.8,52.0,108.0,20.8,92.0,0.049561,0.004956,0.039827,1.228938,0.048945,0.238963,0.293671
2026-08-01 16:50:00,16:50,21.7,52.3,192.0,31.7,91.9,0.085931,0.008593,0.054289,1.354525,0.073535,0.325733,0.441213
2026-08-01 17:00:00,17:00,21.7,51.8,161.0,18.8,91.9,0.073425,0.007343,0.042614,1.206502,0.051414,0.255686,0.308486
2026-08-01 17:10:00,17:10,21.6,51.9,133.0,19.8,91.9,0.061553,0.006155,0.041036,1.21772,0.04997,0.246215,0.299821
2026-08-01 17:20:00,17:20,21.1,52.5,106.0,17.3,92.0,0.048588,0.004859,0.035267,1.186114,0.041831,0.211603,0.250985
2026-08-01 17:30:00,17:30,20.7,54.3,75.0,27.7,92.0,0.03373,0.003373,0.039703,1.299598,0.051598,0.238219,0.309589
2026-08-01 19:10:00,19:10,18.2,62.7,0.0,4.3,92.2,-0.01323,-0.006615,0.004065,0.992102,0.004032,0.024387,0.024194
2026-08-01 19:20:00,19:20,18.2,61.4,0.0,4.3,92.2,-0.013353,-0.006677,0.004249,0.997548,0.004239,0.025496,0.025433
2026-08-01 19:30:00,19:30,18.2,60.8,0.0,3.3,92.2,-0.01341,-0.006705,0.002987,0.988424,0.002953,0.017923,0.017716
2026-08-01 19:40:00,19:40,18.0,61.5,0.0,3.0,92.2,-0.01338,-0.00669,0.002486,0.982001,0.002441,0.014914,0.014645
2026-08-01 19:50:00,19:50,17.8,61.9,0.0,1.6,92.2,-0.013379,-0.006689,0.0005,0.964033,0.000482,0.002998,0.00289
2026-08-01 20:00:00,20:00,17.7,62.0,0.0,1.8,92.2,-0.013387,-0.006694,0.000772,0.965942,0.000745,0.00463,0.004472
2026-08-01 20:10:00,20:10,17.7,62.1,0.0,4.5,92.2,-0.013378,-0.006689,0.004334,0.996943,0.004321,0.026003,0.025923
2026-08-01 20:20:00,20:20,17.6,62.5,0.0,3.2,92.3,-0.013359,-0.006679,0.002617,0.980139,0.002565,0.015703,0.015391
2026-08-01 20:40:00,20:40,17.5,62.8,0.0,10.0,92.3,-0.013349,-0.006675,0.010269,1.058014,0.010865,0.061613,0.065188
2026-08-01 20:50:00,20:50,17.7,62.1,0.0,2.2,92.2,-0.013378,-0.006689,0.00132,0.970177,0.00128,0.007919,0.007682
2026-08-01 21:00:00,21:00,17.2,63.6,0.0,1.5,92.3,-0.01333,-0.006665,0.000262,0.955748,0.00025,0.001572,0.001502
2026-08-01 21:10:00,21:10,17.0,63.7,0.0,1.8,92.3,-0.013356,-0.006678,0.000648,0.95882,0.000621,0.003886,0.003726
2026-08-01 21:30:00,21:30,16.8,66.7,0.0,0.0,92.4,-0.01313,-0.006565,0.0,0.925305,0.0,0.0,0.0
2026-08-01 21:40:00,21:40,16.9,66.7,0.0,0.6,92.4,-0.013112,-0.006556,0.0,0.932287,0.0,0.0,0.0
2026-08-01 21:50:00,21:50,16.6,67.8,0.0,0.8,92.4,-0.013073,-0.006537,0.0,0.930007,0.0,0.0,0.0
2026-08-01 22:20:00,22:20,16.6,67.3,0.0,8.2,92.3,-0.013115,-0.006558,0.007052,1.018215,0.00718,0.04231,0.043081
2026-08-01 22:30:00,22:30,16.5,66.8,0.0,1.7,92.2,-0.013175,-0.006588,0.000336,0.944669,0.000317,0.002015,0.001903
2026-08-01 22:50:00,22:50,16.1,68.3,0.0,8.3,92.3,-0.013121,-0.006561,0.006774,1.015189,0.006877,0.040646,0.041263
2026-08-01 23:00:00,23:00,16.3,67.0,0.0,5.7,92.2,-0.013194,-0.006597,0.00467,0.990379,0.004625,0.028023,0.027753
2026-08-01 23:10:00,23:10,16.2,67.4,0.0,8.3,92.3,-0.013178,-0.006589,0.007023,1.01896,0.007157,0.042141,0.04294
2026-08-01 23:20:00,23:20,16.2,67.6,0.0,3.1,92.2,-0.013161,-0.006581,0.001859,0.95761,0.00178,0.011154,0.010681
2026-08-01 23:40:00,23:40,16.7,66.0,0.0,9.0,92.2,-0.013208,-0.006604,0.008142,1.032971,0.008411,0.048854,0.050465
2026-08-02 00:00:00,00:00,17.0,65.0,0.0,4.5,92.1,-0.013242,-0.006621,0.003811,0.984794,0.003753,0.022868,0.022521
2026-08-02 00:10:00,00:10,17.2,64.2,0.0,5.9,92.1,-0.013276,-0.006638,0.005542,1.004437,0.005566,0.033251,0.033398
2026-08-02 00:20:00,00:20,17.3,63.0,0.0,9.6,92.1,-0.013366,-0.006683,0.009732,1.052521,0.010244,0.058394,0.061461
2026-08-02 00:30:00,00:30,17.3,62.6,0.0,3.1,92.0,-0.013402,-0.006701,0.002439,0.978556,0.002386,0.014632,0.014319
2026-08-02 00:40:00,00:40,17.1,63.0,0.0,10.7,92.1,-0.013401,-0.0067,0.010736,1.065322,0.011437,0.064416,0.068624
2026-08-02 00:50:00,00:50,17.0,63.2,0.0,6.4,92.1,-0.0134,-0.0067,0.006252,1.014445,0.006342,0.037513,0.038054
2026-08-02 01:00:00,01:00,17.0,63.4,0.0,5.1,92.1,-0.013382,-0.006691,0.004746,0.998479,0.004738,0.028474,0.02843
2026-08-02 01:10:00,01:10,17.1,63.0,0.0,1.2,92.1,-0.013401,-0.0067,0.0,0.95477,0.0,0.0,0.0
2026-08-02 01:20:00,01:20,17.1,63.1,0.0,3.3,92.1,-0.013392,-0.006696,0.002627,0.978789,0.002571,0.015763,0.015428
2026-08-02 01:30:00,01:30,17.2,62.4,0.0,2.4,92.0,-0.013438,-0.006719,0.00153,0.971248,0.001486,0.009181,0.008917
2026-08-02 01:40:00,01:40,17.1,62.4,0.0,0.4,92.1,-0.013455,-0.006727,0.0,0.947974,0.0,0.0,0.0
2026-08-02 01:50:00,01:50,17.1,62.4,0.0,2.7,92.0,-0.013455,-0.006727,0.00192,0.974739,0.001871,0.011519,0.011228
2026-08-02 02:00:00,02:00,17.1,61.8,0.0,9.3,92.0,-0.013508,-0.006754,0.009706,1.054057,0.010231,0.058235,0.061383
2026-08-02 02:10:00,02:10,17.0,62.2,0.0,4.1,92.1,-0.013489,-0.006745,0.003724,0.991869,0.003693,0.022341,0.02216
2026-08-02 02:20:00,02:20,16.8,62.5,0.0,3.9,92.1,-0.013496,-0.006748,0.003413,0.988285,0.003373,0.020477,0.020238
2026-08-02 02:30:00,02:30,16.8,62.9,0.0,1.5,92.1,-0.01346,-0.00673,0.000274,0.95868,0.000262,0.001641,0.001574
2026-08-02 02:40:00,02:40,17.0,62.6,0.0,3.5,92.1,-0.013454,-0.006727,0.002924,0.983211,0.002875,0.017542,0.017247
2026-08-02 02:50:00,02:50,17.1,62.4,0.0,1.2,92.0,-0.013455,-0.006727,0.0,0.957284,0.0,0.0,0.0
2026-08-02 03:00:00,03:00,16.9,62.9,0.0,1.1,92.1,-0.013444,-0.006722,0.0,0.954025,0.0,0.0,0.0
2026-08-02 03:10:00,03:10,16.7,63.5,0.0,3.0,92.1,-0.013424,-0.006712,0.002175,0.973622,0.002118,0.013051,0.012707
2026-08-02 03:20:00,03:20,16.5,64.4,0.0,3.2,92.2,-0.01338,-0.00669,0.002318,0.972179,0.002253,0.013905,0.013518
2026-08-02 03:30:00,03:30,16.3,65.5,0.0,1.8,92.2,-0.01332,-0.00666,0.000517,0.951279,0.000492,0.003102,0.002951
2026-08-02 03:40:00,03:40,16.2,65.6,0.0,4.8,92.2,-0.013328,-0.006664,0.003953,0.985771,0.003896,0.023716,0.023379
2026-08-02 03:50:00,03:50,16.4,64.8,0.0,2.3,92.1,-0.013362,-0.006681,0.001179,0.96003,0.001132,0.007072,0.006789
2026-08-02 04:00:00,04:00,16.4,64.9,0.0,3.2,92.1,-0.013354,-0.006677,0.002255,0.970084,0.002187,0.013528,0.013124
2026-08-02 04:10:00,04:10,16.5,64.6,0.0,2.2,92.1,-0.013363,-0.006681,0.001074,0.959704,0.001031,0.006447,0.006187
2026-08-02 04:20:00,04:20,16.4,64.7,0.0,3.1,92.1,-0.013371,-0.006685,0.002156,0.969759,0.002091,0.012936,0.012545
2026-08-02 04:30:00,04:30,16.3,65.2,1.0,2.3,92.2,-0.012865,-0.006433,0.001208,0.958354,0.001158,0.00725,0.006948
2026-08-02 04:40:00,04:40,16.1,66.0,3.0,1.3,92.2,-0.011871,-0.005936,5.9e-05,0.943366,5.5e-05,0.000351,0.000331
2026-08-02 04:50:00,04:50,15.9,66.5,12.0,0.5,92.2,-0.007543,-0.000754,0.0,0.931962,0.0,0.0,0.0
2026-08-02 05:00:00,05:00,15.9,67.7,30.0,0.6,92.3,0.001195,0.00012,0.000993,0.928098,0.000921,0.005956,0.005528
2026-08-02 05:10:00,05:10,16.1,66.2,47.0,3.2,92.2,0.009265,0.000927,0.005837,0.964638,0.00563,0.035021,0.033782
2026-08-02 05:20:00,05:20,16.5,65.3,69.0,0.5,92.2,0.019817,0.001982,0.005401,0.936989,0.005061,0.032406,0.030365
2026-08-02 05:30:00,05:30,16.6,64.4,68.0,2.8,92.1,0.019277,0.001928,0.007946,0.967524,0.007688,0.047679,0.04613
2026-08-02 05:40:00,05:40,16.8,64.2,105.0,4.3,92.1,0.005912,0.000591,0.006638,0.985818,0.006543,0.039825,0.039261
2026-08-02 05:50:00,05:50,17.3,61.9,144.0,7.7,92.0,0.024234,0.002423,0.014722,1.035019,0.015238,0.088333,0.091426
2026-08-02 06:00:00,06:00,17.9,60.8,168.0,4.8,92.0,0.035761,0.003576,0.0147,1.00588,0.014786,0.088197,0.088716
2026-08-02 06:20:00,06:20,18.9,57.6,199.0,1.0,91.9,0.050188,0.005019,0.014116,0.975065,0.013764,0.084694,0.082582
2026-08-02 06:30:00,06:30,19.3,56.7,206.0,1.5,91.9,0.053479,0.005348,0.015768,0.984654,0.015526,0.094605,0.093153
2026-08-02 06:40:00,06:40,19.4,56.0,260.0,6.9,91.9,0.079215,0.007922,0.028443,1.050426,0.029877,0.170655,0.179261
2026-08-02 07:00:00,07:00,19.9,54.8,269.0,4.4,91.9,0.08498,0.008498,0.027549,1.026361,0.028275,0.165292,0.169649
2026-08-02 07:10:00,07:10,19.8,54.9,389.0,3.0,91.9,0.140984,0.014098,0.039395,1.00965,0.039775,0.236369,0.23865
2026-08-02 07:20:00,07:20,20.4,53.5,368.0,3.9,91.9,0.130754,0.013075,0.038469,1.025989,0.039468,0.230811,0.23681
2026-08-02 07:30:00,07:30,21.2,50.8,397.0,0.9,91.7,0.144119,0.014412,0.039114,1.002389,0.039207,0.234683,0.235243
2026-08-02 07:40:00,07:40,21.4,50.4,421.0,2.6,91.8,0.155602,0.01556,0.044291,1.023847,0.045347,0.265745,0.272082
2026-08-02 07:50:00,07:50,21.6,48.8,446.0,4.8,91.7,0.167211,0.016721,0.05009,1.056152,0.052902,0.300538,0.317414
2026-08-02 08:00:00,08:00,21.6,49.7,476.0,4.6,91.8,0.182355,0.018236,0.053393,1.050054,0.056065,0.320357,0.336392
2026-08-02 08:10:00,08:10,22.2,47.9,500.0,5.9,91.7,0.194496,0.01945,0.058677,1.072723,0.062944,0.352062,0.377665
2026-08-02 08:20:00,08:20,22.5,47.1,527.0,5.3,91.7,0.207763,0.020776,0.061794,1.069092,0.066064,0.370765,0.396382
2026-08-02 08:30:00,08:30,22.0,47.2,553.0,4.5,91.8,0.220449,0.022045,0.063496,1.059364,0.067266,0.380978,0.403594
2026-08-02 08:40:00,08:40,22.4,47.1,576.0,6.4,91.8,0.232321,0.023232,0.068687,1.081893,0.074312,0.41212,0.44587
2026-08-02 08:50:00,08:50,22.2,47.3,603.0,3.9,91.8,0.245354,0.024535,0.069321,1.051962,0.072923,0.415926,0.437538
2026-08-02 09:10:00,09:10,23.0,45.7,646.0,3.8,91.7,0.26676,0.026676,0.07587,1.057502,0.080233,0.45522,0.481396
2026-08-02 09:20:00,09:20,22.9,46.0,673.0,7.6,91.8,0.279608,0.027961,0.082005,1.100465,0.090243,0.492027,0.541459
2026-08-02 09:30:00,09:30,23.1,46.0,705.0,8.6,91.8,0.294403,0.02944,0.086564,1.112102,0.096268,0.519381,0.577605
2026-08-02 09:40:00,09:40,23.6,44.9,705.0,5.4,91.8,0.296171,0.029617,0.085637,1.079472,0.092443,0.513822,0.554657
2026-08-02 09:50:00,09:50,23.7,45.1,724.0,8.6,91.8,0.30564,0.030564,0.090553,1.115873,0.101045,0.543316,0.606272
2026-08-02 10:00:00,10:00,23.5,44.7,743.0,5.8,91.8,0.314595,0.031459,0.090419,1.084965,0.098102,0.542516,0.588611
2026-08-02 10:10:00,10:10,24.5,42.5,757.0,5.6,91.7,0.321336,0.032134,0.094056,1.091854,0.102695,0.564335,0.616171
2026-08-02 10:20:00,10:20,24.7,41.9,780.0,4.1,91.7,0.331842,0.033184,0.095808,1.076912,0.103177,0.574847,0.61906
2026-08-02 10:40:00,10:40,24.6,40.1,801.0,12.9,91.6,0.341928,0.034193,0.105936,1.186859,0.125731,0.635615,0.754385
2026-08-02 11:00:00,11:00,25.4,36.7,800.0,9.9,91.6,0.342359,0.034236,0.106632,1.166191,0.124353,0.639791,0.746119
2026-08-02 11:10:00,11:10,25.2,36.2,820.0,10.7,91.6,0.351007,0.035101,0.10924,1.177596,0.128641,0.655442,0.771846
2026-08-02 11:30:00,11:30,25.7,36.3,822.0,11.3,91.6,0.353476,0.035348,0.111406,1.184159,0.131923,0.668437,0.791536
2026-08-02 11:40:00,11:40,26.0,35.5,822.0,9.9,91.6,0.353772,0.035377,0.111068,1.171219,0.130085,0.666409,0.78051
2026-08-02 11:50:00,11:50,26.2,35.1,823.0,6.9,91.6,0.35452,0.035452,0.108547,1.137983,0.123525,0.651285,0.741151
2026-08-02 12:00:00,12:00,26.3,33.5,823.0,21.8,91.5,0.354148,0.035415,0.123925,1.318078,0.163342,0.743548,0.980054
2026-08-02 12:10:00,12:10,26.2,34.9,817.0,12.8,91.6,0.352566,0.035257,0.114365,1.207479,0.138094,0.686191,0.828561
2026-08-02 12:20:00,12:20,26.5,33.8,810.0,14.1,91.5,0.349473,0.034947,0.11619,1.227216,0.14259,0.69714,0.855542
2026-08-02 12:30:00,12:30,26.5,33.0,806.0,4.8,91.5,0.347534,0.034753,0.105181,1.122343,0.118049,0.631087,0.708297
2026-08-02 12:40:00,12:40,27.1,32.5,785.0,7.4,91.5,0.338934,0.033893,0.107555,1.154694,0.124193,0.645328,0.745157
2026-08-02 12:50:00,12:50,26.9,33.0,776.0,5.4,91.5,0.335304,0.03353,0.103413,1.129325,0.116787,0.62048,0.700724
2026-08-02 13:00:00,13:00,27.2,32.2,766.0,14.2,91.5,0.330779,0.033078,0.114382,1.235082,0.141272,0.686295,0.847631
2026-08-02 13:10:00,13:10,27.0,32.3,761.0,5.7,91.5,0.328435,0.032844,0.102357,1.135749,0.116252,0.614145,0.697514
2026-08-02 13:20:00,13:20,27.3,32.7,738.0,8.4,91.5,0.318991,0.031899,0.104112,1.165493,0.121342,0.624675,0.728054
2026-08-02 13:30:00,13:30,27.1,32.5,713.0,8.0,91.5,0.308222,0.030822,0.100541,1.161676,0.116796,0.603248,0.700778
2026-08-02 13:40:00,13:40,27.8,30.2,698.0,11.2,91.5,0.300868,0.030087,0.105462,1.20855,0.127456,0.632774,0.764739
2026-08-02 13:50:00,13:50,27.7,30.7,679.0,10.5,91.5,0.292773,0.029277,0.10202,1.198309,0.122252,0.612123,0.733512
2026-08-02 14:00:00,14:00,27.7,29.7,644.0,10.3,91.4,0.277588,0.027759,0.098354,1.200171,0.118042,0.590123,0.708249
2026-08-02 14:10:00,14:10,27.9,31.9,625.0,11.6,91.5,0.270135,0.027013,0.097892,1.206083,0.118066,0.587352,0.708395
2026-08-02 14:20:00,14:20,27.9,31.9,600.0,13.1,91.5,0.259282,0.025928,0.097473,1.223539,0.119262,0.584837,0.71557
2026-08-02 14:30:00,14:30,28.1,31.5,582.0,11.2,91.5,0.251112,0.025111,0.0931,1.203104,0.112008,0.558597,0.67205
2026-08-02 14:40:00,14:40,27.9,32.2,555.0,13.7,91.5,0.239582,0.023958,0.093468,1.229264,0.114896,0.560805,0.689378
2026-08-02 15:00:00,15:00,27.8,31.2,496.0,13.5,91.5,0.213784,0.021378,0.087322,1.231126,0.107505,0.523935,0.64503
2026-08-02 15:10:00,15:10,27.6,32.6,469.0,15.6,91.5,0.202422,0.020242,0.086774,1.249699,0.108441,0.520641,0.650645
2026-08-02 15:20:00,15:20,27.6,32.4,435.0,17.0,91.5,0.187904,0.01879,0.085639,1.266828,0.108491,0.513837,0.650943
2026-08-02 15:30:00,15:30,27.5,33.4,407.0,10.7,91.6,0.176045,0.017605,0.071957,1.189326,0.08558,0.431741,0.513481
2026-08-02 15:40:00,15:40,27.5,33.1,377.0,19.7,91.5,0.163145,0.016314,0.083376,1.295316,0.107998,0.500254,0.647987
2026-08-02 15:50:00,15:50,27.5,31.6,348.0,16.1,91.5,0.150449,0.015045,0.07592,1.259706,0.095637,0.45552,0.573821
2026-08-02 16:00:00,16:00,27.5,31.4,325.0,13.4,91.5,0.140376,0.014038,0.069012,1.229124,0.084824,0.41407,0.508943
2026-08-02 16:10:00,16:10,27.2,31.4,291.0,13.1,91.5,0.126267,0.012627,0.064696,1.225633,0.079294,0.388178,0.475764
2026-08-02 16:20:00,16:20,27.3,31.1,268.0,12.1,91.5,0.116346,0.011635,0.060705,1.215253,0.073772,0.364228,0.442629
2026-08-02 16:40:00,16:40,27.1,29.5,219.0,17.2,91.4,0.095548,0.009555,0.065901,1.281305,0.084439,0.395405,0.506634
2026-08-02 16:50:00,16:50,27.0,29.7,194.0,15.4,91.5,0.085326,0.008533,0.060017,1.25952,0.075593,0.360103,0.453557
2026-08-02 17:00:00,17:00,26.4,30.2,163.0,16.6,91.5,0.073282,0.007328,0.058399,1.27139,0.074248,0.350395,0.445489
